#node1	node2	node1_string_id	node2_string_id	neighborhood_on_chromosome	gene_fusion	phylogenetic_cooccurrence	homology	coexpression	experimentally_determined_interaction	database_annotated	automated_textmining	combined_score
AAGAB	CCDC115	9606.ENSP00000261880	9606.ENSP00000259229	0	0	0	0	0.074	0	0	0.475	0.493
AAGAB	VAC14	9606.ENSP00000261880	9606.ENSP00000261776	0	0	0	0	0.049	0	0	0.410	0.415
AAGAB	BEAN1	9606.ENSP00000261880	9606.ENSP00000442793	0	0	0	0	0	0	0	0.404	0.404
AAGAB	PTPN23	9606.ENSP00000261880	9606.ENSP00000265562	0	0	0	0	0.049	0	0	0.444	0.449
AAGAB	PGAP3	9606.ENSP00000261880	9606.ENSP00000300658	0	0	0	0	0.042	0	0	0.566	0.566
AAGAB	CCDC32	9606.ENSP00000261880	9606.ENSP00000452773	0	0	0	0	0.049	0.768	0	0	0.769
AARS2	EIF2AK1	9606.ENSP00000244571	9606.ENSP00000199389	0.079	0	0	0	0.301	0.064	0	0.181	0.440
AARS2	SHPK	9606.ENSP00000244571	9606.ENSP00000225519	0.055	0	0	0	0.461	0.071	0	0.048	0.489
AARS2	AICDA	9606.ENSP00000244571	9606.ENSP00000229335	0	0	0	0	0	0	0	0.470	0.470
AARS2	TBL2	9606.ENSP00000244571	9606.ENSP00000307260	0	0	0	0	0.252	0.179	0	0.101	0.400
AARS2	POLR1B	9606.ENSP00000244571	9606.ENSP00000444136	0.056	0	0	0	0.278	0	0	0.204	0.410
AARS2	PTCD3	9606.ENSP00000244571	9606.ENSP00000254630	0	0	0	0	0.092	0.162	0	0.288	0.411
AARS2	ANAPC7	9606.ENSP00000244571	9606.ENSP00000394394	0	0	0	0	0.098	0.289	0	0.158	0.412
AARS2	PNPT1	9606.ENSP00000244571	9606.ENSP00000400646	0.048	0	0	0	0.177	0.163	0	0.233	0.430
AARS2	DIS3L2	9606.ENSP00000244571	9606.ENSP00000315569	0.042	0	0	0	0.356	0	0	0.171	0.444
AARS2	TRMU	9606.ENSP00000244571	9606.ENSP00000496496	0.102	0	0	0	0.104	0	0	0.368	0.447
AARS2	VPS33B	9606.ENSP00000244571	9606.ENSP00000327650	0	0	0	0	0.444	0	0	0.050	0.449
AARS2	TRNT1	9606.ENSP00000244571	9606.ENSP00000251607	0.103	0	0	0	0.058	0	0	0.428	0.475
AARS2	PIGO	9606.ENSP00000244571	9606.ENSP00000367880	0	0	0	0	0.476	0	0	0	0.476
AARS2	SLX4	9606.ENSP00000244571	9606.ENSP00000294008	0.079	0	0	0	0.371	0.061	0	0.176	0.492
AARS2	PUS1	9606.ENSP00000244571	9606.ENSP00000365837	0.053	0	0	0	0.153	0.141	0	0.356	0.497
AARS2	GUF1	9606.ENSP00000244571	9606.ENSP00000281543	0.045	0	0	0	0.233	0.163	0	0.294	0.509
AARS2	QRSL1	9606.ENSP00000244571	9606.ENSP00000358042	0.057	0	0	0	0.095	0.203	0	0.368	0.512
AARS2	EIF2AK4	9606.ENSP00000244571	9606.ENSP00000263791	0.079	0	0	0	0.315	0.064	0	0.274	0.514
AARS2	POLR1A	9606.ENSP00000244571	9606.ENSP00000263857	0.057	0	0	0	0.379	0	0	0.240	0.516
AARS2	INTS1	9606.ENSP00000244571	9606.ENSP00000385722	0	0	0	0	0.283	0	0	0.352	0.516
AARS2	DHX37	9606.ENSP00000244571	9606.ENSP00000311135	0	0	0	0	0.506	0	0	0.064	0.518
AARS2	ACAD9	9606.ENSP00000244571	9606.ENSP00000312618	0	0	0	0	0.315	0.169	0	0.227	0.522
AARS2	MRPS22	9606.ENSP00000244571	9606.ENSP00000418008	0	0	0	0	0.102	0.162	0	0.418	0.524
AARS2	GTPBP3	9606.ENSP00000244571	9606.ENSP00000351644	0	0	0	0	0.195	0	0	0.464	0.550
AARS2	ELAC2	9606.ENSP00000244571	9606.ENSP00000337445	0.061	0	0	0	0.202	0.128	0	0.396	0.552
AARS2	MTO1	9606.ENSP00000244571	9606.ENSP00000402038	0	0	0	0	0.087	0.160	0	0.557	0.630
AARS2	GFM1	9606.ENSP00000244571	9606.ENSP00000264263	0.057	0	0	0	0.152	0.163	0	0.515	0.632
AARS2	BRIP1	9606.ENSP00000244571	9606.ENSP00000259008	0	0	0	0	0.062	0.057	0	0.631	0.645
AARS2	ATRIP	9606.ENSP00000244571	9606.ENSP00000323099	0	0	0	0	0.197	0	0	0.586	0.653
AARS2	CARS2	9606.ENSP00000244571	9606.ENSP00000257347	0.055	0	0	0	0.257	0.163	0	0.736	0.824
AARS2	LARS1	9606.ENSP00000244571	9606.ENSP00000377954	0.102	0	0	0	0.397	0	0	0.714	0.832
AARS2	ANAPC1	9606.ENSP00000244571	9606.ENSP00000339109	0	0	0	0	0.098	0.760	0	0.295	0.834
AARS2	HARS2	9606.ENSP00000244571	9606.ENSP00000494965	0.079	0	0	0	0.360	0.165	0	0.769	0.871
AARS2	YARS2	9606.ENSP00000244571	9606.ENSP00000320658	0.101	0	0	0	0.287	0.208	0	0.809	0.890
AARS2	RARS2	9606.ENSP00000244571	9606.ENSP00000358549	0.057	0	0	0	0.163	0.217	0	0.864	0.905
AARS2	IARS2	9606.ENSP00000244571	9606.ENSP00000355889	0.095	0	0	0	0.386	0.166	0	0.845	0.918
AARS2	LARS2	9606.ENSP00000244571	9606.ENSP00000498867	0.102	0	0	0	0.575	0.162	0	0.792	0.924
AARS2	EARS2	9606.ENSP00000244571	9606.ENSP00000456218	0.069	0	0	0	0.587	0.128	0	0.809	0.927
AARS2	VARS2	9606.ENSP00000244571	9606.ENSP00000441000	0.061	0	0	0	0.694	0.125	0	0.781	0.937
AARS2	DARS2	9606.ENSP00000244571	9606.ENSP00000497569	0.115	0.132	0	0	0.571	0.125	0	0.869	0.955
ABCA12	BRD4	9606.ENSP00000272895	9606.ENSP00000263377	0	0	0	0	0	0.421	0	0.072	0.439
ABCA12	ABHD5	9606.ENSP00000272895	9606.ENSP00000495778	0	0	0	0	0.050	0.041	0	0.427	0.433
ABCA12	CASP14	9606.ENSP00000272895	9606.ENSP00000393417	0	0	0	0	0.075	0	0	0.528	0.545
ABCA12	FLG2	9606.ENSP00000272895	9606.ENSP00000373370	0	0	0	0	0.080	0.048	0	0.615	0.634
ABCA12	ALOXE3	9606.ENSP00000272895	9606.ENSP00000314879	0	0	0	0	0.084	0.060	0	0.793	0.806
ABCG5	ABCG8	9606.ENSP00000384513	9606.ENSP00000272286	0	0	0.131	0.739	0.847	0.971	0.900	0.988	0.999
ABCG5	SLC51A	9606.ENSP00000384513	9606.ENSP00000296327	0	0	0	0	0.102	0	0	0.580	0.606
ABCG5	PCSK9	9606.ENSP00000384513	9606.ENSP00000303208	0	0	0	0	0.097	0	0	0.676	0.695
ABCG5	SLC51B	9606.ENSP00000384513	9606.ENSP00000335292	0	0	0	0	0.135	0	0	0.585	0.626
ABCG5	ELOVL5	9606.ENSP00000384513	9606.ENSP00000359956	0	0	0	0	0.100	0.050	0	0.358	0.403
ABCG5	ANGPTL3	9606.ENSP00000384513	9606.ENSP00000360170	0	0	0	0	0.132	0.045	0	0.435	0.491
ABCG5	LDLRAP1	9606.ENSP00000384513	9606.ENSP00000363458	0	0	0	0	0	0	0	0.679	0.679
ABCG5	APOA5	9606.ENSP00000384513	9606.ENSP00000445002	0	0	0	0	0.172	0.051	0	0.510	0.581
ABCG8	CREB3L3	9606.ENSP00000272286	9606.ENSP00000078445	0	0	0	0	0.339	0	0	0.141	0.408
ABCG8	NT5C2	9606.ENSP00000272286	9606.ENSP00000339479	0	0	0	0	0	0	0	0.426	0.426
ABCG8	ANGPTL3	9606.ENSP00000272286	9606.ENSP00000360170	0	0	0	0	0.134	0.045	0	0.407	0.466
ABCG8	CNNM2	9606.ENSP00000272286	9606.ENSP00000358894	0	0	0	0	0.140	0	0	0.422	0.482
ABCG8	SLC51A	9606.ENSP00000272286	9606.ENSP00000296327	0	0	0	0	0.067	0	0	0.507	0.520
ABCG8	SLC51B	9606.ENSP00000272286	9606.ENSP00000335292	0	0	0	0	0.166	0	0	0.528	0.590
ABCG8	APOA5	9606.ENSP00000272286	9606.ENSP00000445002	0	0	0	0	0.224	0.051	0	0.510	0.608
ABCG8	CD320	9606.ENSP00000272286	9606.ENSP00000301458	0	0	0	0	0	0.617	0	0.076	0.630
ABCG8	LDLRAP1	9606.ENSP00000272286	9606.ENSP00000363458	0	0	0	0	0	0	0	0.674	0.674
ABCG8	PCSK9	9606.ENSP00000272286	9606.ENSP00000303208	0	0	0	0	0.064	0	0	0.667	0.675
ABHD12	CDH23	9606.ENSP00000365725	9606.ENSP00000224721	0	0	0	0	0	0	0	0.450	0.450
ABHD12	DPP9	9606.ENSP00000365725	9606.ENSP00000262960	0	0	0	0	0.079	0.376	0	0.052	0.407
ABHD12	ZNF408	9606.ENSP00000365725	9606.ENSP00000309606	0	0	0	0	0.049	0	0	0.419	0.423
ABHD12	WHRN	9606.ENSP00000365725	9606.ENSP00000354623	0	0	0	0	0.067	0	0	0.431	0.447
ABHD12	PDZD7	9606.ENSP00000365725	9606.ENSP00000480489	0	0	0	0	0.067	0	0	0.454	0.469
ABHD12	CEP78	9606.ENSP00000365725	9606.ENSP00000365782	0	0	0	0	0.051	0	0	0.474	0.479
ABHD12	ABHD5	9606.ENSP00000365725	9606.ENSP00000495778	0.043	0	0	0	0.084	0	0	0.459	0.484
ABHD12	USH1G	9606.ENSP00000365725	9606.ENSP00000480279	0	0	0	0	0	0.046	0	0.492	0.495
ABHD5	PNPLA8	9606.ENSP00000495778	9606.ENSP00000257694	0	0	0	0	0.083	0	0	0.437	0.462
ABHD5	PALB2	9606.ENSP00000495778	9606.ENSP00000261584	0.055	0	0	0	0.055	0.303	0.220	0.121	0.495
ABHD5	ALOXE3	9606.ENSP00000495778	9606.ENSP00000314879	0	0	0	0	0	0	0	0.866	0.866
ABHD5	PNPLA2	9606.ENSP00000495778	9606.ENSP00000337701	0	0	0	0	0.054	0.569	0.900	0.999	0.999
ABHD5	BSCL2	9606.ENSP00000495778	9606.ENSP00000354032	0	0	0	0	0	0	0	0.438	0.438
ABHD5	CIDEC	9606.ENSP00000495778	9606.ENSP00000373328	0	0	0	0	0.042	0	0	0.631	0.631
ABHD5	LPIN1	9606.ENSP00000495778	9606.ENSP00000397908	0	0	0	0	0.107	0	0	0.441	0.480
ACAD8	MCEE	9606.ENSP00000281182	9606.ENSP00000244217	0	0	0	0	0.101	0	0.229	0.359	0.517
ACAD8	TUBGCP6	9606.ENSP00000281182	9606.ENSP00000248846	0	0	0	0	0.124	0.566	0	0.200	0.669
ACAD8	ACAD9	9606.ENSP00000281182	9606.ENSP00000312618	0	0	0.135	0.765	0.208	0.091	0	0.154	0.403
ACAD8	AMACR	9606.ENSP00000281182	9606.ENSP00000371517	0.057	0.036	0	0	0.111	0	0.265	0.184	0.430
ACAD8	HIBCH	9606.ENSP00000281182	9606.ENSP00000352706	0.046	0	0	0	0.331	0.091	0.185	0.491	0.715
ACAD9	HSCB	9606.ENSP00000312618	9606.ENSP00000216027	0	0	0	0	0.042	0.405	0	0.063	0.419
ACAD9	NDUFS7	9606.ENSP00000312618	9606.ENSP00000233627	0	0	0	0	0.148	0.994	0.500	0.462	0.998
ACAD9	MCEE	9606.ENSP00000312618	9606.ENSP00000244217	0	0	0	0	0.105	0	0.229	0.273	0.455
ACAD9	PNPLA8	9606.ENSP00000312618	9606.ENSP00000257694	0	0	0	0	0.100	0.095	0	0.414	0.481
ACAD9	NDUFAF1	9606.ENSP00000312618	9606.ENSP00000260361	0	0	0	0	0.095	0.994	0.800	0.988	0.999
ACAD9	MLYCD	9606.ENSP00000312618	9606.ENSP00000262430	0	0	0	0	0.158	0	0	0.423	0.494
ACAD9	COQ9	9606.ENSP00000312618	9606.ENSP00000262507	0	0	0	0	0.214	0	0	0.335	0.456
ACAD9	FLAD1	9606.ENSP00000312618	9606.ENSP00000292180	0	0	0	0	0.113	0.095	0	0.412	0.487
ACAD9	NDUFAF2	9606.ENSP00000312618	9606.ENSP00000296597	0	0	0	0	0.062	0.088	0.500	0.553	0.783
ACAD9	COQ4	9606.ENSP00000312618	9606.ENSP00000300452	0	0	0	0	0.195	0	0	0.382	0.482
ACAD9	TMEM70	9606.ENSP00000312618	9606.ENSP00000312599	0	0	0	0	0.049	0.088	0	0.582	0.605
ACAD9	ACSF3	9606.ENSP00000312618	9606.ENSP00000479130	0.048	0	0	0	0.172	0	0.188	0.198	0.418
ACAD9	NSDHL	9606.ENSP00000312618	9606.ENSP00000359297	0	0	0	0	0.144	0.045	0.189	0.236	0.426
ACAD9	MARVELD2	9606.ENSP00000312618	9606.ENSP00000323264	0	0	0	0	0	0.429	0	0	0.429
ACAD9	ATPAF2	9606.ENSP00000312618	9606.ENSP00000417190	0	0	0	0	0.233	0	0	0.295	0.437
ACAD9	CPT1C	9606.ENSP00000312618	9606.ENSP00000376303	0	0	0	0	0.065	0	0	0.427	0.441
ACAD9	ACSL5	9606.ENSP00000312618	9606.ENSP00000348429	0.050	0	0	0	0.140	0.071	0.189	0.256	0.458
ACAD9	EMC1	9606.ENSP00000312618	9606.ENSP00000420608	0	0	0	0	0.219	0.292	0	0.147	0.487
ACAD9	PRMT7	9606.ENSP00000312618	9606.ENSP00000343103	0	0	0	0	0.478	0.070	0	0.064	0.505
ACAD9	ELAC2	9606.ENSP00000312618	9606.ENSP00000337445	0	0	0	0	0.469	0.088	0	0.107	0.529
ACAD9	YY1AP1	9606.ENSP00000312618	9606.ENSP00000357323	0	0	0	0	0.082	0	0	0.546	0.566
ACAD9	HIBCH	9606.ENSP00000312618	9606.ENSP00000352706	0.046	0	0	0	0.314	0.205	0.185	0.264	0.631
ACAD9	PDSS2	9606.ENSP00000312618	9606.ENSP00000358033	0	0	0	0	0.156	0.257	0	0.535	0.683
ACAD9	NDUFA11	9606.ENSP00000312618	9606.ENSP00000389160	0	0	0	0	0.075	0	0.500	0.437	0.717
ACAD9	NDUFAF6	9606.ENSP00000312618	9606.ENSP00000379430	0	0	0	0	0.086	0	0.500	0.626	0.814
ACAD9	PDSS1	9606.ENSP00000312618	9606.ENSP00000365388	0	0	0	0	0.062	0.729	0	0.333	0.816
ACAD9	NDUFAF5	9606.ENSP00000312618	9606.ENSP00000367346	0	0	0	0	0.049	0.196	0.500	0.693	0.867
ACAD9	NDUFA13	9606.ENSP00000312618	9606.ENSP00000423673	0	0	0	0	0.089	0.994	0.500	0.279	0.997
ACAD9	TMEM126B	9606.ENSP00000312618	9606.ENSP00000351737	0	0	0	0	0.044	0.994	0.800	0.990	0.999
ACAD9	TIMMDC1	9606.ENSP00000312618	9606.ENSP00000418803	0	0	0	0	0.128	0.994	0.500	0.764	0.999
ACD	STN1	9606.ENSP00000483117	9606.ENSP00000224950	0	0	0	0	0.047	0.301	0.720	0.658	0.927
ACD	TINF2	9606.ENSP00000483117	9606.ENSP00000267415	0	0	0	0	0.055	0.991	0.800	0.999	0.999
ACD	NHP2	9606.ENSP00000483117	9606.ENSP00000274606	0	0	0	0	0.108	0	0.500	0.505	0.759
ACD	WNT3A	9606.ENSP00000483117	9606.ENSP00000284523	0	0	0	0	0	0	0	0.516	0.516
ACD	TERF2IP	9606.ENSP00000483117	9606.ENSP00000300086	0	0	0	0	0.049	0.874	0.800	0.967	0.999
ACD	WRAP53	9606.ENSP00000483117	9606.ENSP00000324203	0	0	0	0	0.074	0	0.500	0.445	0.720
ACD	NOP10	9606.ENSP00000483117	9606.ENSP00000332198	0	0	0	0	0.047	0	0.500	0.506	0.744
ACD	POT1	9606.ENSP00000483117	9606.ENSP00000350249	0	0	0	0	0	0.991	0.800	0.998	0.999
ACD	RTEL1	9606.ENSP00000483117	9606.ENSP00000353332	0	0	0	0	0.059	0	0.500	0.417	0.701
ACD	DLL1	9606.ENSP00000483117	9606.ENSP00000355718	0	0	0	0	0	0	0	0.426	0.426
ACD	CTC1	9606.ENSP00000483117	9606.ENSP00000498499	0	0	0	0	0.049	0	0.720	0.677	0.906
ACKR3	GPSM2	9606.ENSP00000272928	9606.ENSP00000385510	0	0	0	0	0	0	0.400	0	0.400
ACSF3	NUP107	9606.ENSP00000479130	9606.ENSP00000229179	0	0	0	0	0.060	0.435	0	0.113	0.487
ACSF3	IYD	9606.ENSP00000479130	9606.ENSP00000229447	0.061	0	0	0	0.102	0.400	0	0.129	0.500
ACSF3	MCEE	9606.ENSP00000479130	9606.ENSP00000244217	0	0	0	0	0.060	0	0.900	0.488	0.947
ACSF3	NUP85	9606.ENSP00000479130	9606.ENSP00000245544	0	0	0	0	0.085	0.309	0	0.166	0.426
ACSF3	NUP133	9606.ENSP00000479130	9606.ENSP00000261396	0	0	0	0	0.092	0.407	0	0.166	0.511
ACSF3	PALB2	9606.ENSP00000479130	9606.ENSP00000261584	0.061	0	0	0	0.103	0.419	0.285	0.161	0.652
ACSF3	MLYCD	9606.ENSP00000479130	9606.ENSP00000262430	0.045	0.612	0	0	0.075	0	0.800	0.526	0.961
ACSF3	NUP54	9606.ENSP00000479130	9606.ENSP00000264883	0	0	0	0	0.059	0.520	0	0.186	0.600
ACSF3	NUP205	9606.ENSP00000479130	9606.ENSP00000285968	0	0	0	0	0.114	0.527	0	0.207	0.638
ACSF3	TMEM70	9606.ENSP00000479130	9606.ENSP00000312599	0	0	0	0	0.049	0.421	0	0	0.425
ACSF3	UPB1	9606.ENSP00000479130	9606.ENSP00000324343	0	0	0	0	0.055	0.071	0.800	0.319	0.864
ACSF3	HIBCH	9606.ENSP00000479130	9606.ENSP00000352706	0.050	0	0	0	0.191	0.069	0.193	0.397	0.589
ACSF3	AMACR	9606.ENSP00000479130	9606.ENSP00000371517	0.061	0	0	0	0.052	0.131	0.285	0.166	0.454
ACSF3	MMADHC	9606.ENSP00000479130	9606.ENSP00000389060	0	0	0	0	0	0	0	0.595	0.595
ACSF3	MMAB	9606.ENSP00000479130	9606.ENSP00000445920	0	0	0	0	0.055	0	0	0.623	0.629
ACSF3	TRAPPC2L	9606.ENSP00000479130	9606.ENSP00000457728	0	0	0	0	0.068	0	0	0.385	0.403
ACSF3	NUP62	9606.ENSP00000479130	9606.ENSP00000471191	0	0	0	0	0.092	0.404	0	0.091	0.465
ACSF3	LMBRD1	9606.ENSP00000479130	9606.ENSP00000497690	0	0	0	0	0	0	0	0.419	0.418
ACSF3	SUGCT	9606.ENSP00000479130	9606.ENSP00000486291	0.061	0	0	0	0.052	0	0.285	0.243	0.453
ACSL5	PNPLA2	9606.ENSP00000348429	9606.ENSP00000337701	0	0	0	0	0.104	0	0.600	0.364	0.752
ACSL5	PERP	9606.ENSP00000348429	9606.ENSP00000397157	0	0	0	0	0	0	0	0.400	0.400
ACSL5	ELOVL5	9606.ENSP00000348429	9606.ENSP00000359956	0	0	0	0	0	0	0	0.428	0.428
ACSL5	COASY	9606.ENSP00000348429	9606.ENSP00000464814	0.057	0	0	0	0.042	0	0	0.576	0.583
ACSL5	CPT1C	9606.ENSP00000348429	9606.ENSP00000376303	0	0	0	0	0	0	0.650	0.431	0.792
ADA2	RNASEH2C	9606.ENSP00000382731	9606.ENSP00000308193	0	0	0	0	0	0	0	0.402	0.402
ADA2	NT5C2	9606.ENSP00000382731	9606.ENSP00000339479	0	0	0	0	0	0	0.911	0.086	0.915
ADAMTS18	SALL4	9606.ENSP00000282849	9606.ENSP00000217086	0	0	0	0	0.142	0	0	0.353	0.421
ADAMTS18	CHD7	9606.ENSP00000282849	9606.ENSP00000392028	0	0	0	0	0	0	0	0.427	0.426
ADAMTS18	ATP8A2	9606.ENSP00000282849	9606.ENSP00000371070	0	0	0	0	0.085	0	0	0.444	0.470
ADAMTS18	B3GLCT	9606.ENSP00000282849	9606.ENSP00000343002	0	0	0	0	0	0.315	0.400	0.302	0.688
ADAMTSL1	B3GLCT	9606.ENSP00000369921	9606.ENSP00000343002	0	0	0	0	0	0.268	0.400	0.454	0.739
ADAMTSL4	P3H2	9606.ENSP00000358035	9606.ENSP00000316881	0	0	0	0	0	0	0	0.477	0.477
ADAMTSL4	B3GLCT	9606.ENSP00000358035	9606.ENSP00000343002	0	0	0	0	0	0	0.400	0.389	0.617
ADAMTSL4	ZNF469	9606.ENSP00000358035	9606.ENSP00000456500	0	0	0	0	0.060	0.053	0	0.386	0.406
ADAMTSL4	CPAMD8	9606.ENSP00000358035	9606.ENSP00000498697	0	0	0	0	0.067	0	0	0.438	0.454
ADAT3	IYD	9606.ENSP00000332448	9606.ENSP00000229447	0.057	0	0	0	0.392	0	0	0.102	0.440
ADAT3	MCEE	9606.ENSP00000332448	9606.ENSP00000244217	0	0	0	0	0.333	0	0.180	0.102	0.465
ADAT3	TRMT5	9606.ENSP00000332448	9606.ENSP00000261249	0	0	0	0	0.110	0	0	0.679	0.702
ADAT3	NSUN2	9606.ENSP00000332448	9606.ENSP00000264670	0	0	0	0	0.109	0	0	0.624	0.650
ADAT3	TRMT10A	9606.ENSP00000332448	9606.ENSP00000273962	0	0	0	0	0.074	0.053	0	0.608	0.626
ADAT3	NAGS	9606.ENSP00000332448	9606.ENSP00000293404	0.046	0	0	0	0.086	0	0.673	0	0.689
ADAT3	TRIT1	9606.ENSP00000332448	9606.ENSP00000321810	0.105	0	0	0	0	0	0	0.516	0.548
ADAT3	FTSJ1	9606.ENSP00000332448	9606.ENSP00000326948	0	0	0	0	0.085	0	0	0.716	0.729
ADAT3	PUS7	9606.ENSP00000332448	9606.ENSP00000417402	0.055	0	0	0	0.138	0	0	0.376	0.448
ADAT3	ELP4	9606.ENSP00000332448	9606.ENSP00000379267	0	0	0	0	0.090	0.069	0	0.405	0.452
ADAT3	TRMT1	9606.ENSP00000332448	9606.ENSP00000466967	0	0	0	0	0.085	0	0	0.427	0.454
ADAT3	PUS1	9606.ENSP00000332448	9606.ENSP00000365837	0.052	0	0	0	0.109	0	0	0.417	0.464
ADAT3	YRDC	9606.ENSP00000332448	9606.ENSP00000362135	0	0	0	0	0.044	0	0	0.471	0.473
ADAT3	CTU2	9606.ENSP00000332448	9606.ENSP00000456908	0	0	0	0	0.163	0	0	0.419	0.493
ADAT3	GTPBP3	9606.ENSP00000332448	9606.ENSP00000351644	0.092	0	0	0	0.049	0	0	0.462	0.494
ADAT3	BUD23	9606.ENSP00000332448	9606.ENSP00000401191	0.044	0	0	0	0.113	0	0	0.497	0.536
ADCY10	PDE11A	9606.ENSP00000356825	9606.ENSP00000286063	0	0	0	0	0.044	0.048	0.650	0.071	0.664
ADCY10	KCNU1	9606.ENSP00000356825	9606.ENSP00000382770	0	0	0	0	0	0	0	0.404	0.404
ADCY10	BCL11A	9606.ENSP00000356825	9606.ENSP00000496168	0	0	0	0	0	0	0	0.425	0.424
ADCY10	PHGDH	9606.ENSP00000356825	9606.ENSP00000493382	0	0	0	0	0	0.071	0	0.541	0.555
ADCY10	CHD7	9606.ENSP00000356825	9606.ENSP00000392028	0	0	0	0	0.055	0.102	0	0.768	0.785
ADGRG6	SBF2	9606.ENSP00000356581	9606.ENSP00000256190	0	0	0	0	0.042	0	0	0.714	0.714
ADGRG6	LIN28B	9606.ENSP00000356581	9606.ENSP00000344401	0	0	0	0	0	0	0	0.667	0.667
ADNP	KDM6B	9606.ENSP00000360662	9606.ENSP00000254846	0	0	0	0	0.108	0	0	0.411	0.453
ADNP	BRD4	9606.ENSP00000360662	9606.ENSP00000263377	0	0	0	0	0.138	0.510	0	0.065	0.571
ADNP	ASXL3	9606.ENSP00000360662	9606.ENSP00000269197	0	0	0	0	0	0	0	0.400	0.400
ADNP	POGZ	9606.ENSP00000360662	9606.ENSP00000271715	0	0	0	0	0.399	0.309	0	0.373	0.716
ADNP	MED13L	9606.ENSP00000360662	9606.ENSP00000281928	0	0	0	0	0.160	0	0	0.507	0.568
ADNP	WDFY3	9606.ENSP00000360662	9606.ENSP00000295888	0	0	0	0	0.045	0	0	0.492	0.494
ADNP	ANKRD11	9606.ENSP00000360662	9606.ENSP00000301030	0	0	0	0	0.049	0	0	0.418	0.422
ADNP	KMT5B	9606.ENSP00000360662	9606.ENSP00000305899	0	0	0	0	0.197	0	0	0.658	0.713
ADNP	KDM3B	9606.ENSP00000360662	9606.ENSP00000326563	0	0	0	0	0.439	0	0	0	0.439
ADNP	GATAD2B	9606.ENSP00000360662	9606.ENSP00000357644	0	0	0	0	0.222	0	0	0.359	0.480
ADNP	SETBP1	9606.ENSP00000360662	9606.ENSP00000497406	0	0	0	0	0.192	0	0	0.302	0.412
ADNP	SETD5	9606.ENSP00000360662	9606.ENSP00000385852	0	0	0	0	0.224	0	0	0.284	0.421
ADNP	SIN3A	9606.ENSP00000360662	9606.ENSP00000378402	0	0	0	0	0.414	0	0	0.094	0.446
ADNP	SHANK3	9606.ENSP00000360662	9606.ENSP00000489407	0	0	0	0	0	0	0	0.447	0.447
ADNP	TNRC6B	9606.ENSP00000360662	9606.ENSP00000401946	0	0	0	0	0.138	0	0	0.385	0.447
ADNP	SATB2	9606.ENSP00000360662	9606.ENSP00000401112	0	0	0	0	0	0	0	0.461	0.461
ADNP	SETD2	9606.ENSP00000360662	9606.ENSP00000386759	0	0	0	0	0.384	0	0	0.207	0.491
ADNP	KDM1A	9606.ENSP00000360662	9606.ENSP00000383042	0	0	0	0	0.058	0.219	0	0.420	0.536
ADNP	ARID1B	9606.ENSP00000360662	9606.ENSP00000490491	0	0	0	0	0.074	0	0	0.581	0.595
ADNP	ASH1L	9606.ENSP00000360662	9606.ENSP00000376204	0	0	0	0	0.362	0	0	0.446	0.631
ADPRHL2	GDAP2	9606.ENSP00000362273	9606.ENSP00000358451	0.069	0	0	0	0.042	0	0	0.500	0.515
ADSS1	MRPS7	9606.ENSP00000333019	9606.ENSP00000245539	0	0	0	0	0.401	0	0	0.086	0.429
ADSS1	GFM1	9606.ENSP00000333019	9606.ENSP00000264263	0	0	0	0	0.401	0	0	0.207	0.504
ADSS1	EFL1	9606.ENSP00000333019	9606.ENSP00000268206	0	0	0	0	0.401	0	0	0.207	0.504
ADSS1	CANT1	9606.ENSP00000333019	9606.ENSP00000307674	0	0	0	0	0	0	0.900	0.071	0.903
ADSS1	PNPT1	9606.ENSP00000333019	9606.ENSP00000400646	0.107	0	0	0	0.294	0	0	0.130	0.403
ADSS1	VARS2	9606.ENSP00000333019	9606.ENSP00000441000	0.054	0	0	0	0.198	0	0	0.281	0.406
ADSS1	POLR1B	9606.ENSP00000333019	9606.ENSP00000444136	0.042	0	0	0	0.297	0	0	0.237	0.441
ADSS1	PSAT1	9606.ENSP00000333019	9606.ENSP00000365773	0.120	0	0	0	0.209	0	0	0.287	0.460
ADSS1	QRICH1	9606.ENSP00000333019	9606.ENSP00000378830	0.079	0	0	0	0.400	0	0.145	0.181	0.561
ADSS1	DOHH	9606.ENSP00000333019	9606.ENSP00000398882	0	0	0	0	0.067	0	0.792	0.071	0.803
ADSS1	NT5C2	9606.ENSP00000333019	9606.ENSP00000339479	0	0	0	0	0	0	0.900	0.195	0.916
AFF4	KMT2C	9606.ENSP00000265343	9606.ENSP00000262189	0	0	0	0	0.119	0.059	0	0.459	0.512
AFF4	BRD4	9606.ENSP00000265343	9606.ENSP00000263377	0	0	0	0	0.049	0	0	0.594	0.597
AFF4	MED13L	9606.ENSP00000265343	9606.ENSP00000281928	0	0	0	0	0.263	0.052	0	0.225	0.412
AFF4	CYCS	9606.ENSP00000265343	9606.ENSP00000307786	0	0	0	0	0.046	0.045	0	0.444	0.450
AFF4	BCOR	9606.ENSP00000265343	9606.ENSP00000367705	0	0	0	0	0.045	0.099	0	0.523	0.553
AFF4	ANKRD11	9606.ENSP00000265343	9606.ENSP00000301030	0	0	0	0	0.134	0.099	0	0.487	0.565
AFF4	SETD5	9606.ENSP00000265343	9606.ENSP00000385852	0	0	0	0	0.275	0.071	0.360	0.163	0.591
AFF4	ELP4	9606.ENSP00000265343	9606.ENSP00000379267	0	0	0	0	0	0.077	0.900	0	0.903
AFF4	CDC73	9606.ENSP00000265343	9606.ENSP00000356405	0	0	0	0	0.109	0.090	0.900	0.566	0.960
AGBL5	CEP41	9606.ENSP00000353249	9606.ENSP00000223208	0	0	0	0	0.060	0	0	0.425	0.436
AGBL5	B3GALNT2	9606.ENSP00000353249	9606.ENSP00000355559	0	0	0	0	0	0	0	0.422	0.422
AGK	NDUFS7	9606.ENSP00000497280	9606.ENSP00000233627	0	0	0	0	0.324	0	0	0.185	0.425
AGK	RRM2B	9606.ENSP00000497280	9606.ENSP00000251810	0	0	0	0	0.134	0	0	0.384	0.444
AGK	TMEM70	9606.ENSP00000497280	9606.ENSP00000312599	0	0	0	0	0.062	0	0	0.402	0.415
AGK	TIMM22	9606.ENSP00000497280	9606.ENSP00000320236	0	0	0	0	0.163	0.852	0.900	0.658	0.995
AGK	PNPLA2	9606.ENSP00000497280	9606.ENSP00000337701	0	0	0	0	0.044	0	0.900	0.141	0.910
AGK	SFXN4	9606.ENSP00000497280	9606.ENSP00000347924	0	0	0	0	0.216	0	0	0.297	0.425
AGK	SYNE1	9606.ENSP00000497280	9606.ENSP00000356224	0	0	0	0	0.051	0	0	0.422	0.429
AGK	FBXL4	9606.ENSP00000497280	9606.ENSP00000358247	0	0	0	0	0	0	0	0.475	0.475
AGK	MGME1	9606.ENSP00000497280	9606.ENSP00000366939	0	0	0	0	0.047	0	0	0.486	0.489
AGK	ESRP1	9606.ENSP00000497280	9606.ENSP00000405738	0	0	0	0	0	0	0.500	0.060	0.509
AGK	TIMM50	9606.ENSP00000497280	9606.ENSP00000445806	0	0	0	0	0.042	0	0	0.529	0.530
AGK	SERAC1	9606.ENSP00000497280	9606.ENSP00000496731	0	0	0	0	0.056	0	0	0.618	0.624
AGO1	AGO2	9606.ENSP00000362300	9606.ENSP00000220592	0	0	0.049	0.982	0.092	0.891	0.900	0.982	0.999
AGO1	CPSF3	9606.ENSP00000362300	9606.ENSP00000238112	0	0	0	0	0.049	0	0	0.417	0.421
AGO1	ALG5	9606.ENSP00000362300	9606.ENSP00000239891	0	0	0	0	0.047	0	0	0.455	0.458
AGO1	KDM6B	9606.ENSP00000362300	9606.ENSP00000254846	0	0	0	0	0.098	0	0.500	0.116	0.566
AGO1	KMT2C	9606.ENSP00000362300	9606.ENSP00000262189	0	0	0	0	0.061	0	0.400	0.080	0.436
AGO1	ALG1	9606.ENSP00000362300	9606.ENSP00000262374	0	0	0	0	0.042	0	0	0.572	0.573
AGO1	DGCR8	9606.ENSP00000362300	9606.ENSP00000263209	0	0	0	0	0.108	0	0.720	0.825	0.952
AGO1	TSEN2	9606.ENSP00000362300	9606.ENSP00000284995	0	0	0	0	0.042	0	0.540	0	0.540
AGO1	LRRK2	9606.ENSP00000362300	9606.ENSP00000298910	0	0	0	0	0	0.524	0	0.681	0.842
AGO1	TRMT10C	9606.ENSP00000362300	9606.ENSP00000312356	0	0	0	0	0.064	0	0.540	0	0.551
AGO1	KMT2E	9606.ENSP00000362300	9606.ENSP00000312379	0	0	0	0	0	0	0.400	0.112	0.444
AGO1	SUZ12	9606.ENSP00000362300	9606.ENSP00000316578	0	0	0	0	0.049	0	0.500	0.198	0.585
AGO1	FKBP10	9606.ENSP00000362300	9606.ENSP00000317232	0	0	0	0	0.049	0.061	0	0.500	0.514
AGO1	CNOT1	9606.ENSP00000362300	9606.ENSP00000320949	0	0	0	0	0.117	0	0	0.419	0.465
AGO1	GEMIN4	9606.ENSP00000362300	9606.ENSP00000321706	0	0	0	0	0.042	0.292	0	0.702	0.780
AGO1	TSEN54	9606.ENSP00000362300	9606.ENSP00000327487	0	0	0	0	0	0	0.540	0	0.540
AGO1	ZNFX1	9606.ENSP00000362300	9606.ENSP00000360817	0	0	0	0	0.049	0.275	0	0.250	0.437
AGO1	SIN3B	9606.ENSP00000362300	9606.ENSP00000369131	0	0	0	0	0.088	0	0.400	0.065	0.444
AGO1	SETD1B	9606.ENSP00000362300	9606.ENSP00000474253	0	0	0	0	0.049	0.069	0.400	0.102	0.459
AGO1	TRIM71	9606.ENSP00000362300	9606.ENSP00000373272	0	0	0	0	0	0.108	0	0.426	0.466
AGO1	SIN3A	9606.ENSP00000362300	9606.ENSP00000378402	0	0	0	0	0.099	0	0.400	0.100	0.471
AGO1	LAS1L	9606.ENSP00000362300	9606.ENSP00000363944	0	0	0	0	0.049	0.292	0.360	0.049	0.535
AGO1	EDC3	9606.ENSP00000362300	9606.ENSP00000497737	0	0	0	0	0.067	0	0	0.628	0.638
AGO1	TRIM32	9606.ENSP00000362300	9606.ENSP00000408292	0	0	0	0	0.047	0.095	0	0.881	0.888
AGO1	TNRC6B	9606.ENSP00000362300	9606.ENSP00000401946	0	0	0	0	0.066	0.837	0.400	0.948	0.994
AGO1	TNRC6A	9606.ENSP00000362300	9606.ENSP00000379144	0	0	0	0	0	0.986	0.900	0.998	0.999
AGO1	DICER1	9606.ENSP00000362300	9606.ENSP00000437256	0	0	0	0	0.102	0.924	0.900	0.999	0.999
AGO2	NHLRC1	9606.ENSP00000220592	9606.ENSP00000345464	0	0	0	0	0	0.095	0	0.370	0.405
AGO2	NUP107	9606.ENSP00000220592	9606.ENSP00000229179	0	0	0	0	0.049	0	0.400	0	0.405
AGO2	NUP54	9606.ENSP00000220592	9606.ENSP00000264883	0	0	0	0	0.054	0	0.400	0	0.408
AGO2	DNAJC5	9606.ENSP00000220592	9606.ENSP00000354111	0	0	0	0	0.100	0.052	0	0.365	0.411
AGO2	P2RY12	9606.ENSP00000220592	9606.ENSP00000307259	0	0	0	0	0	0	0	0.413	0.412
AGO2	DDX58	9606.ENSP00000220592	9606.ENSP00000369213	0	0	0	0	0	0.068	0	0.397	0.414
AGO2	NUP133	9606.ENSP00000220592	9606.ENSP00000261396	0	0	0	0	0.063	0	0.400	0	0.414
AGO2	NUP160	9606.ENSP00000220592	9606.ENSP00000367721	0	0	0	0	0.067	0	0.400	0	0.416
AGO2	NUP62	9606.ENSP00000220592	9606.ENSP00000471191	0	0	0	0	0.067	0	0.400	0	0.416
AGO2	NUP188	9606.ENSP00000220592	9606.ENSP00000361658	0	0	0	0	0.074	0	0.400	0	0.420
AGO2	GAPVD1	9606.ENSP00000220592	9606.ENSP00000377665	0	0	0	0	0.149	0.311	0	0.091	0.421
AGO2	NUP205	9606.ENSP00000220592	9606.ENSP00000285968	0	0	0	0	0.083	0	0.400	0	0.426
AGO2	NANOS1	9606.ENSP00000220592	9606.ENSP00000393275	0	0	0	0	0.063	0.328	0	0.170	0.432
AGO2	NUP85	9606.ENSP00000220592	9606.ENSP00000245544	0	0	0	0	0.076	0	0.400	0.060	0.433
AGO2	NUP37	9606.ENSP00000220592	9606.ENSP00000448054	0	0	0	0	0.061	0.045	0.400	0.071	0.433
AGO2	TAB2	9606.ENSP00000220592	9606.ENSP00000356426	0	0	0	0	0.139	0.292	0	0.171	0.450
AGO2	TRAPPC9	9606.ENSP00000220592	9606.ENSP00000373979	0	0	0	0	0.066	0	0	0.439	0.454
AGO2	PHIP	9606.ENSP00000220592	9606.ENSP00000275034	0	0	0	0	0.056	0.421	0	0.087	0.457
AGO2	TBK1	9606.ENSP00000220592	9606.ENSP00000329967	0	0	0	0	0.054	0.383	0	0.172	0.475
AGO2	GIGYF2	9606.ENSP00000220592	9606.ENSP00000387170	0	0	0	0	0.082	0.295	0	0.263	0.482
AGO2	TARDBP	9606.ENSP00000220592	9606.ENSP00000240185	0	0	0	0	0.060	0.212	0	0.369	0.492
AGO2	ALG1	9606.ENSP00000220592	9606.ENSP00000262374	0	0	0	0	0.047	0	0	0.518	0.521
AGO2	SBDS	9606.ENSP00000220592	9606.ENSP00000246868	0	0	0	0	0.056	0	0	0.518	0.525
AGO2	TRMT1	9606.ENSP00000220592	9606.ENSP00000466967	0	0	0	0	0.053	0.497	0	0.089	0.528
AGO2	ZNFX1	9606.ENSP00000220592	9606.ENSP00000360817	0	0	0	0	0.078	0.275	0	0.358	0.533
AGO2	IFIH1	9606.ENSP00000220592	9606.ENSP00000497271	0	0	0	0	0.047	0.068	0	0.520	0.537
AGO2	TSEN2	9606.ENSP00000220592	9606.ENSP00000284995	0	0	0	0	0	0	0.540	0	0.540
AGO2	TSEN54	9606.ENSP00000220592	9606.ENSP00000327487	0	0	0	0	0.050	0	0.540	0	0.544
AGO2	TRMT10C	9606.ENSP00000220592	9606.ENSP00000312356	0	0	0	0	0.066	0	0.540	0.055	0.558
AGO2	SYNE1	9606.ENSP00000220592	9606.ENSP00000356224	0	0	0	0	0.047	0.292	0	0.410	0.567
AGO2	DIS3L2	9606.ENSP00000220592	9606.ENSP00000315569	0	0	0	0	0.059	0	0	0.577	0.585
AGO2	LIN28B	9606.ENSP00000220592	9606.ENSP00000344401	0	0	0	0	0	0.045	0	0.606	0.608
AGO2	CRBN	9606.ENSP00000220592	9606.ENSP00000231948	0	0	0	0	0	0.292	0	0.506	0.635
AGO2	EDC3	9606.ENSP00000220592	9606.ENSP00000497737	0	0	0	0	0.058	0.229	0	0.575	0.664
AGO2	LRRK2	9606.ENSP00000220592	9606.ENSP00000298910	0	0	0	0	0	0.524	0	0.778	0.890
AGO2	CNOT1	9606.ENSP00000220592	9606.ENSP00000320949	0	0	0	0	0.178	0.678	0	0.626	0.892
AGO2	TRIM71	9606.ENSP00000220592	9606.ENSP00000373272	0	0	0	0	0	0.544	0	0.874	0.940
AGO2	DGCR8	9606.ENSP00000220592	9606.ENSP00000263209	0	0	0	0	0.069	0	0.720	0.945	0.984
AGO2	TNRC6B	9606.ENSP00000220592	9606.ENSP00000401946	0	0	0	0	0.083	0.886	0.400	0.981	0.998
AGO2	DICER1	9606.ENSP00000220592	9606.ENSP00000437256	0	0	0	0	0.133	0.966	0.900	0.999	0.999
AGO2	GEMIN4	9606.ENSP00000220592	9606.ENSP00000321706	0	0	0	0	0.055	0.735	0	0.997	0.999
AGO2	TNRC6A	9606.ENSP00000220592	9606.ENSP00000379144	0	0	0	0	0.049	0.923	0.900	0.998	0.999
AGRN	XYLT2	9606.ENSP00000368678	9606.ENSP00000017003	0	0	0	0	0.044	0	0.400	0.192	0.496
AGRN	C12orf57	9606.ENSP00000368678	9606.ENSP00000229281	0	0	0	0	0.042	0	0	0.431	0.431
AGRN	POMT2	9606.ENSP00000368678	9606.ENSP00000261534	0	0	0	0	0.095	0	0	0.729	0.745
AGRN	B3GAT3	9606.ENSP00000368678	9606.ENSP00000265471	0	0	0	0	0.055	0	0.400	0.181	0.495
AGRN	SOST	9606.ENSP00000368678	9606.ENSP00000301691	0	0	0	0	0.058	0	0	0.396	0.406
AGRN	GMPPB	9606.ENSP00000368678	9606.ENSP00000309092	0	0	0	0	0.048	0	0	0.482	0.485
AGRN	POMGNT2	9606.ENSP00000368678	9606.ENSP00000344125	0	0	0	0	0.059	0	0	0.462	0.472
AGRN	POLR3H	9606.ENSP00000368678	9606.ENSP00000347345	0	0	0	0	0	0	0	0.507	0.507
AGRN	COL18A1	9606.ENSP00000368678	9606.ENSP00000352798	0	0	0	0	0.135	0.093	0	0.517	0.588
AGRN	B3GALNT2	9606.ENSP00000368678	9606.ENSP00000355559	0	0	0	0	0	0	0	0.425	0.425
AGRN	SYNE1	9606.ENSP00000368678	9606.ENSP00000356224	0	0	0	0	0.075	0.292	0	0.198	0.430
AGRN	ALG14	9606.ENSP00000368678	9606.ENSP00000359224	0	0	0	0	0	0	0	0.418	0.418
AGRN	HPSE2	9606.ENSP00000368678	9606.ENSP00000359583	0	0	0	0	0	0	0.500	0.192	0.578
AGRN	POMGNT1	9606.ENSP00000368678	9606.ENSP00000361060	0	0	0	0	0.062	0	0	0.746	0.751
AGRN	B3GALT6	9606.ENSP00000368678	9606.ENSP00000368496	0	0	0	0	0.067	0	0.400	0.259	0.548
AGRN	HS3ST6	9606.ENSP00000368678	9606.ENSP00000416741	0	0	0	0	0	0	0.400	0.228	0.517
AGRN	HS6ST2	9606.ENSP00000368678	9606.ENSP00000429473	0	0	0	0	0	0	0.400	0.230	0.518
AGRN	TBL1XR1	9606.ENSP00000368678	9606.ENSP00000405574	0	0	0	0	0.042	0	0	0.593	0.593
AGRN	LAMA1	9606.ENSP00000368678	9606.ENSP00000374309	0	0	0	0.548	0.055	0.091	0.500	0.180	0.600
AHI1	CEP41	9606.ENSP00000265602	9606.ENSP00000223208	0	0	0	0	0.047	0	0	0.640	0.643
AHI1	NEK9	9606.ENSP00000265602	9606.ENSP00000238616	0	0	0	0	0.044	0.055	0	0.453	0.463
AHI1	TTC21B	9606.ENSP00000265602	9606.ENSP00000243344	0	0	0	0	0.049	0.074	0	0.569	0.587
AHI1	B9D2	9606.ENSP00000265602	9606.ENSP00000243578	0	0	0	0	0	0.095	0.800	0.842	0.968
AHI1	TMEM231	9606.ENSP00000265602	9606.ENSP00000258173	0	0	0	0	0.043	0	0.720	0.863	0.960
AHI1	IFT172	9606.ENSP00000265602	9606.ENSP00000260570	0	0	0	0	0.076	0	0	0.487	0.505
AHI1	B9D1	9606.ENSP00000265602	9606.ENSP00000261499	0	0	0	0	0.049	0.154	0.800	0.871	0.976
AHI1	KIAA0556	9606.ENSP00000265602	9606.ENSP00000261588	0	0	0	0	0.056	0.099	0	0.415	0.459
AHI1	CSPP1	9606.ENSP00000265602	9606.ENSP00000262210	0	0	0	0	0.072	0.095	0	0.565	0.603
AHI1	INVS	9606.ENSP00000265602	9606.ENSP00000262457	0	0	0	0	0.048	0.099	0	0.806	0.819
AHI1	ASXL1	9606.ENSP00000265602	9606.ENSP00000364839	0	0	0	0	0.055	0.100	0	0.353	0.401
AHI1	INPP5E	9606.ENSP00000265602	9606.ENSP00000360777	0	0	0	0	0.052	0	0	0.396	0.404
AHI1	FAM111A	9606.ENSP00000265602	9606.ENSP00000434435	0	0	0	0	0.042	0.045	0	0.407	0.410
AHI1	LCA5	9606.ENSP00000265602	9606.ENSP00000376686	0	0	0	0	0.058	0	0	0.405	0.415
AHI1	IFT80	9606.ENSP00000265602	9606.ENSP00000312778	0	0	0	0	0.111	0.105	0	0.329	0.420
AHI1	C2CD3	9606.ENSP00000265602	9606.ENSP00000334379	0	0	0	0	0	0	0	0.445	0.445
AHI1	FOXP2	9606.ENSP00000265602	9606.ENSP00000386200	0	0	0	0	0	0	0	0.447	0.447
AHI1	BBS5	9606.ENSP00000265602	9606.ENSP00000295240	0	0	0	0	0.049	0	0	0.447	0.451
AHI1	WWOX	9606.ENSP00000265602	9606.ENSP00000457230	0	0	0	0	0.055	0.097	0	0.408	0.451
AHI1	WDR19	9606.ENSP00000265602	9606.ENSP00000382717	0	0	0	0	0.108	0	0	0.416	0.457
AHI1	BBS10	9606.ENSP00000265602	9606.ENSP00000497413	0	0	0	0	0.049	0.048	0	0.469	0.477
AHI1	MCPH1	9606.ENSP00000265602	9606.ENSP00000342924	0	0	0	0	0.056	0	0	0.473	0.481
AHI1	ASPM	9606.ENSP00000265602	9606.ENSP00000356379	0	0	0	0	0.045	0	0	0.500	0.502
AHI1	NEK8	9606.ENSP00000265602	9606.ENSP00000268766	0	0	0	0	0	0	0	0.547	0.547
AHI1	SPATA7	9606.ENSP00000265602	9606.ENSP00000377176	0	0	0	0	0.066	0.259	0	0.435	0.575
AHI1	KIF7	9606.ENSP00000265602	9606.ENSP00000377934	0	0	0	0	0	0.046	0	0.583	0.585
AHI1	BBS12	9606.ENSP00000265602	9606.ENSP00000438273	0	0	0	0	0.042	0	0	0.585	0.585
AHI1	TMEM138	9606.ENSP00000265602	9606.ENSP00000278826	0	0	0	0	0	0	0	0.600	0.600
AHI1	TRAF3IP1	9606.ENSP00000265602	9606.ENSP00000362424	0	0	0	0	0.049	0	0	0.633	0.636
AHI1	CEP83	9606.ENSP00000265602	9606.ENSP00000380911	0	0	0	0	0.124	0.099	0	0.585	0.644
AHI1	CPLANE1	9606.ENSP00000265602	9606.ENSP00000389014	0	0	0	0	0.063	0	0	0.691	0.698
AHI1	NPHP3	9606.ENSP00000265602	9606.ENSP00000338766	0	0	0	0	0.056	0.113	0	0.678	0.707
AHI1	TMEM237	9606.ENSP00000265602	9606.ENSP00000386264	0	0	0	0	0.067	0.096	0	0.725	0.748
AHI1	RPGRIP1	9606.ENSP00000265602	9606.ENSP00000382895	0	0	0	0	0	0.045	0	0.748	0.749
AHI1	TMEM107	9606.ENSP00000265602	9606.ENSP00000314116	0	0	0	0	0	0	0.720	0.389	0.821
AHI1	NPHP4	9606.ENSP00000265602	9606.ENSP00000367398	0	0	0	0	0.060	0	0	0.858	0.860
AHI1	ARL13B	9606.ENSP00000265602	9606.ENSP00000377769	0	0	0	0	0.061	0	0	0.909	0.911
AHI1	RPGRIP1L	9606.ENSP00000265602	9606.ENSP00000493946	0	0	0	0	0.064	0.045	0	0.939	0.941
AHI1	TCTN3	9606.ENSP00000265602	9606.ENSP00000483364	0	0	0	0	0.042	0.088	0.800	0.807	0.961
AHI1	TCTN2	9606.ENSP00000265602	9606.ENSP00000304941	0	0	0	0	0	0.065	0.800	0.821	0.963
AHI1	MKS1	9606.ENSP00000265602	9606.ENSP00000376827	0	0	0	0	0.046	0.095	0.800	0.824	0.965
AHI1	TCTN1	9606.ENSP00000265602	9606.ENSP00000380779	0	0	0	0	0.055	0.095	0.800	0.895	0.979
AHI1	TMEM216	9606.ENSP00000265602	9606.ENSP00000334844	0	0	0	0	0	0	0.800	0.929	0.985
AHI1	CEP290	9606.ENSP00000265602	9606.ENSP00000448012	0	0	0	0	0.138	0.060	0.720	0.956	0.988
AHI1	TMEM67	9606.ENSP00000265602	9606.ENSP00000389998	0	0	0	0	0.067	0	0.800	0.966	0.993
AHI1	CC2D2A	9606.ENSP00000265602	9606.ENSP00000403465	0	0	0	0	0.044	0.172	0.800	0.978	0.996
AICDA	TBX21	9606.ENSP00000229335	9606.ENSP00000177694	0	0	0	0	0.088	0	0	0.392	0.422
AICDA	IFIH1	9606.ENSP00000229335	9606.ENSP00000497271	0	0	0	0	0	0	0	0.407	0.407
AICDA	PALB2	9606.ENSP00000229335	9606.ENSP00000261584	0	0	0	0	0.190	0.266	0	0.092	0.413
AICDA	ICOS	9606.ENSP00000229335	9606.ENSP00000319476	0	0	0	0	0.093	0	0	0.418	0.449
AICDA	CYCS	9606.ENSP00000229335	9606.ENSP00000307786	0	0	0	0	0.302	0.181	0	0.164	0.480
AICDA	PTPN22	9606.ENSP00000229335	9606.ENSP00000352833	0	0	0	0	0.099	0	0	0.447	0.481
AICDA	TLR7	9606.ENSP00000229335	9606.ENSP00000370034	0	0	0	0	0.135	0	0	0.427	0.484
AICDA	EXOSC3	9606.ENSP00000229335	9606.ENSP00000323046	0	0	0	0	0	0.345	0	0.247	0.486
AICDA	IL21R	9606.ENSP00000229335	9606.ENSP00000338010	0	0	0	0	0.130	0	0	0.449	0.500
AICDA	ATRIP	9606.ENSP00000229335	9606.ENSP00000323099	0	0	0	0	0	0	0	0.543	0.543
AICDA	IL21	9606.ENSP00000229335	9606.ENSP00000497915	0	0	0	0	0.150	0	0	0.488	0.547
AICDA	NDUFA13	9606.ENSP00000229335	9606.ENSP00000423673	0	0	0	0	0.399	0.287	0	0	0.553
AICDA	PMPCA	9606.ENSP00000229335	9606.ENSP00000360782	0	0	0	0	0.245	0.308	0.184	0.127	0.578
AICDA	TNFRSF13B	9606.ENSP00000229335	9606.ENSP00000261652	0	0	0	0	0.109	0	0	0.582	0.611
AICDA	TET2	9606.ENSP00000229335	9606.ENSP00000442788	0	0	0	0	0	0	0	0.641	0.641
AICDA	GATC	9606.ENSP00000229335	9606.ENSP00000446872	0	0	0	0	0.337	0.342	0.216	0.127	0.661
AICDA	BACH2	9606.ENSP00000229335	9606.ENSP00000257749	0	0	0	0	0.049	0	0	0.767	0.769
AICDA	CTNNBL1	9606.ENSP00000229335	9606.ENSP00000355050	0	0	0	0	0	0.510	0	0.803	0.899
AIPL1	PITPNM3	9606.ENSP00000370521	9606.ENSP00000262483	0	0	0	0	0.056	0	0	0.805	0.808
AIPL1	PRPF31	9606.ENSP00000370521	9606.ENSP00000324122	0	0	0	0	0	0	0	0.479	0.479
AIPL1	PCARE	9606.ENSP00000370521	9606.ENSP00000332809	0	0	0	0	0.126	0	0	0.447	0.496
AIPL1	FSCN2	9606.ENSP00000370521	9606.ENSP00000334665	0	0	0	0	0.044	0	0	0.480	0.481
AIPL1	CERKL	9606.ENSP00000370521	9606.ENSP00000341159	0	0	0	0	0	0	0	0.654	0.654
AIPL1	SEMA4A	9606.ENSP00000370521	9606.ENSP00000357265	0	0	0	0	0	0	0	0.774	0.774
AIPL1	EYS	9606.ENSP00000370521	9606.ENSP00000359655	0	0	0	0	0.043	0	0	0.445	0.446
AIPL1	NMNAT1	9606.ENSP00000370521	9606.ENSP00000366410	0	0	0	0	0.074	0	0	0.606	0.620
AIPL1	PRCD	9606.ENSP00000370521	9606.ENSP00000467661	0	0	0	0	0	0	0	0.400	0.400
AIPL1	USH1G	9606.ENSP00000370521	9606.ENSP00000480279	0	0	0	0	0	0	0	0.434	0.434
AIPL1	TTC8	9606.ENSP00000370521	9606.ENSP00000482306	0	0	0	0	0	0	0	0.474	0.474
AIPL1	RPGRIP1L	9606.ENSP00000370521	9606.ENSP00000493946	0	0	0	0	0	0	0	0.546	0.546
AIPL1	RIMS1	9606.ENSP00000370521	9606.ENSP00000428417	0	0	0	0	0.079	0	0	0.707	0.719
AIPL1	CEP290	9606.ENSP00000370521	9606.ENSP00000448012	0	0	0	0	0	0	0	0.829	0.829
AIPL1	LCA5	9606.ENSP00000370521	9606.ENSP00000376686	0	0	0	0	0	0	0	0.854	0.854
AIPL1	SPATA7	9606.ENSP00000370521	9606.ENSP00000377176	0	0	0	0	0	0	0	0.930	0.930
AIPL1	RPGRIP1	9606.ENSP00000370521	9606.ENSP00000382895	0	0	0	0	0.047	0	0	0.943	0.943
ALG1	ALG5	9606.ENSP00000262374	9606.ENSP00000239891	0.061	0	0	0	0.187	0.048	0.218	0.762	0.840
ALG1	CCDC115	9606.ENSP00000262374	9606.ENSP00000259229	0.045	0	0	0	0.074	0	0	0.388	0.412
ALG1	CTU2	9606.ENSP00000262374	9606.ENSP00000456908	0	0	0	0	0.090	0.301	0	0.139	0.404
ALG1	NSDHL	9606.ENSP00000262374	9606.ENSP00000359297	0.054	0	0	0	0.180	0	0.216	0.141	0.408
ALG1	COQ8B	9606.ENSP00000262374	9606.ENSP00000315118	0	0	0	0	0.084	0	0.218	0.243	0.410
ALG1	ATP6V0A2	9606.ENSP00000262374	9606.ENSP00000332247	0.053	0	0	0	0.049	0	0	0.402	0.415
ALG1	PDSS2	9606.ENSP00000262374	9606.ENSP00000358033	0	0	0	0	0.150	0	0	0.344	0.419
ALG1	COQ6	9606.ENSP00000262374	9606.ENSP00000333946	0	0	0	0	0.162	0	0	0.342	0.426
ALG1	GANAB	9606.ENSP00000262374	9606.ENSP00000340466	0	0	0	0	0.055	0	0	0.418	0.426
ALG1	TRIM71	9606.ENSP00000262374	9606.ENSP00000373272	0	0	0	0	0	0	0	0.438	0.438
ALG1	UBIAD1	9606.ENSP00000262374	9606.ENSP00000366006	0	0	0	0	0.264	0	0.128	0.233	0.465
ALG1	SLC35C1	9606.ENSP00000262374	9606.ENSP00000313318	0	0	0	0	0.119	0	0	0.435	0.481
ALG1	FANCM	9606.ENSP00000262374	9606.ENSP00000267430	0	0	0	0	0.074	0.442	0	0.132	0.512
ALG1	TBL2	9606.ENSP00000262374	9606.ENSP00000307260	0	0	0	0	0.510	0.042	0	0.057	0.519
ALG1	STT3B	9606.ENSP00000262374	9606.ENSP00000295770	0.061	0	0	0	0.074	0	0	0.501	0.528
ALG1	TNRC6A	9606.ENSP00000262374	9606.ENSP00000379144	0	0	0	0	0	0	0	0.543	0.543
ALG1	DICER1	9606.ENSP00000262374	9606.ENSP00000437256	0	0	0	0	0.072	0	0	0.545	0.560
ALG1	SRD5A3	9606.ENSP00000262374	9606.ENSP00000264228	0	0	0	0	0.129	0	0	0.601	0.638
ALG1	GMPPB	9606.ENSP00000262374	9606.ENSP00000309092	0.057	0	0	0	0.333	0.113	0.248	0.435	0.720
ALG1	RFT1	9606.ENSP00000262374	9606.ENSP00000296292	0	0	0	0	0.630	0.066	0	0.307	0.739
ALG1	ALG8	9606.ENSP00000262374	9606.ENSP00000299626	0	0	0	0	0.067	0.052	0	0.793	0.801
ALG1	ALG12	9606.ENSP00000262374	9606.ENSP00000333813	0	0	0	0	0.267	0	0	0.785	0.836
ALG1	ALG11	9606.ENSP00000262374	9606.ENSP00000430236	0	0	0	0	0.049	0.092	0	0.932	0.936
ALG1	DPM3	9606.ENSP00000262374	9606.ENSP00000357384	0	0	0	0	0.047	0	0.900	0.478	0.945
ALG1	ALG6	9606.ENSP00000262374	9606.ENSP00000263440	0	0	0	0	0.144	0	0	0.964	0.968
ALG1	ALG14	9606.ENSP00000262374	9606.ENSP00000359224	0	0	0	0	0.159	0	0.911	0.751	0.979
ALG1	ALG2	9606.ENSP00000262374	9606.ENSP00000417764	0	0	0	0	0.074	0.091	0.940	0.692	0.982
ALG11	ALG5	9606.ENSP00000430236	9606.ENSP00000239891	0.061	0	0	0	0.150	0.048	0.218	0.711	0.797
ALG11	TRNT1	9606.ENSP00000430236	9606.ENSP00000251607	0.087	0	0	0	0.393	0	0	0.161	0.495
ALG11	ALG6	9606.ENSP00000430236	9606.ENSP00000263440	0	0	0	0	0.066	0	0	0.794	0.800
ALG11	SRD5A3	9606.ENSP00000430236	9606.ENSP00000264228	0	0	0	0	0.053	0	0	0.606	0.611
ALG11	FANCM	9606.ENSP00000430236	9606.ENSP00000267430	0	0	0	0	0.063	0.442	0	0.132	0.506
ALG11	STT3B	9606.ENSP00000430236	9606.ENSP00000295770	0.061	0	0	0	0.049	0	0	0.497	0.512
ALG11	RFT1	9606.ENSP00000430236	9606.ENSP00000296292	0	0	0	0	0.049	0.088	0	0.951	0.954
ALG11	ALG8	9606.ENSP00000430236	9606.ENSP00000299626	0	0	0	0	0	0.052	0	0.758	0.761
ALG11	GMPPB	9606.ENSP00000430236	9606.ENSP00000309092	0.057	0	0	0	0.196	0.086	0.248	0.198	0.506
ALG11	ALG12	9606.ENSP00000430236	9606.ENSP00000333813	0	0	0	0	0	0	0	0.795	0.795
ALG11	DPM3	9606.ENSP00000430236	9606.ENSP00000357384	0	0	0	0	0.042	0	0	0.578	0.578
ALG11	ALG14	9606.ENSP00000430236	9606.ENSP00000359224	0	0	0	0	0.062	0	0.119	0.746	0.772
ALG11	ALG2	9606.ENSP00000430236	9606.ENSP00000417764	0	0	0	0.579	0.083	0.093	0.950	0.346	0.969
ALG11	ALG9	9606.ENSP00000430236	9606.ENSP00000482437	0	0	0	0	0.150	0	0	0.349	0.423
ALG12	SLC35D1	9606.ENSP00000333813	9606.ENSP00000235345	0	0	0	0	0.060	0	0	0.458	0.469
ALG12	ALG5	9606.ENSP00000333813	9606.ENSP00000239891	0	0	0	0	0.060	0.954	0	0.731	0.987
ALG12	TUBGCP6	9606.ENSP00000333813	9606.ENSP00000248846	0	0	0	0	0.086	0	0	0.411	0.438
ALG12	POMT2	9606.ENSP00000333813	9606.ENSP00000261534	0	0	0	0	0.130	0.070	0	0.353	0.431
ALG12	ALG6	9606.ENSP00000333813	9606.ENSP00000263440	0	0	0	0	0.085	0.099	0	0.898	0.909
ALG12	SRD5A3	9606.ENSP00000333813	9606.ENSP00000264228	0	0	0	0	0.060	0	0	0.438	0.449
ALG12	STT3B	9606.ENSP00000333813	9606.ENSP00000295770	0	0	0	0	0	0.289	0	0.615	0.714
ALG12	ALG8	9606.ENSP00000333813	9606.ENSP00000299626	0	0	0	0	0.060	0.069	0	0.871	0.878
ALG12	SLC35C1	9606.ENSP00000333813	9606.ENSP00000313318	0	0	0	0	0.258	0	0	0.522	0.630
ALG12	EARS2	9606.ENSP00000333813	9606.ENSP00000456218	0	0	0	0	0.082	0	0	0.382	0.409
ALG12	PIGG	9606.ENSP00000333813	9606.ENSP00000415203	0	0	0	0	0.214	0	0	0.281	0.410
ALG12	TMEM165	9606.ENSP00000333813	9606.ENSP00000370736	0	0	0	0	0.049	0	0	0.406	0.411
ALG12	PIGW	9606.ENSP00000333813	9606.ENSP00000482202	0	0	0	0	0	0	0	0.436	0.436
ALG12	GANAB	9606.ENSP00000333813	9606.ENSP00000340466	0	0	0	0	0.064	0	0	0.427	0.441
ALG12	PIGO	9606.ENSP00000333813	9606.ENSP00000367880	0	0	0	0	0.180	0	0	0.465	0.543
ALG12	DPM3	9606.ENSP00000333813	9606.ENSP00000357384	0	0	0	0	0	0	0	0.589	0.589
ALG12	PIGV	9606.ENSP00000333813	9606.ENSP00000363260	0	0	0	0	0.139	0	0	0.606	0.646
ALG12	ALG2	9606.ENSP00000333813	9606.ENSP00000417764	0	0	0	0	0.109	0	0	0.688	0.710
ALG12	ALG14	9606.ENSP00000333813	9606.ENSP00000359224	0	0	0	0	0	0	0	0.736	0.736
ALG12	SHANK3	9606.ENSP00000333813	9606.ENSP00000489407	0	0	0	0	0.044	0.053	0	0.819	0.821
ALG12	ALG9	9606.ENSP00000333813	9606.ENSP00000482437	0	0	0	0	0.049	0.954	0.172	0.353	0.973
ALG14	ALG5	9606.ENSP00000359224	9606.ENSP00000239891	0	0	0	0	0.151	0.130	0	0.670	0.735
ALG14	ALG6	9606.ENSP00000359224	9606.ENSP00000263440	0	0	0	0	0.056	0.086	0	0.728	0.745
ALG14	STT3B	9606.ENSP00000359224	9606.ENSP00000295770	0	0	0	0	0.060	0.067	0	0.428	0.454
ALG14	ALG8	9606.ENSP00000359224	9606.ENSP00000299626	0	0	0	0	0.067	0.071	0	0.709	0.726
ALG14	GMPPB	9606.ENSP00000359224	9606.ENSP00000309092	0	0	0	0	0.087	0	0	0.689	0.704
ALG14	SYT2	9606.ENSP00000359224	9606.ENSP00000356237	0	0	0	0	0	0	0	0.443	0.443
ALG14	DPM3	9606.ENSP00000359224	9606.ENSP00000357384	0	0	0	0	0.057	0	0	0.439	0.448
ALG14	PIGV	9606.ENSP00000359224	9606.ENSP00000363260	0	0	0	0	0.042	0	0	0.421	0.422
ALG14	ALG2	9606.ENSP00000359224	9606.ENSP00000417764	0	0	0	0	0.067	0	0.119	0.589	0.633
ALG2	SLC35D1	9606.ENSP00000417764	9606.ENSP00000235345	0	0	0	0	0.090	0	0	0.417	0.447
ALG2	ALG5	9606.ENSP00000417764	9606.ENSP00000239891	0.061	0	0	0	0.243	0.048	0.218	0.382	0.614
ALG2	CCDC115	9606.ENSP00000417764	9606.ENSP00000259229	0.045	0	0	0	0.087	0	0	0.512	0.538
ALG2	ALG6	9606.ENSP00000417764	9606.ENSP00000263440	0	0	0	0	0.066	0	0	0.833	0.838
ALG2	SRD5A3	9606.ENSP00000417764	9606.ENSP00000264228	0	0	0	0	0.060	0	0	0.542	0.551
ALG2	FANCM	9606.ENSP00000417764	9606.ENSP00000267430	0	0	0	0	0.056	0.442	0	0.350	0.627
ALG2	TMEM199	9606.ENSP00000417764	9606.ENSP00000292114	0	0	0	0	0.068	0	0	0.391	0.408
ALG2	ALG8	9606.ENSP00000417764	9606.ENSP00000299626	0	0	0	0	0.049	0.052	0	0.665	0.672
ALG2	COG7	9606.ENSP00000417764	9606.ENSP00000305442	0	0	0	0	0.097	0	0	0.580	0.604
ALG2	GMPPB	9606.ENSP00000417764	9606.ENSP00000309092	0.057	0	0	0	0.235	0.086	0.248	0.406	0.652
ALG2	EFEMP2	9606.ENSP00000417764	9606.ENSP00000309953	0	0	0	0	0.055	0.065	0	0.718	0.729
ALG2	SLC35C1	9606.ENSP00000417764	9606.ENSP00000313318	0	0	0	0	0.186	0	0	0.506	0.580
ALG2	COG4	9606.ENSP00000417764	9606.ENSP00000315775	0	0	0	0	0.054	0	0	0.541	0.547
ALG2	ATP6V0A2	9606.ENSP00000417764	9606.ENSP00000332247	0.053	0	0	0	0.067	0	0	0.925	0.928
ALG2	TMEM165	9606.ENSP00000417764	9606.ENSP00000370736	0	0	0	0	0.060	0	0	0.582	0.590
ALG2	COG8	9606.ENSP00000417764	9606.ENSP00000497669	0	0	0	0	0.056	0.062	0	0.654	0.666
ALG5	PIGW	9606.ENSP00000239891	9606.ENSP00000482202	0.061	0	0	0	0.142	0.048	0.218	0.164	0.407
ALG5	NYX	9606.ENSP00000239891	9606.ENSP00000340328	0	0	0	0	0	0	0	0.424	0.424
ALG5	GANAB	9606.ENSP00000239891	9606.ENSP00000340466	0	0	0	0	0.067	0	0	0.426	0.441
ALG5	HSD3B7	9606.ENSP00000239891	9606.ENSP00000297679	0.061	0	0	0	0.132	0.048	0.287	0.164	0.453
ALG5	COQ2	9606.ENSP00000239891	9606.ENSP00000310873	0.061	0	0	0	0.042	0	0.404	0.171	0.496
ALG5	NSDHL	9606.ENSP00000239891	9606.ENSP00000359297	0.061	0	0	0	0.149	0.048	0.287	0.214	0.496
ALG5	SRD5A3	9606.ENSP00000239891	9606.ENSP00000264228	0	0	0	0	0.049	0	0	0.518	0.522
ALG5	GMPPB	9606.ENSP00000239891	9606.ENSP00000309092	0.095	0	0	0	0.151	0.067	0	0.415	0.525
ALG5	STT3B	9606.ENSP00000239891	9606.ENSP00000295770	0.111	0	0	0	0.128	0.096	0	0.474	0.582
ALG5	ALG8	9606.ENSP00000239891	9606.ENSP00000299626	0	0	0	0	0.074	0.088	0	0.811	0.826
ALG5	DPM3	9606.ENSP00000239891	9606.ENSP00000357384	0	0	0	0	0.079	0	0.900	0.552	0.955
ALG5	ALG9	9606.ENSP00000239891	9606.ENSP00000482437	0	0	0	0	0.055	0.954	0	0.351	0.969
ALG5	ALG6	9606.ENSP00000239891	9606.ENSP00000263440	0	0	0	0	0.085	0.954	0.900	0.854	0.999
ALG6	SLC35D1	9606.ENSP00000263440	9606.ENSP00000235345	0	0	0	0	0.049	0.075	0	0.457	0.481
ALG6	POMT2	9606.ENSP00000263440	9606.ENSP00000261534	0	0	0	0	0.057	0.258	0	0.401	0.545
ALG6	MYSM1	9606.ENSP00000263440	9606.ENSP00000418734	0	0	0	0	0.059	0	0	0.392	0.403
ALG6	TMEM165	9606.ENSP00000263440	9606.ENSP00000370736	0	0	0	0	0.049	0	0	0.402	0.407
ALG6	PIGO	9606.ENSP00000263440	9606.ENSP00000367880	0	0	0	0	0.076	0.116	0	0.369	0.440
ALG6	ALG9	9606.ENSP00000263440	9606.ENSP00000482437	0	0	0	0	0.044	0.097	0.172	0.351	0.474
ALG6	PIGG	9606.ENSP00000263440	9606.ENSP00000415203	0	0	0	0	0.144	0.250	0	0.269	0.490
ALG6	GANAB	9606.ENSP00000263440	9606.ENSP00000340466	0	0	0	0	0	0.126	0	0.506	0.549
ALG6	PIGV	9606.ENSP00000263440	9606.ENSP00000363260	0	0	0	0	0.067	0.108	0	0.502	0.549
ALG6	SLC35C1	9606.ENSP00000263440	9606.ENSP00000313318	0	0	0	0	0.049	0	0	0.568	0.572
ALG6	DPM3	9606.ENSP00000263440	9606.ENSP00000357384	0	0	0	0	0.043	0	0	0.594	0.595
ALG6	STT3B	9606.ENSP00000263440	9606.ENSP00000295770	0	0	0	0	0.064	0.126	0	0.643	0.683
ALG6	SRD5A3	9606.ENSP00000263440	9606.ENSP00000264228	0	0	0	0	0.049	0	0	0.722	0.725
ALG6	ALG8	9606.ENSP00000263440	9606.ENSP00000299626	0	0	0	0.660	0.331	0.980	0.925	0.717	0.999
ALG8	SRD5A3	9606.ENSP00000299626	9606.ENSP00000264228	0	0	0	0	0.050	0	0	0.657	0.660
ALG8	STT3B	9606.ENSP00000299626	9606.ENSP00000295770	0	0	0	0	0.059	0.223	0	0.555	0.646
ALG8	DZIP1L	9606.ENSP00000299626	9606.ENSP00000332148	0	0	0	0	0	0.064	0	0.398	0.413
ALG8	PIGV	9606.ENSP00000299626	9606.ENSP00000363260	0	0	0	0	0.055	0.091	0	0.391	0.431
ALG8	GMPPB	9606.ENSP00000299626	9606.ENSP00000309092	0	0.085	0	0	0.061	0	0	0.427	0.466
ALG8	ALG9	9606.ENSP00000299626	9606.ENSP00000482437	0	0	0	0	0.175	0.099	0	0.351	0.475
ALG8	DPM3	9606.ENSP00000299626	9606.ENSP00000357384	0	0	0	0	0.044	0	0	0.513	0.515
ALG8	DNAJB11	9606.ENSP00000299626	9606.ENSP00000414398	0	0	0	0	0.063	0.097	0	0.518	0.556
ALG8	GANAB	9606.ENSP00000299626	9606.ENSP00000340466	0	0	0	0	0.056	0.088	0	0.805	0.817
ALG9	DDHD2	9606.ENSP00000482437	9606.ENSP00000380352	0	0	0	0	0.511	0	0	0	0.511
ALG9	MRPS22	9606.ENSP00000482437	9606.ENSP00000418008	0	0.403	0	0	0.095	0	0	0	0.437
ALOXE3	CASP14	9606.ENSP00000314879	9606.ENSP00000393417	0	0	0	0	0.083	0.071	0	0.554	0.587
ALPK3	PRKAG2	9606.ENSP00000258888	9606.ENSP00000287878	0	0	0	0	0.089	0	0	0.369	0.400
ALPK3	OBSCN	9606.ENSP00000258888	9606.ENSP00000455507	0	0	0	0.546	0.129	0	0	0.350	0.410
ALPK3	WDR73	9606.ENSP00000258888	9606.ENSP00000387982	0	0	0	0	0	0	0	0.419	0.418
ALPK3	TRPM6	9606.ENSP00000258888	9606.ENSP00000354006	0	0	0	0	0	0	0	0.432	0.432
ALPK3	CCDC174	9606.ENSP00000258888	9606.ENSP00000373304	0	0	0	0	0.074	0	0	0.505	0.522
ALS2	SETX	9606.ENSP00000264276	9606.ENSP00000224140	0	0	0	0	0.049	0	0	0.908	0.909
ALS2	TARDBP	9606.ENSP00000264276	9606.ENSP00000240185	0	0	0	0	0.049	0.047	0	0.825	0.828
ALS2	ZFYVE26	9606.ENSP00000264276	9606.ENSP00000251119	0	0	0	0	0.160	0	0	0.350	0.430
ALS2	RIN2	9606.ENSP00000264276	9606.ENSP00000255006	0	0	0	0	0.044	0	0.400	0.112	0.446
ALS2	SPG11	9606.ENSP00000264276	9606.ENSP00000261866	0	0	0	0	0.085	0	0	0.788	0.798
ALS2	CHMP2B	9606.ENSP00000264276	9606.ENSP00000263780	0	0	0	0	0.042	0	0	0.789	0.789
ALS2	UNC13A	9606.ENSP00000264276	9606.ENSP00000429562	0	0	0	0	0.078	0	0	0.461	0.482
ALS2	KPNA7	9606.ENSP00000264276	9606.ENSP00000330878	0	0	0	0	0.057	0.458	0	0.080	0.488
ALS2	APPL1	9606.ENSP00000264276	9606.ENSP00000288266	0	0	0	0	0.049	0	0	0.508	0.512
ALS2	TBK1	9606.ENSP00000264276	9606.ENSP00000329967	0	0	0	0	0.062	0.078	0	0.487	0.518
ALS2	CHCHD10	9606.ENSP00000264276	9606.ENSP00000384973	0	0	0	0	0	0	0	0.724	0.724
ALS2	C9orf72	9606.ENSP00000264276	9606.ENSP00000482753	0	0	0	0	0.043	0	0	0.818	0.819
ALS2	GAPVD1	9606.ENSP00000264276	9606.ENSP00000377665	0	0	0	0	0.087	0.096	0.400	0.798	0.886
ALX4	GDF6	9606.ENSP00000498217	9606.ENSP00000287020	0	0	0	0	0.060	0.071	0	0.369	0.401
ALX4	PHF21A	9606.ENSP00000498217	9606.ENSP00000398824	0	0	0	0	0.056	0.071	0	0.379	0.408
ALX4	SATB2	9606.ENSP00000498217	9606.ENSP00000401112	0	0	0	0	0	0	0	0.611	0.611
ALX4	SLC30A8	9606.ENSP00000498217	9606.ENSP00000415011	0	0	0	0	0	0	0	0.603	0.603
AMACR	IYD	9606.ENSP00000371517	9606.ENSP00000229447	0	0	0	0	0.102	0	0.792	0.141	0.825
AMACR	JAZF1	9606.ENSP00000371517	9606.ENSP00000283928	0	0	0	0	0	0	0	0.424	0.424
AMACR	SLC45A2	9606.ENSP00000371517	9606.ENSP00000296589	0	0.334	0	0	0.113	0	0	0.308	0.555
AMACR	HSD3B7	9606.ENSP00000371517	9606.ENSP00000297679	0	0	0	0	0.049	0	0	0.878	0.879
AMACR	ELAC2	9606.ENSP00000371517	9606.ENSP00000337445	0	0	0	0	0	0.142	0	0.497	0.550
AMACR	GNMT	9606.ENSP00000371517	9606.ENSP00000361894	0	0	0	0	0.106	0	0	0.494	0.528
AMER1	PALB2	9606.ENSP00000364003	9606.ENSP00000261584	0	0	0	0	0.103	0	0	0.462	0.497
AMER1	FBXW11	9606.ENSP00000364003	9606.ENSP00000265094	0	0	0	0	0.049	0.733	0	0.234	0.788
AMER1	WNT3A	9606.ENSP00000364003	9606.ENSP00000284523	0	0	0	0	0	0	0.500	0.305	0.638
AMER1	SPEN	9606.ENSP00000364003	9606.ENSP00000364912	0	0	0.328	0	0.049	0	0	0.180	0.430
AMER1	RNF43	9606.ENSP00000364003	9606.ENSP00000463069	0	0	0	0	0.047	0	0	0.478	0.481
AMER1	ARHGEF9	9606.ENSP00000364003	9606.ENSP00000490940	0	0	0	0	0.086	0	0	0.467	0.492
AMER1	FBXW7	9606.ENSP00000364003	9606.ENSP00000474725	0	0	0	0	0	0	0	0.506	0.506
AMN	MMADHC	9606.ENSP00000299155	9606.ENSP00000389060	0	0	0	0	0	0	0	0.417	0.416
AMN	CD320	9606.ENSP00000299155	9606.ENSP00000301458	0	0	0	0	0	0	0	0.507	0.507
AMN	LMBRD1	9606.ENSP00000299155	9606.ENSP00000497690	0	0	0	0	0	0	0	0.541	0.541
ANAPC1	GMNN	9606.ENSP00000339109	9606.ENSP00000230056	0	0	0	0	0.082	0	0.400	0	0.425
ANAPC1	NUP205	9606.ENSP00000339109	9606.ENSP00000285968	0	0	0	0	0.532	0	0	0.119	0.570
ANAPC1	CDT1	9606.ENSP00000339109	9606.ENSP00000301019	0	0	0	0	0.074	0	0.400	0.056	0.429
ANAPC1	CNOT1	9606.ENSP00000339109	9606.ENSP00000320949	0	0	0	0	0.616	0	0	0.054	0.621
ANAPC1	INTU	9606.ENSP00000339109	9606.ENSP00000334003	0	0	0	0	0	0.515	0	0.201	0.595
ANAPC1	SLC45A1	9606.ENSP00000339109	9606.ENSP00000418096	0	0	0	0	0	0	0	0.408	0.408
ANAPC1	NUP160	9606.ENSP00000339109	9606.ENSP00000367721	0	0	0	0	0.378	0	0	0.106	0.421
ANAPC1	EHMT1	9606.ENSP00000339109	9606.ENSP00000417980	0	0	0	0	0.077	0	0.500	0	0.519
ANAPC1	POLR1B	9606.ENSP00000339109	9606.ENSP00000444136	0	0	0	0	0.346	0	0	0.360	0.564
ANAPC1	BCOR	9606.ENSP00000339109	9606.ENSP00000367705	0	0	0	0	0.049	0.055	0.900	0	0.902
ANAPC1	FZR1	9606.ENSP00000339109	9606.ENSP00000378529	0	0	0	0	0.049	0.988	0.800	0.430	0.998
ANAPC1	ANAPC7	9606.ENSP00000339109	9606.ENSP00000394394	0	0	0	0	0.221	0.981	0.900	0.746	0.999
ANAPC7	GMNN	9606.ENSP00000394394	9606.ENSP00000230056	0	0	0	0	0.056	0	0.400	0	0.409
ANAPC7	NUP85	9606.ENSP00000394394	9606.ENSP00000245544	0	0	0	0	0.442	0	0	0	0.442
ANAPC7	CDT1	9606.ENSP00000394394	9606.ENSP00000301019	0	0	0	0	0.055	0.292	0.400	0.170	0.622
ANAPC7	MRPS23	9606.ENSP00000394394	9606.ENSP00000320184	0	0	0	0	0.068	0	0	0.385	0.402
ANAPC7	BCOR	9606.ENSP00000394394	9606.ENSP00000367705	0	0	0	0	0	0.063	0.900	0	0.902
ANAPC7	FZR1	9606.ENSP00000394394	9606.ENSP00000378529	0	0	0	0	0.049	0.998	0.800	0.331	0.999
ANAPC7	NEDD4L	9606.ENSP00000394394	9606.ENSP00000383199	0	0	0	0	0	0	0	0.468	0.468
ANAPC7	EHMT1	9606.ENSP00000394394	9606.ENSP00000417980	0	0	0	0	0.125	0	0.500	0	0.543
ANGPTL3	DOCK7	9606.ENSP00000360170	9606.ENSP00000251157	0	0	0	0	0.054	0	0	0.679	0.683
ANGPTL3	LMF1	9606.ENSP00000360170	9606.ENSP00000262301	0	0	0	0	0	0.094	0	0.645	0.665
ANGPTL3	PCSK9	9606.ENSP00000360170	9606.ENSP00000303208	0	0	0	0	0.055	0	0	0.770	0.773
ANGPTL3	TBL2	9606.ENSP00000360170	9606.ENSP00000307260	0	0	0	0	0.055	0	0	0.399	0.407
ANGPTL3	MLXIPL	9606.ENSP00000360170	9606.ENSP00000320886	0	0	0	0	0.071	0	0	0.522	0.537
ANGPTL3	MMAB	9606.ENSP00000360170	9606.ENSP00000445920	0	0	0	0	0	0	0	0.453	0.453
ANGPTL3	SAR1B	9606.ENSP00000360170	9606.ENSP00000385432	0	0	0	0	0.042	0	0	0.474	0.474
ANGPTL3	LDLRAP1	9606.ENSP00000360170	9606.ENSP00000363458	0	0	0	0	0	0	0	0.507	0.507
ANGPTL3	APOA5	9606.ENSP00000360170	9606.ENSP00000445002	0	0	0	0	0.163	0.069	0	0.865	0.885
ANGPTL3	GPIHBP1	9606.ENSP00000360170	9606.ENSP00000480053	0	0	0	0	0.054	0	0.400	0.821	0.889
ANKFY1	KDM6B	9606.ENSP00000459943	9606.ENSP00000254846	0	0	0	0	0.107	0.340	0	0.063	0.400
ANKFY1	APPL1	9606.ENSP00000459943	9606.ENSP00000288266	0	0	0	0	0.049	0	0	0.526	0.530
ANKFY1	VPS35	9606.ENSP00000459943	9606.ENSP00000299138	0	0	0	0	0.074	0.355	0	0.308	0.551
ANKFY1	LEMD3	9606.ENSP00000459943	9606.ENSP00000308369	0	0	0	0	0.113	0	0.400	0.063	0.457
ANKFY1	TBC1D8B	9606.ENSP00000459943	9606.ENSP00000349781	0	0	0	0	0.055	0	0	0.690	0.694
ANKFY1	YY1AP1	9606.ENSP00000459943	9606.ENSP00000357323	0	0	0	0	0.262	0.105	0	0.207	0.431
ANKFY1	GAPVD1	9606.ENSP00000459943	9606.ENSP00000377665	0	0	0	0	0.215	0	0	0.672	0.732
ANKH	DNAJC30	9606.ENSP00000284268	9606.ENSP00000378605	0	0	0	0	0.049	0	0	0.411	0.415
ANKLE2	LEMD2	9606.ENSP00000350686	9606.ENSP00000293760	0	0	0	0	0.049	0.098	0.500	0.669	0.839
ANKLE2	LEMD3	9606.ENSP00000350686	9606.ENSP00000308369	0	0	0	0	0.054	0.051	0.500	0.640	0.816
ANKLE2	MAP11	9606.ENSP00000350686	9606.ENSP00000324741	0	0	0	0	0	0	0	0.523	0.523
ANKLE2	ZNF335	9606.ENSP00000350686	9606.ENSP00000325326	0	0	0	0	0.061	0.091	0	0.683	0.706
ANKLE2	KNL1	9606.ENSP00000350686	9606.ENSP00000335463	0	0	0	0	0	0.088	0	0.461	0.488
ANKLE2	MCPH1	9606.ENSP00000350686	9606.ENSP00000342924	0	0	0	0	0.042	0	0	0.576	0.577
ANKLE2	CDK5RAP2	9606.ENSP00000350686	9606.ENSP00000343818	0	0	0	0	0.049	0	0	0.479	0.483
ANKLE2	NCAPD3	9606.ENSP00000350686	9606.ENSP00000433681	0	0	0	0	0.063	0	0	0.407	0.421
ANKLE2	NUP37	9606.ENSP00000350686	9606.ENSP00000448054	0	0	0	0	0.081	0.060	0	0.447	0.481
ANKLE2	ASPM	9606.ENSP00000350686	9606.ENSP00000356379	0	0	0	0	0.054	0.067	0	0.481	0.502
ANKLE2	MFSD2A	9606.ENSP00000350686	9606.ENSP00000361895	0	0	0	0	0.042	0	0	0.507	0.507
ANKLE2	CEP152	9606.ENSP00000350686	9606.ENSP00000370337	0	0	0	0	0	0	0	0.523	0.523
ANKRD1	DLL4	9606.ENSP00000360762	9606.ENSP00000249749	0	0	0	0	0.064	0.098	0	0.374	0.426
ANKRD1	PRKAG2	9606.ENSP00000360762	9606.ENSP00000287878	0	0	0	0	0.111	0.047	0	0.404	0.450
ANKRD1	NEXN	9606.ENSP00000360762	9606.ENSP00000333938	0	0	0	0	0.126	0	0	0.446	0.495
ANKRD1	PLCB1	9606.ENSP00000360762	9606.ENSP00000338185	0	0	0	0	0	0.045	0	0.419	0.421
ANKRD1	MYPN	9606.ENSP00000360762	9606.ENSP00000351790	0	0	0	0	0.185	0.503	0	0.964	0.984
ANKRD1	HEY2	9606.ENSP00000360762	9606.ENSP00000357348	0	0	0	0	0	0	0	0.445	0.445
ANKRD1	TBL1XR1	9606.ENSP00000360762	9606.ENSP00000405574	0	0	0	0	0	0.100	0.400	0.054	0.444
ANKRD1	MYLK2	9606.ENSP00000360762	9606.ENSP00000365162	0	0	0	0	0.107	0.111	0	0.431	0.509
ANKRD11	KDM6B	9606.ENSP00000301030	9606.ENSP00000254846	0	0	0	0	0.077	0.107	0	0.373	0.439
ANKRD11	KMT2C	9606.ENSP00000301030	9606.ENSP00000262189	0	0	0	0	0.276	0.070	0	0.225	0.433
ANKRD11	BRD4	9606.ENSP00000301030	9606.ENSP00000263377	0	0	0	0	0.308	0	0	0.393	0.562
ANKRD11	ASXL3	9606.ENSP00000301030	9606.ENSP00000269197	0	0	0	0	0.109	0.098	0	0.368	0.447
ANKRD11	MED13L	9606.ENSP00000301030	9606.ENSP00000281928	0	0	0	0	0.119	0	0	0.532	0.570
ANKRD11	WDFY3	9606.ENSP00000301030	9606.ENSP00000295888	0	0	0	0	0.086	0.046	0	0.380	0.412
ANKRD11	SOX6	9606.ENSP00000301030	9606.ENSP00000379644	0	0	0	0	0	0.045	0	0.411	0.413
ANKRD11	UBE3B	9606.ENSP00000301030	9606.ENSP00000340596	0	0	0	0	0.049	0	0	0.427	0.431
ANKRD11	MACF1	9606.ENSP00000301030	9606.ENSP00000354573	0	0	0	0	0.126	0.053	0	0.376	0.439
ANKRD11	SETD1B	9606.ENSP00000301030	9606.ENSP00000474253	0	0	0	0	0.107	0.106	0	0.386	0.468
ANKRD11	FOXP1	9606.ENSP00000301030	9606.ENSP00000484803	0	0	0	0	0.054	0.050	0	0.459	0.472
ANKRD11	HDAC8	9606.ENSP00000301030	9606.ENSP00000362674	0	0	0	0	0	0.094	0	0.453	0.483
ANKRD11	EHMT1	9606.ENSP00000301030	9606.ENSP00000417980	0	0	0	0.548	0.161	0.128	0	0.405	0.527
ANKRD11	ARID1B	9606.ENSP00000301030	9606.ENSP00000490491	0	0	0	0	0.116	0	0	0.505	0.544
ANKRD11	SETD5	9606.ENSP00000301030	9606.ENSP00000385852	0	0	0	0	0.220	0.077	0	0.577	0.669
ANKS6	NEK9	9606.ENSP00000297837	9606.ENSP00000238616	0	0	0	0	0.046	0.050	0	0.979	0.979
ANKS6	TTC21B	9606.ENSP00000297837	9606.ENSP00000243344	0	0	0	0	0.043	0.061	0	0.456	0.468
ANKS6	B9D2	9606.ENSP00000297837	9606.ENSP00000243578	0	0	0	0	0	0	0	0.419	0.419
ANKS6	IFT172	9606.ENSP00000297837	9606.ENSP00000260570	0	0	0	0	0.049	0.129	0	0.416	0.474
ANKS6	INVS	9606.ENSP00000297837	9606.ENSP00000262457	0	0	0	0.557	0.056	0.095	0	0.860	0.870
ANKS6	NEK8	9606.ENSP00000297837	9606.ENSP00000268766	0	0	0	0	0	0.626	0	0.984	0.993
ANKS6	PLEKHG5	9606.ENSP00000297837	9606.ENSP00000439625	0	0	0	0	0.084	0	0	0.376	0.404
ANKS6	TRAF3IP1	9606.ENSP00000297837	9606.ENSP00000362424	0	0	0	0	0.074	0.127	0	0.348	0.426
ANKS6	CC2D2A	9606.ENSP00000297837	9606.ENSP00000403465	0	0	0	0	0.042	0	0	0.431	0.431
ANKS6	CEP83	9606.ENSP00000297837	9606.ENSP00000380911	0	0	0	0	0	0	0	0.462	0.462
ANKS6	RPGRIP1L	9606.ENSP00000297837	9606.ENSP00000493946	0	0	0	0	0.042	0	0	0.482	0.482
ANKS6	MAPKBP1	9606.ENSP00000297837	9606.ENSP00000393099	0	0	0	0	0.049	0	0	0.483	0.488
ANKS6	WDR19	9606.ENSP00000297837	9606.ENSP00000382717	0	0	0	0	0	0	0	0.490	0.490
ANKS6	TMEM67	9606.ENSP00000297837	9606.ENSP00000389998	0	0	0	0	0.050	0	0	0.490	0.495
ANKS6	CEP290	9606.ENSP00000297837	9606.ENSP00000448012	0	0	0	0	0	0.079	0	0.479	0.500
ANKS6	NPHP4	9606.ENSP00000297837	9606.ENSP00000367398	0	0	0	0	0.074	0.053	0	0.600	0.618
ANKS6	BICC1	9606.ENSP00000297837	9606.ENSP00000362993	0	0	0	0.555	0	0	0	0.648	0.648
ANKS6	NPHP3	9606.ENSP00000297837	9606.ENSP00000338766	0	0	0	0	0.052	0.106	0	0.972	0.974
ANLN	GMNN	9606.ENSP00000265748	9606.ENSP00000230056	0	0	0	0	0.271	0	0	0.275	0.450
ANLN	NCAPH	9606.ENSP00000265748	9606.ENSP00000240423	0	0	0	0	0.433	0	0	0.505	0.707
ANLN	TPRN	9606.ENSP00000265748	9606.ENSP00000387100	0	0	0	0	0	0.386	0	0.065	0.401
ANLN	ESCO2	9606.ENSP00000265748	9606.ENSP00000306999	0	0	0	0	0.326	0	0	0.159	0.409
ANLN	CD109	9606.ENSP00000265748	9606.ENSP00000287097	0	0	0	0	0.090	0.292	0	0.160	0.412
ANLN	PHGDH	9606.ENSP00000265748	9606.ENSP00000493382	0	0	0	0	0.109	0.292	0	0.167	0.428
ANLN	ARHGAP24	9606.ENSP00000265748	9606.ENSP00000378611	0	0	0	0	0	0	0	0.444	0.444
ANLN	FANCI	9606.ENSP00000265748	9606.ENSP00000310842	0	0	0	0	0.348	0	0	0.192	0.450
ANLN	KNL1	9606.ENSP00000265748	9606.ENSP00000335463	0	0	0	0	0.377	0	0	0.200	0.481
ANLN	LMNB2	9606.ENSP00000265748	9606.ENSP00000327054	0	0	0	0	0.184	0.292	0	0.211	0.504
ANLN	SPECC1L	9606.ENSP00000265748	9606.ENSP00000325785	0	0	0	0	0.093	0.427	0	0.127	0.506
ANLN	CDT1	9606.ENSP00000265748	9606.ENSP00000301019	0	0	0	0	0.440	0	0	0.191	0.527
ANLN	NCAPG2	9606.ENSP00000265748	9606.ENSP00000387007	0	0	0	0	0.455	0	0	0.203	0.547
ANLN	CAVIN1	9606.ENSP00000265748	9606.ENSP00000349541	0	0	0	0	0.049	0.292	0.400	0.072	0.574
ANLN	VANGL1	9606.ENSP00000265748	9606.ENSP00000347672	0	0	0	0	0.080	0.292	0.400	0	0.575
ANLN	KIF15	9606.ENSP00000265748	9606.ENSP00000324020	0	0	0	0	0.458	0	0	0.371	0.645
ANLN	CPSF1	9606.ENSP00000265748	9606.ENSP00000484669	0	0	0	0	0.047	0.496	0	0.333	0.651
ANLN	UBE2T	9606.ENSP00000265748	9606.ENSP00000494957	0	0	0	0	0.430	0	0	0.416	0.653
ANLN	NEXN	9606.ENSP00000265748	9606.ENSP00000333938	0	0	0	0	0.055	0.386	0	0.560	0.722
ANLN	KIF4A	9606.ENSP00000265748	9606.ENSP00000363524	0	0	0	0	0.565	0	0	0.520	0.782
ANLN	INF2	9606.ENSP00000265748	9606.ENSP00000376410	0	0	0	0	0.042	0.420	0	0.650	0.788
ANLN	CD2AP	9606.ENSP00000265748	9606.ENSP00000352264	0	0	0	0	0.049	0.331	0	0.789	0.854
ANLN	ASPM	9606.ENSP00000265748	9606.ENSP00000356379	0	0	0	0	0.750	0.292	0	0.480	0.900
ANLN	CEP55	9606.ENSP00000265748	9606.ENSP00000360540	0	0	0	0	0.778	0.292	0	0.592	0.930
ANLN	DIAPH3	9606.ENSP00000265748	9606.ENSP00000383178	0	0	0	0	0.469	0	0.400	0.967	0.988
ANLN	RACGAP1	9606.ENSP00000265748	9606.ENSP00000404190	0	0	0	0	0.607	0.416	0	0.990	0.997
ANO1	TRPM4	9606.ENSP00000347454	9606.ENSP00000252826	0	0	0	0	0.062	0	0	0.470	0.482
ANO1	BRIP1	9606.ENSP00000347454	9606.ENSP00000259008	0	0	0	0	0	0	0	0.785	0.785
ANO1	LRRC8A	9606.ENSP00000347454	9606.ENSP00000259324	0	0	0	0	0.042	0	0	0.718	0.718
ANO1	ANO10	9606.ENSP00000347454	9606.ENSP00000292246	0	0	0	0.595	0	0	0	0.529	0.529
ANO1	TRPM3	9606.ENSP00000347454	9606.ENSP00000366314	0	0	0	0	0	0	0	0.458	0.458
ANO1	TRPV4	9606.ENSP00000347454	9606.ENSP00000406191	0	0	0	0	0.074	0	0	0.527	0.543
ANO1	SLC26A9	9606.ENSP00000347454	9606.ENSP00000356102	0	0	0	0	0.049	0	0	0.610	0.614
ANO1	RTEL1	9606.ENSP00000347454	9606.ENSP00000353332	0	0	0	0	0	0	0	0.871	0.871
ANO10	SETX	9606.ENSP00000292246	9606.ENSP00000224140	0	0	0	0	0	0	0	0.450	0.450
ANO10	ANO3	9606.ENSP00000292246	9606.ENSP00000256737	0	0	0	0.647	0	0	0	0.555	0.555
ANO10	SYNE1	9606.ENSP00000292246	9606.ENSP00000356224	0	0	0	0	0	0	0	0.424	0.424
ANO10	APTX	9606.ENSP00000292246	9606.ENSP00000369145	0	0	0	0	0.092	0	0	0.543	0.567
ANO10	COQ8A	9606.ENSP00000292246	9606.ENSP00000355741	0	0	0	0	0	0	0	0.608	0.608
ANO3	NALCN	9606.ENSP00000256737	9606.ENSP00000251127	0	0	0	0	0.109	0	0	0.383	0.427
ANO3	KCNT1	9606.ENSP00000256737	9606.ENSP00000360822	0	0	0	0	0.105	0	0	0.362	0.404
ANO3	PNKD	9606.ENSP00000256737	9606.ENSP00000273077	0	0	0	0	0	0	0	0.475	0.475
ANO3	PRRT2	9606.ENSP00000256737	9606.ENSP00000456226	0	0	0	0	0.111	0	0	0.537	0.571
ANO3	CIZ1	9606.ENSP00000256737	9606.ENSP00000439244	0	0	0	0	0	0	0	0.787	0.787
ANO5	POMT2	9606.ENSP00000315371	9606.ENSP00000261534	0	0	0	0	0	0	0	0.744	0.744
ANO5	GMPPB	9606.ENSP00000315371	9606.ENSP00000309092	0	0	0	0	0	0	0	0.506	0.506
ANO5	POMGNT1	9606.ENSP00000315371	9606.ENSP00000361060	0	0	0	0	0	0	0	0.721	0.721
ANO5	TRIM32	9606.ENSP00000315371	9606.ENSP00000408292	0	0	0	0	0	0	0	0.738	0.738
ANO6	PANX1	9606.ENSP00000409126	9606.ENSP00000227638	0	0	0	0	0.085	0	0	0.465	0.490
ANO6	LRRC8A	9606.ENSP00000409126	9606.ENSP00000259324	0	0	0	0	0.042	0	0	0.467	0.468
ANO6	ATP11C	9606.ENSP00000409126	9606.ENSP00000332756	0	0	0	0	0.134	0	0	0.605	0.643
ANO6	ATP11A	9606.ENSP00000409126	9606.ENSP00000420387	0	0	0	0	0.160	0	0	0.419	0.491
AOPEP	SYNE2	9606.ENSP00000364464	9606.ENSP00000350719	0	0	0	0	0.044	0	0	0.512	0.513
APOA5	CREB3L3	9606.ENSP00000445002	9606.ENSP00000078445	0	0	0	0	0.206	0	0.500	0.526	0.795
APOA5	LMF1	9606.ENSP00000445002	9606.ENSP00000262301	0	0	0	0	0	0	0	0.881	0.881
APOA5	PCSK9	9606.ENSP00000445002	9606.ENSP00000303208	0	0	0	0	0.115	0	0	0.636	0.664
APOA5	MLXIPL	9606.ENSP00000445002	9606.ENSP00000320886	0	0	0	0	0.062	0	0	0.522	0.532
APOA5	FAM20C	9606.ENSP00000445002	9606.ENSP00000322323	0	0	0	0	0.048	0.292	0.500	0.147	0.674
APOA5	LDLRAP1	9606.ENSP00000445002	9606.ENSP00000363458	0	0	0	0	0	0	0	0.487	0.487
APOA5	SIK3	9606.ENSP00000445002	9606.ENSP00000364449	0	0	0	0	0.055	0.094	0	0.452	0.490
APOA5	CIDEC	9606.ENSP00000445002	9606.ENSP00000373328	0	0	0	0	0	0	0.400	0.350	0.593
APOA5	TBL1XR1	9606.ENSP00000445002	9606.ENSP00000405574	0	0	0	0	0	0.105	0.400	0.049	0.444
APOA5	FTO	9606.ENSP00000445002	9606.ENSP00000418823	0	0	0	0	0	0	0	0.613	0.613
APOA5	MMAB	9606.ENSP00000445002	9606.ENSP00000445920	0	0	0	0	0	0	0	0.448	0.448
APOA5	GPIHBP1	9606.ENSP00000445002	9606.ENSP00000480053	0	0	0	0	0	0	0	0.873	0.873
APPL1	RFX6	9606.ENSP00000288266	9606.ENSP00000332208	0	0	0	0	0.056	0	0	0.423	0.432
APPL1	LAMTOR2	9606.ENSP00000288266	9606.ENSP00000357288	0	0	0	0	0.047	0	0	0.435	0.438
APPL1	ASPM	9606.ENSP00000288266	9606.ENSP00000356379	0	0	0	0	0.044	0	0	0.440	0.442
APPL1	ARL6IP6	9606.ENSP00000288266	9606.ENSP00000315357	0	0	0	0	0	0.460	0	0	0.459
APPL1	GAPVD1	9606.ENSP00000288266	9606.ENSP00000377665	0	0	0	0	0.090	0	0	0.637	0.655
APTX	SETX	9606.ENSP00000369145	9606.ENSP00000224140	0	0	0	0	0.102	0	0	0.942	0.945
APTX	ATXN10	9606.ENSP00000369145	9606.ENSP00000252934	0	0	0	0	0.060	0	0	0.391	0.403
APTX	COQ9	9606.ENSP00000369145	9606.ENSP00000262507	0	0	0	0	0.138	0	0	0.828	0.845
APTX	SIL1	9606.ENSP00000369145	9606.ENSP00000265195	0	0	0	0	0.060	0	0	0.598	0.605
APTX	COQ5	9606.ENSP00000369145	9606.ENSP00000288532	0	0	0	0	0.149	0	0	0.380	0.450
APTX	COQ4	9606.ENSP00000369145	9606.ENSP00000300452	0	0	0	0	0.083	0	0	0.566	0.585
APTX	COQ2	9606.ENSP00000369145	9606.ENSP00000310873	0	0	0	0	0.049	0	0	0.893	0.894
APTX	COQ6	9606.ENSP00000369145	9606.ENSP00000333946	0	0	0	0	0.082	0	0	0.528	0.548
APTX	NHEJ1	9606.ENSP00000369145	9606.ENSP00000349313	0	0	0	0	0.128	0	0	0.787	0.806
APTX	COQ8A	9606.ENSP00000369145	9606.ENSP00000355741	0	0	0	0	0	0	0	0.885	0.885
APTX	PDSS2	9606.ENSP00000369145	9606.ENSP00000358033	0	0	0	0	0.139	0	0	0.803	0.823
APTX	PDSS1	9606.ENSP00000369145	9606.ENSP00000365388	0	0	0	0	0.049	0	0	0.835	0.837
ARHGAP24	TTC21B	9606.ENSP00000378611	9606.ENSP00000243344	0	0	0	0	0.044	0	0	0.408	0.409
ARHGAP24	COQ2	9606.ENSP00000378611	9606.ENSP00000310873	0	0	0	0	0.044	0	0	0.406	0.407
ARHGAP24	COQ8B	9606.ENSP00000378611	9606.ENSP00000315118	0	0	0	0	0	0	0	0.423	0.423
ARHGAP24	COQ6	9606.ENSP00000378611	9606.ENSP00000333946	0	0	0	0	0	0	0	0.445	0.445
ARHGAP24	CD2AP	9606.ENSP00000378611	9606.ENSP00000352264	0	0	0	0	0	0	0	0.500	0.500
ARHGAP24	PLCE1	9606.ENSP00000378611	9606.ENSP00000360431	0	0	0	0	0.042	0	0	0.449	0.449
ARHGAP24	INF2	9606.ENSP00000378611	9606.ENSP00000376410	0	0	0	0	0	0	0	0.618	0.618
ARHGEF9	SLC32A1	9606.ENSP00000490940	9606.ENSP00000217420	0	0	0	0	0.129	0	0	0.475	0.523
ARHGEF9	PLCB1	9606.ENSP00000490940	9606.ENSP00000338185	0	0	0	0	0.112	0	0	0.640	0.666
ARHGEF9	NLGN3	9606.ENSP00000490940	9606.ENSP00000351591	0	0	0	0	0.125	0	0	0.480	0.526
ARHGEF9	KCNT1	9606.ENSP00000490940	9606.ENSP00000360822	0	0	0	0	0.099	0	0	0.433	0.467
ARHGEF9	PCDH19	9606.ENSP00000490940	9606.ENSP00000362125	0	0	0	0	0.107	0	0	0.780	0.795
ARHGEF9	ARX	9606.ENSP00000490940	9606.ENSP00000368332	0	0	0	0	0.082	0	0	0.682	0.695
ARHGEF9	PRRT2	9606.ENSP00000490940	9606.ENSP00000456226	0	0	0	0	0.118	0	0	0.353	0.405
ARID1B	KMT2C	9606.ENSP00000490491	9606.ENSP00000262189	0	0	0	0	0.335	0	0	0.650	0.757
ARID1B	BRD4	9606.ENSP00000490491	9606.ENSP00000263377	0	0	0	0	0.304	0	0	0.337	0.519
ARID1B	MED13L	9606.ENSP00000490491	9606.ENSP00000281928	0	0	0	0	0.258	0	0	0.447	0.572
ARID1B	KDM3B	9606.ENSP00000490491	9606.ENSP00000326563	0	0	0	0	0.141	0.064	0.650	0.116	0.718
ARID1B	ARID2	9606.ENSP00000490491	9606.ENSP00000335044	0	0	0	0.547	0.267	0.324	0.720	0.984	0.997
ARID1B	BCL11B	9606.ENSP00000490491	9606.ENSP00000349723	0	0	0	0	0	0.053	0.900	0.673	0.966
ARID1B	BICRA	9606.ENSP00000490491	9606.ENSP00000379946	0	0	0	0	0.090	0.303	0.900	0.702	0.978
ARID1B	SETD5	9606.ENSP00000490491	9606.ENSP00000385852	0	0	0	0	0.127	0	0	0.410	0.463
ARID1B	PBRM1	9606.ENSP00000490491	9606.ENSP00000386593	0	0	0	0	0.253	0.359	0.720	0.993	0.998
ARID1B	SETD2	9606.ENSP00000490491	9606.ENSP00000386759	0	0	0	0	0.183	0	0	0.447	0.529
ARID1B	CHD7	9606.ENSP00000490491	9606.ENSP00000392028	0	0	0	0	0.132	0.071	0	0.354	0.433
ARID1B	NSD1	9606.ENSP00000490491	9606.ENSP00000395929	0	0	0	0	0.157	0	0	0.370	0.446
ARID1B	TBL1XR1	9606.ENSP00000490491	9606.ENSP00000405574	0	0	0	0	0.178	0.070	0	0.287	0.408
ARID1B	MYSM1	9606.ENSP00000490491	9606.ENSP00000418734	0	0	0	0	0.062	0.290	0	0.218	0.434
ARID1B	BCL11A	9606.ENSP00000490491	9606.ENSP00000496168	0	0	0	0	0.044	0.053	0.900	0.685	0.967
ARID2	KMT2C	9606.ENSP00000335044	9606.ENSP00000262189	0	0	0	0	0.168	0	0	0.621	0.671
ARID2	KAT6B	9606.ENSP00000335044	9606.ENSP00000287239	0	0	0	0	0.120	0	0	0.418	0.466
ARID2	SUZ12	9606.ENSP00000335044	9606.ENSP00000316578	0	0	0	0	0.136	0	0	0.542	0.587
ARID2	CASZ1	9606.ENSP00000335044	9606.ENSP00000366221	0	0	0	0	0.044	0	0	0.401	0.403
ARID2	FBXW7	9606.ENSP00000335044	9606.ENSP00000474725	0	0	0	0	0.092	0	0	0.377	0.410
ARID2	NSD1	9606.ENSP00000335044	9606.ENSP00000395929	0	0	0	0	0.246	0	0	0.272	0.428
ARID2	TET2	9606.ENSP00000335044	9606.ENSP00000442788	0	0	0	0	0.165	0	0	0.370	0.451
ARID2	MYSM1	9606.ENSP00000335044	9606.ENSP00000418734	0	0	0	0	0.207	0.128	0	0.271	0.452
ARID2	CHD7	9606.ENSP00000335044	9606.ENSP00000392028	0	0	0	0	0.127	0.292	0	0.210	0.469
ARID2	ASH1L	9606.ENSP00000335044	9606.ENSP00000376204	0	0	0	0	0.156	0	0.360	0.126	0.486
ARID2	SETD2	9606.ENSP00000335044	9606.ENSP00000386759	0	0	0	0	0.210	0	0	0.524	0.608
ARID2	BCL11B	9606.ENSP00000335044	9606.ENSP00000349723	0	0	0	0	0.048	0	0.720	0.695	0.911
ARID2	BCL11A	9606.ENSP00000335044	9606.ENSP00000496168	0	0	0	0	0	0	0.720	0.713	0.916
ARID2	BICRA	9606.ENSP00000335044	9606.ENSP00000379946	0	0	0	0	0.088	0.300	0.720	0.772	0.953
ARID2	PBRM1	9606.ENSP00000335044	9606.ENSP00000386593	0	0	0	0	0.643	0.985	0.800	0.999	0.999
ARL13B	CHMP4B	9606.ENSP00000377769	9606.ENSP00000217402	0	0	0	0	0	0	0.400	0	0.400
ARL13B	CEP41	9606.ENSP00000377769	9606.ENSP00000223208	0	0	0	0	0.060	0	0	0.632	0.639
ARL13B	NEK9	9606.ENSP00000377769	9606.ENSP00000238616	0	0	0	0	0	0	0	0.454	0.454
ARL13B	IFT43	9606.ENSP00000377769	9606.ENSP00000238628	0	0	0	0	0.043	0	0	0.452	0.453
ARL13B	IFT81	9606.ENSP00000377769	9606.ENSP00000242591	0	0	0	0	0.083	0.777	0	0.577	0.906
ARL13B	TTC21B	9606.ENSP00000377769	9606.ENSP00000243344	0	0	0	0	0.049	0	0	0.617	0.620
ARL13B	B9D2	9606.ENSP00000377769	9606.ENSP00000243578	0	0	0	0	0	0	0	0.580	0.580
ARL13B	TMEM231	9606.ENSP00000377769	9606.ENSP00000258173	0	0	0	0	0.060	0	0	0.623	0.631
ARL13B	IFT172	9606.ENSP00000377769	9606.ENSP00000260570	0	0	0	0	0	0	0	0.642	0.642
ARL13B	B9D1	9606.ENSP00000377769	9606.ENSP00000261499	0	0	0	0	0.074	0	0	0.696	0.707
ARL13B	KIAA0556	9606.ENSP00000377769	9606.ENSP00000261588	0	0	0	0	0.042	0	0	0.468	0.469
ARL13B	CSPP1	9606.ENSP00000377769	9606.ENSP00000262210	0	0	0	0	0.107	0.071	0	0.541	0.586
ARL13B	INVS	9606.ENSP00000377769	9606.ENSP00000262457	0	0	0	0	0.067	0	0	0.512	0.525
ARL13B	CHMP2B	9606.ENSP00000377769	9606.ENSP00000263780	0	0	0	0	0.075	0	0.400	0	0.421
ARL13B	BBS7	9606.ENSP00000377769	9606.ENSP00000264499	0	0	0	0	0.190	0	0	0.491	0.570
ARL13B	IFT57	9606.ENSP00000377769	9606.ENSP00000264538	0	0	0	0	0.062	0	0	0.569	0.578
ARL13B	NEK8	9606.ENSP00000377769	9606.ENSP00000268766	0	0	0	0	0	0	0	0.503	0.503
ARL13B	TMEM138	9606.ENSP00000377769	9606.ENSP00000278826	0	0	0	0	0.042	0	0	0.507	0.507
ARL13B	SCLT1	9606.ENSP00000377769	9606.ENSP00000281142	0	0	0	0	0.056	0	0	0.558	0.565
ARL13B	BBS5	9606.ENSP00000377769	9606.ENSP00000295240	0	0	0	0	0.042	0	0	0.492	0.492
ARL13B	IFT122	9606.ENSP00000377769	9606.ENSP00000296266	0	0	0	0	0	0	0	0.474	0.474
ARL13B	CEP120	9606.ENSP00000377769	9606.ENSP00000303058	0	0	0	0	0.074	0	0	0.589	0.603
ARL13B	TCTN2	9606.ENSP00000377769	9606.ENSP00000304941	0	0	0	0	0	0	0	0.645	0.645
ARL13B	IFT80	9606.ENSP00000377769	9606.ENSP00000312778	0	0	0	0	0.088	0	0	0.438	0.465
ARL13B	WDR35	9606.ENSP00000377769	9606.ENSP00000314444	0	0	0	0	0.084	0	0	0.433	0.458
ARL13B	VPS37D	9606.ENSP00000377769	9606.ENSP00000320416	0	0	0	0	0.055	0	0.400	0	0.408
ARL13B	C2CD3	9606.ENSP00000377769	9606.ENSP00000334379	0	0	0	0	0	0	0	0.604	0.604
ARL13B	TMEM216	9606.ENSP00000377769	9606.ENSP00000334844	0	0	0	0	0.107	0	0	0.914	0.919
ARL13B	NPHP3	9606.ENSP00000377769	9606.ENSP00000338766	0	0	0	0	0.055	0.091	0	0.636	0.660
ARL13B	VANGL1	9606.ENSP00000377769	9606.ENSP00000347672	0	0	0	0	0.049	0	0.400	0.220	0.516
ARL13B	SUFU	9606.ENSP00000377769	9606.ENSP00000358918	0	0	0	0	0	0	0	0.487	0.487
ARL13B	INPP5E	9606.ENSP00000377769	9606.ENSP00000360777	0	0	0	0	0	0	0.900	0.583	0.956
ARL13B	IFT52	9606.ENSP00000377769	9606.ENSP00000362121	0	0	0	0	0.049	0.770	0	0.516	0.885
ARL13B	TRAF3IP1	9606.ENSP00000377769	9606.ENSP00000362424	0	0	0	0	0.142	0	0	0.467	0.523
ARL13B	NPHP4	9606.ENSP00000377769	9606.ENSP00000367398	0	0	0	0	0	0	0	0.730	0.730
ARL13B	NIN	9606.ENSP00000377769	9606.ENSP00000371472	0	0	0	0	0	0	0	0.587	0.587
ARL13B	STEAP3	9606.ENSP00000377769	9606.ENSP00000376822	0	0	0	0	0	0	0.400	0	0.400
ARL13B	MKS1	9606.ENSP00000377769	9606.ENSP00000376827	0	0	0	0	0.049	0	0	0.601	0.605
ARL13B	BBS10	9606.ENSP00000377769	9606.ENSP00000497413	0	0	0	0	0.078	0	0	0.395	0.418
ARL13B	BBS12	9606.ENSP00000377769	9606.ENSP00000438273	0	0	0	0	0.072	0	0	0.410	0.429
ARL13B	DIAPH3	9606.ENSP00000377769	9606.ENSP00000383178	0	0	0	0	0.056	0	0.400	0.109	0.451
ARL13B	DYNC2LI1	9606.ENSP00000377769	9606.ENSP00000474032	0	0	0	0	0.063	0	0	0.447	0.459
ARL13B	DYNC2H1	9606.ENSP00000377769	9606.ENSP00000497174	0	0	0	0	0.063	0	0	0.483	0.495
ARL13B	TTC26	9606.ENSP00000377769	9606.ENSP00000419279	0	0	0	0	0.060	0.183	0	0.402	0.500
ARL13B	CEP19	9606.ENSP00000377769	9606.ENSP00000387209	0	0	0	0	0.060	0	0	0.515	0.525
ARL13B	CPLANE1	9606.ENSP00000377769	9606.ENSP00000389014	0	0	0	0	0.060	0	0	0.527	0.536
ARL13B	WDR19	9606.ENSP00000377769	9606.ENSP00000382717	0	0	0	0	0.049	0	0	0.546	0.550
ARL13B	TMEM237	9606.ENSP00000377769	9606.ENSP00000386264	0	0	0	0	0.076	0.053	0	0.589	0.610
ARL13B	TCTN3	9606.ENSP00000377769	9606.ENSP00000483364	0	0	0	0	0.049	0	0	0.614	0.617
ARL13B	CEP83	9606.ENSP00000377769	9606.ENSP00000380911	0	0	0	0	0.125	0	0	0.588	0.624
ARL13B	KIF7	9606.ENSP00000377769	9606.ENSP00000377934	0	0	0	0	0	0	0	0.625	0.625
ARL13B	RAB23	9606.ENSP00000377769	9606.ENSP00000417610	0	0	0	0	0.113	0	0	0.644	0.671
ARL13B	TCTN1	9606.ENSP00000377769	9606.ENSP00000380779	0	0	0	0	0.047	0	0	0.719	0.721
ARL13B	GPR161	9606.ENSP00000377769	9606.ENSP00000441039	0	0	0	0	0.043	0	0	0.732	0.733
ARL13B	IFT74	9606.ENSP00000377769	9606.ENSP00000404122	0	0	0	0	0.109	0.782	0	0.512	0.897
ARL13B	RPGRIP1L	9606.ENSP00000377769	9606.ENSP00000493946	0	0	0	0	0.082	0	0	0.898	0.903
ARL13B	CEP290	9606.ENSP00000377769	9606.ENSP00000448012	0	0	0	0	0.217	0	0	0.883	0.905
ARL13B	TMEM67	9606.ENSP00000377769	9606.ENSP00000389998	0	0	0	0	0.123	0	0	0.902	0.910
ARL13B	CC2D2A	9606.ENSP00000377769	9606.ENSP00000403465	0	0	0	0	0.044	0	0	0.932	0.932
ARL2BP	CFAP43	9606.ENSP00000219204	9606.ENSP00000349568	0	0	0	0	0	0	0	0.409	0.409
ARL2BP	TTC21A	9606.ENSP00000219204	9606.ENSP00000398211	0	0	0	0	0	0	0	0.414	0.414
ARL2BP	WDR19	9606.ENSP00000219204	9606.ENSP00000382717	0	0	0	0	0	0	0	0.426	0.426
ARL2BP	SPEF2	9606.ENSP00000219204	9606.ENSP00000348314	0	0	0	0	0	0	0	0.438	0.438
ARL2BP	QRICH2	9606.ENSP00000219204	9606.ENSP00000262765	0	0	0	0	0.067	0	0	0.432	0.447
ARL2BP	TTC8	9606.ENSP00000219204	9606.ENSP00000482306	0	0	0	0	0.053	0.049	0	0.504	0.514
ARL2BP	RSPRY1	9606.ENSP00000219204	9606.ENSP00000443176	0	0.221	0	0	0.044	0	0	0.459	0.562
ARL6IP6	KLC2	9606.ENSP00000315357	9606.ENSP00000399403	0	0	0	0	0	0.420	0	0	0.420
ARMC5	PDE11A	9606.ENSP00000386125	9606.ENSP00000286063	0	0	0	0	0	0	0	0.724	0.724
ARMC5	ZNRF3	9606.ENSP00000386125	9606.ENSP00000443824	0	0	0	0	0	0	0	0.417	0.416
ARV1	PIGG	9606.ENSP00000312458	9606.ENSP00000415203	0	0	0	0	0.049	0.130	0	0.402	0.462
ARX	NEUROG3	9606.ENSP00000368332	9606.ENSP00000242462	0	0	0	0	0.056	0.048	0	0.558	0.568
ARX	MAFA	9606.ENSP00000368332	9606.ENSP00000328364	0	0	0	0	0	0.053	0	0.459	0.465
ARX	PLCB1	9606.ENSP00000368332	9606.ENSP00000338185	0	0	0	0	0	0	0	0.668	0.668
ARX	PCDH19	9606.ENSP00000368332	9606.ENSP00000362125	0	0	0	0	0.073	0	0	0.818	0.824
ASCC1	PALB2	9606.ENSP00000339404	9606.ENSP00000261584	0	0	0	0	0.059	0	0.540	0	0.548
ASCC1	FANCI	9606.ENSP00000339404	9606.ENSP00000310842	0	0	0	0	0.050	0	0.540	0	0.544
ASCC1	CTHRC1	9606.ENSP00000339404	9606.ENSP00000330523	0	0	0	0	0	0	0	0.479	0.479
ASCC1	QRSL1	9606.ENSP00000339404	9606.ENSP00000358042	0	0	0	0	0.436	0	0	0	0.436
ASCC1	PHF21A	9606.ENSP00000339404	9606.ENSP00000398824	0	0	0	0	0.049	0	0.540	0	0.543
ASCC1	NHEJ1	9606.ENSP00000339404	9606.ENSP00000349313	0	0	0	0	0.060	0	0.540	0	0.549
ASCC1	KDM1A	9606.ENSP00000339404	9606.ENSP00000383042	0	0	0	0	0.062	0	0.540	0	0.550
ASCC1	MLH3	9606.ENSP00000339404	9606.ENSP00000348020	0	0	0	0	0.049	0	0.540	0.062	0.553
ASH1L	KDM4B	9606.ENSP00000376204	9606.ENSP00000159111	0	0	0	0	0.048	0	0	0.408	0.413
ASH1L	KDM6B	9606.ENSP00000376204	9606.ENSP00000254846	0	0	0	0	0.161	0.269	0	0.462	0.641
ASH1L	KMT2C	9606.ENSP00000376204	9606.ENSP00000262189	0	0	0	0.546	0.384	0	0	0.290	0.544
ASH1L	BRD4	9606.ENSP00000376204	9606.ENSP00000263377	0	0	0	0	0.120	0.321	0	0.318	0.557
ASH1L	MED13L	9606.ENSP00000376204	9606.ENSP00000281928	0	0	0	0	0.521	0	0	0.368	0.685
ASH1L	KAT6B	9606.ENSP00000376204	9606.ENSP00000287239	0	0	0	0	0.269	0.094	0	0.327	0.515
ASH1L	UBR1	9606.ENSP00000376204	9606.ENSP00000290650	0	0	0	0	0.462	0	0	0.052	0.468
ASH1L	WDFY3	9606.ENSP00000376204	9606.ENSP00000295888	0	0	0	0	0.125	0	0	0.407	0.460
ASH1L	KMT5B	9606.ENSP00000376204	9606.ENSP00000305899	0	0	0	0	0.152	0	0	0.646	0.687
ASH1L	KMT2E	9606.ENSP00000376204	9606.ENSP00000312379	0	0	0	0.548	0.456	0.115	0	0.304	0.635
ASH1L	SUZ12	9606.ENSP00000376204	9606.ENSP00000316578	0	0	0	0	0.049	0.310	0	0.407	0.577
ASH1L	KDM3B	9606.ENSP00000376204	9606.ENSP00000326563	0	0	0	0	0.132	0	0	0.340	0.403
ASH1L	YY1AP1	9606.ENSP00000376204	9606.ENSP00000357323	0	0	0	0	0.105	0.076	0	0.938	0.945
ASH1L	VPS13D	9606.ENSP00000376204	9606.ENSP00000478104	0	0	0	0	0.395	0	0	0.050	0.401
ASH1L	KDM1A	9606.ENSP00000376204	9606.ENSP00000383042	0	0	0	0	0	0.071	0	0.419	0.438
ASH1L	TET2	9606.ENSP00000376204	9606.ENSP00000442788	0	0	0	0	0.364	0	0	0.178	0.455
ASH1L	RALGAPA1	9606.ENSP00000376204	9606.ENSP00000490119	0	0	0	0	0.323	0	0	0.234	0.460
ASH1L	TRPM7	9606.ENSP00000376204	9606.ENSP00000495860	0	0	0	0	0.462	0	0	0.056	0.470
ASH1L	SETD5	9606.ENSP00000376204	9606.ENSP00000385852	0	0	0	0.547	0.374	0	0	0.257	0.515
ASH1L	NSD1	9606.ENSP00000376204	9606.ENSP00000395929	0	0	0	0.552	0.253	0	0	0.420	0.549
ASH1L	PBRM1	9606.ENSP00000376204	9606.ENSP00000386593	0	0	0	0.548	0.238	0.062	0.360	0.152	0.560
ASH1L	GIGYF2	9606.ENSP00000376204	9606.ENSP00000387170	0	0	0	0	0.519	0.042	0	0.200	0.599
ASH1L	SETD2	9606.ENSP00000376204	9606.ENSP00000386759	0	0	0	0.551	0.653	0	0	0.490	0.815
ASPM	NCAPH	9606.ENSP00000356379	9606.ENSP00000240423	0	0	0	0	0.667	0.099	0	0.579	0.862
ASPM	TUBGCP6	9606.ENSP00000356379	9606.ENSP00000248846	0	0	0	0	0	0.292	0	0.270	0.461
ASPM	RRM2B	9606.ENSP00000356379	9606.ENSP00000251810	0	0	0	0	0.360	0	0	0.334	0.555
ASPM	IER3IP1	9606.ENSP00000356379	9606.ENSP00000256433	0	0	0	0	0.056	0	0	0.461	0.470
ASPM	CDT1	9606.ENSP00000356379	9606.ENSP00000301019	0	0	0	0	0.524	0	0	0.148	0.578
ASPM	CEP120	9606.ENSP00000356379	9606.ENSP00000303058	0	0	0	0	0	0	0	0.467	0.467
ASPM	ESCO2	9606.ENSP00000356379	9606.ENSP00000306999	0	0	0	0	0.477	0	0	0.125	0.523
ASPM	FANCI	9606.ENSP00000356379	9606.ENSP00000310842	0	0	0	0	0.555	0	0	0.201	0.629
ASPM	KIF15	9606.ENSP00000356379	9606.ENSP00000324020	0	0	0	0	0.895	0	0	0.743	0.971
ASPM	ZNF335	9606.ENSP00000356379	9606.ENSP00000325326	0	0	0	0	0	0	0	0.606	0.606
ASPM	INTU	9606.ENSP00000356379	9606.ENSP00000334003	0	0	0	0	0.300	0.224	0	0	0.433
ASPM	KNL1	9606.ENSP00000356379	9606.ENSP00000335463	0	0	0	0	0.524	0	0	0.507	0.755
ASPM	MCPH1	9606.ENSP00000356379	9606.ENSP00000342924	0	0	0	0	0.086	0	0	0.988	0.988
ASPM	CDK5RAP2	9606.ENSP00000356379	9606.ENSP00000343818	0	0	0	0	0.073	0	0	0.932	0.934
ASPM	KIF21A	9606.ENSP00000356379	9606.ENSP00000354878	0	0	0	0	0.602	0	0	0.146	0.645
ASPM	SLC25A19	9606.ENSP00000356379	9606.ENSP00000385312	0	0	0	0	0.043	0	0	0.421	0.422
ASPM	DCDC2	9606.ENSP00000356379	9606.ENSP00000367715	0	0	0	0	0.067	0	0	0.407	0.423
ASPM	OBSCN	9606.ENSP00000356379	9606.ENSP00000455507	0	0	0	0	0.044	0.083	0	0.403	0.430
ASPM	GPSM2	9606.ENSP00000356379	9606.ENSP00000385510	0	0	0	0	0.241	0	0	0.295	0.442
ASPM	NCAPD3	9606.ENSP00000356379	9606.ENSP00000433681	0	0	0	0	0.386	0	0	0.297	0.550
ASPM	FOXP2	9606.ENSP00000356379	9606.ENSP00000386200	0	0	0	0	0	0	0	0.591	0.591
ASPM	NCAPG2	9606.ENSP00000356379	9606.ENSP00000387007	0	0	0	0	0.570	0.099	0	0.199	0.663
ASPM	HYDIN	9606.ENSP00000356379	9606.ENSP00000377197	0	0	0	0	0	0	0	0.751	0.751
ASPM	DIAPH3	9606.ENSP00000356379	9606.ENSP00000383178	0	0	0	0	0.532	0	0	0.522	0.766
ASPM	RACGAP1	9606.ENSP00000356379	9606.ENSP00000404190	0	0	0	0	0.637	0	0	0.460	0.795
ASPM	UBE2T	9606.ENSP00000356379	9606.ENSP00000494957	0	0	0	0	0.780	0	0	0.246	0.827
ASPM	CEP152	9606.ENSP00000356379	9606.ENSP00000370337	0	0	0	0	0.250	0	0	0.894	0.917
ASPM	CEP55	9606.ENSP00000356379	9606.ENSP00000360540	0	0	0	0	0.842	0	0	0.700	0.950
ASPM	KIF4A	9606.ENSP00000356379	9606.ENSP00000363524	0	0	0	0	0.900	0	0	0.536	0.952
ASPN	LRRC8A	9606.ENSP00000364694	9606.ENSP00000259324	0	0	0.431	0	0	0	0	0	0.431
ASPN	GFM1	9606.ENSP00000364694	9606.ENSP00000264263	0	0	0	0	0	0.138	0	0.336	0.403
ASPRV1	ELMOD3	9606.ENSP00000315383	9606.ENSP00000386248	0	0	0	0	0.056	0.421	0	0	0.430
ASPRV1	FLG2	9606.ENSP00000315383	9606.ENSP00000373370	0	0	0	0	0.238	0	0	0.400	0.524
ASPRV1	CASP14	9606.ENSP00000315383	9606.ENSP00000393417	0	0	0	0	0.106	0	0	0.517	0.550
ASPSCR1	EXOC2	9606.ENSP00000306625	9606.ENSP00000230449	0	0	0	0	0.105	0	0.500	0.063	0.544
ASPSCR1	EXOC8	9606.ENSP00000306625	9606.ENSP00000355605	0	0	0	0	0.042	0	0.500	0.069	0.515
ASPSCR1	EXOC7	9606.ENSP00000306625	9606.ENSP00000334100	0	0	0	0	0.145	0	0.500	0.063	0.564
ASTL	PLCZ1	9606.ENSP00000343674	9606.ENSP00000266505	0	0	0	0	0	0	0	0.441	0.441
ASXL1	KMT2C	9606.ENSP00000364839	9606.ENSP00000262189	0	0	0	0	0.092	0.310	0	0.451	0.626
ASXL1	BRD4	9606.ENSP00000364839	9606.ENSP00000263377	0	0	0	0	0.056	0.501	0	0.324	0.654
ASXL1	ASXL3	9606.ENSP00000364839	9606.ENSP00000269197	0	0	0	0.620	0	0	0.540	0.521	0.770
ASXL1	SUZ12	9606.ENSP00000364839	9606.ENSP00000316578	0	0	0	0	0.049	0.292	0.900	0.936	0.995
ASXL1	RNF168	9606.ENSP00000364839	9606.ENSP00000320898	0	0	0	0	0	0	0	0.408	0.408
ASXL1	PHF6	9606.ENSP00000364839	9606.ENSP00000329097	0	0	0	0	0.049	0.071	0	0.745	0.755
ASXL1	DDX41	9606.ENSP00000364839	9606.ENSP00000330349	0	0	0	0	0.056	0.045	0	0.480	0.490
ASXL1	SF3B1	9606.ENSP00000364839	9606.ENSP00000335321	0	0	0	0	0.049	0	0	0.469	0.473
ASXL1	FBXW7	9606.ENSP00000364839	9606.ENSP00000474725	0	0	0	0	0.049	0.069	0	0.379	0.402
ASXL1	CTC1	9606.ENSP00000364839	9606.ENSP00000498499	0	0	0	0	0.086	0	0	0.400	0.428
ASXL1	NSD1	9606.ENSP00000364839	9606.ENSP00000395929	0	0	0	0	0.060	0.071	0	0.401	0.431
ASXL1	SETD2	9606.ENSP00000364839	9606.ENSP00000386759	0	0	0	0	0.172	0.071	0	0.478	0.564
ASXL1	KDM1A	9606.ENSP00000364839	9606.ENSP00000383042	0	0	0	0	0.060	0.045	0	0.657	0.665
ASXL1	ASXL2	9606.ENSP00000364839	9606.ENSP00000383920	0	0	0	0.639	0.049	0	0.540	0.688	0.852
ASXL1	SETBP1	9606.ENSP00000364839	9606.ENSP00000497406	0	0	0	0	0.042	0.071	0	0.876	0.880
ASXL1	TET2	9606.ENSP00000364839	9606.ENSP00000442788	0	0	0	0	0.049	0	0	0.975	0.975
ASXL2	KMT2C	9606.ENSP00000383920	9606.ENSP00000262189	0	0	0	0	0.121	0.292	0	0.343	0.556
ASXL2	ASXL3	9606.ENSP00000383920	9606.ENSP00000269197	0	0	0	0.631	0	0	0.540	0.554	0.786
ASXL2	SUZ12	9606.ENSP00000383920	9606.ENSP00000316578	0	0	0	0	0.161	0.132	0.540	0.359	0.756
ASXL2	ZBTB7A	9606.ENSP00000383920	9606.ENSP00000323670	0	0	0	0	0.060	0.046	0	0.394	0.409
ASXL2	PHF6	9606.ENSP00000383920	9606.ENSP00000329097	0	0	0	0	0.044	0.076	0	0.456	0.477
ASXL2	HFM1	9606.ENSP00000383920	9606.ENSP00000359454	0	0	0	0	0	0	0	0.468	0.468
ASXL2	SETD2	9606.ENSP00000383920	9606.ENSP00000386759	0	0	0	0	0.127	0.075	0	0.349	0.428
ASXL2	MYSM1	9606.ENSP00000383920	9606.ENSP00000418734	0	0	0	0	0.174	0	0	0.336	0.428
ASXL2	TET2	9606.ENSP00000383920	9606.ENSP00000442788	0	0	0	0	0.108	0	0	0.507	0.541
ASXL3	KMT2C	9606.ENSP00000269197	9606.ENSP00000262189	0	0	0	0	0.070	0.310	0	0.311	0.519
ASXL3	BRD4	9606.ENSP00000269197	9606.ENSP00000263377	0	0	0	0	0.049	0.522	0	0.540	0.773
ASXL3	MYSM1	9606.ENSP00000269197	9606.ENSP00000418734	0	0	0	0	0	0.145	0	0.337	0.409
ASXL3	MED13L	9606.ENSP00000269197	9606.ENSP00000281928	0	0	0	0	0	0.045	0	0.424	0.427
ASXL3	TNRC6B	9606.ENSP00000269197	9606.ENSP00000401946	0	0	0	0	0.042	0.091	0	0.404	0.436
ASXL3	WDFY3	9606.ENSP00000269197	9606.ENSP00000295888	0	0	0	0	0.042	0	0	0.448	0.449
ASXL3	SUZ12	9606.ENSP00000269197	9606.ENSP00000316578	0	0	0	0	0	0	0.540	0.209	0.620
ATAD3A	PTCD3	9606.ENSP00000368030	9606.ENSP00000254630	0	0	0	0	0.116	0.292	0	0.224	0.472
ATAD3A	ERAL1	9606.ENSP00000368030	9606.ENSP00000254928	0	0	0	0	0.062	0.292	0	0.187	0.412
ATAD3A	COQ8B	9606.ENSP00000368030	9606.ENSP00000315118	0	0	0	0	0.117	0.292	0	0.152	0.424
ATAD3A	COA3	9606.ENSP00000368030	9606.ENSP00000354762	0	0	0	0	0.062	0.363	0	0.166	0.458
ATAD3A	WWOX	9606.ENSP00000368030	9606.ENSP00000457230	0	0	0	0	0.051	0.510	0	0.058	0.523
ATAD3A	MRPS22	9606.ENSP00000368030	9606.ENSP00000418008	0	0	0	0	0.191	0.292	0	0.237	0.525
ATAD3A	LYRM4	9606.ENSP00000368030	9606.ENSP00000443900	0	0	0	0	0.049	0	0	0.581	0.584
ATCAY	GDAP1	9606.ENSP00000390941	9606.ENSP00000220822	0	0	0	0	0.074	0	0	0.624	0.636
ATCAY	PRUNE1	9606.ENSP00000390941	9606.ENSP00000271620	0	0.396	0	0	0	0	0	0.176	0.481
ATCAY	KLC2	9606.ENSP00000390941	9606.ENSP00000399403	0	0	0	0	0.044	0	0	0.447	0.448
ATL1	SPG21	9606.ENSP00000351155	9606.ENSP00000204566	0	0	0	0	0	0	0	0.577	0.577
ATL1	ZFYVE26	9606.ENSP00000351155	9606.ENSP00000251119	0	0	0	0	0.048	0	0	0.702	0.705
ATL1	SPG11	9606.ENSP00000351155	9606.ENSP00000261866	0	0	0	0	0	0	0	0.733	0.733
ATL1	ATL3	9606.ENSP00000351155	9606.ENSP00000381844	0	0	0.058	0.965	0.042	0.454	0	0.070	0.480
ATL1	DDHD2	9606.ENSP00000351155	9606.ENSP00000380352	0	0	0	0	0.056	0	0	0.476	0.484
ATL1	LNPK	9606.ENSP00000351155	9606.ENSP00000440905	0	0	0	0	0.056	0.165	0	0.474	0.549
ATL1	FITM2	9606.ENSP00000351155	9606.ENSP00000380037	0	0	0	0	0	0	0	0.558	0.558
ATL1	BSCL2	9606.ENSP00000351155	9606.ENSP00000354032	0	0	0	0	0.060	0	0	0.626	0.633
ATL1	REEP2	9606.ENSP00000351155	9606.ENSP00000367590	0	0	0	0	0.074	0.042	0	0.735	0.744
ATL1	ZFYVE27	9606.ENSP00000351155	9606.ENSP00000409594	0	0	0	0	0	0.292	0	0.743	0.810
ATL3	SPG21	9606.ENSP00000381844	9606.ENSP00000204566	0	0	0	0	0.060	0	0	0.408	0.420
ATL3	SEC61A1	9606.ENSP00000381844	9606.ENSP00000243253	0	0	0	0	0.068	0.091	0	0.355	0.406
ATL3	SPG11	9606.ENSP00000381844	9606.ENSP00000261866	0	0	0	0	0.060	0	0	0.398	0.410
ATL3	BSCL2	9606.ENSP00000381844	9606.ENSP00000354032	0	0	0	0	0.042	0	0	0.504	0.505
ATL3	REEP2	9606.ENSP00000381844	9606.ENSP00000367590	0	0	0	0	0	0.042	0	0.664	0.664
ATL3	CPT1C	9606.ENSP00000381844	9606.ENSP00000376303	0	0	0	0	0	0	0	0.422	0.422
ATL3	FITM2	9606.ENSP00000381844	9606.ENSP00000380037	0	0	0	0	0.049	0	0	0.488	0.492
ATL3	LNPK	9606.ENSP00000381844	9606.ENSP00000440905	0	0	0	0	0.056	0	0	0.544	0.551
ATL3	ZFYVE27	9606.ENSP00000381844	9606.ENSP00000409594	0	0	0	0	0	0.292	0	0.488	0.622
ATP10A	ATP11C	9606.ENSP00000450480	9606.ENSP00000332756	0	0	0	0.794	0	0	0.540	0.188	0.610
ATP10A	NIPA2	9606.ENSP00000450480	9606.ENSP00000337618	0	0	0	0	0.055	0	0	0.614	0.620
ATP10A	ATP8A2	9606.ENSP00000450480	9606.ENSP00000371070	0	0	0	0.824	0.066	0	0.540	0.204	0.628
ATP10A	ATP11A	9606.ENSP00000450480	9606.ENSP00000420387	0	0	0	0.793	0	0	0.900	0.183	0.914
ATP10A	MAGEL2	9606.ENSP00000450480	9606.ENSP00000497810	0	0	0	0	0.053	0.050	0	0.853	0.856
ATP11A	STN1	9606.ENSP00000420387	9606.ENSP00000224950	0	0	0	0	0	0	0	0.505	0.505
ATP11A	DPP9	9606.ENSP00000420387	9606.ENSP00000262960	0	0	0	0	0.049	0	0	0.571	0.574
ATP11A	ATP11C	9606.ENSP00000420387	9606.ENSP00000332756	0	0	0.056	0.967	0.049	0.225	0.540	0.065	0.646
ATP11A	DSTYK	9606.ENSP00000420387	9606.ENSP00000356130	0	0	0	0	0	0.071	0	0.490	0.506
ATP11A	ATP8A2	9606.ENSP00000420387	9606.ENSP00000371070	0	0	0.074	0.848	0	0	0.540	0.217	0.637
ATP11A	MUC5B	9606.ENSP00000420387	9606.ENSP00000436812	0	0	0	0	0.055	0.045	0	0.442	0.452
ATP11C	ATP6V0A2	9606.ENSP00000332756	9606.ENSP00000332247	0	0	0	0	0.062	0.366	0	0.093	0.413
ATP11C	ATP8A2	9606.ENSP00000332756	9606.ENSP00000371070	0	0	0.090	0.831	0	0	0.540	0.257	0.662
ATP13A2	FA2H	9606.ENSP00000327214	9606.ENSP00000219368	0	0	0	0	0.080	0	0	0.623	0.639
ATP13A2	TARDBP	9606.ENSP00000327214	9606.ENSP00000240185	0	0	0	0	0	0.068	0	0.447	0.462
ATP13A2	ZFYVE26	9606.ENSP00000327214	9606.ENSP00000251119	0	0	0	0	0.049	0	0	0.454	0.459
ATP13A2	SPG11	9606.ENSP00000327214	9606.ENSP00000261866	0	0	0	0	0	0	0	0.652	0.652
ATP13A2	CHMP2B	9606.ENSP00000327214	9606.ENSP00000263780	0	0	0	0	0	0	0	0.400	0.400
ATP13A2	LRRK2	9606.ENSP00000327214	9606.ENSP00000298910	0	0	0	0	0	0.071	0	0.843	0.848
ATP13A2	VPS35	9606.ENSP00000327214	9606.ENSP00000299138	0	0	0	0	0	0.069	0	0.852	0.856
ATP13A2	C9orf72	9606.ENSP00000327214	9606.ENSP00000482753	0	0	0	0	0	0	0	0.419	0.418
ATP13A2	TRPV4	9606.ENSP00000327214	9606.ENSP00000406191	0	0	0	0	0.044	0	0	0.443	0.444
ATP13A2	SLC39A8	9606.ENSP00000327214	9606.ENSP00000378310	0	0	0	0	0.109	0	0	0.438	0.478
ATP13A2	VPS13A	9606.ENSP00000327214	9606.ENSP00000353422	0	0	0	0	0.111	0.071	0	0.464	0.519
ATP13A2	SLC39A14	9606.ENSP00000327214	9606.ENSP00000370635	0	0	0	0	0.109	0	0	0.493	0.529
ATP13A2	SLC30A10	9606.ENSP00000327214	9606.ENSP00000355893	0	0	0	0	0	0.063	0	0.528	0.538
ATP13A2	COASY	9606.ENSP00000327214	9606.ENSP00000464814	0.045	0	0	0	0.067	0	0	0.542	0.556
ATP13A2	DNAJC5	9606.ENSP00000327214	9606.ENSP00000354111	0	0	0	0	0.080	0.044	0	0.592	0.610
ATP13A2	DCAF17	9606.ENSP00000327214	9606.ENSP00000364404	0	0	0	0	0.049	0	0	0.665	0.667
ATP13A2	CHCHD2	9606.ENSP00000327214	9606.ENSP00000378812	0	0	0	0	0	0	0	0.692	0.692
ATP13A2	GIGYF2	9606.ENSP00000327214	9606.ENSP00000387170	0	0	0	0	0.105	0.050	0	0.702	0.724
ATP13A2	VPS13C	9606.ENSP00000327214	9606.ENSP00000493560	0	0	0	0	0.111	0.071	0	0.759	0.783
ATP13A2	PINK1	9606.ENSP00000327214	9606.ENSP00000364204	0	0	0	0	0.062	0	0	0.922	0.924
ATP13A3	EIF2AK4	9606.ENSP00000416508	9606.ENSP00000263791	0	0	0	0	0.062	0	0	0.635	0.643
ATP13A3	SOX17	9606.ENSP00000416508	9606.ENSP00000297316	0	0	0	0	0	0.046	0	0.517	0.520
ATP2C1	PCSK9	9606.ENSP00000421326	9606.ENSP00000303208	0	0	0	0	0	0.073	0	0.646	0.657
ATP2C1	SLC30A10	9606.ENSP00000421326	9606.ENSP00000355893	0	0	0	0	0	0.063	0	0.464	0.476
ATP2C1	SLC39A14	9606.ENSP00000421326	9606.ENSP00000370635	0	0	0	0	0.115	0	0	0.393	0.441
ATP2C1	TMEM165	9606.ENSP00000421326	9606.ENSP00000370736	0	0	0	0	0.097	0.385	0	0.533	0.718
ATP2C1	SLC39A8	9606.ENSP00000421326	9606.ENSP00000378310	0	0	0	0	0.127	0	0	0.369	0.426
ATP6V0A2	RIN2	9606.ENSP00000332247	9606.ENSP00000255006	0	0	0	0	0.055	0	0	0.608	0.614
ATP6V0A2	CCDC115	9606.ENSP00000332247	9606.ENSP00000259229	0	0	0	0	0.055	0.767	0.540	0.480	0.940
ATP6V0A2	VAC14	9606.ENSP00000332247	9606.ENSP00000261776	0	0	0	0	0.049	0.103	0	0.358	0.404
ATP6V0A2	SRD5A3	9606.ENSP00000332247	9606.ENSP00000264228	0	0	0	0	0.049	0	0	0.442	0.446
ATP6V0A2	TMEM199	9606.ENSP00000332247	9606.ENSP00000292114	0	0	0	0	0.056	0.794	0.540	0.606	0.960
ATP6V0A2	COG7	9606.ENSP00000332247	9606.ENSP00000305442	0	0	0	0	0.097	0	0	0.392	0.427
ATP6V0A2	ATP6V0A4	9606.ENSP00000332247	9606.ENSP00000308122	0	0	0.068	0.945	0	0.436	0.900	0.387	0.963
ATP6V0A2	EFEMP2	9606.ENSP00000332247	9606.ENSP00000309953	0	0	0	0	0	0.058	0	0.905	0.906
ATP6V0A2	DIS3L2	9606.ENSP00000332247	9606.ENSP00000315569	0	0	0	0	0.138	0	0	0.384	0.446
ATP6V0A2	COASY	9606.ENSP00000332247	9606.ENSP00000464814	0.057	0	0	0	0.058	0	0.408	0	0.428
ATP6V0A2	TAF8	9606.ENSP00000332247	9606.ENSP00000362068	0	0	0	0	0.456	0	0	0	0.456
ATP6V0A2	TMEM165	9606.ENSP00000332247	9606.ENSP00000370736	0	0	0	0	0.067	0.071	0	0.449	0.481
ATP6V0A2	PTRH2	9606.ENSP00000332247	9606.ENSP00000387180	0	0	0	0	0.049	0.612	0	0	0.615
ATP6V0A4	CCDC115	9606.ENSP00000308122	9606.ENSP00000259229	0	0	0	0	0	0.568	0.720	0.319	0.910
ATP6V0A4	VAC14	9606.ENSP00000308122	9606.ENSP00000261776	0	0	0	0	0	0.103	0	0.398	0.437
ATP6V0A4	TMEM199	9606.ENSP00000308122	9606.ENSP00000292114	0	0	0	0	0	0.535	0.720	0.607	0.944
ATP6V0A4	COASY	9606.ENSP00000308122	9606.ENSP00000464814	0.057	0	0	0	0	0	0.408	0	0.417
ATP6V0A4	WDR72	9606.ENSP00000308122	9606.ENSP00000379619	0	0	0	0	0.042	0	0	0.435	0.435
ATP8A2	COQ2	9606.ENSP00000371070	9606.ENSP00000310873	0	0	0	0	0.079	0	0	0.387	0.411
ATP8A2	PLCE1	9606.ENSP00000371070	9606.ENSP00000360431	0	0	0	0	0	0.045	0	0.403	0.405
ATP8A2	SLC52A3	9606.ENSP00000371070	9606.ENSP00000494009	0	0.001	0	0	0	0	0	0.575	0.575
ATP8A2	WDR81	9606.ENSP00000371070	9606.ENSP00000386609	0	0	0	0	0.056	0.071	0	0.641	0.657
ATPAF2	SPG21	9606.ENSP00000417190	9606.ENSP00000204566	0	0	0	0	0.154	0.628	0	0	0.672
ATPAF2	MRPS7	9606.ENSP00000417190	9606.ENSP00000245539	0	0	0	0	0.408	0	0	0.142	0.470
ATPAF2	NDUFAF1	9606.ENSP00000417190	9606.ENSP00000260361	0	0	0	0	0.183	0	0	0.399	0.488
ATPAF2	TMEM70	9606.ENSP00000417190	9606.ENSP00000312599	0	0	0	0	0.107	0	0	0.957	0.960
ATPAF2	RAD54B	9606.ENSP00000417190	9606.ENSP00000336606	0	0	0	0	0	0.450	0	0	0.450
ATPAF2	SDHAF1	9606.ENSP00000417190	9606.ENSP00000368165	0	0	0	0	0.074	0	0	0.436	0.455
ATPAF2	EOGT	9606.ENSP00000417190	9606.ENSP00000373206	0	0.445	0	0	0.103	0	0	0	0.481
ATPAF2	DARS2	9606.ENSP00000417190	9606.ENSP00000497569	0	0	0	0	0.118	0	0	0.432	0.478
ATRIP	STN1	9606.ENSP00000323099	9606.ENSP00000224950	0	0	0	0	0	0	0	0.773	0.773
ATRIP	BRIP1	9606.ENSP00000323099	9606.ENSP00000259008	0	0	0	0	0.049	0	0.500	0.665	0.827
ATRIP	PALB2	9606.ENSP00000323099	9606.ENSP00000261584	0	0	0	0	0.180	0	0	0.406	0.492
ATRIP	FANCM	9606.ENSP00000323099	9606.ENSP00000267430	0	0	0	0	0.056	0	0.900	0.570	0.955
ATRIP	NEK8	9606.ENSP00000323099	9606.ENSP00000268766	0	0	0	0	0	0	0	0.546	0.546
ATRIP	SLX4	9606.ENSP00000323099	9606.ENSP00000294008	0	0	0	0	0.083	0	0	0.461	0.485
ATRIP	CDT1	9606.ENSP00000323099	9606.ENSP00000301019	0	0	0	0	0.083	0	0	0.382	0.409
ATRIP	FANCI	9606.ENSP00000323099	9606.ENSP00000310842	0	0	0	0	0.081	0	0.900	0.567	0.956
ATRIP	RNF168	9606.ENSP00000323099	9606.ENSP00000320898	0	0	0	0	0	0	0	0.493	0.493
ATRIP	RFWD3	9606.ENSP00000323099	9606.ENSP00000354361	0	0	0	0	0.059	0	0	0.428	0.438
ATRIP	CEP152	9606.ENSP00000323099	9606.ENSP00000370337	0	0	0.227	0	0	0	0	0.371	0.493
ATRIP	CTC1	9606.ENSP00000323099	9606.ENSP00000498499	0	0	0	0	0.075	0	0	0.485	0.504
ATRIP	UBE2T	9606.ENSP00000323099	9606.ENSP00000494957	0	0	0	0	0.061	0	0.500	0.224	0.603
ATRIP	SMARCAL1	9606.ENSP00000323099	9606.ENSP00000349823	0	0	0	0	0.117	0	0	0.620	0.650
ATRIP	NHEJ1	9606.ENSP00000323099	9606.ENSP00000349313	0	0	0	0	0.082	0	0	0.637	0.652
ATRIP	FANCL	9606.ENSP00000323099	9606.ENSP00000385021	0	0	0	0	0	0.292	0.500	0.360	0.754
ATXN10	B9D2	9606.ENSP00000252934	9606.ENSP00000243578	0	0	0	0	0	0	0	0.406	0.406
ATXN10	B9D1	9606.ENSP00000252934	9606.ENSP00000261499	0	0	0	0	0.042	0	0	0.405	0.406
ATXN10	SAMD12	9606.ENSP00000252934	9606.ENSP00000314173	0	0	0	0	0	0	0	0.409	0.409
ATXN10	TWNK	9606.ENSP00000252934	9606.ENSP00000309595	0	0	0	0	0.042	0	0	0.440	0.440
ATXN10	JPH3	9606.ENSP00000252934	9606.ENSP00000284262	0	0	0	0	0	0	0	0.477	0.477
ATXN10	SIL1	9606.ENSP00000252934	9606.ENSP00000265195	0	0	0	0	0.049	0	0	0.478	0.482
ATXN10	C9orf72	9606.ENSP00000252934	9606.ENSP00000482753	0	0	0	0	0	0	0	0.521	0.521
ATXN10	NPHP4	9606.ENSP00000252934	9606.ENSP00000367398	0	0	0	0	0	0	0	0.524	0.524
ATXN10	CEP290	9606.ENSP00000252934	9606.ENSP00000448012	0	0	0	0	0.042	0	0	0.544	0.544
ATXN10	TCTN2	9606.ENSP00000252934	9606.ENSP00000304941	0	0	0	0	0.042	0	0	0.570	0.570
ATXN10	TMEM240	9606.ENSP00000252934	9606.ENSP00000368007	0	0	0	0	0	0	0	0.577	0.577
ATXN10	BEAN1	9606.ENSP00000252934	9606.ENSP00000442793	0	0	0	0	0	0	0	0.597	0.597
ATXN10	PLEKHG4	9606.ENSP00000252934	9606.ENSP00000353646	0	0	0	0	0.087	0	0	0.663	0.679
AUTS2	FOXP2	9606.ENSP00000344087	9606.ENSP00000386200	0	0	0	0	0.044	0	0	0.425	0.427
AUTS2	FOXP1	9606.ENSP00000344087	9606.ENSP00000484803	0	0	0	0	0.055	0	0	0.445	0.453
AUTS2	NLGN3	9606.ENSP00000344087	9606.ENSP00000351591	0	0	0	0	0.058	0	0	0.645	0.651
AUTS2	SHANK3	9606.ENSP00000344087	9606.ENSP00000489407	0	0	0	0	0.045	0	0	0.727	0.729
B3GALNT2	POMT2	9606.ENSP00000355559	9606.ENSP00000261534	0	0	0	0	0	0	0	0.851	0.851
B3GALNT2	GMPPB	9606.ENSP00000355559	9606.ENSP00000309092	0	0	0	0	0.074	0	0	0.791	0.798
B3GALNT2	POMGNT2	9606.ENSP00000355559	9606.ENSP00000344125	0	0	0	0	0.086	0	0.900	0.898	0.989
B3GALNT2	EOGT	9606.ENSP00000355559	9606.ENSP00000373206	0	0	0	0	0.086	0	0	0.527	0.549
B3GALNT2	DPM3	9606.ENSP00000355559	9606.ENSP00000357384	0	0	0	0	0	0	0	0.745	0.745
B3GALNT2	POMGNT1	9606.ENSP00000355559	9606.ENSP00000361060	0	0	0	0	0	0	0	0.834	0.834
B3GALT6	XYLT2	9606.ENSP00000368496	9606.ENSP00000017003	0	0	0	0	0.048	0.071	0	0.788	0.796
B3GALT6	B3GAT3	9606.ENSP00000368496	9606.ENSP00000265471	0	0	0	0	0.098	0	0.900	0.816	0.981
B3GALT6	CHST14	9606.ENSP00000368496	9606.ENSP00000307297	0	0	0	0	0.117	0	0	0.691	0.715
B3GALT6	CANT1	9606.ENSP00000368496	9606.ENSP00000307674	0	0	0	0	0.121	0	0	0.382	0.434
B3GALT6	SYNE4	9606.ENSP00000368496	9606.ENSP00000316130	0	0	0	0	0	0.436	0	0	0.436
B3GALT6	SLC39A13	9606.ENSP00000368496	9606.ENSP00000354689	0	0	0	0	0.074	0	0	0.599	0.612
B3GALT6	ZNF469	9606.ENSP00000368496	9606.ENSP00000456500	0	0	0	0	0.074	0	0	0.517	0.533
B3GALT6	CSGALNACT1	9606.ENSP00000368496	9606.ENSP00000411816	0	0	0	0	0	0	0	0.548	0.548
B3GALT6	SLC35B2	9606.ENSP00000368496	9606.ENSP00000377401	0	0	0	0	0.066	0	0	0.542	0.554
B3GAT3	XYLT2	9606.ENSP00000265471	9606.ENSP00000017003	0	0	0	0	0.057	0.132	0	0.744	0.772
B3GAT3	POMGNT1	9606.ENSP00000265471	9606.ENSP00000361060	0	0	0	0	0.220	0	0	0.272	0.408
B3GAT3	CHST11	9606.ENSP00000265471	9606.ENSP00000305725	0	0	0	0	0	0	0	0.436	0.436
B3GAT3	CHST14	9606.ENSP00000265471	9606.ENSP00000307297	0	0	0	0	0.056	0	0	0.590	0.596
B3GAT3	SLC35B2	9606.ENSP00000265471	9606.ENSP00000377401	0	0	0	0	0.211	0	0	0.769	0.810
B3GAT3	CSGALNACT1	9606.ENSP00000265471	9606.ENSP00000411816	0	0	0	0	0	0	0.900	0.630	0.961
B3GLCT	THSD1	9606.ENSP00000343002	9606.ENSP00000258613	0	0	0	0	0.056	0	0.400	0	0.409
B3GLCT	POMT2	9606.ENSP00000343002	9606.ENSP00000261534	0	0	0	0	0.058	0	0	0.424	0.434
B3GLCT	POFUT1	9606.ENSP00000343002	9606.ENSP00000364902	0	0	0	0	0.049	0	0	0.529	0.533
B3GLCT	SLC4A11	9606.ENSP00000343002	9606.ENSP00000369399	0	0	0	0	0	0	0	0.538	0.538
B9D1	CEP41	9606.ENSP00000261499	9606.ENSP00000223208	0	0	0	0	0.054	0	0	0.615	0.620
B9D1	NEK9	9606.ENSP00000261499	9606.ENSP00000238616	0	0	0	0	0	0	0	0.471	0.471
B9D1	IFT43	9606.ENSP00000261499	9606.ENSP00000238628	0	0	0	0	0.197	0	0	0.363	0.466
B9D1	BBS9	9606.ENSP00000261499	9606.ENSP00000242067	0	0	0	0	0.054	0	0	0.399	0.408
B9D1	TTC21B	9606.ENSP00000261499	9606.ENSP00000243344	0	0	0	0	0	0.068	0	0.447	0.462
B9D1	B9D2	9606.ENSP00000261499	9606.ENSP00000243578	0	0	0.084	0.761	0.079	0.882	0.800	0.959	0.999
B9D1	TMEM231	9606.ENSP00000261499	9606.ENSP00000258173	0	0	0	0	0.114	0.719	0.720	0.978	0.998
B9D1	IFT172	9606.ENSP00000261499	9606.ENSP00000260570	0	0	0	0	0.049	0	0	0.579	0.583
B9D1	BBS7	9606.ENSP00000261499	9606.ENSP00000264499	0	0	0	0	0.049	0	0	0.401	0.406
B9D1	IFT80	9606.ENSP00000261499	9606.ENSP00000312778	0	0	0	0	0.082	0	0	0.387	0.413
B9D1	EVC2	9606.ENSP00000261499	9606.ENSP00000342144	0	0	0	0	0	0	0	0.421	0.421
B9D1	IFT57	9606.ENSP00000261499	9606.ENSP00000264538	0	0	0	0	0.044	0	0	0.421	0.422
B9D1	WDR35	9606.ENSP00000261499	9606.ENSP00000314444	0	0	0	0	0.049	0	0	0.433	0.438
B9D1	IFT52	9606.ENSP00000261499	9606.ENSP00000362121	0	0	0	0	0.056	0	0	0.433	0.442
B9D1	IFT122	9606.ENSP00000261499	9606.ENSP00000296266	0	0	0	0	0.138	0	0	0.390	0.452
B9D1	INVS	9606.ENSP00000261499	9606.ENSP00000262457	0	0	0	0	0	0.052	0	0.466	0.472
B9D1	KIF7	9606.ENSP00000261499	9606.ENSP00000377934	0	0	0	0	0.049	0	0	0.482	0.486
B9D1	BBS5	9606.ENSP00000261499	9606.ENSP00000295240	0	0	0	0	0.049	0	0	0.483	0.488
B9D1	NEK8	9606.ENSP00000261499	9606.ENSP00000268766	0	0	0	0	0	0	0	0.505	0.505
B9D1	CSPP1	9606.ENSP00000261499	9606.ENSP00000262210	0	0	0	0	0	0	0	0.506	0.506
B9D1	HYLS1	9606.ENSP00000261499	9606.ENSP00000414884	0	0	0	0	0.044	0	0	0.507	0.509
B9D1	C2CD3	9606.ENSP00000261499	9606.ENSP00000334379	0	0	0	0	0	0	0	0.532	0.532
B9D1	BBS12	9606.ENSP00000261499	9606.ENSP00000438273	0	0	0	0	0.043	0	0	0.549	0.550
B9D1	WDR19	9606.ENSP00000261499	9606.ENSP00000382717	0	0	0	0	0	0	0	0.583	0.583
B9D1	TMEM138	9606.ENSP00000261499	9606.ENSP00000278826	0	0	0	0	0	0	0	0.621	0.621
B9D1	RPGRIP1	9606.ENSP00000261499	9606.ENSP00000382895	0	0	0	0	0	0	0	0.644	0.644
B9D1	CPLANE1	9606.ENSP00000261499	9606.ENSP00000389014	0	0	0	0	0	0	0	0.647	0.647
B9D1	TMEM218	9606.ENSP00000261499	9606.ENSP00000436596	0	0	0	0	0.042	0.095	0	0.665	0.684
B9D1	NPHP3	9606.ENSP00000261499	9606.ENSP00000338766	0	0	0	0	0	0	0	0.700	0.700
B9D1	RPGRIP1L	9606.ENSP00000261499	9606.ENSP00000493946	0	0	0	0	0.059	0	0	0.867	0.870
B9D1	TMEM237	9606.ENSP00000261499	9606.ENSP00000386264	0	0	0	0	0.083	0	0	0.887	0.892
B9D1	NPHP4	9606.ENSP00000261499	9606.ENSP00000367398	0	0	0	0	0.044	0	0	0.905	0.906
B9D1	TMEM107	9606.ENSP00000261499	9606.ENSP00000314116	0	0	0	0	0.147	0.095	0.720	0.809	0.953
B9D1	CEP290	9606.ENSP00000261499	9606.ENSP00000448012	0	0	0	0	0.089	0	0.720	0.954	0.987
B9D1	TCTN3	9606.ENSP00000261499	9606.ENSP00000483364	0	0	0	0	0.049	0.071	0.800	0.968	0.993
B9D1	MKS1	9606.ENSP00000261499	9606.ENSP00000376827	0	0	0	0.633	0.074	0.556	0.800	0.930	0.993
B9D1	TMEM216	9606.ENSP00000261499	9606.ENSP00000334844	0	0	0	0	0	0	0.800	0.979	0.995
B9D1	TMEM67	9606.ENSP00000261499	9606.ENSP00000389998	0	0	0	0	0.053	0	0.800	0.986	0.997
B9D1	TCTN2	9606.ENSP00000261499	9606.ENSP00000304941	0	0	0	0	0.118	0.363	0.800	0.982	0.997
B9D1	CC2D2A	9606.ENSP00000261499	9606.ENSP00000403465	0	0	0	0	0.066	0.233	0.800	0.989	0.998
B9D1	TCTN1	9606.ENSP00000261499	9606.ENSP00000380779	0	0	0	0	0.060	0.572	0.800	0.990	0.999
B9D2	CEP41	9606.ENSP00000243578	9606.ENSP00000223208	0	0	0	0	0	0	0	0.573	0.573
B9D2	NEK9	9606.ENSP00000243578	9606.ENSP00000238616	0	0	0	0	0	0	0	0.493	0.493
B9D2	BBS9	9606.ENSP00000243578	9606.ENSP00000242067	0	0	0	0	0	0	0	0.407	0.407
B9D2	TTC21B	9606.ENSP00000243578	9606.ENSP00000243344	0	0	0	0	0	0	0	0.474	0.474
B9D2	IFT122	9606.ENSP00000243578	9606.ENSP00000296266	0	0	0	0	0.056	0	0	0.404	0.413
B9D2	CSPP1	9606.ENSP00000243578	9606.ENSP00000262210	0	0	0	0	0	0	0	0.434	0.434
B9D2	BBS5	9606.ENSP00000243578	9606.ENSP00000295240	0	0	0	0	0	0	0	0.440	0.440
B9D2	C2CD3	9606.ENSP00000243578	9606.ENSP00000334379	0	0	0	0	0	0	0	0.447	0.447
B9D2	KIF7	9606.ENSP00000243578	9606.ENSP00000377934	0	0	0	0	0.047	0	0	0.446	0.449
B9D2	EVC2	9606.ENSP00000243578	9606.ENSP00000342144	0	0	0	0	0	0	0	0.456	0.456
B9D2	WDR19	9606.ENSP00000243578	9606.ENSP00000382717	0	0	0	0	0.047	0	0	0.464	0.467
B9D2	BBS12	9606.ENSP00000243578	9606.ENSP00000438273	0	0	0	0	0.042	0	0	0.503	0.503
B9D2	IFT52	9606.ENSP00000243578	9606.ENSP00000362121	0	0	0	0	0	0	0	0.505	0.505
B9D2	IFT172	9606.ENSP00000243578	9606.ENSP00000260570	0	0	0	0	0	0	0	0.514	0.514
B9D2	NEK8	9606.ENSP00000243578	9606.ENSP00000268766	0	0	0	0	0	0	0	0.557	0.557
B9D2	CPLANE1	9606.ENSP00000243578	9606.ENSP00000389014	0	0	0	0	0	0	0	0.582	0.582
B9D2	TMEM138	9606.ENSP00000243578	9606.ENSP00000278826	0	0	0	0	0	0	0	0.595	0.595
B9D2	RPGRIP1	9606.ENSP00000243578	9606.ENSP00000382895	0	0	0	0	0	0	0	0.633	0.633
B9D2	TMEM218	9606.ENSP00000243578	9606.ENSP00000436596	0	0	0	0	0.049	0	0	0.660	0.662
B9D2	NPHP3	9606.ENSP00000243578	9606.ENSP00000338766	0	0	0	0	0	0	0	0.669	0.669
B9D2	INVS	9606.ENSP00000243578	9606.ENSP00000262457	0	0	0	0	0	0.292	0	0.564	0.678
B9D2	RPGRIP1L	9606.ENSP00000243578	9606.ENSP00000493946	0	0	0	0	0	0	0	0.827	0.827
B9D2	TMEM237	9606.ENSP00000243578	9606.ENSP00000386264	0	0	0	0	0	0.048	0	0.853	0.854
B9D2	NPHP4	9606.ENSP00000243578	9606.ENSP00000367398	0	0	0	0	0	0	0	0.883	0.883
B9D2	TMEM107	9606.ENSP00000243578	9606.ENSP00000314116	0	0	0	0	0.049	0	0.720	0.781	0.936
B9D2	CEP290	9606.ENSP00000243578	9606.ENSP00000448012	0	0	0	0	0.067	0	0.720	0.894	0.970
B9D2	MKS1	9606.ENSP00000243578	9606.ENSP00000376827	0	0	0	0.704	0	0.642	0.800	0.671	0.974
B9D2	TCTN3	9606.ENSP00000243578	9606.ENSP00000483364	0	0	0	0	0	0.140	0.800	0.894	0.980
B9D2	TCTN2	9606.ENSP00000243578	9606.ENSP00000304941	0	0	0	0	0	0.438	0.800	0.949	0.993
B9D2	TMEM216	9606.ENSP00000243578	9606.ENSP00000334844	0	0	0	0	0.068	0	0.800	0.965	0.993
B9D2	TMEM67	9606.ENSP00000243578	9606.ENSP00000389998	0	0	0	0	0	0	0.800	0.974	0.994
B9D2	TMEM231	9606.ENSP00000243578	9606.ENSP00000258173	0	0	0	0	0.069	0.796	0.720	0.942	0.996
B9D2	CC2D2A	9606.ENSP00000243578	9606.ENSP00000403465	0	0	0	0	0	0.624	0.800	0.968	0.997
B9D2	TCTN1	9606.ENSP00000243578	9606.ENSP00000380779	0	0	0	0	0.050	0.726	0.800	0.953	0.997
BACH2	TBX21	9606.ENSP00000257749	9606.ENSP00000177694	0	0	0	0	0.060	0	0	0.464	0.474
BACH2	FOXP1	9606.ENSP00000257749	9606.ENSP00000484803	0	0	0	0	0.141	0	0	0.370	0.435
BACH2	BCL11B	9606.ENSP00000257749	9606.ENSP00000349723	0	0	0	0	0.083	0	0	0.444	0.468
BACH2	TBL1XR1	9606.ENSP00000257749	9606.ENSP00000405574	0	0	0	0	0.043	0	0	0.484	0.485
BACH2	IL21R	9606.ENSP00000257749	9606.ENSP00000338010	0	0	0	0	0.074	0	0	0.476	0.494
BACH2	PTPN22	9606.ENSP00000257749	9606.ENSP00000352833	0	0	0	0	0.056	0	0	0.557	0.564
BACH2	FOXP3	9606.ENSP00000257749	9606.ENSP00000365380	0	0	0	0	0	0	0	0.639	0.639
BBIP1	IFT43	9606.ENSP00000433157	9606.ENSP00000238628	0	0	0	0	0.044	0	0	0.472	0.473
BBIP1	BBS9	9606.ENSP00000433157	9606.ENSP00000242067	0	0	0	0	0.044	0	0.900	0.998	0.999
BBIP1	IFT172	9606.ENSP00000433157	9606.ENSP00000260570	0	0	0	0	0	0	0	0.545	0.545
BBIP1	BBS7	9606.ENSP00000433157	9606.ENSP00000264499	0	0	0	0	0.049	0.292	0.900	0.999	0.999
BBIP1	WDPCP	9606.ENSP00000433157	9606.ENSP00000272321	0	0	0	0	0.062	0	0	0.692	0.698
BBIP1	CCT5	9606.ENSP00000433157	9606.ENSP00000280326	0	0	0	0	0	0	0.400	0	0.400
BBIP1	BBS5	9606.ENSP00000433157	9606.ENSP00000295240	0	0	0	0	0	0.422	0.900	0.999	0.999
BBIP1	MKS1	9606.ENSP00000433157	9606.ENSP00000376827	0	0	0	0	0	0	0	0.663	0.663
BBIP1	WDR19	9606.ENSP00000433157	9606.ENSP00000382717	0	0	0	0	0.065	0	0	0.419	0.433
BBIP1	TMEM67	9606.ENSP00000433157	9606.ENSP00000389998	0	0	0	0	0.056	0	0	0.445	0.453
BBIP1	IFT74	9606.ENSP00000433157	9606.ENSP00000404122	0	0	0	0	0.066	0	0	0.507	0.519
BBIP1	TRIM32	9606.ENSP00000433157	9606.ENSP00000408292	0	0	0	0	0	0	0	0.507	0.507
BBIP1	CEP290	9606.ENSP00000433157	9606.ENSP00000448012	0	0	0	0	0.049	0	0	0.582	0.585
BBIP1	BBS12	9606.ENSP00000433157	9606.ENSP00000438273	0	0	0	0	0.042	0	0.400	0.728	0.830
BBIP1	BBS10	9606.ENSP00000433157	9606.ENSP00000497413	0	0	0	0	0.067	0	0.400	0.823	0.892
BBIP1	TTC8	9606.ENSP00000433157	9606.ENSP00000482306	0	0	0	0	0.049	0.422	0.900	0.966	0.997
BBS10	IFT43	9606.ENSP00000497413	9606.ENSP00000238628	0	0	0	0	0	0	0	0.400	0.400
BBS10	BBS9	9606.ENSP00000497413	9606.ENSP00000242067	0	0	0	0	0.064	0.292	0.400	0.948	0.976
BBS10	TTC21B	9606.ENSP00000497413	9606.ENSP00000243344	0	0	0	0	0.060	0	0	0.419	0.430
BBS10	IFT172	9606.ENSP00000497413	9606.ENSP00000260570	0	0	0	0	0	0	0	0.570	0.570
BBS10	BBS7	9606.ENSP00000497413	9606.ENSP00000264499	0	0	0	0	0.124	0.545	0.400	0.980	0.994
BBS10	WDPCP	9606.ENSP00000497413	9606.ENSP00000272321	0	0	0	0	0.094	0	0	0.854	0.862
BBS10	CCT5	9606.ENSP00000497413	9606.ENSP00000280326	0	0	0	0.559	0.681	0.585	0.876	0.100	0.983
BBS10	BBS5	9606.ENSP00000497413	9606.ENSP00000295240	0	0	0	0	0	0	0.400	0.969	0.980
BBS10	IFT122	9606.ENSP00000497413	9606.ENSP00000296266	0	0	0	0	0	0.071	0	0.401	0.420
BBS10	IFT80	9606.ENSP00000497413	9606.ENSP00000312778	0	0	0	0	0.101	0.071	0	0.342	0.403
BBS10	TMEM216	9606.ENSP00000497413	9606.ENSP00000334844	0	0	0	0	0.049	0	0	0.502	0.506
BBS10	NPHP3	9606.ENSP00000497413	9606.ENSP00000338766	0	0	0	0	0.128	0.045	0	0.390	0.448
BBS10	VPS13B	9606.ENSP00000497413	9606.ENSP00000351346	0	0	0	0	0.049	0	0	0.517	0.521
BBS10	VANGL2	9606.ENSP00000497413	9606.ENSP00000357040	0	0	0	0	0	0	0	0.430	0.430
BBS10	INPP5E	9606.ENSP00000497413	9606.ENSP00000360777	0	0	0	0	0	0	0	0.480	0.480
BBS10	NPHP4	9606.ENSP00000497413	9606.ENSP00000367398	0	0	0	0	0.049	0.071	0	0.377	0.401
BBS10	MKS1	9606.ENSP00000497413	9606.ENSP00000376827	0	0	0	0	0.049	0	0	0.904	0.904
BBS10	TMEM67	9606.ENSP00000497413	9606.ENSP00000389998	0	0	0	0	0.054	0	0	0.799	0.802
BBS10	IFT74	9606.ENSP00000497413	9606.ENSP00000404122	0	0	0	0	0.067	0.071	0	0.391	0.426
BBS10	TRIM32	9606.ENSP00000497413	9606.ENSP00000408292	0	0	0	0	0.090	0.045	0	0.804	0.815
BBS10	BBS12	9606.ENSP00000497413	9606.ENSP00000438273	0	0	0	0	0.082	0.292	0.800	0.999	0.999
BBS10	CEP290	9606.ENSP00000497413	9606.ENSP00000448012	0	0	0	0	0.072	0.211	0	0.847	0.878
BBS10	TTC8	9606.ENSP00000497413	9606.ENSP00000482306	0	0	0	0	0.106	0.045	0.400	0.861	0.919
BBS10	RPGRIP1L	9606.ENSP00000497413	9606.ENSP00000493946	0	0	0	0	0.067	0.071	0	0.678	0.697
BBS12	BBS9	9606.ENSP00000438273	9606.ENSP00000242067	0	0	0	0	0.062	0.292	0.400	0.927	0.967
BBS12	TTC21B	9606.ENSP00000438273	9606.ENSP00000243344	0	0	0	0	0.105	0	0	0.394	0.435
BBS12	TMEM231	9606.ENSP00000438273	9606.ENSP00000258173	0	0	0	0	0.065	0	0	0.520	0.532
BBS12	IFT172	9606.ENSP00000438273	9606.ENSP00000260570	0	0	0	0	0.044	0	0	0.543	0.544
BBS12	BBS7	9606.ENSP00000438273	9606.ENSP00000264499	0	0	0	0	0.211	0.625	0.400	0.977	0.995
BBS12	WDPCP	9606.ENSP00000438273	9606.ENSP00000272321	0	0	0	0	0.045	0	0	0.872	0.872
BBS12	CCT5	9606.ENSP00000438273	9606.ENSP00000280326	0	0	0	0	0	0.292	0.800	0.201	0.877
BBS12	BBS5	9606.ENSP00000438273	9606.ENSP00000295240	0	0	0	0	0.049	0	0.400	0.918	0.949
BBS12	TMEM216	9606.ENSP00000438273	9606.ENSP00000334844	0	0	0	0	0.049	0	0	0.519	0.523
BBS12	NPHP3	9606.ENSP00000438273	9606.ENSP00000338766	0	0	0	0	0.043	0	0	0.400	0.401
BBS12	VPS13B	9606.ENSP00000438273	9606.ENSP00000351346	0	0	0	0	0	0	0	0.584	0.584
BBS12	VANGL2	9606.ENSP00000438273	9606.ENSP00000357040	0	0	0	0	0	0	0	0.443	0.443
BBS12	INPP5E	9606.ENSP00000438273	9606.ENSP00000360777	0	0	0	0	0	0	0	0.500	0.499
BBS12	MKS1	9606.ENSP00000438273	9606.ENSP00000376827	0	0	0	0	0.049	0	0	0.853	0.854
BBS12	TMEM67	9606.ENSP00000438273	9606.ENSP00000389998	0	0	0	0	0.049	0	0	0.739	0.741
BBS12	CC2D2A	9606.ENSP00000438273	9606.ENSP00000403465	0	0	0	0	0.054	0	0	0.406	0.414
BBS12	IFT74	9606.ENSP00000438273	9606.ENSP00000404122	0	0	0	0	0.056	0	0	0.465	0.474
BBS12	TRIM32	9606.ENSP00000438273	9606.ENSP00000408292	0	0	0	0	0.074	0	0	0.817	0.823
BBS12	RPGRIP1L	9606.ENSP00000438273	9606.ENSP00000493946	0	0	0	0	0.056	0	0	0.717	0.722
BBS12	CEP290	9606.ENSP00000438273	9606.ENSP00000448012	0	0	0	0	0.047	0	0	0.806	0.807
BBS12	TTC8	9606.ENSP00000438273	9606.ENSP00000482306	0	0	0	0	0.097	0	0.400	0.868	0.922
BBS5	IFT43	9606.ENSP00000295240	9606.ENSP00000238628	0	0	0	0	0.047	0	0	0.531	0.534
BBS5	BBS9	9606.ENSP00000295240	9606.ENSP00000242067	0	0	0.207	0	0.085	0.892	0.900	0.999	0.999
BBS5	IFT81	9606.ENSP00000295240	9606.ENSP00000242591	0	0	0	0	0.049	0	0	0.635	0.638
BBS5	TTC21B	9606.ENSP00000295240	9606.ENSP00000243344	0	0	0	0	0	0	0	0.632	0.632
BBS5	TMEM231	9606.ENSP00000295240	9606.ENSP00000258173	0	0	0	0	0.111	0	0	0.418	0.461
BBS5	IFT172	9606.ENSP00000295240	9606.ENSP00000260570	0	0	0	0	0.067	0	0	0.635	0.645
BBS5	BBS7	9606.ENSP00000295240	9606.ENSP00000264499	0	0	0	0	0.109	0.851	0.900	0.999	0.999
BBS5	IFT57	9606.ENSP00000295240	9606.ENSP00000264538	0	0	0	0	0	0	0	0.538	0.538
BBS5	WDPCP	9606.ENSP00000295240	9606.ENSP00000272321	0	0	0	0	0.050	0	0	0.816	0.817
BBS5	CCT5	9606.ENSP00000295240	9606.ENSP00000280326	0	0	0	0	0	0	0.400	0.084	0.426
BBS5	GPR161	9606.ENSP00000295240	9606.ENSP00000441039	0	0	0	0	0.049	0	0	0.417	0.421
BBS5	DYNC2H1	9606.ENSP00000295240	9606.ENSP00000497174	0	0	0	0	0.049	0	0	0.419	0.424
BBS5	PRPF31	9606.ENSP00000295240	9606.ENSP00000324122	0	0	0	0	0	0	0	0.435	0.435
BBS5	TCTN2	9606.ENSP00000295240	9606.ENSP00000304941	0	0	0	0	0.062	0.052	0	0.425	0.444
BBS5	NPHP3	9606.ENSP00000295240	9606.ENSP00000338766	0	0	0	0	0.062	0.107	0	0.424	0.476
BBS5	WDR35	9606.ENSP00000295240	9606.ENSP00000314444	0	0	0	0	0.060	0	0	0.489	0.499
BBS5	TMEM216	9606.ENSP00000295240	9606.ENSP00000334844	0	0	0	0	0	0	0	0.500	0.500
BBS5	TRAF3IP1	9606.ENSP00000295240	9606.ENSP00000362424	0	0	0	0	0.095	0	0	0.487	0.516
BBS5	TTC26	9606.ENSP00000295240	9606.ENSP00000419279	0	0	0	0	0.124	0	0	0.471	0.517
BBS5	CC2D2A	9606.ENSP00000295240	9606.ENSP00000403465	0	0	0	0	0.076	0	0	0.505	0.523
BBS5	RPGRIP1L	9606.ENSP00000295240	9606.ENSP00000493946	0	0	0	0	0.055	0.050	0	0.519	0.530
BBS5	NPHP4	9606.ENSP00000295240	9606.ENSP00000367398	0	0	0	0	0.095	0.071	0	0.502	0.545
BBS5	DYNC2LI1	9606.ENSP00000295240	9606.ENSP00000474032	0	0	0	0	0.130	0	0	0.543	0.586
BBS5	IFT122	9606.ENSP00000295240	9606.ENSP00000296266	0	0	0	0	0.056	0	0	0.626	0.632
BBS5	IFT74	9606.ENSP00000295240	9606.ENSP00000404122	0	0	0	0	0	0.045	0	0.644	0.645
BBS5	IFT52	9606.ENSP00000295240	9606.ENSP00000362121	0	0	0	0	0.042	0	0	0.667	0.667
BBS5	IFT80	9606.ENSP00000295240	9606.ENSP00000312778	0	0	0	0	0.042	0	0	0.666	0.667
BBS5	WDR19	9606.ENSP00000295240	9606.ENSP00000382717	0	0	0	0	0.049	0	0	0.666	0.668
BBS5	TMEM67	9606.ENSP00000295240	9606.ENSP00000389998	0	0	0	0	0.127	0	0	0.716	0.741
BBS5	TRIM32	9606.ENSP00000295240	9606.ENSP00000408292	0	0	0	0	0	0	0	0.749	0.749
BBS5	MKS1	9606.ENSP00000295240	9606.ENSP00000376827	0	0	0	0	0.042	0	0	0.824	0.825
BBS5	CEP290	9606.ENSP00000295240	9606.ENSP00000448012	0	0	0	0	0	0.292	0	0.794	0.848
BBS5	TTC8	9606.ENSP00000295240	9606.ENSP00000482306	0	0	0.290	0	0.106	0.882	0.900	0.991	0.999
BBS7	IFT43	9606.ENSP00000264499	9606.ENSP00000238628	0	0	0	0	0.049	0	0	0.476	0.480
BBS7	BBS9	9606.ENSP00000264499	9606.ENSP00000242067	0	0	0	0	0.097	0.873	0.900	0.999	0.999
BBS7	IFT81	9606.ENSP00000264499	9606.ENSP00000242591	0	0	0	0	0.111	0	0	0.551	0.584
BBS7	TTC21B	9606.ENSP00000264499	9606.ENSP00000243344	0	0	0	0	0.067	0	0	0.544	0.556
BBS7	IFT172	9606.ENSP00000264499	9606.ENSP00000260570	0	0	0	0	0	0	0	0.697	0.697
BBS7	C2CD3	9606.ENSP00000264499	9606.ENSP00000334379	0	0	0	0	0	0.292	0	0.188	0.400
BBS7	TCTN2	9606.ENSP00000264499	9606.ENSP00000304941	0	0	0	0	0	0	0	0.407	0.407
BBS7	CC2D2A	9606.ENSP00000264499	9606.ENSP00000403465	0	0	0	0	0.054	0	0	0.404	0.412
BBS7	WDR34	9606.ENSP00000264499	9606.ENSP00000361800	0	0	0	0	0.055	0	0	0.406	0.415
BBS7	CCT5	9606.ENSP00000264499	9606.ENSP00000280326	0	0	0	0	0.042	0	0.400	0.068	0.418
BBS7	NPHP3	9606.ENSP00000264499	9606.ENSP00000338766	0	0	0	0	0.049	0.113	0	0.398	0.449
BBS7	RPGRIP1	9606.ENSP00000264499	9606.ENSP00000382895	0	0	0	0	0.087	0	0	0.425	0.452
BBS7	TMEM216	9606.ENSP00000264499	9606.ENSP00000334844	0	0	0	0	0.049	0	0	0.450	0.454
BBS7	DYNC2H1	9606.ENSP00000264499	9606.ENSP00000497174	0	0	0	0	0.076	0	0	0.457	0.477
BBS7	INPP5E	9606.ENSP00000264499	9606.ENSP00000360777	0	0	0	0	0.049	0	0	0.476	0.480
BBS7	TTC26	9606.ENSP00000264499	9606.ENSP00000419279	0	0	0	0	0.049	0	0	0.492	0.496
BBS7	WDR35	9606.ENSP00000264499	9606.ENSP00000314444	0	0	0	0	0.067	0	0	0.494	0.508
BBS7	VPS13B	9606.ENSP00000264499	9606.ENSP00000351346	0	0	0	0	0	0	0	0.509	0.509
BBS7	TRAF3IP1	9606.ENSP00000264499	9606.ENSP00000362424	0	0	0	0	0.064	0	0	0.501	0.513
BBS7	IFT122	9606.ENSP00000264499	9606.ENSP00000296266	0	0	0	0	0.106	0	0	0.488	0.523
BBS7	DYNC2LI1	9606.ENSP00000264499	9606.ENSP00000474032	0	0	0	0	0.140	0	0	0.515	0.565
BBS7	NPHP4	9606.ENSP00000264499	9606.ENSP00000367398	0	0	0	0	0.091	0	0	0.581	0.603
BBS7	RPGRIP1L	9606.ENSP00000264499	9606.ENSP00000493946	0	0	0	0	0.175	0	0	0.544	0.608
BBS7	IFT80	9606.ENSP00000264499	9606.ENSP00000312778	0	0	0	0	0.108	0	0	0.597	0.625
BBS7	IFT57	9606.ENSP00000264499	9606.ENSP00000264538	0	0	0	0	0.045	0	0	0.640	0.641
BBS7	IFT52	9606.ENSP00000264499	9606.ENSP00000362121	0	0	0	0	0.049	0	0	0.673	0.676
BBS7	IFT74	9606.ENSP00000264499	9606.ENSP00000404122	0	0	0	0	0.156	0	0	0.656	0.697
BBS7	WDR19	9606.ENSP00000264499	9606.ENSP00000382717	0	0	0	0	0.056	0.091	0	0.690	0.711
BBS7	TMEM67	9606.ENSP00000264499	9606.ENSP00000389998	0	0	0	0	0.122	0	0	0.699	0.724
BBS7	TRIM32	9606.ENSP00000264499	9606.ENSP00000408292	0	0	0	0	0.138	0	0	0.737	0.763
BBS7	WDPCP	9606.ENSP00000264499	9606.ENSP00000272321	0	0	0	0	0.109	0	0	0.800	0.814
BBS7	CEP290	9606.ENSP00000264499	9606.ENSP00000448012	0	0	0	0	0.083	0.201	0	0.782	0.826
BBS7	MKS1	9606.ENSP00000264499	9606.ENSP00000376827	0	0	0	0	0.049	0	0	0.825	0.827
BBS7	TTC8	9606.ENSP00000264499	9606.ENSP00000482306	0	0	0.319	0	0.330	0.843	0.900	0.983	0.999
BBS9	IFT43	9606.ENSP00000242067	9606.ENSP00000238628	0	0	0	0	0.064	0	0	0.433	0.447
BBS9	CCT5	9606.ENSP00000242067	9606.ENSP00000280326	0	0	0	0	0	0	0.400	0.052	0.406
BBS9	IFT52	9606.ENSP00000242067	9606.ENSP00000362121	0	0	0	0	0.116	0	0	0.363	0.413
BBS9	TTC21B	9606.ENSP00000242067	9606.ENSP00000243344	0	0	0	0	0.109	0	0	0.376	0.420
BBS9	TMEM231	9606.ENSP00000242067	9606.ENSP00000258173	0	0	0	0	0.047	0	0	0.423	0.426
BBS9	PRPF31	9606.ENSP00000242067	9606.ENSP00000324122	0	0	0	0	0	0	0	0.436	0.436
BBS9	NPHP3	9606.ENSP00000242067	9606.ENSP00000338766	0	0	0	0	0.049	0.128	0	0.390	0.450
BBS9	IFT57	9606.ENSP00000242067	9606.ENSP00000264538	0	0	0	0	0.048	0	0	0.489	0.493
BBS9	TMEM216	9606.ENSP00000242067	9606.ENSP00000334844	0	0	0	0	0.049	0	0	0.497	0.501
BBS9	NPHP4	9606.ENSP00000242067	9606.ENSP00000367398	0	0	0	0	0.095	0	0	0.474	0.504
BBS9	IFT122	9606.ENSP00000242067	9606.ENSP00000296266	0	0	0	0	0.074	0	0	0.492	0.509
BBS9	WDR35	9606.ENSP00000242067	9606.ENSP00000314444	0	0	0	0	0.124	0	0	0.464	0.511
BBS9	DYNC2H1	9606.ENSP00000242067	9606.ENSP00000497174	0	0	0	0	0.144	0	0	0.460	0.518
BBS9	RPGRIP1L	9606.ENSP00000242067	9606.ENSP00000493946	0	0	0	0	0.083	0	0	0.515	0.536
BBS9	IFT81	9606.ENSP00000242067	9606.ENSP00000242591	0	0	0	0	0.083	0	0	0.530	0.550
BBS9	IFT172	9606.ENSP00000242067	9606.ENSP00000260570	0	0	0	0	0.105	0	0	0.565	0.594
BBS9	IFT74	9606.ENSP00000242067	9606.ENSP00000404122	0	0	0	0	0.062	0	0	0.599	0.608
BBS9	IFT80	9606.ENSP00000242067	9606.ENSP00000312778	0	0	0	0	0.194	0	0	0.605	0.668
BBS9	WDR19	9606.ENSP00000242067	9606.ENSP00000382717	0	0	0	0	0.107	0.091	0	0.629	0.673
BBS9	TRIM32	9606.ENSP00000242067	9606.ENSP00000408292	0	0	0	0	0.128	0	0	0.744	0.767
BBS9	TMEM67	9606.ENSP00000242067	9606.ENSP00000389998	0	0	0	0	0.131	0	0	0.763	0.785
BBS9	WDPCP	9606.ENSP00000242067	9606.ENSP00000272321	0	0	0	0	0.100	0	0	0.814	0.825
BBS9	CEP290	9606.ENSP00000242067	9606.ENSP00000448012	0	0	0	0	0.063	0.201	0	0.809	0.845
BBS9	MKS1	9606.ENSP00000242067	9606.ENSP00000376827	0	0	0	0	0.082	0	0	0.869	0.875
BBS9	TTC8	9606.ENSP00000242067	9606.ENSP00000482306	0	0	0.201	0	0.058	0.970	0.900	0.985	0.999
BCL11A	SALL4	9606.ENSP00000496168	9606.ENSP00000217086	0	0	0	0.552	0.058	0.067	0	0.428	0.453
BCL11A	DLL4	9606.ENSP00000496168	9606.ENSP00000249749	0	0	0	0	0.047	0.095	0	0.393	0.430
BCL11A	JAZF1	9606.ENSP00000496168	9606.ENSP00000283928	0	0	0	0	0	0.045	0	0.423	0.425
BCL11A	SUZ12	9606.ENSP00000496168	9606.ENSP00000316578	0	0	0	0	0	0.470	0	0.203	0.559
BCL11A	BCL11B	9606.ENSP00000496168	9606.ENSP00000349723	0	0	0.048	0.958	0.192	0.624	0.900	0.695	0.989
BCL11A	SIN3A	9606.ENSP00000496168	9606.ENSP00000378402	0	0	0	0	0	0.464	0	0.537	0.741
BCL11A	SOX6	9606.ENSP00000496168	9606.ENSP00000379644	0	0	0	0	0.044	0.059	0	0.940	0.942
BCL11A	BICRA	9606.ENSP00000496168	9606.ENSP00000379946	0	0	0	0	0	0.058	0.900	0.203	0.918
BCL11A	KDM1A	9606.ENSP00000496168	9606.ENSP00000383042	0	0	0	0	0.054	0.049	0	0.865	0.867
BCL11A	PBRM1	9606.ENSP00000496168	9606.ENSP00000386593	0	0	0	0	0	0.053	0.720	0.488	0.852
BCL11B	TBX21	9606.ENSP00000349723	9606.ENSP00000177694	0	0	0	0	0.064	0.054	0	0.420	0.442
BCL11B	DLL4	9606.ENSP00000349723	9606.ENSP00000249749	0	0	0	0	0.047	0.095	0	0.499	0.530
BCL11B	CHD5	9606.ENSP00000349723	9606.ENSP00000262450	0	0	0	0	0.055	0.648	0	0	0.653
BCL11B	GSX2	9606.ENSP00000349723	9606.ENSP00000319118	0	0	0	0	0	0.057	0	0.556	0.563
BCL11B	PHF6	9606.ENSP00000349723	9606.ENSP00000329097	0	0	0	0	0.067	0.095	0	0.395	0.444
BCL11B	MYT1L	9606.ENSP00000349723	9606.ENSP00000497479	0	0	0	0	0.054	0	0	0.465	0.472
BCL11B	FOXP1	9606.ENSP00000349723	9606.ENSP00000484803	0	0	0	0	0.048	0.056	0	0.492	0.503
BCL11B	GATAD2B	9606.ENSP00000349723	9606.ENSP00000357644	0	0	0	0	0	0.476	0	0.199	0.563
BCL11B	FOXP2	9606.ENSP00000349723	9606.ENSP00000386200	0	0	0	0	0	0.056	0	0.625	0.631
BCL11B	SATB2	9606.ENSP00000349723	9606.ENSP00000401112	0	0	0	0	0.065	0.053	0	0.842	0.848
BCL11B	PBRM1	9606.ENSP00000349723	9606.ENSP00000386593	0	0	0	0	0	0.053	0.720	0.484	0.851
BCL11B	BICRA	9606.ENSP00000349723	9606.ENSP00000379946	0	0	0	0	0.049	0.058	0.900	0.120	0.910
BCOR	PHIP	9606.ENSP00000367705	9606.ENSP00000275034	0	0	0	0	0.056	0.456	0	0.046	0.467
BCOR	ZBTB7A	9606.ENSP00000367705	9606.ENSP00000323670	0	0	0	0	0.042	0.535	0	0.197	0.611
BCOR	PHF6	9606.ENSP00000367705	9606.ENSP00000329097	0	0	0	0	0.120	0.106	0	0.314	0.413
BCOR	FZR1	9606.ENSP00000367705	9606.ENSP00000378529	0	0	0	0	0	0.099	0.540	0.046	0.570
BEAN1	PLEKHG4	9606.ENSP00000442793	9606.ENSP00000353646	0	0	0	0	0	0	0	0.788	0.788
BEAN1	COQ8A	9606.ENSP00000442793	9606.ENSP00000355741	0	0	0	0	0	0	0	0.558	0.558
BHLHA9	LRRC56	9606.ENSP00000375248	9606.ENSP00000270115	0	0	0	0	0	0	0	0.428	0.428
BHLHA9	TIMM22	9606.ENSP00000375248	9606.ENSP00000320236	0	0	0	0	0	0	0	0.770	0.770
BHLHA9	LMBR1	9606.ENSP00000375248	9606.ENSP00000326604	0	0	0	0	0	0	0	0.518	0.518
BHLHA9	INPP5K	9606.ENSP00000375248	9606.ENSP00000413937	0	0	0	0	0	0	0	0.406	0.406
BICC1	NEK9	9606.ENSP00000362993	9606.ENSP00000238616	0	0	0	0	0	0	0	0.562	0.562
BICC1	MTPAP	9606.ENSP00000362993	9606.ENSP00000263063	0	0	0	0	0.108	0.300	0	0.154	0.425
BICC1	NEK8	9606.ENSP00000362993	9606.ENSP00000268766	0	0	0	0	0	0	0	0.591	0.591
BICC1	GLIS3	9606.ENSP00000362993	9606.ENSP00000371398	0	0	0	0	0.224	0	0	0.268	0.408
BICRA	BRD4	9606.ENSP00000379946	9606.ENSP00000263377	0	0	0	0	0.128	0.637	0	0.788	0.927
BICRA	PBRM1	9606.ENSP00000379946	9606.ENSP00000386593	0	0	0	0	0.090	0.319	0.720	0.633	0.928
BLNK	TLR7	9606.ENSP00000224337	9606.ENSP00000370034	0	0	0	0	0.210	0	0	0.276	0.404
BLNK	CARD9	9606.ENSP00000224337	9606.ENSP00000360797	0	0	0	0	0	0	0	0.463	0.463
BLNK	CD2AP	9606.ENSP00000224337	9606.ENSP00000352264	0	0	0	0	0.042	0.312	0	0.252	0.464
BLNK	CCDC65	9606.ENSP00000224337	9606.ENSP00000312706	0	0	0	0	0	0	0	0.549	0.549
BLNK	LRRC8A	9606.ENSP00000224337	9606.ENSP00000259324	0	0	0	0	0	0	0	0.654	0.654
BLNK	CARD11	9606.ENSP00000224337	9606.ENSP00000380150	0	0	0	0	0.130	0	0	0.679	0.709
BLOC1S3	HPS3	9606.ENSP00000393840	9606.ENSP00000296051	0	0	0	0	0	0	0.720	0.959	0.988
BLOC1S3	SLC45A2	9606.ENSP00000393840	9606.ENSP00000296589	0	0	0	0	0	0	0	0.478	0.478
BLOC1S3	HPS6	9606.ENSP00000393840	9606.ENSP00000299238	0	0	0	0	0.042	0	0.720	0.951	0.985
BLOC1S3	DTNBP1	9606.ENSP00000393840	9606.ENSP00000341680	0	0	0	0	0	0.780	0.900	0.998	0.999
BLOC1S3	TBC1D8B	9606.ENSP00000393840	9606.ENSP00000349781	0	0	0	0	0	0	0.500	0	0.499
BLOC1S3	BLOC1S5	9606.ENSP00000393840	9606.ENSP00000380598	0	0	0	0	0	0.696	0.900	0.874	0.995
BLOC1S3	LRMDA	9606.ENSP00000393840	9606.ENSP00000480240	0	0	0	0	0	0	0	0.571	0.571
BLOC1S3	BLOC1S6	9606.ENSP00000393840	9606.ENSP00000456851	0	0	0	0	0	0.751	0.900	0.999	0.999
BLOC1S5	VPS33A	9606.ENSP00000380598	9606.ENSP00000267199	0	0	0	0	0.128	0	0	0.431	0.483
BLOC1S5	HPS3	9606.ENSP00000380598	9606.ENSP00000296051	0	0	0	0	0.082	0	0.720	0.710	0.919
BLOC1S5	HPS6	9606.ENSP00000380598	9606.ENSP00000299238	0	0	0	0	0.063	0	0.720	0.588	0.882
BLOC1S5	DTNBP1	9606.ENSP00000380598	9606.ENSP00000341680	0	0	0	0	0.049	0.845	0.900	0.781	0.996
BLOC1S5	BLOC1S6	9606.ENSP00000380598	9606.ENSP00000456851	0	0	0	0	0.049	0.784	0.900	0.988	0.999
BLOC1S6	WDPCP	9606.ENSP00000456851	9606.ENSP00000272321	0	0	0	0	0.623	0	0	0	0.623
BLOC1S6	HPS3	9606.ENSP00000456851	9606.ENSP00000296051	0	0	0	0	0.043	0	0.720	0.938	0.982
BLOC1S6	SLC45A2	9606.ENSP00000456851	9606.ENSP00000296589	0	0	0	0	0	0	0	0.431	0.431
BLOC1S6	HPS6	9606.ENSP00000456851	9606.ENSP00000299238	0	0	0	0	0	0	0.720	0.954	0.986
BLOC1S6	DTNBP1	9606.ENSP00000456851	9606.ENSP00000341680	0	0	0	0	0.048	0.844	0.900	0.996	0.999
BLOC1S6	TBC1D8B	9606.ENSP00000456851	9606.ENSP00000349781	0	0	0	0	0.429	0	0.500	0	0.702
BLOC1S6	TRIM32	9606.ENSP00000456851	9606.ENSP00000408292	0	0	0	0	0	0	0	0.518	0.518
BLOC1S6	MYSM1	9606.ENSP00000456851	9606.ENSP00000418734	0	0	0	0	0.064	0	0	0.392	0.407
BLOC1S6	FTO	9606.ENSP00000456851	9606.ENSP00000418823	0	0	0	0	0.513	0	0	0	0.513
BLOC1S6	LRMDA	9606.ENSP00000456851	9606.ENSP00000480240	0	0	0	0	0	0	0	0.524	0.524
BRAT1	TUBGCP6	9606.ENSP00000339637	9606.ENSP00000248846	0	0	0	0	0.140	0	0	0.384	0.448
BRAT1	USP48	9606.ENSP00000339637	9606.ENSP00000309262	0	0	0	0	0.049	0.407	0	0	0.411
BRD4	CRBN	9606.ENSP00000263377	9606.ENSP00000231948	0	0	0	0	0	0.900	0	0.794	0.978
BRD4	NCAPH	9606.ENSP00000263377	9606.ENSP00000240423	0	0	0	0	0.062	0.328	0	0.136	0.409
BRD4	KDM6B	9606.ENSP00000263377	9606.ENSP00000254846	0	0	0	0	0.097	0.225	0	0.423	0.561
BRD4	KMT2C	9606.ENSP00000263377	9606.ENSP00000262189	0	0	0	0	0.176	0	0	0.377	0.465
BRD4	EGLN1	9606.ENSP00000263377	9606.ENSP00000355601	0	0	0	0	0.044	0.292	0	0.195	0.407
BRD4	WNK1	9606.ENSP00000263377	9606.ENSP00000341292	0	0	0	0	0.387	0	0	0.076	0.409
BRD4	ZMIZ1	9606.ENSP00000263377	9606.ENSP00000334474	0	0	0	0	0.136	0.110	0	0.293	0.410
BRD4	TET2	9606.ENSP00000263377	9606.ENSP00000442788	0	0	0	0	0.044	0	0	0.408	0.410
BRD4	NSD1	9606.ENSP00000263377	9606.ENSP00000395929	0	0	0	0	0.095	0.071	0	0.362	0.417
BRD4	PHF6	9606.ENSP00000263377	9606.ENSP00000329097	0	0	0	0	0.060	0.314	0	0.169	0.417
BRD4	SMC5	9606.ENSP00000263377	9606.ENSP00000354957	0	0	0	0	0.061	0.314	0	0.167	0.417
BRD4	SMARCAL1	9606.ENSP00000263377	9606.ENSP00000349823	0	0	0	0	0.054	0.354	0	0.134	0.425
BRD4	POLR1A	9606.ENSP00000263377	9606.ENSP00000263857	0	0	0	0	0.049	0.325	0	0.183	0.430
BRD4	HDAC8	9606.ENSP00000263377	9606.ENSP00000362674	0	0	0	0	0.060	0.071	0	0.414	0.444
BRD4	PHGDH	9606.ENSP00000263377	9606.ENSP00000493382	0	0	0	0	0.042	0.292	0	0.248	0.445
BRD4	KAT6B	9606.ENSP00000263377	9606.ENSP00000287239	0	0	0	0	0.079	0.126	0	0.366	0.446
BRD4	WDR48	9606.ENSP00000263377	9606.ENSP00000307491	0	0	0	0	0.067	0.421	0	0.068	0.453
BRD4	KDM3B	9606.ENSP00000263377	9606.ENSP00000326563	0	0	0	0	0.122	0.292	0	0.210	0.466
BRD4	MED13L	9606.ENSP00000263377	9606.ENSP00000281928	0	0	0	0	0.130	0.292	0	0.209	0.470
BRD4	EHMT1	9606.ENSP00000263377	9606.ENSP00000417980	0	0	0	0	0.085	0.314	0	0.240	0.482
BRD4	MRTFA	9606.ENSP00000263377	9606.ENSP00000498671	0	0	0	0	0.060	0	0	0.495	0.505
BRD4	CCT5	9606.ENSP00000263377	9606.ENSP00000280326	0	0	0	0	0.049	0.510	0	0	0.514
BRD4	WDR36	9606.ENSP00000263377	9606.ENSP00000423067	0	0	0	0	0.054	0.510	0	0	0.516
BRD4	PRPF31	9606.ENSP00000263377	9606.ENSP00000324122	0	0	0	0	0.054	0.510	0	0.048	0.520
BRD4	SIN3A	9606.ENSP00000263377	9606.ENSP00000378402	0	0	0	0	0.108	0.305	0	0.293	0.524
BRD4	FIP1L1	9606.ENSP00000263377	9606.ENSP00000336752	0	0	0	0	0.070	0.510	0	0	0.525
BRD4	SETD5	9606.ENSP00000263377	9606.ENSP00000385852	0	0	0	0	0.213	0.292	0	0.221	0.528
BRD4	KIF4A	9606.ENSP00000263377	9606.ENSP00000363524	0	0	0	0	0.049	0.510	0	0.072	0.529
BRD4	TUBB	9606.ENSP00000263377	9606.ENSP00000339001	0	0	0	0	0.044	0.510	0	0.088	0.535
BRD4	PRPF6	9606.ENSP00000263377	9606.ENSP00000266079	0	0	0	0	0.090	0.510	0	0.063	0.545
BRD4	SNRNP200	9606.ENSP00000263377	9606.ENSP00000317123	0	0	0	0	0.117	0.510	0	0.043	0.550
BRD4	ZFR	9606.ENSP00000263377	9606.ENSP00000265069	0	0	0	0	0.072	0.510	0	0.095	0.552
BRD4	MED25	9606.ENSP00000263377	9606.ENSP00000326767	0	0	0	0	0.128	0.510	0	0	0.554
BRD4	LMNB2	9606.ENSP00000263377	9606.ENSP00000327054	0	0	0	0	0.047	0.510	0	0.125	0.555
BRD4	NSUN2	9606.ENSP00000263377	9606.ENSP00000264670	0	0	0	0	0.070	0.510	0	0.109	0.559
BRD4	NOP10	9606.ENSP00000263377	9606.ENSP00000332198	0	0	0	0	0.054	0	0	0.555	0.561
BRD4	SF3B1	9606.ENSP00000263377	9606.ENSP00000335321	0	0	0	0	0.082	0.510	0	0.124	0.571
BRD4	TIMM50	9606.ENSP00000263377	9606.ENSP00000445806	0	0	0	0	0.120	0.510	0	0.115	0.585
BRD4	SETD2	9606.ENSP00000263377	9606.ENSP00000386759	0	0	0	0	0.074	0.314	0	0.411	0.593
BRD4	CDC73	9606.ENSP00000263377	9606.ENSP00000356405	0	0	0	0	0.083	0.510	0	0.166	0.593
BRD4	ZNF687	9606.ENSP00000263377	9606.ENSP00000319829	0	0	0	0	0.063	0.519	0	0.200	0.608
BRD4	PBRM1	9606.ENSP00000263377	9606.ENSP00000386593	0	0	0	0.547	0.109	0.516	0	0.217	0.633
BRD4	KMT5B	9606.ENSP00000263377	9606.ENSP00000305899	0	0	0	0	0.060	0.606	0	0.174	0.667
BRD4	KAT8	9606.ENSP00000263377	9606.ENSP00000406037	0	0	0	0	0.048	0.516	0	0.366	0.682
BRD4	SUZ12	9606.ENSP00000263377	9606.ENSP00000316578	0	0	0	0	0.067	0.510	0	0.396	0.699
BRD4	GATAD2B	9606.ENSP00000263377	9606.ENSP00000357644	0	0	0	0	0.166	0.625	0	0.173	0.719
BRD4	KDM1A	9606.ENSP00000263377	9606.ENSP00000383042	0	0	0	0	0.080	0.292	0	0.729	0.808
BRD4	NUTM1	9606.ENSP00000263377	9606.ENSP00000444896	0	0	0	0	0	0	0	0.981	0.981
BRIP1	SMC5	9606.ENSP00000259008	9606.ENSP00000354957	0.053	0	0	0	0.102	0.100	0	0.323	0.412
BRIP1	RNASEH1	9606.ENSP00000259008	9606.ENSP00000313350	0.059	0	0	0	0.059	0	0	0.395	0.418
BRIP1	NHP2	9606.ENSP00000259008	9606.ENSP00000274606	0	0	0	0	0.057	0	0	0.408	0.418
BRIP1	WDR48	9606.ENSP00000259008	9606.ENSP00000307491	0	0	0	0	0	0	0	0.480	0.480
BRIP1	RAD54B	9606.ENSP00000259008	9606.ENSP00000336606	0	0	0	0	0.319	0.071	0	0.302	0.520
BRIP1	ESCO2	9606.ENSP00000259008	9606.ENSP00000306999	0	0	0	0	0.332	0.135	0	0.301	0.561
BRIP1	RFWD3	9606.ENSP00000259008	9606.ENSP00000354361	0	0	0	0	0.110	0	0	0.599	0.627
BRIP1	RTEL1	9606.ENSP00000259008	9606.ENSP00000353332	0	0	0	0.655	0.042	0	0.500	0.294	0.632
BRIP1	SMARCAL1	9606.ENSP00000259008	9606.ENSP00000349823	0	0	0	0	0.089	0.071	0	0.647	0.676
BRIP1	UBE2T	9606.ENSP00000259008	9606.ENSP00000494957	0	0	0	0	0.200	0.051	0	0.687	0.742
BRIP1	SLX4	9606.ENSP00000259008	9606.ENSP00000294008	0.069	0	0	0	0.109	0	0.500	0.803	0.907
BRIP1	FANCL	9606.ENSP00000259008	9606.ENSP00000385021	0	0	0	0	0.068	0	0	0.910	0.912
BRIP1	FANCM	9606.ENSP00000259008	9606.ENSP00000267430	0	0	0	0	0.154	0.091	0	0.964	0.969
BRIP1	FANCI	9606.ENSP00000259008	9606.ENSP00000310842	0	0	0	0	0.256	0	0	0.993	0.994
BRIP1	PALB2	9606.ENSP00000259008	9606.ENSP00000261584	0	0	0	0	0.149	0.292	0.900	0.980	0.998
BRWD3	PHIP	9606.ENSP00000362372	9606.ENSP00000275034	0	0	0.056	0.949	0.231	0.421	0	0.059	0.552
BRWD3	UPF3B	9606.ENSP00000362372	9606.ENSP00000276201	0	0	0	0	0.177	0	0	0.437	0.517
BRWD3	PHF6	9606.ENSP00000362372	9606.ENSP00000329097	0	0	0	0	0.232	0.092	0	0.304	0.473
BRWD3	POF1B	9606.ENSP00000362372	9606.ENSP00000362238	0	0	0	0	0.102	0	0	0.374	0.414
BRWD3	NSD1	9606.ENSP00000362372	9606.ENSP00000395929	0	0	0	0	0.147	0.092	0	0.333	0.438
BRWD3	MYSM1	9606.ENSP00000362372	9606.ENSP00000418734	0	0	0	0	0.411	0.087	0	0.067	0.455
BSCL2	SPG21	9606.ENSP00000354032	9606.ENSP00000204566	0	0	0	0	0.042	0	0	0.571	0.571
BSCL2	FA2H	9606.ENSP00000354032	9606.ENSP00000219368	0	0	0	0	0	0	0	0.522	0.522
BSCL2	GDAP1	9606.ENSP00000354032	9606.ENSP00000220822	0	0	0	0	0.080	0	0	0.597	0.614
BSCL2	SETX	9606.ENSP00000354032	9606.ENSP00000224140	0	0	0	0	0.059	0	0	0.445	0.455
BSCL2	ZFYVE26	9606.ENSP00000354032	9606.ENSP00000251119	0	0	0	0	0.042	0	0	0.506	0.506
BSCL2	SPG11	9606.ENSP00000354032	9606.ENSP00000261866	0	0	0	0	0	0	0	0.643	0.643
BSCL2	SNX14	9606.ENSP00000354032	9606.ENSP00000313121	0	0	0	0	0	0	0	0.441	0.441
BSCL2	LRSAM1	9606.ENSP00000354032	9606.ENSP00000322937	0	0	0	0	0.063	0	0	0.432	0.445
BSCL2	PNPLA2	9606.ENSP00000354032	9606.ENSP00000337701	0	0	0	0	0.042	0	0	0.547	0.548
BSCL2	CAVIN1	9606.ENSP00000354032	9606.ENSP00000349541	0	0	0	0	0	0	0	0.858	0.858
BSCL2	TRPV4	9606.ENSP00000354032	9606.ENSP00000406191	0	0	0	0	0	0	0	0.474	0.474
BSCL2	ZFYVE27	9606.ENSP00000354032	9606.ENSP00000409594	0	0	0	0	0	0	0	0.489	0.489
BSCL2	DDHD2	9606.ENSP00000354032	9606.ENSP00000380352	0	0	0	0	0.043	0	0	0.530	0.531
BSCL2	REEP2	9606.ENSP00000354032	9606.ENSP00000367590	0	0	0	0	0.067	0	0	0.529	0.542
BSCL2	CIDEC	9606.ENSP00000354032	9606.ENSP00000373328	0	0	0	0	0	0	0	0.657	0.657
BSCL2	LPIN1	9606.ENSP00000354032	9606.ENSP00000397908	0	0	0	0	0	0.071	0	0.713	0.722
BSCL2	FITM2	9606.ENSP00000354032	9606.ENSP00000380037	0	0	0	0	0	0.075	0	0.730	0.740
BUD23	EXOSC5	9606.ENSP00000401191	9606.ENSP00000221233	0	0	0	0	0.531	0	0	0	0.531
BUD23	TRMT5	9606.ENSP00000401191	9606.ENSP00000261249	0	0	0	0	0.260	0.088	0	0.274	0.467
BUD23	NSUN2	9606.ENSP00000401191	9606.ENSP00000264670	0	0	0	0	0.214	0	0	0.429	0.533
BUD23	TRMT10A	9606.ENSP00000401191	9606.ENSP00000273962	0	0	0	0	0.130	0	0	0.423	0.477
BUD23	NHP2	9606.ENSP00000401191	9606.ENSP00000274606	0	0	0	0	0.357	0.113	0	0.137	0.465
BUD23	COQ5	9606.ENSP00000401191	9606.ENSP00000288532	0	0.451	0	0	0.053	0	0	0.156	0.523
BUD23	METTL27	9606.ENSP00000401191	9606.ENSP00000297873	0	0	0	0	0.056	0	0	0.392	0.401
BUD23	POLR1D	9606.ENSP00000401191	9606.ENSP00000302478	0	0	0	0	0.689	0	0	0.073	0.699
BUD23	TBL2	9606.ENSP00000401191	9606.ENSP00000307260	0	0	0	0	0.081	0.091	0	0.489	0.536
BUD23	DHX37	9606.ENSP00000401191	9606.ENSP00000311135	0	0	0	0	0.168	0.097	0	0.613	0.684
BUD23	TRMT10C	9606.ENSP00000401191	9606.ENSP00000312356	0	0	0	0	0.127	0	0	0.443	0.493
BUD23	TMEM270	9606.ENSP00000401191	9606.ENSP00000316775	0	0	0	0	0.047	0	0	0.479	0.482
BUD23	VPS37D	9606.ENSP00000401191	9606.ENSP00000320416	0	0.184	0	0	0.048	0	0	0.321	0.427
BUD23	FTSJ1	9606.ENSP00000401191	9606.ENSP00000326948	0	0	0	0	0.212	0.050	0	0.490	0.585
BUD23	TSR2	9606.ENSP00000401191	9606.ENSP00000364293	0	0	0	0	0.544	0.094	0	0	0.569
BUD23	DNAJC30	9606.ENSP00000401191	9606.ENSP00000378605	0	0	0	0	0.057	0.071	0	0.544	0.565
BUD23	TRMT1	9606.ENSP00000401191	9606.ENSP00000466967	0	0	0	0	0.244	0	0	0.280	0.433
BUD23	PUS7	9606.ENSP00000401191	9606.ENSP00000417402	0	0	0	0	0.231	0.054	0	0.422	0.543
BUD23	WDR36	9606.ENSP00000401191	9606.ENSP00000423067	0	0	0	0	0.546	0	0	0	0.546
C11orf80	REC114	9606.ENSP00000354227	9606.ENSP00000328423	0	0	0	0	0	0	0	0.824	0.824
C11orf80	KHDC3L	9606.ENSP00000354227	9606.ENSP00000359392	0	0	0	0	0	0	0	0.417	0.416
C11orf80	MEI1	9606.ENSP00000354227	9606.ENSP00000384115	0	0	0	0	0	0	0	0.712	0.712
C12orf4	TRNT1	9606.ENSP00000261250	9606.ENSP00000251607	0	0	0	0	0.338	0	0	0.181	0.434
C12orf4	TRMT5	9606.ENSP00000261250	9606.ENSP00000261249	0	0	0	0	0.438	0	0	0	0.438
C12orf4	EXOC8	9606.ENSP00000261250	9606.ENSP00000355605	0	0	0	0	0.620	0	0	0	0.620
C12orf57	ERAP1	9606.ENSP00000229281	9606.ENSP00000296754	0	0	0	0	0.042	0	0	0.440	0.440
C12orf57	TBL1XR1	9606.ENSP00000229281	9606.ENSP00000405574	0	0	0	0	0.049	0	0	0.478	0.482
C12orf57	POLR3H	9606.ENSP00000229281	9606.ENSP00000347345	0	0	0	0	0	0	0	0.665	0.665
C18orf32	UBAC2	9606.ENSP00000480941	9606.ENSP00000383911	0	0	0	0	0	0	0	0.474	0.474
C1GALT1C1	POFUT1	9606.ENSP00000304364	9606.ENSP00000364902	0	0	0	0	0	0	0	0.418	0.418
C1GALT1C1	TMEM165	9606.ENSP00000304364	9606.ENSP00000370736	0	0	0	0	0.130	0	0	0.384	0.442
C1GALT1C1	MUC5B	9606.ENSP00000304364	9606.ENSP00000436812	0	0	0	0	0	0.045	0.400	0.124	0.454
C1QTNF5	MFRP	9606.ENSP00000431140	9606.ENSP00000481824	0	0.269	0	0	0	0.639	0	0.635	0.895
C2CD3	CEP41	9606.ENSP00000334379	9606.ENSP00000223208	0	0	0	0	0	0	0	0.497	0.497
C2CD3	TTC21B	9606.ENSP00000334379	9606.ENSP00000243344	0	0	0	0	0.044	0	0	0.447	0.448
C2CD3	TMEM231	9606.ENSP00000334379	9606.ENSP00000258173	0	0	0	0	0.042	0	0	0.573	0.573
C2CD3	IFT172	9606.ENSP00000334379	9606.ENSP00000260570	0	0	0	0	0.049	0	0	0.555	0.559
C2CD3	CSPP1	9606.ENSP00000334379	9606.ENSP00000262210	0	0	0	0	0.048	0	0	0.447	0.451
C2CD3	TMEM138	9606.ENSP00000334379	9606.ENSP00000278826	0	0	0	0	0.049	0	0	0.505	0.509
C2CD3	SCLT1	9606.ENSP00000334379	9606.ENSP00000281142	0	0	0	0	0	0	0	0.726	0.726
C2CD3	CEP120	9606.ENSP00000334379	9606.ENSP00000303058	0	0	0	0	0	0	0	0.732	0.732
C2CD3	TCTN2	9606.ENSP00000334379	9606.ENSP00000304941	0	0	0	0	0.056	0	0	0.436	0.444
C2CD3	DDX59	9606.ENSP00000334379	9606.ENSP00000330460	0	0	0	0	0	0	0	0.448	0.448
C2CD3	IFT52	9606.ENSP00000334379	9606.ENSP00000362121	0	0	0	0	0.044	0	0	0.454	0.456
C2CD3	CEP19	9606.ENSP00000334379	9606.ENSP00000387209	0	0	0	0	0	0	0	0.469	0.469
C2CD3	TCTN1	9606.ENSP00000334379	9606.ENSP00000380779	0	0	0	0	0.049	0	0	0.466	0.470
C2CD3	TMEM237	9606.ENSP00000334379	9606.ENSP00000386264	0	0	0	0	0	0	0	0.480	0.480
C2CD3	KIF7	9606.ENSP00000334379	9606.ENSP00000377934	0	0	0	0	0	0	0	0.481	0.481
C2CD3	MKS1	9606.ENSP00000334379	9606.ENSP00000376827	0	0	0	0	0.045	0	0	0.493	0.495
C2CD3	CEP290	9606.ENSP00000334379	9606.ENSP00000448012	0	0	0	0	0.042	0	0	0.495	0.495
C2CD3	TMEM67	9606.ENSP00000334379	9606.ENSP00000389998	0	0	0	0	0.042	0	0	0.500	0.501
C2CD3	TMEM216	9606.ENSP00000334379	9606.ENSP00000334844	0	0	0	0	0	0	0	0.519	0.519
C2CD3	HYLS1	9606.ENSP00000334379	9606.ENSP00000414884	0	0	0	0	0	0	0	0.523	0.523
C2CD3	NIN	9606.ENSP00000334379	9606.ENSP00000371472	0	0	0	0	0.048	0.164	0	0.475	0.545
C2CD3	RPGRIP1L	9606.ENSP00000334379	9606.ENSP00000493946	0	0	0	0	0.063	0	0	0.546	0.556
C2CD3	CC2D2A	9606.ENSP00000334379	9606.ENSP00000403465	0	0	0	0	0.042	0	0	0.578	0.578
C2CD3	NPHP4	9606.ENSP00000334379	9606.ENSP00000367398	0	0	0	0	0.043	0	0	0.593	0.594
C2CD3	TCTN3	9606.ENSP00000334379	9606.ENSP00000483364	0	0	0	0	0	0	0	0.608	0.608
C2CD3	CPLANE1	9606.ENSP00000334379	9606.ENSP00000389014	0	0	0	0	0.066	0	0	0.605	0.615
C2CD3	CEP83	9606.ENSP00000334379	9606.ENSP00000380911	0	0	0	0	0	0	0	0.720	0.720
C3orf52	LIPH	9606.ENSP00000399392	9606.ENSP00000296252	0	0	0	0	0.108	0.360	0	0.434	0.649
C3orf52	SLITRK1	9606.ENSP00000399392	9606.ENSP00000366288	0	0	0	0	0	0	0	0.446	0.446
C9orf72	SETX	9606.ENSP00000482753	9606.ENSP00000224140	0	0	0	0	0.053	0	0	0.741	0.744
C9orf72	TARDBP	9606.ENSP00000482753	9606.ENSP00000240185	0	0	0	0	0	0	0	0.943	0.943
C9orf72	SPG11	9606.ENSP00000482753	9606.ENSP00000261866	0	0	0	0	0.050	0	0	0.620	0.623
C9orf72	CHMP2B	9606.ENSP00000482753	9606.ENSP00000263780	0	0	0	0	0.167	0	0	0.825	0.848
C9orf72	FLCN	9606.ENSP00000482753	9606.ENSP00000285071	0	0	0	0	0	0	0	0.498	0.498
C9orf72	LRRK2	9606.ENSP00000482753	9606.ENSP00000298910	0	0	0	0	0.081	0	0	0.571	0.588
C9orf72	SIX5	9606.ENSP00000482753	9606.ENSP00000316842	0	0	0	0	0	0	0	0.411	0.411
C9orf72	TBK1	9606.ENSP00000482753	9606.ENSP00000329967	0	0	0	0	0.129	0.292	0	0.823	0.881
C9orf72	LAMTOR2	9606.ENSP00000482753	9606.ENSP00000357288	0	0	0	0	0	0	0.720	0.272	0.787
C9orf72	PINK1	9606.ENSP00000482753	9606.ENSP00000364204	0	0	0	0	0	0	0	0.480	0.480
C9orf72	CHCHD10	9606.ENSP00000482753	9606.ENSP00000384973	0	0	0	0	0	0	0	0.720	0.720
C9orf72	UNC13A	9606.ENSP00000482753	9606.ENSP00000429562	0	0	0	0	0	0	0	0.609	0.609
C9orf72	NUP62	9606.ENSP00000482753	9606.ENSP00000471191	0	0	0	0	0	0	0	0.574	0.574
CADM3	NFASC	9606.ENSP00000357106	9606.ENSP00000344786	0	0	0	0	0.166	0	0	0.317	0.406
CANT1	RRM2B	9606.ENSP00000307674	9606.ENSP00000251810	0	0	0	0	0.049	0	0.911	0.128	0.920
CANT1	PDE11A	9606.ENSP00000307674	9606.ENSP00000286063	0	0	0	0	0	0	0.650	0.116	0.677
CANT1	CHST14	9606.ENSP00000307674	9606.ENSP00000307297	0	0	0	0	0.049	0	0	0.423	0.428
CANT1	NT5C2	9606.ENSP00000307674	9606.ENSP00000339479	0	0	0	0	0.044	0	0.691	0	0.692
CARD10	NOD2	9606.ENSP00000384570	9606.ENSP00000300589	0	0	0	0	0.058	0	0	0.487	0.496
CARD10	TMEM43	9606.ENSP00000384570	9606.ENSP00000303992	0	0	0	0	0	0.322	0	0.632	0.739
CARD10	CARD9	9606.ENSP00000384570	9606.ENSP00000360797	0	0	0	0.793	0.068	0.084	0.360	0.247	0.534
CARD10	CARD11	9606.ENSP00000384570	9606.ENSP00000380150	0	0	0.069	0.832	0.042	0	0.900	0.497	0.949
CARD10	CARD14	9606.ENSP00000384570	9606.ENSP00000498071	0	0	0	0.660	0	0	0.900	0.591	0.957
CARD11	NOD2	9606.ENSP00000380150	9606.ENSP00000300589	0	0	0	0	0.146	0	0	0.523	0.575
CARD11	CLEC7A	9606.ENSP00000380150	9606.ENSP00000302569	0	0	0	0	0.053	0	0	0.591	0.596
CARD11	ICOS	9606.ENSP00000380150	9606.ENSP00000319476	0	0	0	0	0.196	0	0	0.323	0.432
CARD11	CARMIL2	9606.ENSP00000380150	9606.ENSP00000334958	0	0	0	0	0.084	0.095	0	0.609	0.647
CARD11	TAB2	9606.ENSP00000380150	9606.ENSP00000356426	0	0	0	0	0.051	0	0.500	0.370	0.674
CARD11	CARD9	9606.ENSP00000380150	9606.ENSP00000360797	0	0	0.066	0.873	0.110	0.045	0.360	0.702	0.821
CARD11	ZNF341	9606.ENSP00000380150	9606.ENSP00000364346	0	0	0	0	0.049	0.100	0	0.404	0.445
CARD11	FOXP3	9606.ENSP00000380150	9606.ENSP00000365380	0	0	0	0	0.073	0	0	0.396	0.416
CARD11	IRAK4	9606.ENSP00000380150	9606.ENSP00000479889	0	0	0	0	0.047	0.090	0	0.385	0.420
CARD11	TBL1XR1	9606.ENSP00000380150	9606.ENSP00000405574	0	0	0	0	0.067	0	0	0.418	0.434
CARD11	CARD14	9606.ENSP00000380150	9606.ENSP00000498071	0	0	0	0.761	0	0	0.900	0.240	0.920
CARD14	IL36RN	9606.ENSP00000498071	9606.ENSP00000259212	0	0	0	0	0.082	0	0	0.771	0.780
CARD14	ZNF750	9606.ENSP00000498071	9606.ENSP00000269394	0	0	0	0	0.126	0	0	0.591	0.627
CARD14	ERAP1	9606.ENSP00000498071	9606.ENSP00000296754	0	0	0	0	0.052	0	0	0.397	0.403
CARD14	NOD2	9606.ENSP00000498071	9606.ENSP00000300589	0	0	0	0	0.064	0	0	0.766	0.771
CARD14	IL23R	9606.ENSP00000498071	9606.ENSP00000321345	0	0	0	0	0	0	0	0.620	0.620
CARD14	PRPF31	9606.ENSP00000498071	9606.ENSP00000324122	0	0	0	0	0	0.488	0	0	0.487
CARD14	PTPN22	9606.ENSP00000498071	9606.ENSP00000352833	0	0	0	0	0	0	0	0.423	0.422
CARD14	CARD9	9606.ENSP00000498071	9606.ENSP00000360797	0	0	0	0.654	0.068	0.045	0	0.602	0.614
CARD9	ERAP1	9606.ENSP00000360797	9606.ENSP00000296754	0	0	0	0	0.086	0	0	0.456	0.481
CARD9	NOD2	9606.ENSP00000360797	9606.ENSP00000300589	0	0	0	0	0.153	0	0.500	0.989	0.995
CARD9	CLEC7A	9606.ENSP00000360797	9606.ENSP00000302569	0	0	0	0	0.094	0	0	0.971	0.973
CARD9	IL17RA	9606.ENSP00000360797	9606.ENSP00000320936	0	0	0	0	0.110	0	0	0.544	0.577
CARD9	IL23R	9606.ENSP00000360797	9606.ENSP00000321345	0	0	0	0	0	0	0	0.709	0.709
CARD9	NLRP3	9606.ENSP00000360797	9606.ENSP00000337383	0	0	0	0	0.101	0	0	0.739	0.756
CARD9	IL17F	9606.ENSP00000360797	9606.ENSP00000337432	0	0	0	0	0	0	0	0.507	0.507
CARD9	PMPCA	9606.ENSP00000360797	9606.ENSP00000360782	0	0	0	0	0.058	0	0	0.447	0.457
CARD9	TLR7	9606.ENSP00000360797	9606.ENSP00000370034	0	0	0	0	0.097	0	0	0.401	0.436
CARD9	NLRC4	9606.ENSP00000360797	9606.ENSP00000385428	0	0	0	0	0.105	0	0	0.435	0.472
CARD9	IFIH1	9606.ENSP00000360797	9606.ENSP00000497271	0	0	0	0	0.129	0	0	0.742	0.765
CARD9	DDX58	9606.ENSP00000360797	9606.ENSP00000369213	0	0	0	0	0.105	0.047	0	0.833	0.845
CARMIL2	SLC45A1	9606.ENSP00000334958	9606.ENSP00000418096	0	0	0	0	0.042	0.610	0	0	0.610
CARMIL2	FOXD3	9606.ENSP00000334958	9606.ENSP00000360157	0	0	0	0	0.044	0.610	0	0	0.611
CARS2	EIF2AK1	9606.ENSP00000257347	9606.ENSP00000199389	0	0	0	0	0.293	0	0	0.229	0.431
CARS2	TRNT1	9606.ENSP00000257347	9606.ENSP00000251607	0.120	0	0	0	0.087	0	0	0.420	0.494
CARS2	TRMT10C	9606.ENSP00000257347	9606.ENSP00000312356	0	0	0	0	0.122	0.311	0	0.086	0.400
CARS2	FLAD1	9606.ENSP00000257347	9606.ENSP00000292180	0.070	0	0	0	0.063	0	0.163	0.285	0.408
CARS2	SLX4	9606.ENSP00000257347	9606.ENSP00000294008	0.095	0	0	0	0.195	0	0	0.256	0.411
CARS2	NAXD	9606.ENSP00000257347	9606.ENSP00000311984	0.060	0	0	0	0.138	0	0	0.349	0.426
CARS2	TRIT1	9606.ENSP00000257347	9606.ENSP00000321810	0.042	0	0	0	0.054	0	0	0.438	0.447
CARS2	QRSL1	9606.ENSP00000257347	9606.ENSP00000358042	0	0	0	0	0.102	0	0	0.415	0.452
CARS2	GFM1	9606.ENSP00000257347	9606.ENSP00000264263	0	0	0	0	0.056	0.088	0	0.441	0.477
CARS2	SQOR	9606.ENSP00000257347	9606.ENSP00000456019	0.057	0	0	0	0.049	0	0	0.486	0.499
CARS2	EIF2AK4	9606.ENSP00000257347	9606.ENSP00000263791	0	0	0	0	0.308	0	0	0.313	0.505
CARS2	MTO1	9606.ENSP00000257347	9606.ENSP00000402038	0.058	0	0	0	0.586	0	0	0.183	0.653
CARS2	DARS2	9606.ENSP00000257347	9606.ENSP00000497569	0	0	0	0	0.154	0	0	0.708	0.743
CARS2	HARS2	9606.ENSP00000257347	9606.ENSP00000494965	0	0	0	0	0.323	0	0	0.731	0.810
CARS2	EARS2	9606.ENSP00000257347	9606.ENSP00000456218	0.086	0	0	0	0.146	0	0	0.809	0.838
CARS2	YARS2	9606.ENSP00000257347	9606.ENSP00000320658	0.041	0	0	0	0.159	0.101	0	0.809	0.843
CARS2	VARS2	9606.ENSP00000257347	9606.ENSP00000441000	0.099	0	0	0	0.312	0	0	0.828	0.884
CARS2	RARS2	9606.ENSP00000257347	9606.ENSP00000358549	0.111	0	0	0	0.228	0.114	0	0.839	0.889
CARS2	LARS2	9606.ENSP00000257347	9606.ENSP00000498867	0.109	0	0	0	0.298	0.127	0	0.883	0.928
CARS2	LARS1	9606.ENSP00000257347	9606.ENSP00000377954	0.109	0	0	0	0.411	0.127	0	0.875	0.935
CARS2	IARS2	9606.ENSP00000257347	9606.ENSP00000355889	0.042	0	0	0	0.456	0	0	0.902	0.944
CASP14	CYCS	9606.ENSP00000393417	9606.ENSP00000307786	0	0	0	0	0.074	0	0	0.401	0.422
CASP14	PIDD1	9606.ENSP00000393417	9606.ENSP00000337797	0	0	0	0	0	0.094	0	0.389	0.423
CASP14	CELA2A	9606.ENSP00000393417	9606.ENSP00000352639	0	0	0	0	0	0	0.400	0.068	0.416
CASP14	FLG2	9606.ENSP00000393417	9606.ENSP00000373370	0	0	0	0	0.213	0.337	0	0.874	0.928
CASZ1	SUZ12	9606.ENSP00000366221	9606.ENSP00000316578	0	0	0	0	0	0	0	0.499	0.499
CAVIN1	POLR1A	9606.ENSP00000349541	9606.ENSP00000263857	0	0	0	0	0.044	0	0.500	0.125	0.545
CAVIN1	POLR1D	9606.ENSP00000349541	9606.ENSP00000302478	0	0	0	0	0	0	0.500	0.130	0.546
CAVIN1	VANGL1	9606.ENSP00000349541	9606.ENSP00000347672	0	0	0	0	0.064	0	0.400	0	0.414
CAVIN1	TNIK	9606.ENSP00000349541	9606.ENSP00000399511	0	0	0	0	0.105	0.358	0	0	0.401
CAVIN1	DIAPH3	9606.ENSP00000349541	9606.ENSP00000383178	0	0	0	0	0.049	0	0.400	0	0.405
CAVIN1	CIDEC	9606.ENSP00000349541	9606.ENSP00000373328	0	0	0	0	0.054	0	0	0.485	0.492
CAVIN1	GTF2H5	9606.ENSP00000349541	9606.ENSP00000476100	0	0	0	0	0	0	0.500	0	0.499
CAVIN1	POLR1B	9606.ENSP00000349541	9606.ENSP00000444136	0	0	0	0	0.044	0	0.500	0	0.501
CC2D1A	CHMP4B	9606.ENSP00000313601	9606.ENSP00000217402	0	0	0	0	0.042	0.751	0	0.224	0.798
CC2D1A	CRBN	9606.ENSP00000313601	9606.ENSP00000231948	0	0	0	0	0	0	0	0.802	0.802
CC2D1A	TBK1	9606.ENSP00000313601	9606.ENSP00000329967	0	0	0	0	0.081	0.045	0	0.381	0.409
CC2D1A	TRAPPC9	9606.ENSP00000313601	9606.ENSP00000373979	0	0	0	0	0.147	0	0	0.400	0.466
CC2D2A	CEP41	9606.ENSP00000403465	9606.ENSP00000223208	0	0	0	0	0.047	0	0	0.657	0.659
CC2D2A	NEK9	9606.ENSP00000403465	9606.ENSP00000238616	0	0	0	0	0.053	0	0	0.537	0.543
CC2D2A	TTC21B	9606.ENSP00000403465	9606.ENSP00000243344	0	0	0	0	0.044	0	0	0.631	0.632
CC2D2A	TMEM231	9606.ENSP00000403465	9606.ENSP00000258173	0	0	0	0	0.081	0.591	0.720	0.952	0.994
CC2D2A	IFT172	9606.ENSP00000403465	9606.ENSP00000260570	0	0	0	0	0.098	0	0	0.586	0.610
CC2D2A	KIAA0556	9606.ENSP00000403465	9606.ENSP00000261588	0	0	0	0	0.086	0	0	0.454	0.480
CC2D2A	CSPP1	9606.ENSP00000403465	9606.ENSP00000262210	0	0	0	0	0.054	0	0	0.600	0.606
CC2D2A	INVS	9606.ENSP00000403465	9606.ENSP00000262457	0	0	0	0	0.042	0	0	0.516	0.516
CC2D2A	IFT57	9606.ENSP00000403465	9606.ENSP00000264538	0	0	0	0	0.044	0	0	0.506	0.508
CC2D2A	NEK8	9606.ENSP00000403465	9606.ENSP00000268766	0	0	0	0	0	0	0	0.555	0.555
CC2D2A	WDPCP	9606.ENSP00000403465	9606.ENSP00000272321	0	0	0	0	0.058	0	0	0.757	0.761
CC2D2A	TMEM138	9606.ENSP00000403465	9606.ENSP00000278826	0	0	0	0	0	0	0	0.667	0.667
CC2D2A	SCLT1	9606.ENSP00000403465	9606.ENSP00000281142	0	0	0	0	0	0	0	0.411	0.411
CC2D2A	IFT122	9606.ENSP00000403465	9606.ENSP00000296266	0	0	0	0	0.106	0	0	0.359	0.402
CC2D2A	CEP120	9606.ENSP00000403465	9606.ENSP00000303058	0	0	0	0	0.044	0	0	0.423	0.425
CC2D2A	TCTN2	9606.ENSP00000403465	9606.ENSP00000304941	0	0	0	0	0.067	0.435	0.800	0.974	0.996
CC2D2A	IFT80	9606.ENSP00000403465	9606.ENSP00000312778	0	0	0	0	0.060	0	0	0.473	0.484
CC2D2A	TMEM107	9606.ENSP00000403465	9606.ENSP00000314116	0	0	0	0	0.042	0	0.720	0.759	0.929
CC2D2A	WDR35	9606.ENSP00000403465	9606.ENSP00000314444	0	0	0	0	0.100	0	0	0.449	0.483
CC2D2A	TMEM216	9606.ENSP00000403465	9606.ENSP00000334844	0	0	0	0	0	0	0.800	0.987	0.997
CC2D2A	NPHP3	9606.ENSP00000403465	9606.ENSP00000338766	0	0	0	0	0.049	0	0	0.717	0.719
CC2D2A	IFT52	9606.ENSP00000403465	9606.ENSP00000362121	0	0	0	0	0.094	0	0	0.426	0.458
CC2D2A	NPHP4	9606.ENSP00000403465	9606.ENSP00000367398	0	0	0	0	0.103	0	0	0.850	0.860
CC2D2A	NIN	9606.ENSP00000403465	9606.ENSP00000371472	0	0	0	0	0.048	0	0	0.671	0.673
CC2D2A	LCA5	9606.ENSP00000403465	9606.ENSP00000376686	0	0	0	0	0.125	0	0	0.466	0.512
CC2D2A	MKS1	9606.ENSP00000403465	9606.ENSP00000376827	0	0	0	0	0.049	0.233	0.800	0.982	0.997
CC2D2A	KIF7	9606.ENSP00000403465	9606.ENSP00000377934	0	0	0	0	0.056	0	0	0.584	0.590
CC2D2A	TCTN1	9606.ENSP00000403465	9606.ENSP00000380779	0	0	0	0	0.107	0.632	0.800	0.980	0.998
CC2D2A	WDR19	9606.ENSP00000403465	9606.ENSP00000382717	0	0	0	0	0.063	0	0	0.516	0.528
CC2D2A	RPGRIP1	9606.ENSP00000403465	9606.ENSP00000382895	0	0	0	0	0.130	0	0	0.601	0.638
CC2D2A	TMEM237	9606.ENSP00000403465	9606.ENSP00000386264	0	0	0	0	0.106	0	0	0.872	0.880
CC2D2A	CPLANE1	9606.ENSP00000403465	9606.ENSP00000389014	0	0	0	0	0.049	0	0	0.720	0.722
CC2D2A	TMEM67	9606.ENSP00000403465	9606.ENSP00000389998	0	0	0	0	0.151	0	0.800	0.990	0.998
CC2D2A	TTC8	9606.ENSP00000403465	9606.ENSP00000482306	0	0	0	0	0.067	0	0	0.385	0.401
CC2D2A	DYNC2H1	9606.ENSP00000403465	9606.ENSP00000497174	0	0	0	0	0.172	0	0	0.449	0.524
CC2D2A	TMEM218	9606.ENSP00000403465	9606.ENSP00000436596	0	0	0	0	0.062	0	0	0.591	0.599
CC2D2A	RPGRIP1L	9606.ENSP00000403465	9606.ENSP00000493946	0	0	0	0	0.171	0	0	0.969	0.973
CC2D2A	TCTN3	9606.ENSP00000403465	9606.ENSP00000483364	0	0	0	0	0.044	0.127	0.800	0.967	0.993
CC2D2A	CEP290	9606.ENSP00000403465	9606.ENSP00000448012	0	0	0	0	0.136	0.292	0.720	0.982	0.996
CCBE1	FKBP10	9606.ENSP00000497183	9606.ENSP00000317232	0	0	0	0	0.048	0	0	0.422	0.426
CCBE1	CTHRC1	9606.ENSP00000497183	9606.ENSP00000330523	0	0	0	0	0	0	0	0.483	0.483
CCBE1	SOX18	9606.ENSP00000497183	9606.ENSP00000341815	0	0	0	0	0	0	0	0.689	0.689
CCBE1	FAT4	9606.ENSP00000497183	9606.ENSP00000377862	0	0	0	0	0.063	0	0	0.569	0.579
CCDC103	ZMYND10	9606.ENSP00000391692	9606.ENSP00000231749	0	0	0	0	0.075	0	0	0.797	0.805
CCDC103	RSPH3	9606.ENSP00000391692	9606.ENSP00000252655	0	0	0	0	0.084	0	0	0.543	0.564
CCDC103	DNHD1	9606.ENSP00000391692	9606.ENSP00000254579	0	0	0	0	0.060	0	0.360	0.135	0.434
CCDC103	VAC14	9606.ENSP00000391692	9606.ENSP00000261776	0	0	0	0	0	0.431	0	0.088	0.458
CCDC103	LRRC56	9606.ENSP00000391692	9606.ENSP00000270115	0	0	0	0	0.127	0.050	0	0.485	0.535
CCDC103	DRC1	9606.ENSP00000391692	9606.ENSP00000288710	0	0	0	0	0.153	0	0.360	0.753	0.855
CCDC103	RSPH1	9606.ENSP00000391692	9606.ENSP00000291536	0	0	0	0	0.164	0	0	0.786	0.813
CCDC103	STK36	9606.ENSP00000391692	9606.ENSP00000295709	0	0	0	0	0.047	0	0	0.405	0.409
CCDC103	DNAAF5	9606.ENSP00000391692	9606.ENSP00000297440	0	0	0	0	0	0	0	0.806	0.806
CCDC103	CFAP70	9606.ENSP00000391692	9606.ENSP00000310829	0	0	0	0	0.056	0.072	0.360	0.080	0.415
CCDC103	CCDC65	9606.ENSP00000391692	9606.ENSP00000312706	0	0	0	0	0.113	0	0.360	0.711	0.821
CCDC103	DNAAF4	9606.ENSP00000391692	9606.ENSP00000323275	0	0	0	0	0.075	0	0	0.767	0.776
CCDC103	RSPH9	9606.ENSP00000391692	9606.ENSP00000361238	0	0	0	0	0.122	0	0	0.765	0.785
CCDC103	DNAAF1	9606.ENSP00000391692	9606.ENSP00000367815	0	0	0	0	0.105	0	0	0.812	0.824
CCDC103	HYDIN	9606.ENSP00000391692	9606.ENSP00000377197	0	0	0	0	0.060	0.045	0	0.684	0.691
CCDC103	CCDC40	9606.ENSP00000391692	9606.ENSP00000380679	0	0	0	0	0.086	0	0	0.813	0.821
CCDC103	CFAP221	9606.ENSP00000391692	9606.ENSP00000393222	0	0	0	0	0.061	0	0	0.435	0.446
CCDC103	DNAH2	9606.ENSP00000391692	9606.ENSP00000458355	0	0	0	0	0.075	0	0.360	0.287	0.541
CCDC103	DNAL1	9606.ENSP00000391692	9606.ENSP00000452037	0	0	0	0	0.083	0.050	0.360	0.304	0.560
CCDC103	PIH1D3	9606.ENSP00000391692	9606.ENSP00000441930	0	0	0	0	0.070	0	0	0.699	0.709
CCDC103	CCDC39	9606.ENSP00000391692	9606.ENSP00000417960	0	0	0	0	0	0	0	0.818	0.818
CCDC103	DNAAF3	9606.ENSP00000391692	9606.ENSP00000436975	0	0	0	0	0.108	0	0	0.826	0.839
CCDC103	DNAI1	9606.ENSP00000391692	9606.ENSP00000480538	0	0	0	0	0.113	0	0.360	0.780	0.864
CCDC103	DNAI2	9606.ENSP00000391692	9606.ENSP00000400252	0	0	0	0	0.104	0	0.360	0.822	0.889
CCDC115	DDRGK1	9606.ENSP00000259229	9606.ENSP00000346483	0	0	0	0	0.067	0	0.400	0	0.416
CCDC115	COQ2	9606.ENSP00000259229	9606.ENSP00000310873	0.070	0	0	0	0.074	0	0.312	0.138	0.420
CCDC115	TMEM199	9606.ENSP00000259229	9606.ENSP00000292114	0	0	0	0	0.125	0.784	0.900	0.883	0.997
CCDC134	FKBP10	9606.ENSP00000255784	9606.ENSP00000317232	0	0	0	0	0.049	0.055	0	0.386	0.400
CCDC134	CCDC34	9606.ENSP00000255784	9606.ENSP00000330240	0	0	0	0	0.042	0	0	0.432	0.433
CCDC134	MESD	9606.ENSP00000255784	9606.ENSP00000261758	0	0	0	0	0.049	0	0	0.494	0.498
CCDC134	MEI1	9606.ENSP00000255784	9606.ENSP00000384115	0	0.599	0	0	0.042	0	0	0.187	0.661
CCDC174	CRBN	9606.ENSP00000373304	9606.ENSP00000231948	0	0	0	0	0.107	0	0	0.356	0.400
CCDC32	MRPS22	9606.ENSP00000452773	9606.ENSP00000418008	0	0	0	0	0.108	0.258	0	0.166	0.400
CCDC34	LGR4	9606.ENSP00000330240	9606.ENSP00000368516	0	0.157	0	0	0.061	0.045	0	0.581	0.641
CCDC39	ZMYND10	9606.ENSP00000417960	9606.ENSP00000231749	0	0	0	0	0.078	0.066	0	0.775	0.789
CCDC39	RSPH3	9606.ENSP00000417960	9606.ENSP00000252655	0	0	0	0	0.055	0.129	0	0.609	0.650
CCDC39	QRICH2	9606.ENSP00000417960	9606.ENSP00000262765	0	0	0	0	0.052	0.079	0	0.595	0.616
CCDC39	LRRC56	9606.ENSP00000417960	9606.ENSP00000270115	0	0	0	0	0.042	0.108	0	0.402	0.444
CCDC39	DRC1	9606.ENSP00000417960	9606.ENSP00000288710	0	0	0	0	0.087	0.050	0	0.867	0.874
CCDC39	RSPH1	9606.ENSP00000417960	9606.ENSP00000291536	0	0	0	0	0.075	0.104	0	0.748	0.773
CCDC39	IFT122	9606.ENSP00000417960	9606.ENSP00000296266	0	0	0	0	0.594	0.100	0	0.212	0.687
CCDC39	DNAAF5	9606.ENSP00000417960	9606.ENSP00000297440	0	0	0	0	0	0	0	0.741	0.741
CCDC39	CFAP70	9606.ENSP00000417960	9606.ENSP00000310829	0	0	0	0	0.125	0.095	0	0.381	0.467
CCDC39	CCDC65	9606.ENSP00000417960	9606.ENSP00000312706	0	0	0	0	0.171	0.177	0	0.855	0.892
CCDC39	DNAAF4	9606.ENSP00000417960	9606.ENSP00000323275	0	0	0	0	0.151	0.054	0	0.694	0.733
CCDC39	SPEF2	9606.ENSP00000417960	9606.ENSP00000348314	0	0	0	0	0.186	0.091	0	0.554	0.641
CCDC39	CFAP43	9606.ENSP00000417960	9606.ENSP00000349568	0	0	0	0	0.127	0	0	0.722	0.747
CCDC39	RSPH9	9606.ENSP00000417960	9606.ENSP00000361238	0	0	0	0	0.049	0.071	0	0.827	0.834
CCDC39	DNAAF1	9606.ENSP00000417960	9606.ENSP00000367815	0	0	0	0	0.055	0.068	0	0.797	0.805
CCDC39	HYDIN	9606.ENSP00000417960	9606.ENSP00000377197	0	0	0	0	0.117	0.098	0	0.726	0.763
CCDC39	CCDC40	9606.ENSP00000417960	9606.ENSP00000380679	0	0	0	0	0.056	0.131	0	0.994	0.995
CCDC39	DNAI2	9606.ENSP00000417960	9606.ENSP00000400252	0	0	0	0	0.140	0	0	0.817	0.836
CCDC39	DNAH2	9606.ENSP00000417960	9606.ENSP00000458355	0	0	0	0	0.053	0.064	0	0.400	0.421
CCDC39	TTC12	9606.ENSP00000417960	9606.ENSP00000419652	0	0	0	0	0.049	0.054	0	0.458	0.470
CCDC39	PIH1D3	9606.ENSP00000417960	9606.ENSP00000441930	0	0	0	0	0.212	0	0	0.627	0.693
CCDC39	DNAI1	9606.ENSP00000417960	9606.ENSP00000480538	0	0	0	0	0.083	0	0	0.802	0.811
CCDC39	DNAAF3	9606.ENSP00000417960	9606.ENSP00000436975	0	0	0	0	0.060	0	0	0.828	0.832
CCDC40	ZMYND10	9606.ENSP00000380679	9606.ENSP00000231749	0	0	0	0	0.127	0	0	0.751	0.773
CCDC40	RSPH3	9606.ENSP00000380679	9606.ENSP00000252655	0	0	0	0	0.049	0.145	0	0.586	0.634
CCDC40	DRC1	9606.ENSP00000380679	9606.ENSP00000288710	0	0	0	0	0.082	0	0	0.878	0.884
CCDC40	RSPH1	9606.ENSP00000380679	9606.ENSP00000291536	0	0	0	0	0.097	0.114	0	0.748	0.781
CCDC40	STK36	9606.ENSP00000380679	9606.ENSP00000295709	0	0	0	0	0.056	0	0	0.451	0.459
CCDC40	DNAAF5	9606.ENSP00000380679	9606.ENSP00000297440	0	0	0	0	0	0	0	0.731	0.731
CCDC40	CCDC65	9606.ENSP00000380679	9606.ENSP00000312706	0	0	0	0	0.115	0.255	0	0.866	0.904
CCDC40	DNAAF4	9606.ENSP00000380679	9606.ENSP00000323275	0	0	0	0	0.068	0.059	0	0.705	0.719
CCDC40	SPEF2	9606.ENSP00000380679	9606.ENSP00000348314	0	0	0	0	0.084	0.091	0	0.607	0.644
CCDC40	CFAP43	9606.ENSP00000380679	9606.ENSP00000349568	0	0	0	0	0.156	0	0	0.562	0.615
CCDC40	CFAP45	9606.ENSP00000380679	9606.ENSP00000357079	0	0	0	0	0.095	0	0	0.392	0.426
CCDC40	RSPH9	9606.ENSP00000380679	9606.ENSP00000361238	0	0	0	0	0.092	0	0	0.795	0.806
CCDC40	DNAAF1	9606.ENSP00000380679	9606.ENSP00000367815	0	0	0	0	0.082	0.054	0	0.812	0.822
CCDC40	HYDIN	9606.ENSP00000380679	9606.ENSP00000377197	0	0	0	0	0.185	0.107	0	0.716	0.776
CCDC40	DNAH2	9606.ENSP00000380679	9606.ENSP00000458355	0	0	0	0	0.118	0.053	0	0.341	0.401
CCDC40	CFAP53	9606.ENSP00000380679	9606.ENSP00000381553	0	0	0	0	0.095	0.065	0	0.417	0.464
CCDC40	TTC12	9606.ENSP00000380679	9606.ENSP00000419652	0	0	0	0	0.056	0.059	0	0.461	0.479
CCDC40	PIH1D3	9606.ENSP00000380679	9606.ENSP00000441930	0	0	0	0	0.118	0.074	0	0.602	0.647
CCDC40	DNAAF3	9606.ENSP00000380679	9606.ENSP00000436975	0	0	0	0	0.074	0	0	0.775	0.783
CCDC40	DNAI1	9606.ENSP00000380679	9606.ENSP00000480538	0	0	0	0	0.128	0	0	0.799	0.817
CCDC40	DNAI2	9606.ENSP00000380679	9606.ENSP00000400252	0	0	0	0	0.118	0	0	0.805	0.821
CCDC47	STT3B	9606.ENSP00000225726	9606.ENSP00000295770	0	0	0	0	0.125	0.188	0	0.237	0.410
CCDC47	GANAB	9606.ENSP00000225726	9606.ENSP00000340466	0	0	0	0	0.109	0	0	0.372	0.416
CCDC47	PTRH2	9606.ENSP00000225726	9606.ENSP00000387180	0	0	0	0	0.123	0.420	0	0	0.469
CCDC47	RAB5IF	9606.ENSP00000225726	9606.ENSP00000341213	0	0	0	0	0.049	0.500	0	0	0.504
CCDC47	DNAJB11	9606.ENSP00000225726	9606.ENSP00000414398	0	0	0	0	0.081	0	0.540	0.115	0.593
CCDC47	CCT5	9606.ENSP00000225726	9606.ENSP00000280326	0	0	0	0	0.064	0	0.540	0.359	0.700
CCDC47	SEC61A1	9606.ENSP00000225726	9606.ENSP00000243253	0	0	0	0	0.092	0.845	0	0.654	0.947
CCDC47	TMCO1	9606.ENSP00000225726	9606.ENSP00000480514	0	0	0	0	0.082	0.888	0	0.786	0.976
CCDC50	MYO15A	9606.ENSP00000376249	9606.ENSP00000495481	0	0	0	0	0	0	0	0.419	0.418
CCDC50	GIPC3	9606.ENSP00000376249	9606.ENSP00000493901	0	0	0	0	0	0	0	0.433	0.433
CCDC50	TPRN	9606.ENSP00000376249	9606.ENSP00000387100	0	0	0	0	0	0	0	0.435	0.435
CCDC50	TMPRSS3	9606.ENSP00000376249	9606.ENSP00000411013	0	0	0	0	0	0	0	0.448	0.448
CCDC50	IFIH1	9606.ENSP00000376249	9606.ENSP00000497271	0	0	0	0	0.044	0.292	0	0.404	0.561
CCDC50	OTOA	9606.ENSP00000376249	9606.ENSP00000496564	0	0	0	0	0	0	0	0.591	0.591
CCDC62	STX1B	9606.ENSP00000253079	9606.ENSP00000215095	0	0	0	0	0.056	0	0	0.570	0.576
CCDC62	TMEM163	9606.ENSP00000253079	9606.ENSP00000281924	0	0	0	0	0	0	0	0.447	0.447
CCDC62	LRRK2	9606.ENSP00000253079	9606.ENSP00000298910	0	0	0	0	0	0	0	0.510	0.510
CCDC65	ZMYND10	9606.ENSP00000312706	9606.ENSP00000231749	0	0	0	0	0.178	0	0	0.690	0.735
CCDC65	RSPH3	9606.ENSP00000312706	9606.ENSP00000252655	0	0	0	0	0.093	0.305	0	0.612	0.734
CCDC65	DNHD1	9606.ENSP00000312706	9606.ENSP00000254579	0	0	0	0	0.110	0	0.360	0.125	0.458
CCDC65	LRRC56	9606.ENSP00000312706	9606.ENSP00000270115	0	0	0	0	0.060	0	0	0.471	0.482
CCDC65	MAATS1	9606.ENSP00000312706	9606.ENSP00000273390	0	0	0	0	0.141	0.115	0	0.323	0.440
CCDC65	DRC1	9606.ENSP00000312706	9606.ENSP00000288710	0	0	0.244	0	0.124	0	0.360	0.875	0.940
CCDC65	RSPH1	9606.ENSP00000312706	9606.ENSP00000291536	0	0	0	0	0.082	0.171	0	0.711	0.761
CCDC65	DNAAF5	9606.ENSP00000312706	9606.ENSP00000297440	0	0	0	0	0	0	0	0.713	0.713
CCDC65	CFAP70	9606.ENSP00000312706	9606.ENSP00000310829	0	0	0	0	0.103	0	0.360	0.247	0.529
CCDC65	CEP83	9606.ENSP00000312706	9606.ENSP00000380911	0	0	0	0	0.052	0	0	0.394	0.401
CCDC65	CFAP221	9606.ENSP00000312706	9606.ENSP00000393222	0	0	0	0	0.099	0	0	0.433	0.467
CCDC65	DNAL1	9606.ENSP00000312706	9606.ENSP00000452037	0	0	0	0	0.056	0	0.360	0.191	0.469
CCDC65	CFAP43	9606.ENSP00000312706	9606.ENSP00000349568	0	0	0	0	0.189	0	0	0.407	0.499
CCDC65	CFAP45	9606.ENSP00000312706	9606.ENSP00000357079	0	0	0	0	0.158	0	0	0.449	0.516
CCDC65	SPEF2	9606.ENSP00000312706	9606.ENSP00000348314	0	0	0	0	0.234	0	0	0.440	0.553
CCDC65	PIH1D3	9606.ENSP00000312706	9606.ENSP00000441930	0	0	0	0	0.191	0	0	0.525	0.600
CCDC65	DNAH2	9606.ENSP00000312706	9606.ENSP00000458355	0	0	0	0	0.116	0	0.360	0.351	0.601
CCDC65	DNAAF4	9606.ENSP00000312706	9606.ENSP00000323275	0	0	0	0	0.099	0	0	0.648	0.670
CCDC65	HYDIN	9606.ENSP00000312706	9606.ENSP00000377197	0	0	0	0	0.095	0.115	0	0.624	0.673
CCDC65	DNAAF3	9606.ENSP00000312706	9606.ENSP00000436975	0	0	0	0	0.056	0	0	0.684	0.689
CCDC65	DNAH10	9606.ENSP00000312706	9606.ENSP00000489675	0	0	0	0	0.611	0	0	0.254	0.698
CCDC65	DNAAF1	9606.ENSP00000312706	9606.ENSP00000367815	0	0	0	0	0.106	0	0	0.697	0.718
CCDC65	RSPH9	9606.ENSP00000312706	9606.ENSP00000361238	0	0	0	0	0.118	0	0	0.789	0.806
CCDC65	DNAI2	9606.ENSP00000312706	9606.ENSP00000400252	0	0	0	0	0.309	0	0.360	0.693	0.852
CCDC65	DNAI1	9606.ENSP00000312706	9606.ENSP00000480538	0	0	0	0	0.608	0	0.360	0.656	0.906
CCDC78	GMPPB	9606.ENSP00000293889	9606.ENSP00000309092	0	0	0	0	0	0	0	0.411	0.411
CCDC78	MEGF10	9606.ENSP00000293889	9606.ENSP00000423354	0	0	0	0	0	0	0	0.543	0.543
CCDC78	SELENON	9606.ENSP00000293889	9606.ENSP00000355141	0	0	0	0	0	0	0	0.592	0.592
CCDC84	KIAA0556	9606.ENSP00000334767	9606.ENSP00000261588	0	0	0	0	0.056	0	0	0.423	0.432
CCDC84	INTS1	9606.ENSP00000334767	9606.ENSP00000385722	0	0	0	0	0	0	0	0.401	0.401
CCDC84	ZCCHC8	9606.ENSP00000334767	9606.ENSP00000438993	0	0	0	0	0.072	0	0	0.396	0.415
CCDC88A	EXOC7	9606.ENSP00000338728	9606.ENSP00000334100	0	0	0	0	0.042	0	0	0.634	0.634
CCDC88A	SOX18	9606.ENSP00000338728	9606.ENSP00000341815	0	0	0	0	0	0	0	0.407	0.407
CCDC88A	DISC1	9606.ENSP00000338728	9606.ENSP00000403888	0	0	0	0	0.049	0.342	0	0.800	0.863
CCT5	KDM4B	9606.ENSP00000280326	9606.ENSP00000159111	0	0	0	0	0	0.471	0	0	0.471
CCT5	TUBB1	9606.ENSP00000280326	9606.ENSP00000217133	0	0	0	0	0.099	0.098	0.500	0.154	0.610
CCT5	TUBB2B	9606.ENSP00000280326	9606.ENSP00000259818	0	0	0	0	0.101	0.098	0.500	0.220	0.641
CCT5	CDC73	9606.ENSP00000280326	9606.ENSP00000356405	0	0	0	0	0.060	0.309	0	0.159	0.406
CCT5	TTC8	9606.ENSP00000280326	9606.ENSP00000482306	0	0	0	0	0.069	0.045	0.400	0.072	0.438
CCT5	ZFYVE27	9606.ENSP00000280326	9606.ENSP00000409594	0	0	0	0	0	0.292	0	0.254	0.449
CCT5	LARS1	9606.ENSP00000280326	9606.ENSP00000377954	0.042	0	0	0	0.138	0.107	0	0.353	0.459
CCT5	LARS2	9606.ENSP00000280326	9606.ENSP00000498867	0.042	0	0	0	0.081	0.107	0	0.395	0.461
CCT5	MRTFA	9606.ENSP00000280326	9606.ENSP00000498671	0.057	0	0	0	0	0.052	0	0.455	0.470
CCT5	DNAI2	9606.ENSP00000280326	9606.ENSP00000400252	0	0	0	0	0.062	0.363	0	0.185	0.471
CCT5	FBXW7	9606.ENSP00000280326	9606.ENSP00000474725	0	0	0	0	0.047	0	0.500	0	0.503
CCT5	LRRK2	9606.ENSP00000280326	9606.ENSP00000298910	0	0	0	0	0.055	0.523	0	0.051	0.535
CCT5	TUBA8	9606.ENSP00000280326	9606.ENSP00000333326	0	0	0	0	0.109	0.071	0.500	0.138	0.595
CCT5	TUBB6	9606.ENSP00000280326	9606.ENSP00000318697	0	0	0	0	0.123	0.098	0.500	0.194	0.638
CCT5	WRAP53	9606.ENSP00000280326	9606.ENSP00000324203	0	0	0	0	0.060	0.309	0.500	0.237	0.719
CCT5	DNAJB11	9606.ENSP00000280326	9606.ENSP00000414398	0.042	0	0	0	0.234	0.050	0.720	0.380	0.857
CCT5	TUBB	9606.ENSP00000280326	9606.ENSP00000339001	0	0	0	0	0.161	0.811	0	0.220	0.866
CD2AP	JAM3	9606.ENSP00000352264	9606.ENSP00000299106	0	0	0	0	0	0	0.720	0.052	0.723
CD2AP	COQ2	9606.ENSP00000352264	9606.ENSP00000310873	0	0	0	0	0	0	0	0.480	0.480
CD2AP	COQ8B	9606.ENSP00000352264	9606.ENSP00000315118	0	0	0	0	0.091	0	0	0.418	0.448
CD2AP	SPECC1L	9606.ENSP00000352264	9606.ENSP00000325785	0	0	0	0	0.049	0	0.540	0	0.543
CD2AP	COQ6	9606.ENSP00000352264	9606.ENSP00000333946	0	0	0	0	0.042	0	0	0.470	0.470
CD2AP	KIRREL1	9606.ENSP00000352264	9606.ENSP00000352138	0	0	0	0	0	0.107	0.500	0.990	0.995
CD2AP	PDSS2	9606.ENSP00000352264	9606.ENSP00000358033	0	0	0	0	0.049	0	0	0.401	0.405
CD2AP	RACGAP1	9606.ENSP00000352264	9606.ENSP00000404190	0	0	0	0	0.059	0.506	0	0.116	0.554
CD2AP	PLD3	9606.ENSP00000352264	9606.ENSP00000387050	0	0	0	0	0.044	0	0	0.611	0.612
CD2AP	PLCE1	9606.ENSP00000352264	9606.ENSP00000360431	0	0	0	0	0.042	0	0	0.913	0.913
CD2AP	INF2	9606.ENSP00000352264	9606.ENSP00000376410	0	0	0	0	0.061	0	0	0.925	0.926
CD320	MMACHC	9606.ENSP00000301458	9606.ENSP00000383840	0	0	0	0	0.061	0	0	0.596	0.604
CD320	MMAB	9606.ENSP00000301458	9606.ENSP00000445920	0	0	0	0	0.049	0	0	0.845	0.846
CD320	MMADHC	9606.ENSP00000301458	9606.ENSP00000389060	0	0	0	0	0	0	0	0.863	0.863
CD320	MMAA	9606.ENSP00000301458	9606.ENSP00000497008	0	0	0	0	0	0	0	0.875	0.875
CD320	LMBRD1	9606.ENSP00000301458	9606.ENSP00000497690	0	0	0	0	0	0	0	0.886	0.886
CDC40	USB1	9606.ENSP00000357928	9606.ENSP00000219281	0	0	0	0	0	0.602	0	0	0.602
CDC40	NUP107	9606.ENSP00000357928	9606.ENSP00000229179	0	0	0	0	0.093	0	0.400	0.049	0.437
CDC40	NUP85	9606.ENSP00000357928	9606.ENSP00000245544	0	0	0	0	0.117	0	0.400	0	0.447
CDC40	THOC2	9606.ENSP00000357928	9606.ENSP00000245838	0	0	0	0	0.252	0.297	0	0.101	0.485
CDC40	WBP11	9606.ENSP00000357928	9606.ENSP00000261167	0	0	0	0	0.075	0	0.800	0.297	0.858
CDC40	NUP133	9606.ENSP00000357928	9606.ENSP00000261396	0	0	0	0	0.189	0	0.400	0	0.493
CDC40	GFM1	9606.ENSP00000357928	9606.ENSP00000264263	0	0	0	0	0.102	0.498	0	0.166	0.591
CDC40	NUP54	9606.ENSP00000357928	9606.ENSP00000264883	0	0	0	0	0.146	0	0.400	0	0.466
CDC40	PRPF6	9606.ENSP00000357928	9606.ENSP00000266079	0	0	0	0	0.090	0	0.800	0.198	0.841
CDC40	EFL1	9606.ENSP00000357928	9606.ENSP00000268206	0	0	0	0	0.127	0.498	0	0.166	0.603
CDC40	UPF3B	9606.ENSP00000357928	9606.ENSP00000276201	0	0	0	0	0.119	0	0.800	0	0.816
CDC40	NUP205	9606.ENSP00000357928	9606.ENSP00000285968	0	0	0	0	0.056	0	0.400	0	0.409
CDC40	SNIP1	9606.ENSP00000357928	9606.ENSP00000296215	0	0	0	0	0.082	0.943	0	0.281	0.959
CDC40	DHX37	9606.ENSP00000357928	9606.ENSP00000311135	0	0	0	0	0.110	0.432	0	0.227	0.575
CDC40	RNASEH1	9606.ENSP00000357928	9606.ENSP00000313350	0	0	0	0	0.082	0	0	0.405	0.430
CDC40	SNRNP200	9606.ENSP00000357928	9606.ENSP00000317123	0	0	0	0	0.082	0.991	0	0.615	0.996
CDC40	PRPF31	9606.ENSP00000357928	9606.ENSP00000324122	0	0	0	0	0.048	0	0	0.485	0.489
CDC40	DDX41	9606.ENSP00000357928	9606.ENSP00000330349	0	0	0	0	0.067	0.292	0.800	0.163	0.874
CDC40	SF3B1	9606.ENSP00000357928	9606.ENSP00000335321	0	0	0	0	0.262	0.957	0	0.451	0.981
CDC40	CTNNBL1	9606.ENSP00000357928	9606.ENSP00000355050	0	0	0	0	0.141	0.817	0	0.181	0.860
CDC40	CDC73	9606.ENSP00000357928	9606.ENSP00000356405	0	0	0	0	0.459	0	0	0	0.459
CDC40	NUP188	9606.ENSP00000357928	9606.ENSP00000361658	0	0	0	0	0.054	0	0.400	0	0.408
CDC40	NUP62	9606.ENSP00000357928	9606.ENSP00000471191	0	0	0	0	0.079	0	0.400	0	0.424
CDC40	NUP37	9606.ENSP00000357928	9606.ENSP00000448054	0	0	0	0	0.102	0	0.400	0	0.438
CDC40	TMEM67	9606.ENSP00000357928	9606.ENSP00000389998	0	0.443	0	0	0	0	0	0	0.443
CDC40	NUP160	9606.ENSP00000357928	9606.ENSP00000367721	0	0	0	0	0.127	0	0.400	0	0.454
CDC40	RNPC3	9606.ENSP00000357928	9606.ENSP00000432886	0	0	0	0	0.067	0.487	0	0.068	0.514
CDC40	LRMDA	9606.ENSP00000357928	9606.ENSP00000480240	0	0	0	0	0	0.554	0	0.177	0.617
CDC40	HFM1	9606.ENSP00000357928	9606.ENSP00000359454	0	0	0	0	0	0.581	0	0.213	0.656
CDC73	SETX	9606.ENSP00000356405	9606.ENSP00000224140	0	0	0	0	0.346	0.095	0	0.224	0.501
CDC73	CPSF3	9606.ENSP00000356405	9606.ENSP00000238112	0	0	0	0	0.283	0.313	0	0.373	0.664
CDC73	TMEM127	9606.ENSP00000356405	9606.ENSP00000258439	0	0	0	0	0.060	0	0	0.393	0.405
CDC73	POLR3K	9606.ENSP00000356405	9606.ENSP00000293860	0	0	0	0	0.042	0.313	0	0.166	0.403
CDC73	PHF6	9606.ENSP00000356405	9606.ENSP00000329097	0	0	0	0	0.202	0.108	0	0.722	0.785
CDC73	FIP1L1	9606.ENSP00000356405	9606.ENSP00000336752	0	0	0	0	0.146	0.292	0	0.143	0.436
CDC73	GAPVD1	9606.ENSP00000356405	9606.ENSP00000377665	0	0	0	0	0.257	0.091	0	0.209	0.419
CDC73	TOR1AIP1	9606.ENSP00000356405	9606.ENSP00000435365	0	0	0	0	0.444	0	0	0	0.444
CDC73	SETD5	9606.ENSP00000356405	9606.ENSP00000385852	0	0	0	0	0.092	0.098	0.360	0.068	0.446
CDC73	CPSF1	9606.ENSP00000356405	9606.ENSP00000484669	0	0	0	0	0.067	0.345	0	0.243	0.497
CDC73	POLR1B	9606.ENSP00000356405	9606.ENSP00000444136	0	0	0	0	0.095	0.532	0	0.131	0.599
CDC73	SETD2	9606.ENSP00000356405	9606.ENSP00000386759	0	0	0	0	0.085	0.288	0	0.475	0.628
CDC73	UVSSA	9606.ENSP00000356405	9606.ENSP00000425130	0	0	0	0	0.049	0.800	0	0.065	0.806
CDC73	ELP4	9606.ENSP00000356405	9606.ENSP00000379267	0	0	0	0	0.067	0.088	0.900	0	0.907
CDH23	CLIC5	9606.ENSP00000224721	9606.ENSP00000185206	0	0	0	0	0.050	0	0	0.462	0.468
CDH23	SLC52A3	9606.ENSP00000224721	9606.ENSP00000494009	0	0	0	0	0.044	0	0	0.409	0.411
CDH23	RPGRIP1L	9606.ENSP00000224721	9606.ENSP00000493946	0	0	0	0	0	0.047	0	0.422	0.426
CDH23	PCARE	9606.ENSP00000224721	9606.ENSP00000332809	0	0	0	0	0.064	0	0	0.424	0.437
CDH23	MYH14	9606.ENSP00000224721	9606.ENSP00000493594	0	0	0	0	0.047	0.095	0	0.403	0.440
CDH23	TPRN	9606.ENSP00000224721	9606.ENSP00000387100	0	0	0	0	0	0	0	0.479	0.479
CDH23	EYS	9606.ENSP00000224721	9606.ENSP00000359655	0	0	0	0	0	0.089	0	0.459	0.486
CDH23	CEACAM16	9606.ENSP00000224721	9606.ENSP00000466561	0	0	0	0	0	0.047	0	0.491	0.494
CDH23	FSCN2	9606.ENSP00000224721	9606.ENSP00000334665	0	0	0	0	0.052	0	0	0.490	0.496
CDH23	RHBDF2	9606.ENSP00000224721	9606.ENSP00000322775	0	0	0	0	0.045	0.045	0	0.543	0.546
CDH23	GIPC3	9606.ENSP00000224721	9606.ENSP00000493901	0	0	0	0	0.125	0	0	0.519	0.562
CDH23	OTOA	9606.ENSP00000224721	9606.ENSP00000496564	0	0	0	0	0.049	0	0	0.595	0.598
CDH23	SLC26A5	9606.ENSP00000224721	9606.ENSP00000304783	0	0	0	0	0	0	0	0.645	0.645
CDH23	TMPRSS3	9606.ENSP00000224721	9606.ENSP00000411013	0	0	0	0	0	0	0	0.702	0.702
CDH23	PDZD7	9606.ENSP00000224721	9606.ENSP00000480489	0	0	0	0	0.042	0.091	0	0.724	0.739
CDH23	STRC	9606.ENSP00000224721	9606.ENSP00000401513	0	0	0	0	0	0.066	0	0.735	0.742
CDH23	MYO15A	9606.ENSP00000224721	9606.ENSP00000495481	0	0	0	0	0.057	0.095	0	0.824	0.837
CDH23	WHRN	9606.ENSP00000224721	9606.ENSP00000354623	0	0	0	0	0	0.091	0	0.943	0.946
CDH23	USH1G	9606.ENSP00000224721	9606.ENSP00000480279	0	0	0	0	0.042	0.046	0	0.992	0.992
CDK5RAP2	TUBGCP6	9606.ENSP00000343818	9606.ENSP00000248846	0	0	0	0	0.049	0.292	0	0.598	0.705
CDK5RAP2	CEP120	9606.ENSP00000343818	9606.ENSP00000303058	0	0	0	0	0.121	0	0	0.474	0.517
CDK5RAP2	MAP11	9606.ENSP00000343818	9606.ENSP00000324741	0	0	0	0	0	0	0	0.406	0.406
CDK5RAP2	ZNF335	9606.ENSP00000343818	9606.ENSP00000325326	0	0	0	0	0.060	0	0	0.591	0.599
CDK5RAP2	SPECC1L	9606.ENSP00000343818	9606.ENSP00000325785	0	0	0	0	0.534	0	0	0	0.534
CDK5RAP2	KNL1	9606.ENSP00000343818	9606.ENSP00000335463	0	0	0	0	0.054	0	0	0.507	0.513
CDK5RAP2	MCPH1	9606.ENSP00000343818	9606.ENSP00000342924	0	0	0	0	0	0	0	0.942	0.942
CDK5RAP2	MTO1	9606.ENSP00000343818	9606.ENSP00000402038	0	0	0	0	0.044	0	0	0.577	0.578
CDK5RAP2	NIN	9606.ENSP00000343818	9606.ENSP00000371472	0	0	0	0	0.106	0	0	0.599	0.626
CDK5RAP2	RPGRIP1L	9606.ENSP00000343818	9606.ENSP00000493946	0	0	0	0	0	0.624	0	0.052	0.628
CDK5RAP2	CEP152	9606.ENSP00000343818	9606.ENSP00000370337	0	0	0	0	0.085	0.627	0	0.969	0.988
CDT1	STN1	9606.ENSP00000301019	9606.ENSP00000224950	0	0	0	0	0.141	0.064	0	0.409	0.484
CDT1	GMNN	9606.ENSP00000301019	9606.ENSP00000230056	0	0	0	0	0.408	0.997	0.900	0.981	0.999
CDT1	CRBN	9606.ENSP00000301019	9606.ENSP00000231948	0	0	0	0	0	0	0	0.636	0.636
CDT1	NCAPH	9606.ENSP00000301019	9606.ENSP00000240423	0	0	0	0	0.373	0	0	0.091	0.406
CDT1	RRM2B	9606.ENSP00000301019	9606.ENSP00000251810	0	0	0	0	0.595	0	0	0.178	0.653
CDT1	PHIP	9606.ENSP00000301019	9606.ENSP00000275034	0	0	0	0	0.109	0.191	0	0.321	0.467
CDT1	POC1A	9606.ENSP00000301019	9606.ENSP00000296484	0	0	0	0	0.448	0.071	0	0.056	0.473
CDT1	UBE2T	9606.ENSP00000301019	9606.ENSP00000494957	0	0	0	0	0.307	0	0	0.170	0.401
CDT1	INTU	9606.ENSP00000301019	9606.ENSP00000334003	0	0	0	0	0.296	0.191	0	0.129	0.460
CDT1	KNL1	9606.ENSP00000301019	9606.ENSP00000335463	0	0	0	0	0.246	0	0	0.325	0.470
CDT1	KIF4A	9606.ENSP00000301019	9606.ENSP00000363524	0	0	0	0	0.383	0	0	0.193	0.481
CDT1	CEP55	9606.ENSP00000301019	9606.ENSP00000360540	0	0	0	0	0.380	0	0	0.206	0.487
CDT1	KIF15	9606.ENSP00000301019	9606.ENSP00000324020	0	0	0	0	0.466	0	0	0.091	0.494
CDT1	NCAPG2	9606.ENSP00000301019	9606.ENSP00000387007	0	0	0	0	0.392	0	0	0.239	0.518
CDT1	LMNB2	9606.ENSP00000301019	9606.ENSP00000327054	0	0	0	0	0.316	0.095	0	0.353	0.565
CDT1	RACGAP1	9606.ENSP00000301019	9606.ENSP00000404190	0	0	0	0	0.518	0	0	0.163	0.580
CDT1	FANCI	9606.ENSP00000301019	9606.ENSP00000310842	0	0	0	0	0.509	0	0	0.291	0.637
CDT1	FZR1	9606.ENSP00000301019	9606.ENSP00000378529	0	0	0	0	0.305	0.423	0.400	0.374	0.829
CEACAM16	SLC26A5	9606.ENSP00000466561	9606.ENSP00000304783	0	0	0	0	0	0.133	0	0.486	0.536
CEACAM16	WHRN	9606.ENSP00000466561	9606.ENSP00000354623	0	0	0	0	0	0.099	0	0.468	0.500
CEACAM16	GPSM2	9606.ENSP00000466561	9606.ENSP00000385510	0	0	0	0	0	0	0	0.506	0.506
CEACAM16	TPRN	9606.ENSP00000466561	9606.ENSP00000387100	0	0	0	0	0	0	0	0.610	0.610
CEACAM16	STRC	9606.ENSP00000466561	9606.ENSP00000401513	0	0	0	0	0.064	0.098	0	0.624	0.655
CEACAM16	TMPRSS3	9606.ENSP00000466561	9606.ENSP00000411013	0	0	0	0	0	0.094	0	0.400	0.433
CEACAM16	GIPC3	9606.ENSP00000466561	9606.ENSP00000493901	0	0	0	0	0	0.045	0	0.466	0.469
CEACAM16	MYO15A	9606.ENSP00000466561	9606.ENSP00000495481	0	0	0	0	0.056	0.126	0	0.453	0.509
CEACAM16	OTOA	9606.ENSP00000466561	9606.ENSP00000496564	0	0	0	0	0	0	0	0.509	0.509
CEACAM16	MYH14	9606.ENSP00000466561	9606.ENSP00000493594	0	0	0	0	0.050	0.126	0	0.585	0.625
CENPT	FANCM	9606.ENSP00000457810	9606.ENSP00000267430	0	0	0	0	0.107	0	0	0.413	0.454
CENPT	KIF15	9606.ENSP00000457810	9606.ENSP00000324020	0	0	0	0	0.192	0	0	0.398	0.492
CENPT	SLC25A42	9606.ENSP00000457810	9606.ENSP00000326693	0	0	0	0	0.116	0.472	0	0.108	0.547
CENPT	KNL1	9606.ENSP00000457810	9606.ENSP00000335463	0	0	0	0	0.128	0	0.500	0.753	0.883
CENPT	KIF4A	9606.ENSP00000457810	9606.ENSP00000363524	0	0	0	0	0.140	0	0	0.358	0.424
CEP120	CEP41	9606.ENSP00000303058	9606.ENSP00000223208	0	0	0	0	0.044	0	0	0.419	0.421
CEP120	IFT43	9606.ENSP00000303058	9606.ENSP00000238628	0	0	0	0	0	0	0	0.401	0.400
CEP120	IFT81	9606.ENSP00000303058	9606.ENSP00000242591	0	0	0	0	0.047	0	0	0.409	0.413
CEP120	TTC21B	9606.ENSP00000303058	9606.ENSP00000243344	0	0	0	0	0.141	0	0	0.531	0.580
CEP120	NUP85	9606.ENSP00000303058	9606.ENSP00000245544	0	0	0	0	0.049	0.066	0	0.639	0.651
CEP120	IFT172	9606.ENSP00000303058	9606.ENSP00000260570	0	0	0	0	0.049	0	0	0.544	0.547
CEP120	CSPP1	9606.ENSP00000303058	9606.ENSP00000262210	0	0	0	0	0.067	0.112	0	0.478	0.530
CEP120	SCLT1	9606.ENSP00000303058	9606.ENSP00000281142	0	0	0	0	0.060	0.098	0	0.480	0.521
CEP120	POC1A	9606.ENSP00000303058	9606.ENSP00000296484	0	0	0	0	0.055	0.100	0	0.460	0.501
CEP120	TMEM67	9606.ENSP00000303058	9606.ENSP00000389998	0	0	0	0	0.057	0	0	0.402	0.412
CEP120	INTU	9606.ENSP00000303058	9606.ENSP00000334003	0	0	0	0	0.056	0.082	0	0.409	0.443
CEP120	EVC2	9606.ENSP00000303058	9606.ENSP00000342144	0	0	0	0	0	0	0	0.447	0.447
CEP120	IFT52	9606.ENSP00000303058	9606.ENSP00000362121	0	0	0	0	0.044	0	0	0.447	0.448
CEP120	WDR35	9606.ENSP00000303058	9606.ENSP00000314444	0	0	0	0	0.062	0	0	0.439	0.451
CEP120	CPLANE1	9606.ENSP00000303058	9606.ENSP00000389014	0	0	0	0	0.060	0	0	0.446	0.456
CEP120	CEP19	9606.ENSP00000303058	9606.ENSP00000387209	0	0	0	0	0.043	0	0	0.467	0.468
CEP120	TCTN3	9606.ENSP00000303058	9606.ENSP00000483364	0	0	0	0	0.048	0	0	0.476	0.479
CEP120	DYNC2H1	9606.ENSP00000303058	9606.ENSP00000497174	0	0	0	0	0.049	0.071	0	0.483	0.503
CEP120	DYNC2LI1	9606.ENSP00000303058	9606.ENSP00000474032	0	0	0	0	0.049	0	0	0.511	0.515
CEP120	HYLS1	9606.ENSP00000303058	9606.ENSP00000414884	0	0	0	0	0.054	0.225	0	0.425	0.542
CEP120	WDR34	9606.ENSP00000303058	9606.ENSP00000361800	0	0	0	0	0	0.091	0	0.579	0.601
CEP120	IFT80	9606.ENSP00000303058	9606.ENSP00000312778	0	0	0	0	0.060	0.082	0	0.582	0.608
CEP120	CEP83	9606.ENSP00000303058	9606.ENSP00000380911	0	0	0	0	0.082	0.098	0	0.567	0.610
CEP120	WDR19	9606.ENSP00000303058	9606.ENSP00000382717	0	0	0	0	0.056	0	0	0.605	0.611
CEP120	CEP152	9606.ENSP00000303058	9606.ENSP00000370337	0	0	0	0	0.074	0.089	0	0.610	0.642
CEP120	WDR60	9606.ENSP00000303058	9606.ENSP00000384290	0	0	0	0	0	0.091	0	0.625	0.645
CEP120	NIN	9606.ENSP00000303058	9606.ENSP00000371472	0	0	0	0	0.109	0.087	0	0.604	0.650
CEP120	CEP290	9606.ENSP00000303058	9606.ENSP00000448012	0	0	0	0	0.127	0.098	0	0.735	0.773
CEP152	TUBGCP6	9606.ENSP00000370337	9606.ENSP00000248846	0	0	0	0	0.048	0	0	0.455	0.459
CEP152	MAP11	9606.ENSP00000370337	9606.ENSP00000324741	0	0	0	0	0	0	0	0.419	0.418
CEP152	ZNF335	9606.ENSP00000370337	9606.ENSP00000325326	0	0	0	0	0.056	0	0	0.621	0.626
CEP152	KNL1	9606.ENSP00000370337	9606.ENSP00000335463	0	0	0	0	0.337	0	0	0.530	0.675
CEP152	MCPH1	9606.ENSP00000370337	9606.ENSP00000342924	0	0	0	0	0	0	0	0.854	0.854
CEP152	MFSD2A	9606.ENSP00000370337	9606.ENSP00000361895	0	0	0	0	0	0	0	0.417	0.416
CEP152	CEP83	9606.ENSP00000370337	9606.ENSP00000380911	0	0	0	0	0.140	0	0	0.349	0.416
CEP152	NIN	9606.ENSP00000370337	9606.ENSP00000371472	0	0	0	0	0.083	0.128	0	0.473	0.541
CEP19	PPP2R3C	9606.ENSP00000387209	9606.ENSP00000261475	0	0	0	0	0.047	0.609	0	0	0.611
CEP19	SCLT1	9606.ENSP00000387209	9606.ENSP00000281142	0	0	0	0	0.067	0.042	0	0.594	0.605
CEP19	POC1A	9606.ENSP00000387209	9606.ENSP00000296484	0	0	0	0	0.044	0	0	0.445	0.447
CEP19	IFT52	9606.ENSP00000387209	9606.ENSP00000362121	0	0	0	0	0	0	0	0.429	0.429
CEP19	CEP78	9606.ENSP00000387209	9606.ENSP00000365782	0	0	0	0	0.049	0	0	0.424	0.429
CEP19	NIN	9606.ENSP00000387209	9606.ENSP00000371472	0	0	0	0	0.087	0	0	0.390	0.420
CEP19	TCTN1	9606.ENSP00000387209	9606.ENSP00000380779	0	0	0	0	0.048	0	0	0.448	0.452
CEP19	CEP83	9606.ENSP00000387209	9606.ENSP00000380911	0	0	0	0	0	0	0	0.492	0.492
CEP19	IFT74	9606.ENSP00000387209	9606.ENSP00000404122	0	0	0	0	0	0	0	0.441	0.441
CEP290	CEP41	9606.ENSP00000448012	9606.ENSP00000223208	0	0	0	0	0.056	0	0	0.602	0.608
CEP290	NEK9	9606.ENSP00000448012	9606.ENSP00000238616	0	0	0	0	0.055	0.047	0	0.591	0.599
CEP290	IFT43	9606.ENSP00000448012	9606.ENSP00000238628	0	0	0	0	0.042	0	0	0.517	0.518
CEP290	IFT81	9606.ENSP00000448012	9606.ENSP00000242591	0	0	0	0	0.151	0	0	0.549	0.601
CEP290	TTC21B	9606.ENSP00000448012	9606.ENSP00000243344	0	0	0	0	0.149	0.066	0	0.655	0.702
CEP290	NUP85	9606.ENSP00000448012	9606.ENSP00000245544	0	0	0	0	0	0	0	0.436	0.436
CEP290	TMEM231	9606.ENSP00000448012	9606.ENSP00000258173	0	0	0	0	0.042	0	0.720	0.925	0.978
CEP290	IFT172	9606.ENSP00000448012	9606.ENSP00000260570	0	0	0	0	0.055	0	0	0.641	0.646
CEP290	KIAA0556	9606.ENSP00000448012	9606.ENSP00000261588	0	0	0	0	0.043	0.320	0	0.375	0.557
CEP290	CSPP1	9606.ENSP00000448012	9606.ENSP00000262210	0	0	0	0	0.262	0.089	0	0.575	0.690
CEP290	GLIS2	9606.ENSP00000448012	9606.ENSP00000262366	0	0	0	0	0.047	0.091	0	0.378	0.414
CEP290	INVS	9606.ENSP00000448012	9606.ENSP00000262457	0	0	0	0	0.066	0.079	0	0.770	0.785
CEP290	IFT57	9606.ENSP00000448012	9606.ENSP00000264538	0	0	0	0	0.060	0	0	0.449	0.460
CEP290	NEK8	9606.ENSP00000448012	9606.ENSP00000268766	0	0	0	0	0	0	0	0.696	0.696
CEP290	WDPCP	9606.ENSP00000448012	9606.ENSP00000272321	0	0	0	0	0.063	0	0	0.774	0.779
CEP290	TMEM138	9606.ENSP00000448012	9606.ENSP00000278826	0	0	0	0	0	0	0	0.595	0.595
CEP290	SCLT1	9606.ENSP00000448012	9606.ENSP00000281142	0	0	0	0	0.080	0	0	0.586	0.602
CEP290	IFT122	9606.ENSP00000448012	9606.ENSP00000296266	0	0	0	0	0.098	0.100	0	0.464	0.527
CEP290	TCTN2	9606.ENSP00000448012	9606.ENSP00000304941	0	0	0	0	0	0.093	0.720	0.924	0.979
CEP290	IFT80	9606.ENSP00000448012	9606.ENSP00000312778	0	0	0	0	0.120	0.100	0	0.512	0.580
CEP290	TMEM107	9606.ENSP00000448012	9606.ENSP00000314116	0	0	0	0	0.055	0	0.720	0.710	0.916
CEP290	WDR35	9606.ENSP00000448012	9606.ENSP00000314444	0	0	0	0	0.067	0	0	0.414	0.429
CEP290	PRPF31	9606.ENSP00000448012	9606.ENSP00000324122	0	0	0	0	0	0	0	0.585	0.585
CEP290	INTU	9606.ENSP00000448012	9606.ENSP00000334003	0	0	0	0	0.064	0.114	0	0.494	0.544
CEP290	TMEM216	9606.ENSP00000448012	9606.ENSP00000334844	0	0	0	0	0	0	0.720	0.966	0.990
CEP290	NPHP3	9606.ENSP00000448012	9606.ENSP00000338766	0	0	0	0	0.072	0.054	0	0.915	0.919
CEP290	CERKL	9606.ENSP00000448012	9606.ENSP00000341159	0	0	0	0	0	0.054	0	0.447	0.454
CEP290	XPNPEP3	9606.ENSP00000448012	9606.ENSP00000349658	0	0	0	0	0.048	0	0	0.736	0.738
CEP290	WHRN	9606.ENSP00000448012	9606.ENSP00000354623	0	0	0	0	0	0.093	0	0.466	0.495
CEP290	EYS	9606.ENSP00000448012	9606.ENSP00000359655	0	0	0	0	0.042	0.098	0	0.583	0.608
CEP290	INPP5E	9606.ENSP00000448012	9606.ENSP00000360777	0	0	0	0	0.042	0	0.098	0.484	0.515
CEP290	IFT52	9606.ENSP00000448012	9606.ENSP00000362121	0	0	0	0	0.088	0	0	0.549	0.571
CEP290	TRAF3IP1	9606.ENSP00000448012	9606.ENSP00000362424	0	0	0	0	0.118	0	0	0.635	0.664
CEP290	CEP78	9606.ENSP00000448012	9606.ENSP00000365782	0	0	0	0	0.066	0.113	0	0.442	0.498
CEP290	NMNAT1	9606.ENSP00000448012	9606.ENSP00000366410	0	0	0	0	0	0	0	0.545	0.545
CEP290	NPHP4	9606.ENSP00000448012	9606.ENSP00000367398	0	0	0	0	0	0.061	0	0.976	0.976
CEP290	DNAAF1	9606.ENSP00000448012	9606.ENSP00000367815	0	0	0	0	0	0.068	0	0.605	0.616
CEP290	NIN	9606.ENSP00000448012	9606.ENSP00000371472	0	0	0	0	0.042	0.177	0	0.748	0.784
CEP290	LCA5	9606.ENSP00000448012	9606.ENSP00000376686	0	0	0	0	0.056	0	0	0.822	0.825
CEP290	MKS1	9606.ENSP00000448012	9606.ENSP00000376827	0	0	0	0	0	0.087	0.720	0.977	0.993
CEP290	SPATA7	9606.ENSP00000448012	9606.ENSP00000377176	0	0	0	0	0.102	0	0	0.829	0.840
CEP290	KIF7	9606.ENSP00000448012	9606.ENSP00000377934	0	0	0	0	0.043	0.331	0	0.560	0.694
CEP290	TCTN1	9606.ENSP00000448012	9606.ENSP00000380779	0	0	0	0	0.056	0	0.720	0.945	0.984
CEP290	CEP83	9606.ENSP00000448012	9606.ENSP00000380911	0	0	0	0	0.337	0.079	0	0.549	0.701
CEP290	WDR19	9606.ENSP00000448012	9606.ENSP00000382717	0	0	0	0	0.083	0	0	0.667	0.681
CEP290	RPGRIP1	9606.ENSP00000448012	9606.ENSP00000382895	0	0	0	0	0	0.095	0	0.948	0.951
CEP290	TMEM237	9606.ENSP00000448012	9606.ENSP00000386264	0	0	0	0	0.158	0.091	0	0.810	0.842
CEP290	CPLANE1	9606.ENSP00000448012	9606.ENSP00000389014	0	0	0	0	0.087	0	0	0.650	0.666
CEP290	TMEM67	9606.ENSP00000448012	9606.ENSP00000389998	0	0	0	0	0.102	0	0.720	0.990	0.997
CEP290	IFT74	9606.ENSP00000448012	9606.ENSP00000404122	0	0	0	0	0.402	0.079	0	0.443	0.666
CEP290	TRIM32	9606.ENSP00000448012	9606.ENSP00000408292	0	0	0	0	0	0.079	0	0.683	0.695
CEP290	NUP62	9606.ENSP00000448012	9606.ENSP00000471191	0	0	0	0	0	0	0	0.498	0.497
CEP290	DYNC2H1	9606.ENSP00000448012	9606.ENSP00000497174	0	0	0	0	0.127	0.064	0	0.456	0.517
CEP290	USH1G	9606.ENSP00000448012	9606.ENSP00000480279	0	0	0	0	0	0.079	0	0.600	0.615
CEP290	TTC8	9606.ENSP00000448012	9606.ENSP00000482306	0	0	0	0	0.058	0.211	0	0.670	0.733
CEP290	TCTN3	9606.ENSP00000448012	9606.ENSP00000483364	0	0	0	0	0	0	0	0.909	0.909
CEP290	RPGRIP1L	9606.ENSP00000448012	9606.ENSP00000493946	0	0	0	0	0.218	0	0	0.977	0.981
CEP41	IFT43	9606.ENSP00000223208	9606.ENSP00000238628	0	0	0	0	0.049	0	0	0.407	0.412
CEP41	IFT172	9606.ENSP00000223208	9606.ENSP00000260570	0	0	0	0	0.049	0	0	0.413	0.417
CEP41	KIAA0556	9606.ENSP00000223208	9606.ENSP00000261588	0	0	0	0	0.042	0	0	0.452	0.452
CEP41	NPHP3	9606.ENSP00000223208	9606.ENSP00000338766	0	0	0	0	0.050	0	0	0.454	0.460
CEP41	CEP78	9606.ENSP00000223208	9606.ENSP00000365782	0	0	0	0	0.082	0	0	0.473	0.496
CEP41	TTC21B	9606.ENSP00000223208	9606.ENSP00000243344	0	0	0	0	0	0	0	0.537	0.537
CEP41	MKS1	9606.ENSP00000223208	9606.ENSP00000376827	0	0	0	0	0.075	0	0	0.544	0.560
CEP41	CSPP1	9606.ENSP00000223208	9606.ENSP00000262210	0	0	0	0	0.049	0	0	0.589	0.592
CEP41	TMEM231	9606.ENSP00000223208	9606.ENSP00000258173	0	0	0	0	0.067	0	0	0.608	0.619
CEP41	KIF7	9606.ENSP00000223208	9606.ENSP00000377934	0	0	0	0	0	0	0	0.623	0.623
CEP41	TCTN2	9606.ENSP00000223208	9606.ENSP00000304941	0	0	0	0	0.092	0	0	0.610	0.630
CEP41	TMEM67	9606.ENSP00000223208	9606.ENSP00000389998	0	0	0	0	0.067	0	0	0.634	0.644
CEP41	TMEM138	9606.ENSP00000223208	9606.ENSP00000278826	0	0	0	0	0.049	0	0	0.662	0.664
CEP41	TMEM216	9606.ENSP00000223208	9606.ENSP00000334844	0	0	0	0	0	0	0	0.669	0.669
CEP41	RPGRIP1L	9606.ENSP00000223208	9606.ENSP00000493946	0	0	0	0	0.181	0	0	0.614	0.671
CEP41	CPLANE1	9606.ENSP00000223208	9606.ENSP00000389014	0	0	0	0	0.060	0	0	0.665	0.671
CEP41	TCTN3	9606.ENSP00000223208	9606.ENSP00000483364	0	0	0	0	0.042	0	0	0.683	0.683
CEP41	TCTN1	9606.ENSP00000223208	9606.ENSP00000380779	0	0	0	0	0.057	0	0	0.688	0.693
CEP41	TMEM237	9606.ENSP00000223208	9606.ENSP00000386264	0	0	0	0	0.118	0	0	0.684	0.709
CEP55	TEX14	9606.ENSP00000360540	9606.ENSP00000240361	0	0	0	0	0	0.938	0	0.691	0.980
CEP55	NCAPH	9606.ENSP00000360540	9606.ENSP00000240423	0	0	0	0	0.464	0	0	0.369	0.647
CEP55	KNSTRN	9606.ENSP00000360540	9606.ENSP00000249776	0	0	0	0	0.465	0	0	0.477	0.708
CEP55	PTPN23	9606.ENSP00000360540	9606.ENSP00000265562	0	0	0	0	0.054	0.153	0	0.323	0.410
CEP55	GUF1	9606.ENSP00000360540	9606.ENSP00000281543	0	0	0	0	0.050	0	0	0.429	0.434
CEP55	ESCO2	9606.ENSP00000360540	9606.ENSP00000306999	0	0	0	0	0.511	0	0	0.247	0.617
CEP55	FANCI	9606.ENSP00000360540	9606.ENSP00000310842	0	0	0	0	0.542	0	0	0.159	0.598
CEP55	LRSAM1	9606.ENSP00000360540	9606.ENSP00000322937	0	0	0	0	0	0	0	0.711	0.711
CEP55	KIF15	9606.ENSP00000360540	9606.ENSP00000324020	0	0	0	0	0.824	0	0	0.418	0.893
CEP55	LMNB2	9606.ENSP00000360540	9606.ENSP00000327054	0	0	0	0	0.367	0	0	0.095	0.403
CEP55	KNL1	9606.ENSP00000360540	9606.ENSP00000335463	0	0	0	0	0.413	0	0	0.364	0.611
CEP55	DIAPH3	9606.ENSP00000360540	9606.ENSP00000383178	0	0	0	0	0.459	0	0	0.121	0.504
CEP55	NCAPG2	9606.ENSP00000360540	9606.ENSP00000387007	0	0	0	0	0.508	0	0	0.206	0.592
CEP55	UBE2T	9606.ENSP00000360540	9606.ENSP00000494957	0	0	0	0	0.465	0	0	0.585	0.768
CEP55	KIF4A	9606.ENSP00000360540	9606.ENSP00000363524	0	0	0	0	0.814	0	0	0.748	0.951
CEP55	RACGAP1	9606.ENSP00000360540	9606.ENSP00000404190	0	0	0	0	0.780	0.102	0	0.803	0.958
CEP78	KIAA0556	9606.ENSP00000365782	9606.ENSP00000261588	0	0	0	0	0	0.292	0	0.366	0.532
CEP78	SCLT1	9606.ENSP00000365782	9606.ENSP00000281142	0	0	0	0	0.114	0.113	0	0.392	0.481
CEP78	ESCO2	9606.ENSP00000365782	9606.ENSP00000306999	0	0	0	0	0.155	0	0	0.331	0.410
CEP78	PSAT1	9606.ENSP00000365782	9606.ENSP00000365773	0	0.676	0	0	0.067	0	0	0.245	0.752
CEP78	USH1G	9606.ENSP00000365782	9606.ENSP00000480279	0	0	0	0	0	0	0	0.412	0.412
CEP78	PDZD7	9606.ENSP00000365782	9606.ENSP00000480489	0	0	0	0	0	0	0	0.463	0.463
CEP83	TTC21B	9606.ENSP00000380911	9606.ENSP00000243344	0	0	0	0	0.118	0.061	0	0.423	0.480
CEP83	RSPH3	9606.ENSP00000380911	9606.ENSP00000252655	0	0	0	0	0.094	0.065	0	0.376	0.425
CEP83	IFT172	9606.ENSP00000380911	9606.ENSP00000260570	0	0	0	0	0.082	0.119	0	0.419	0.489
CEP83	CSPP1	9606.ENSP00000380911	9606.ENSP00000262210	0	0	0	0	0.372	0.091	0	0.157	0.476
CEP83	INVS	9606.ENSP00000380911	9606.ENSP00000262457	0	0	0	0	0.084	0.072	0	0.408	0.453
CEP83	NEK8	9606.ENSP00000380911	9606.ENSP00000268766	0	0	0	0	0.062	0	0	0.466	0.478
CEP83	SCLT1	9606.ENSP00000380911	9606.ENSP00000281142	0	0	0	0	0.101	0.079	0.900	0.993	0.999
CEP83	NPHP3	9606.ENSP00000380911	9606.ENSP00000338766	0	0	0	0	0.059	0.106	0	0.413	0.464
CEP83	INPP5E	9606.ENSP00000380911	9606.ENSP00000360777	0	0	0	0	0	0.043	0	0.419	0.420
CEP83	IFT52	9606.ENSP00000380911	9606.ENSP00000362121	0	0	0	0	0	0.126	0	0.515	0.558
CEP83	TRAF3IP1	9606.ENSP00000380911	9606.ENSP00000362424	0	0	0	0	0.092	0.111	0	0.648	0.691
CEP83	NPHP4	9606.ENSP00000380911	9606.ENSP00000367398	0	0	0	0	0.043	0.072	0	0.448	0.467
CEP83	NIN	9606.ENSP00000380911	9606.ENSP00000371472	0	0	0	0	0	0.091	0.540	0.615	0.825
CEP83	MKS1	9606.ENSP00000380911	9606.ENSP00000376827	0	0	0	0	0.061	0.045	0	0.397	0.412
CEP83	HYLS1	9606.ENSP00000380911	9606.ENSP00000414884	0	0	0	0	0.055	0	0	0.406	0.415
CEP83	RPGRIP1L	9606.ENSP00000380911	9606.ENSP00000493946	0	0	0	0	0.185	0	0	0.350	0.447
CEP83	TCTN3	9606.ENSP00000380911	9606.ENSP00000483364	0	0	0	0	0.045	0	0	0.511	0.513
CEP83	WDR19	9606.ENSP00000380911	9606.ENSP00000382717	0	0	0	0	0.060	0	0	0.516	0.525
CEP83	TMEM67	9606.ENSP00000380911	9606.ENSP00000389998	0	0	0	0	0.084	0	0	0.630	0.646
CERKL	PITPNM3	9606.ENSP00000341159	9606.ENSP00000262483	0	0	0	0	0	0.082	0	0.398	0.424
CERKL	PRPF6	9606.ENSP00000341159	9606.ENSP00000266079	0	0	0	0	0	0	0	0.433	0.433
CERKL	SNRNP200	9606.ENSP00000341159	9606.ENSP00000317123	0	0	0	0	0	0	0	0.710	0.710
CERKL	PRPF31	9606.ENSP00000341159	9606.ENSP00000324122	0	0	0	0	0	0	0	0.792	0.792
CERKL	PCARE	9606.ENSP00000341159	9606.ENSP00000332809	0	0	0	0	0	0	0	0.805	0.805
CERKL	FSCN2	9606.ENSP00000341159	9606.ENSP00000334665	0	0	0	0	0	0	0	0.779	0.779
CERKL	USH1G	9606.ENSP00000341159	9606.ENSP00000480279	0	0	0	0	0	0	0	0.463	0.463
CERKL	CNNM4	9606.ENSP00000341159	9606.ENSP00000366275	0.046	0	0	0	0.074	0	0	0.447	0.468
CERKL	DNAH10	9606.ENSP00000341159	9606.ENSP00000489675	0	0	0	0	0.594	0	0	0.047	0.596
CERKL	LCA5	9606.ENSP00000341159	9606.ENSP00000376686	0	0	0	0	0	0.069	0	0.606	0.618
CERKL	RPGRIP1	9606.ENSP00000341159	9606.ENSP00000382895	0	0	0	0	0.098	0	0	0.624	0.646
CERKL	TTC8	9606.ENSP00000341159	9606.ENSP00000482306	0	0	0	0	0	0	0	0.693	0.693
CERKL	SPATA7	9606.ENSP00000341159	9606.ENSP00000377176	0	0	0	0	0	0	0	0.696	0.696
CERKL	SEMA4A	9606.ENSP00000341159	9606.ENSP00000357265	0	0	0	0	0	0	0	0.747	0.747
CERKL	PRCD	9606.ENSP00000341159	9606.ENSP00000467661	0	0	0	0	0	0	0	0.800	0.800
CERKL	EYS	9606.ENSP00000341159	9606.ENSP00000359655	0	0	0	0	0.046	0	0	0.856	0.857
CFAP221	RSPH3	9606.ENSP00000393222	9606.ENSP00000252655	0	0	0	0	0.062	0	0	0.446	0.458
CFAP221	LRRC56	9606.ENSP00000393222	9606.ENSP00000270115	0	0	0	0	0.056	0.189	0	0.507	0.589
CFAP221	MAATS1	9606.ENSP00000393222	9606.ENSP00000273390	0	0	0	0	0.214	0.115	0	0.359	0.515
CFAP221	RSPH1	9606.ENSP00000393222	9606.ENSP00000291536	0	0	0	0	0.121	0.171	0	0.505	0.607
CFAP221	STK36	9606.ENSP00000393222	9606.ENSP00000295709	0	0	0	0	0.060	0	0	0.447	0.457
CFAP221	CFAP70	9606.ENSP00000393222	9606.ENSP00000310829	0	0	0	0	0.129	0	0	0.348	0.407
CFAP221	NEK10	9606.ENSP00000393222	9606.ENSP00000343847	0	0	0	0	0.088	0	0	0.370	0.400
CFAP221	SPEF2	9606.ENSP00000393222	9606.ENSP00000348314	0	0	0	0	0.138	0.125	0	0.582	0.657
CFAP221	RSPH9	9606.ENSP00000393222	9606.ENSP00000361238	0	0	0	0	0.057	0	0	0.420	0.429
CFAP221	DNAAF1	9606.ENSP00000393222	9606.ENSP00000367815	0	0	0	0	0.164	0	0	0.348	0.431
CFAP221	HYDIN	9606.ENSP00000393222	9606.ENSP00000377197	0	0	0.204	0	0.127	0.115	0	0.584	0.709
CFAP221	TTC12	9606.ENSP00000393222	9606.ENSP00000419652	0	0	0	0	0.048	0	0	0.436	0.440
CFAP43	ZMYND10	9606.ENSP00000349568	9606.ENSP00000231749	0	0	0	0	0.329	0	0	0.318	0.522
CFAP43	PMFBP1	9606.ENSP00000349568	9606.ENSP00000237353	0	0	0	0	0	0	0	0.444	0.444
CFAP43	QRICH2	9606.ENSP00000349568	9606.ENSP00000262765	0	0	0	0	0	0	0	0.794	0.794
CFAP43	MAATS1	9606.ENSP00000349568	9606.ENSP00000273390	0	0	0	0	0.437	0	0	0.615	0.774
CFAP43	DRC1	9606.ENSP00000349568	9606.ENSP00000288710	0	0	0	0	0.195	0	0	0.301	0.413
CFAP43	WDR66	9606.ENSP00000349568	9606.ENSP00000288912	0	0	0	0	0.084	0	0	0.798	0.807
CFAP43	RSPH1	9606.ENSP00000349568	9606.ENSP00000291536	0	0	0	0	0.197	0	0	0.336	0.444
CFAP43	CFAP70	9606.ENSP00000349568	9606.ENSP00000310829	0	0	0	0	0.322	0	0	0.700	0.788
CFAP43	CFAP65	9606.ENSP00000349568	9606.ENSP00000340776	0	0	0	0	0.134	0	0	0.584	0.624
CFAP43	SPEF2	9606.ENSP00000349568	9606.ENSP00000348314	0	0	0	0	0.200	0	0	0.682	0.735
CFAP43	DNAI2	9606.ENSP00000349568	9606.ENSP00000400252	0	0	0	0	0.127	0	0	0.351	0.409
CFAP43	PIH1D3	9606.ENSP00000349568	9606.ENSP00000441930	0	0	0	0	0.247	0	0	0.268	0.425
CFAP43	DNAH10	9606.ENSP00000349568	9606.ENSP00000489675	0	0	0	0	0.092	0	0	0.402	0.434
CFAP43	DNAI1	9606.ENSP00000349568	9606.ENSP00000480538	0	0	0	0	0.335	0	0	0.318	0.527
CFAP43	DNAAF1	9606.ENSP00000349568	9606.ENSP00000367815	0	0	0	0	0.168	0	0	0.470	0.541
CFAP43	WDR19	9606.ENSP00000349568	9606.ENSP00000382717	0	0	0	0	0.102	0	0	0.527	0.557
CFAP43	CFAP53	9606.ENSP00000349568	9606.ENSP00000381553	0	0	0	0	0.346	0	0	0.371	0.572
CFAP43	DNAH2	9606.ENSP00000349568	9606.ENSP00000458355	0	0	0	0	0.119	0	0	0.563	0.599
CFAP43	HYDIN	9606.ENSP00000349568	9606.ENSP00000377197	0	0	0	0	0.258	0	0	0.491	0.607
CFAP43	TTC21A	9606.ENSP00000349568	9606.ENSP00000398211	0	0	0	0	0.114	0	0	0.719	0.741
CFAP45	DRC1	9606.ENSP00000357079	9606.ENSP00000288710	0	0	0	0	0.322	0	0	0.423	0.592
CFAP45	CFAP70	9606.ENSP00000357079	9606.ENSP00000310829	0	0	0	0	0.142	0	0	0.409	0.471
CFAP45	TRIT1	9606.ENSP00000357079	9606.ENSP00000321810	0	0	0	0	0	0	0	0.403	0.403
CFAP45	VPS33B	9606.ENSP00000357079	9606.ENSP00000327650	0	0	0	0	0	0	0	0.793	0.793
CFAP45	DNAI2	9606.ENSP00000357079	9606.ENSP00000400252	0	0	0.208	0	0.128	0	0	0.270	0.452
CFAP45	DNAH10	9606.ENSP00000357079	9606.ENSP00000489675	0	0	0	0	0.062	0	0	0.477	0.488
CFAP45	CFAP53	9606.ENSP00000357079	9606.ENSP00000381553	0	0	0	0	0.138	0.821	0	0.283	0.880
CFAP53	ZMYND10	9606.ENSP00000381553	9606.ENSP00000231749	0	0	0	0	0.399	0.061	0	0.044	0.414
CFAP53	CFC1	9606.ENSP00000381553	9606.ENSP00000259216	0	0	0	0	0.064	0.098	0	0.535	0.573
CFAP53	MAATS1	9606.ENSP00000381553	9606.ENSP00000273390	0	0	0	0	0.163	0.098	0	0.269	0.400
CFAP53	PKD1L1	9606.ENSP00000381553	9606.ENSP00000289672	0	0	0	0	0	0.048	0	0.508	0.512
CFAP53	RSPH1	9606.ENSP00000381553	9606.ENSP00000291536	0	0	0	0	0.188	0.093	0	0.364	0.490
CFAP53	CFAP70	9606.ENSP00000381553	9606.ENSP00000310829	0	0	0	0	0.442	0.112	0	0.309	0.628
CFAP53	MMP21	9606.ENSP00000381553	9606.ENSP00000357798	0	0	0	0	0.043	0	0	0.501	0.502
CFAP65	QRICH2	9606.ENSP00000340776	9606.ENSP00000262765	0	0	0	0	0	0	0	0.459	0.459
CFAP65	MAATS1	9606.ENSP00000340776	9606.ENSP00000273390	0	0	0	0	0.064	0	0	0.400	0.414
CFAP65	WDR66	9606.ENSP00000340776	9606.ENSP00000288912	0	0	0	0	0.048	0	0	0.432	0.436
CFAP65	CFAP70	9606.ENSP00000340776	9606.ENSP00000310829	0	0	0	0	0.056	0	0	0.608	0.615
CFAP65	SPEF2	9606.ENSP00000340776	9606.ENSP00000348314	0	0	0	0	0.055	0	0	0.399	0.408
CFAP65	TTC21A	9606.ENSP00000340776	9606.ENSP00000398211	0	0	0	0	0.042	0	0	0.479	0.479
CFAP70	DNHD1	9606.ENSP00000310829	9606.ENSP00000254579	0	0	0	0	0.074	0.077	0.540	0.051	0.577
CFAP70	QRICH2	9606.ENSP00000310829	9606.ENSP00000262765	0	0	0	0	0.067	0.112	0	0.615	0.654
CFAP70	MAATS1	9606.ENSP00000310829	9606.ENSP00000273390	0	0	0	0	0.253	0.078	0	0.595	0.697
CFAP70	DRC1	9606.ENSP00000310829	9606.ENSP00000288710	0	0	0	0	0.125	0	0.360	0.239	0.536
CFAP70	WDR66	9606.ENSP00000310829	9606.ENSP00000288912	0	0	0	0	0.149	0.078	0	0.637	0.690
CFAP70	WDR19	9606.ENSP00000310829	9606.ENSP00000382717	0	0	0	0	0.149	0	0	0.407	0.473
CFAP70	DNAAF1	9606.ENSP00000310829	9606.ENSP00000367815	0	0	0	0	0.087	0.070	0	0.438	0.481
CFAP70	DNAH10	9606.ENSP00000310829	9606.ENSP00000489675	0	0	0	0	0.100	0.077	0	0.433	0.488
CFAP70	SPEF2	9606.ENSP00000310829	9606.ENSP00000348314	0	0	0	0	0.202	0.079	0	0.603	0.683
CFAP70	TTC21A	9606.ENSP00000310829	9606.ENSP00000398211	0	0	0	0	0.208	0	0	0.635	0.698
CFAP70	DNAI1	9606.ENSP00000310829	9606.ENSP00000480538	0	0	0	0	0.132	0.046	0.540	0.330	0.711
CFAP70	DNAL1	9606.ENSP00000310829	9606.ENSP00000452037	0	0	0	0	0.072	0.100	0.720	0.084	0.757
CFAP70	DNAI2	9606.ENSP00000310829	9606.ENSP00000400252	0	0	0	0	0.139	0.046	0.720	0.316	0.821
CFAP70	DNAH2	9606.ENSP00000310829	9606.ENSP00000458355	0	0	0	0	0.121	0.077	0.900	0.540	0.957
CFC1	MMP21	9606.ENSP00000259216	9606.ENSP00000357798	0	0	0	0	0.056	0	0	0.394	0.403
CFC1	DNAI1	9606.ENSP00000259216	9606.ENSP00000480538	0	0	0	0	0.049	0.091	0	0.403	0.439
CFC1	PKD1L1	9606.ENSP00000259216	9606.ENSP00000289672	0	0	0	0	0.042	0.045	0	0.581	0.583
CFC1	INVS	9606.ENSP00000259216	9606.ENSP00000262457	0	0	0	0	0.064	0.098	0	0.629	0.659
CFC1	MED13L	9606.ENSP00000259216	9606.ENSP00000281928	0	0	0	0	0	0.045	0	0.847	0.847
CFHR5	MMACHC	9606.ENSP00000256785	9606.ENSP00000383840	0	0	0	0	0	0.045	0	0.632	0.634
CHCHD10	SETX	9606.ENSP00000384973	9606.ENSP00000224140	0	0	0	0	0	0	0	0.587	0.587
CHCHD10	TARDBP	9606.ENSP00000384973	9606.ENSP00000240185	0	0	0	0	0.055	0	0	0.711	0.715
CHCHD10	SPG11	9606.ENSP00000384973	9606.ENSP00000261866	0	0	0	0	0.044	0	0	0.622	0.624
CHCHD10	CHMP2B	9606.ENSP00000384973	9606.ENSP00000263780	0	0	0	0	0	0	0	0.645	0.645
CHCHD10	KLF13	9606.ENSP00000384973	9606.ENSP00000302456	0	0	0	0	0.042	0.421	0	0	0.421
CHCHD10	TIMM22	9606.ENSP00000384973	9606.ENSP00000320236	0	0	0	0	0.067	0	0.500	0.243	0.616
CHCHD10	TBK1	9606.ENSP00000384973	9606.ENSP00000329967	0	0	0	0	0	0	0	0.608	0.608
CHCHD10	COX4I2	9606.ENSP00000384973	9606.ENSP00000365243	0	0	0	0	0.244	0	0	0.307	0.453
CHCHD10	CHCHD2	9606.ENSP00000384973	9606.ENSP00000378812	0	0	0.072	0.933	0.048	0.698	0.400	0.409	0.888
CHCHD10	UNC13A	9606.ENSP00000384973	9606.ENSP00000429562	0	0	0	0	0	0	0	0.465	0.465
CHCHD10	MICOS13	9606.ENSP00000384973	9606.ENSP00000468723	0	0	0	0	0.239	0	0.900	0.738	0.978
CHCHD2	TARDBP	9606.ENSP00000378812	9606.ENSP00000240185	0	0	0	0	0.063	0	0	0.573	0.584
CHCHD2	SPG11	9606.ENSP00000378812	9606.ENSP00000261866	0	0	0	0	0.042	0	0	0.498	0.499
CHCHD2	LRRK2	9606.ENSP00000378812	9606.ENSP00000298910	0	0	0	0	0	0	0	0.606	0.606
CHCHD2	VPS35	9606.ENSP00000378812	9606.ENSP00000299138	0	0	0	0	0.055	0	0	0.725	0.729
CHCHD2	CYCS	9606.ENSP00000378812	9606.ENSP00000307786	0	0	0	0	0.153	0	0	0.354	0.430
CHCHD2	COQ2	9606.ENSP00000378812	9606.ENSP00000310873	0	0	0	0	0.042	0.229	0	0.277	0.419
CHCHD2	RNASEH1	9606.ENSP00000378812	9606.ENSP00000313350	0	0	0	0	0.062	0.551	0	0	0.560
CHCHD2	TIMM22	9606.ENSP00000378812	9606.ENSP00000320236	0	0	0	0	0.074	0	0.500	0.068	0.531
CHCHD2	PINK1	9606.ENSP00000378812	9606.ENSP00000364204	0	0	0	0	0	0	0	0.669	0.669
CHCHD2	COX4I2	9606.ENSP00000378812	9606.ENSP00000365243	0	0	0	0	0.244	0	0	0.510	0.613
CHCHD2	GIGYF2	9606.ENSP00000378812	9606.ENSP00000387170	0	0	0	0	0.042	0	0	0.541	0.541
CHCHD2	VPS13C	9606.ENSP00000378812	9606.ENSP00000493560	0	0	0	0	0.042	0	0	0.671	0.671
CHD5	FANCM	9606.ENSP00000262450	9606.ENSP00000267430	0	0	0	0	0	0.333	0	0.166	0.419
CHD5	GATAD2B	9606.ENSP00000262450	9606.ENSP00000357644	0	0	0	0	0	0.867	0.540	0.326	0.955
CHD7	PROKR2	9606.ENSP00000392028	9606.ENSP00000217270	0	0	0	0	0.042	0	0	0.856	0.856
CHD7	KISS1R	9606.ENSP00000392028	9606.ENSP00000234371	0	0	0	0	0	0	0	0.800	0.800
CHD7	KMT2C	9606.ENSP00000392028	9606.ENSP00000262189	0	0	0	0	0.120	0.081	0	0.349	0.428
CHD7	FANCM	9606.ENSP00000392028	9606.ENSP00000267430	0	0	0	0	0.042	0.333	0	0.226	0.462
CHD7	PRDM16	9606.ENSP00000392028	9606.ENSP00000270722	0	0	0	0	0.055	0.102	0	0.762	0.780
CHD7	GDF6	9606.ENSP00000392028	9606.ENSP00000287020	0	0	0	0	0.071	0	0	0.383	0.402
CHD7	PROK2	9606.ENSP00000392028	9606.ENSP00000295619	0	0	0	0	0.047	0	0	0.870	0.870
CHD7	CNOT1	9606.ENSP00000392028	9606.ENSP00000320949	0	0	0	0	0.088	0.081	0	0.355	0.413
CHD7	FTSJ1	9606.ENSP00000392028	9606.ENSP00000326948	0	0	0	0	0	0.061	0	0.403	0.415
CHD7	FLRT3	9606.ENSP00000392028	9606.ENSP00000339912	0	0	0	0	0.042	0.100	0	0.395	0.433
CHD7	SIN3A	9606.ENSP00000392028	9606.ENSP00000378402	0	0	0	0	0.099	0.114	0	0.456	0.528
CHD7	PBRM1	9606.ENSP00000392028	9606.ENSP00000386593	0	0	0	0	0.122	0.354	0	0.277	0.554
CHD7	SETD2	9606.ENSP00000392028	9606.ENSP00000386759	0	0	0	0	0.135	0.184	0	0.350	0.501
CHD7	POLR1B	9606.ENSP00000392028	9606.ENSP00000444136	0	0	0	0	0.048	0.272	0	0.210	0.404
CHD7	FEZF1	9606.ENSP00000392028	9606.ENSP00000411145	0	0	0	0	0.055	0.102	0	0.452	0.494
CHD7	PHGDH	9606.ENSP00000392028	9606.ENSP00000493382	0	0	0	0	0.052	0.055	0	0.528	0.540
CHMP2B	TUBB1	9606.ENSP00000263780	9606.ENSP00000217133	0	0	0	0	0	0	0.500	0.090	0.525
CHMP2B	CHMP4B	9606.ENSP00000263780	9606.ENSP00000217402	0	0	0	0	0.082	0.669	0.900	0.685	0.989
CHMP2B	SETX	9606.ENSP00000263780	9606.ENSP00000224140	0	0	0	0	0.055	0	0	0.623	0.629
CHMP2B	TARDBP	9606.ENSP00000263780	9606.ENSP00000240185	0	0	0	0	0.047	0	0	0.851	0.852
CHMP2B	TUBB2B	9606.ENSP00000263780	9606.ENSP00000259818	0	0	0	0	0	0	0.500	0.074	0.517
CHMP2B	SPG11	9606.ENSP00000263780	9606.ENSP00000261866	0	0	0	0	0.056	0	0	0.585	0.591
CHMP2B	LRRK2	9606.ENSP00000263780	9606.ENSP00000298910	0	0	0	0	0.044	0	0	0.399	0.400
CHMP2B	UNC13A	9606.ENSP00000263780	9606.ENSP00000429562	0	0	0	0	0	0	0	0.413	0.413
CHMP2B	EXOC8	9606.ENSP00000263780	9606.ENSP00000355605	0	0	0	0	0.076	0	0	0.394	0.416
CHMP2B	VPS35	9606.ENSP00000263780	9606.ENSP00000299138	0	0	0	0	0.088	0	0	0.428	0.456
CHMP2B	NEDD4L	9606.ENSP00000263780	9606.ENSP00000383199	0	0	0	0	0.042	0	0.500	0.079	0.520
CHMP2B	TUBB6	9606.ENSP00000263780	9606.ENSP00000318697	0	0	0	0	0.049	0	0.500	0.074	0.521
CHMP2B	TUBB8	9606.ENSP00000263780	9606.ENSP00000456206	0	0	0	0	0.049	0	0.500	0.074	0.521
CHMP2B	LEMD2	9606.ENSP00000263780	9606.ENSP00000293760	0	0	0	0	0.102	0	0.500	0.059	0.540
CHMP2B	TUBA8	9606.ENSP00000263780	9606.ENSP00000333326	0	0	0	0	0	0	0.500	0.180	0.572
CHMP2B	TBK1	9606.ENSP00000263780	9606.ENSP00000329967	0	0	0	0	0.174	0	0	0.682	0.727
CHMP2B	VPS37D	9606.ENSP00000263780	9606.ENSP00000320416	0	0	0	0	0.097	0	0.900	0.298	0.931
CHMP4B	TUBB1	9606.ENSP00000217402	9606.ENSP00000217133	0	0	0	0	0	0	0.500	0	0.499
CHMP4B	ZFYVE19	9606.ENSP00000217402	9606.ENSP00000347498	0	0	0	0	0.096	0.091	0	0.344	0.414
CHMP4B	TUBA8	9606.ENSP00000217402	9606.ENSP00000333326	0	0	0	0	0	0	0.500	0	0.499
CHMP4B	TUBB2B	9606.ENSP00000217402	9606.ENSP00000259818	0	0	0	0	0.042	0	0.500	0	0.500
CHMP4B	TUBB6	9606.ENSP00000217402	9606.ENSP00000318697	0	0	0	0	0.049	0	0.500	0	0.504
CHMP4B	TUBB8	9606.ENSP00000217402	9606.ENSP00000456206	0	0	0	0	0.097	0	0.500	0	0.529
CHMP4B	NEDD4L	9606.ENSP00000217402	9606.ENSP00000383199	0	0	0	0	0.049	0	0.500	0.156	0.564
CHMP4B	LEMD2	9606.ENSP00000217402	9606.ENSP00000293760	0	0	0	0	0.084	0	0.500	0.259	0.631
CHMP4B	VPS37D	9606.ENSP00000217402	9606.ENSP00000320416	0	0	0	0	0.059	0	0.900	0.319	0.930
CHMP4B	PTPN23	9606.ENSP00000217402	9606.ENSP00000265562	0	0	0	0	0.093	0.980	0	0.730	0.994
CHST11	XYLT2	9606.ENSP00000305725	9606.ENSP00000017003	0	0	0	0	0	0	0	0.506	0.506
CHST11	GLT8D1	9606.ENSP00000305725	9606.ENSP00000266014	0	0	0	0	0.056	0	0	0.432	0.440
CHST11	SOX6	9606.ENSP00000305725	9606.ENSP00000379644	0	0	0	0	0	0	0	0.527	0.527
CHST11	CSGALNACT1	9606.ENSP00000305725	9606.ENSP00000411816	0	0	0	0	0.049	0	0	0.660	0.663
CHST14	XYLT2	9606.ENSP00000307297	9606.ENSP00000017003	0	0	0	0	0.060	0	0	0.466	0.477
CHST14	CSGALNACT1	9606.ENSP00000307297	9606.ENSP00000411816	0	0	0	0	0	0	0	0.599	0.599
CHST14	SLC39A13	9606.ENSP00000307297	9606.ENSP00000354689	0	0	0	0	0.054	0	0	0.594	0.599
CHST14	ZNF469	9606.ENSP00000307297	9606.ENSP00000456500	0	0	0	0	0.056	0	0	0.979	0.979
CIC	PLEKHG4	9606.ENSP00000458663	9606.ENSP00000353646	0	0	0	0	0.059	0	0	0.535	0.543
CIC	PLEKHG2	9606.ENSP00000458663	9606.ENSP00000392906	0	0	0.282	0	0.126	0.070	0	0.151	0.438
CIC	DUX4	9606.ENSP00000458663	9606.ENSP00000458065	0	0	0	0	0	0	0	0.540	0.540
CIDEC	CREB3L3	9606.ENSP00000373328	9606.ENSP00000078445	0	0	0	0	0.084	0	0.500	0.479	0.740
CIDEC	RETN	9606.ENSP00000373328	9606.ENSP00000221515	0	0	0	0	0.244	0	0	0.294	0.443
CIDEC	PRDM16	9606.ENSP00000373328	9606.ENSP00000270722	0	0	0	0	0	0	0	0.409	0.409
CIDEC	MLXIPL	9606.ENSP00000373328	9606.ENSP00000320886	0	0	0	0	0.123	0	0	0.407	0.457
CIDEC	PNPLA2	9606.ENSP00000373328	9606.ENSP00000337701	0	0	0	0	0.099	0	0	0.663	0.683
CIDEC	JAGN1	9606.ENSP00000373328	9606.ENSP00000496942	0	0	0	0	0	0	0	0.414	0.414
CIDEC	LPIN1	9606.ENSP00000373328	9606.ENSP00000397908	0	0	0	0	0.043	0	0	0.426	0.428
CIDEC	SLC25A19	9606.ENSP00000373328	9606.ENSP00000385312	0	0	0	0	0	0	0	0.433	0.433
CIDEC	FITM2	9606.ENSP00000373328	9606.ENSP00000380037	0	0	0	0	0	0	0	0.543	0.543
CISD2	IER3IP1	9606.ENSP00000273986	9606.ENSP00000256433	0	0	0	0	0.333	0	0	0.417	0.594
CISD2	PMPCA	9606.ENSP00000273986	9606.ENSP00000360782	0	0	0	0	0.044	0.305	0	0.188	0.413
CISD2	CYCS	9606.ENSP00000273986	9606.ENSP00000307786	0	0	0	0	0.075	0.322	0	0.181	0.441
CISD2	HDAC8	9606.ENSP00000273986	9606.ENSP00000362674	0	0	0	0	0	0	0	0.577	0.577
CISD2	OPA3	9606.ENSP00000273986	9606.ENSP00000319817	0	0	0	0	0	0	0	0.595	0.595
CISD2	NDUFA13	9606.ENSP00000273986	9606.ENSP00000423673	0	0	0	0	0.062	0.517	0	0.217	0.614
CISD2	GIMAP5	9606.ENSP00000273986	9606.ENSP00000351473	0	0	0	0	0	0	0	0.642	0.642
CIZ1	PNKD	9606.ENSP00000439244	9606.ENSP00000273077	0	0	0	0	0.049	0	0	0.477	0.481
CIZ1	SLC30A10	9606.ENSP00000439244	9606.ENSP00000355893	0	0	0	0	0	0.056	0	0.406	0.415
CIZ1	SPEN	9606.ENSP00000439244	9606.ENSP00000364912	0	0	0	0	0.049	0	0	0.668	0.670
CIZ1	PRRT2	9606.ENSP00000439244	9606.ENSP00000456226	0	0	0	0	0	0.091	0	0.624	0.643
CLCC1	SEC61A1	9606.ENSP00000349456	9606.ENSP00000243253	0	0	0	0	0.163	0.319	0	0	0.405
CLCC1	GPSM2	9606.ENSP00000349456	9606.ENSP00000385510	0	0	0	0	0.133	0	0	0.401	0.459
CLEC7A	NOD2	9606.ENSP00000302569	9606.ENSP00000300589	0	0	0	0	0.240	0	0	0.633	0.709
CLEC7A	IFIH1	9606.ENSP00000302569	9606.ENSP00000497271	0	0	0	0	0.124	0	0	0.397	0.449
CLEC7A	IL17F	9606.ENSP00000302569	9606.ENSP00000337432	0	0	0	0	0.083	0	0	0.447	0.471
CLEC7A	IL17RA	9606.ENSP00000302569	9606.ENSP00000320936	0	0	0	0	0.144	0	0	0.449	0.508
CLEC7A	NLRC4	9606.ENSP00000302569	9606.ENSP00000385428	0	0	0	0	0.213	0	0	0.446	0.545
CLEC7A	DDX58	9606.ENSP00000302569	9606.ENSP00000369213	0	0	0	0	0.118	0	0	0.506	0.546
CLEC7A	NLRP3	9606.ENSP00000302569	9606.ENSP00000337383	0	0	0	0	0.128	0.045	0	0.571	0.611
CLEC7A	FOXP3	9606.ENSP00000302569	9606.ENSP00000365380	0	0	0	0	0.042	0	0	0.614	0.614
CLEC7A	TLR8	9606.ENSP00000302569	9606.ENSP00000312082	0	0	0	0	0.349	0.045	0	0.477	0.646
CLEC7A	P2RY12	9606.ENSP00000302569	9606.ENSP00000307259	0	0	0	0	0.072	0	0	0.645	0.656
CLEC7A	TLR7	9606.ENSP00000302569	9606.ENSP00000370034	0	0	0	0	0.163	0.045	0	0.670	0.713
CLIC5	SLC26A5	9606.ENSP00000185206	9606.ENSP00000304783	0	0	0	0	0	0	0	0.435	0.435
CLIC5	EPS8L2	9606.ENSP00000185206	9606.ENSP00000435585	0	0	0	0	0.042	0	0.500	0.201	0.584
CLIC5	WHRN	9606.ENSP00000185206	9606.ENSP00000354623	0	0	0	0	0	0	0.500	0.268	0.618
CLIC5	MYO15A	9606.ENSP00000185206	9606.ENSP00000495481	0	0	0	0	0	0	0.500	0.300	0.635
CLIC5	FSCN2	9606.ENSP00000185206	9606.ENSP00000334665	0	0	0	0	0	0	0.800	0.159	0.824
CLIC5	TPRN	9606.ENSP00000185206	9606.ENSP00000387100	0	0	0	0	0	0.839	0.800	0.918	0.997
CLTRN	SLC6A19	9606.ENSP00000369699	9606.ENSP00000305302	0	0	0	0	0.099	0.095	0	0.952	0.957
CLTRN	SLC6A18	9606.ENSP00000369699	9606.ENSP00000323549	0	0	0	0	0.103	0.095	0	0.485	0.546
CNNM2	IRF2BPL	9606.ENSP00000358894	9606.ENSP00000238647	0	0	0	0	0.423	0	0	0	0.422
CNNM2	NIPA2	9606.ENSP00000358894	9606.ENSP00000337618	0	0	0	0	0	0	0	0.583	0.583
CNNM2	NT5C2	9606.ENSP00000358894	9606.ENSP00000339479	0	0	0	0	0.042	0	0	0.790	0.790
CNNM2	TRPM6	9606.ENSP00000358894	9606.ENSP00000354006	0	0	0	0	0	0.064	0	0.779	0.784
CNNM2	TRPM7	9606.ENSP00000358894	9606.ENSP00000495860	0	0	0	0	0	0.064	0	0.636	0.645
CNNM4	PITPNM3	9606.ENSP00000366275	9606.ENSP00000262483	0	0	0	0	0.109	0	0	0.370	0.414
CNNM4	ROGDI	9606.ENSP00000366275	9606.ENSP00000322832	0	0	0	0	0.075	0	0	0.480	0.498
CNNM4	NIPA2	9606.ENSP00000366275	9606.ENSP00000337618	0	0	0	0	0.050	0	0	0.521	0.525
CNNM4	TRPM6	9606.ENSP00000366275	9606.ENSP00000354006	0	0	0	0	0	0.064	0	0.676	0.683
CNNM4	RPGRIP1	9606.ENSP00000366275	9606.ENSP00000382895	0	0	0	0	0.057	0	0	0.407	0.417
CNNM4	FAM83H	9606.ENSP00000366275	9606.ENSP00000373565	0	0	0	0	0.067	0	0	0.479	0.493
CNNM4	WDR72	9606.ENSP00000366275	9606.ENSP00000379619	0	0	0	0	0	0	0	0.507	0.507
CNNM4	TRPM7	9606.ENSP00000366275	9606.ENSP00000495860	0	0	0	0	0	0.064	0	0.588	0.598
CNOT1	ZFR	9606.ENSP00000320949	9606.ENSP00000265069	0	0	0	0	0.338	0	0	0.133	0.401
CNOT1	SNRNP200	9606.ENSP00000320949	9606.ENSP00000317123	0	0	0	0	0.722	0	0	0.130	0.748
CNOT1	DICER1	9606.ENSP00000320949	9606.ENSP00000437256	0	0	0	0	0.099	0	0	0.376	0.414
CNOT1	TNRC6B	9606.ENSP00000320949	9606.ENSP00000401946	0	0	0	0	0.049	0.404	0	0.359	0.604
CNOT1	QRICH1	9606.ENSP00000320949	9606.ENSP00000378830	0	0	0	0	0.544	0	0	0.237	0.637
CNOT1	GIGYF2	9606.ENSP00000320949	9606.ENSP00000387170	0	0	0	0	0.257	0.126	0	0.626	0.736
CNOT1	EDC3	9606.ENSP00000320949	9606.ENSP00000497737	0	0	0	0	0.124	0	0	0.717	0.741
CNOT1	NANOS1	9606.ENSP00000320949	9606.ENSP00000393275	0	0	0	0	0	0.976	0	0.750	0.994
CNOT1	TNRC6A	9606.ENSP00000320949	9606.ENSP00000379144	0	0	0	0	0.055	0.799	0	0.986	0.997
COA3	NDUFAF1	9606.ENSP00000354762	9606.ENSP00000260361	0	0	0	0	0.125	0.292	0	0.188	0.453
COA3	PNKD	9606.ENSP00000354762	9606.ENSP00000273077	0	0	0	0	0.085	0.292	0	0.248	0.470
COA3	TMEM70	9606.ENSP00000354762	9606.ENSP00000312599	0	0	0	0	0.072	0.329	0	0.224	0.474
COA3	COX14	9606.ENSP00000354762	9606.ENSP00000326052	0	0	0	0	0.434	0.621	0	0.984	0.996
COA3	NDUFA13	9606.ENSP00000354762	9606.ENSP00000423673	0	0	0	0	0.322	0	0	0.154	0.402
COA3	LAMTOR2	9606.ENSP00000354762	9606.ENSP00000357288	0	0	0	0	0.515	0	0	0	0.515
COA3	TIMMDC1	9606.ENSP00000354762	9606.ENSP00000418803	0	0	0	0	0.137	0.292	0	0.300	0.535
COA3	UQCC2	9606.ENSP00000354762	9606.ENSP00000476140	0	0	0.227	0	0.179	0	0	0.351	0.552
COA3	COX4I2	9606.ENSP00000354762	9606.ENSP00000365243	0	0	0	0	0.071	0.292	0	0.447	0.604
COASY	FA2H	9606.ENSP00000464814	9606.ENSP00000219368	0	0	0	0	0.044	0	0	0.716	0.717
COASY	ERAL1	9606.ENSP00000464814	9606.ENSP00000254928	0.120	0	0	0	0.254	0	0	0.348	0.534
COASY	FLAD1	9606.ENSP00000464814	9606.ENSP00000292180	0	0	0	0	0.463	0	0	0.073	0.481
COASY	GTPBP2	9606.ENSP00000464814	9606.ENSP00000303997	0	0	0	0	0.060	0	0	0.572	0.580
COASY	COQ2	9606.ENSP00000464814	9606.ENSP00000310873	0.086	0	0	0	0.109	0	0	0.400	0.469
COASY	SNRNP200	9606.ENSP00000464814	9606.ENSP00000317123	0.101	0	0	0	0.083	0	0	0.350	0.417
COASY	NADSYN1	9606.ENSP00000464814	9606.ENSP00000326424	0.119	0	0	0	0.105	0	0	0.349	0.441
COASY	DDX41	9606.ENSP00000464814	9606.ENSP00000330349	0	0	0	0	0.409	0	0	0	0.408
COASY	DDRGK1	9606.ENSP00000464814	9606.ENSP00000346483	0	0	0	0	0.086	0	0	0.373	0.403
COASY	VPS13A	9606.ENSP00000464814	9606.ENSP00000353422	0	0	0	0	0.056	0	0	0.440	0.448
COASY	DCAF17	9606.ENSP00000464814	9606.ENSP00000364404	0	0	0	0	0.049	0	0	0.767	0.769
COASY	TRMU	9606.ENSP00000464814	9606.ENSP00000496496	0.109	0	0	0	0.158	0	0	0.363	0.481
COASY	PANK4	9606.ENSP00000464814	9606.ENSP00000498888	0	0	0	0	0.066	0.081	0	0.578	0.606
COG4	RINT1	9606.ENSP00000315775	9606.ENSP00000257700	0	0	0	0	0.060	0.078	0	0.549	0.575
COG4	VAC14	9606.ENSP00000315775	9606.ENSP00000261776	0	0	0	0	0.061	0	0	0.524	0.534
COG4	FCSK	9606.ENSP00000315775	9606.ENSP00000288078	0	0	0	0	0.137	0	0	0.588	0.629
COG4	COG7	9606.ENSP00000315775	9606.ENSP00000305442	0	0	0	0	0.125	0.892	0.900	0.984	0.999
COG4	RAB33B	9606.ENSP00000315775	9606.ENSP00000306496	0	0	0	0	0.055	0.069	0.500	0.221	0.611
COG4	MTSS2	9606.ENSP00000315775	9606.ENSP00000341171	0	0	0	0	0.049	0.045	0	0.408	0.415
COG4	SLC35B2	9606.ENSP00000315775	9606.ENSP00000377401	0	0	0	0	0.067	0	0	0.413	0.429
COG4	EXOC8	9606.ENSP00000315775	9606.ENSP00000355605	0	0	0	0	0.050	0	0	0.434	0.440
COG4	TMEM165	9606.ENSP00000315775	9606.ENSP00000370736	0	0	0	0	0.049	0	0	0.469	0.474
COG4	DCTN4	9606.ENSP00000315775	9606.ENSP00000414906	0	0	0	0	0.060	0	0.500	0	0.509
COG4	NAPB	9606.ENSP00000315775	9606.ENSP00000482826	0	0	0	0	0	0	0.500	0.102	0.531
COG4	EXOC7	9606.ENSP00000315775	9606.ENSP00000334100	0	0	0	0	0.183	0	0	0.560	0.625
COG4	VPS53	9606.ENSP00000315775	9606.ENSP00000401435	0	0	0	0	0.098	0	0.500	0.825	0.914
COG4	COG8	9606.ENSP00000315775	9606.ENSP00000497669	0	0	0	0	0.072	0.925	0.900	0.980	0.999
COG4	COG6	9606.ENSP00000315775	9606.ENSP00000397441	0	0	0	0	0.099	0.917	0.900	0.961	0.999
COG6	EXOC2	9606.ENSP00000397441	9606.ENSP00000230449	0	0	0	0	0.193	0.070	0	0.458	0.558
COG6	RINT1	9606.ENSP00000397441	9606.ENSP00000257700	0	0	0	0	0.218	0	0	0.558	0.639
COG6	VPS33A	9606.ENSP00000397441	9606.ENSP00000267199	0	0	0	0	0.049	0	0	0.435	0.439
COG6	NBAS	9606.ENSP00000397441	9606.ENSP00000281513	0	0	0	0	0.464	0	0	0.149	0.524
COG6	COG7	9606.ENSP00000397441	9606.ENSP00000305442	0	0	0	0	0.082	0.909	0.900	0.981	0.999
COG6	RAB33B	9606.ENSP00000397441	9606.ENSP00000306496	0	0	0	0	0.072	0.188	0.500	0.137	0.631
COG6	EXOC7	9606.ENSP00000397441	9606.ENSP00000334100	0	0	0	0	0.049	0.363	0	0.723	0.817
COG6	DTNBP1	9606.ENSP00000397441	9606.ENSP00000341680	0	0	0	0	0.049	0.330	0	0.220	0.459
COG6	EXOC8	9606.ENSP00000397441	9606.ENSP00000355605	0	0	0	0	0.082	0	0	0.505	0.526
COG6	DCTN4	9606.ENSP00000397441	9606.ENSP00000414906	0	0	0	0	0.067	0	0.500	0	0.513
COG6	NAPB	9606.ENSP00000397441	9606.ENSP00000482826	0	0	0	0	0.060	0.124	0.500	0.128	0.592
COG6	VPS53	9606.ENSP00000397441	9606.ENSP00000401435	0	0	0	0	0.082	0	0.500	0.667	0.834
COG6	COG8	9606.ENSP00000397441	9606.ENSP00000497669	0	0	0	0	0.111	0.925	0.900	0.990	0.999
COG7	WDR81	9606.ENSP00000305442	9606.ENSP00000386609	0	0	0	0	0.057	0	0	0.421	0.431
COG7	EXOC8	9606.ENSP00000305442	9606.ENSP00000355605	0	0	0	0	0.049	0	0	0.458	0.462
COG7	EXOC7	9606.ENSP00000305442	9606.ENSP00000334100	0	0	0	0	0.067	0	0	0.459	0.474
COG7	EDC3	9606.ENSP00000305442	9606.ENSP00000497737	0	0	0	0	0.127	0	0	0.427	0.478
COG7	TMEM165	9606.ENSP00000305442	9606.ENSP00000370736	0	0	0	0	0.049	0	0	0.477	0.482
COG7	NAPB	9606.ENSP00000305442	9606.ENSP00000482826	0	0	0	0	0	0	0.500	0	0.499
COG7	DCTN4	9606.ENSP00000305442	9606.ENSP00000414906	0	0	0	0	0.055	0	0.500	0	0.507
COG7	TRAPPC9	9606.ENSP00000305442	9606.ENSP00000373979	0	0	0	0	0.111	0	0	0.485	0.523
COG7	RAB33B	9606.ENSP00000305442	9606.ENSP00000306496	0	0	0	0	0.058	0.108	0.500	0.072	0.557
COG7	VPS53	9606.ENSP00000305442	9606.ENSP00000401435	0	0	0	0	0.156	0	0.500	0.768	0.893
COG7	COG8	9606.ENSP00000305442	9606.ENSP00000497669	0	0	0	0	0.167	0.857	0.900	0.985	0.999
COG8	EXOC2	9606.ENSP00000497669	9606.ENSP00000230449	0	0	0	0	0.049	0	0	0.730	0.732
COG8	RINT1	9606.ENSP00000497669	9606.ENSP00000257700	0	0	0	0	0.056	0	0	0.413	0.422
COG8	RAB33B	9606.ENSP00000497669	9606.ENSP00000306496	0	0	0	0	0.061	0.091	0.500	0.107	0.568
COG8	EXOC7	9606.ENSP00000497669	9606.ENSP00000334100	0	0	0	0	0.095	0	0	0.649	0.668
COG8	EXOC8	9606.ENSP00000497669	9606.ENSP00000355605	0	0	0	0	0.044	0	0	0.607	0.608
COG8	WDR81	9606.ENSP00000497669	9606.ENSP00000386609	0	0	0	0	0.066	0	0	0.417	0.432
COG8	VPS53	9606.ENSP00000497669	9606.ENSP00000401435	0	0	0	0	0.130	0	0.500	0.712	0.864
COG8	DCTN4	9606.ENSP00000497669	9606.ENSP00000414906	0	0	0	0	0.049	0	0.500	0	0.504
COG8	NAPB	9606.ENSP00000497669	9606.ENSP00000482826	0	0	0	0	0	0.094	0.500	0.070	0.541
COL18A1	FGF20	9606.ENSP00000352798	9606.ENSP00000180166	0	0	0	0	0	0	0	0.685	0.685
COL18A1	P3H1	9606.ENSP00000352798	9606.ENSP00000236040	0	0	0	0	0.121	0	0.500	0.191	0.613
COL18A1	COLGALT1	9606.ENSP00000352798	9606.ENSP00000252599	0	0	0	0	0.045	0	0.500	0.130	0.548
COL18A1	EFEMP2	9606.ENSP00000352798	9606.ENSP00000309953	0	0	0	0	0.186	0.045	0	0.397	0.490
COL18A1	P3H2	9606.ENSP00000352798	9606.ENSP00000316881	0	0	0	0	0.063	0	0.500	0.229	0.607
COL18A1	COL27A1	9606.ENSP00000352798	9606.ENSP00000348385	0	0	0.152	0.581	0.072	0	0.400	0.335	0.644
COL18A1	LAMA1	9606.ENSP00000352798	9606.ENSP00000374309	0	0	0	0	0	0.292	0.500	0.427	0.779
COL27A1	P3H1	9606.ENSP00000348385	9606.ENSP00000236040	0	0	0	0	0.062	0	0.500	0.434	0.712
COL27A1	COLGALT1	9606.ENSP00000348385	9606.ENSP00000252599	0	0	0	0	0.042	0	0.500	0.073	0.517
COL27A1	P3H2	9606.ENSP00000348385	9606.ENSP00000316881	0	0	0	0	0.062	0	0.500	0.187	0.585
COLGALT1	P3H1	9606.ENSP00000252599	9606.ENSP00000236040	0	0	0	0	0.212	0	0	0.414	0.519
COLGALT1	FKBP10	9606.ENSP00000252599	9606.ENSP00000317232	0	0	0	0	0.086	0	0	0.375	0.404
COQ2	HSCB	9606.ENSP00000310873	9606.ENSP00000216027	0	0	0	0	0.055	0	0.400	0	0.408
COQ2	COQ9	9606.ENSP00000310873	9606.ENSP00000262507	0	0	0	0	0.049	0	0	0.984	0.984
COQ2	COQ5	9606.ENSP00000310873	9606.ENSP00000288532	0.059	0	0.234	0	0.061	0	0	0.861	0.893
COQ2	FLAD1	9606.ENSP00000310873	9606.ENSP00000292180	0	0	0	0	0	0	0	0.422	0.422
COQ2	LDHD	9606.ENSP00000310873	9606.ENSP00000300051	0.111	0	0	0	0	0	0.400	0.262	0.571
COQ2	COQ4	9606.ENSP00000310873	9606.ENSP00000300452	0	0	0	0	0	0	0	0.912	0.912
COQ2	VANGL2	9606.ENSP00000310873	9606.ENSP00000357040	0	0	0	0	0	0	0	0.456	0.456
COQ2	PMPCA	9606.ENSP00000310873	9606.ENSP00000360782	0.057	0	0	0	0.117	0	0.400	0.050	0.461
COQ2	PSAT1	9606.ENSP00000310873	9606.ENSP00000365773	0.048	0	0	0	0.086	0	0.172	0.351	0.469
COQ2	TRIT1	9606.ENSP00000310873	9606.ENSP00000321810	0.231	0	0	0	0.049	0	0	0.336	0.471
COQ2	WDR73	9606.ENSP00000310873	9606.ENSP00000387982	0	0	0	0	0	0	0	0.479	0.479
COQ2	PAM16	9606.ENSP00000310873	9606.ENSP00000315693	0	0	0	0	0.056	0	0.500	0	0.507
COQ2	TIMM50	9606.ENSP00000310873	9606.ENSP00000445806	0	0	0	0	0	0	0.500	0.069	0.514
COQ2	TIMM22	9606.ENSP00000310873	9606.ENSP00000320236	0	0	0	0	0.088	0	0.500	0	0.525
COQ2	SMARCAL1	9606.ENSP00000310873	9606.ENSP00000349823	0	0	0	0	0.049	0	0	0.536	0.540
COQ2	NDUFAF6	9606.ENSP00000310873	9606.ENSP00000379430	0.115	0	0	0	0.158	0	0.215	0.331	0.557
COQ2	INF2	9606.ENSP00000310873	9606.ENSP00000376410	0	0	0	0	0	0	0	0.573	0.573
COQ2	PLCE1	9606.ENSP00000310873	9606.ENSP00000360431	0	0	0	0	0	0	0	0.598	0.598
COQ2	COQ8B	9606.ENSP00000310873	9606.ENSP00000315118	0	0	0	0	0.042	0.079	0	0.912	0.915
COQ2	UBIAD1	9606.ENSP00000310873	9606.ENSP00000366006	0.045	0	0	0	0.042	0	0.809	0.680	0.936
COQ2	COQ6	9606.ENSP00000310873	9606.ENSP00000333946	0	0	0.326	0	0.048	0	0.673	0.919	0.980
COQ2	COQ8A	9606.ENSP00000310873	9606.ENSP00000355741	0	0	0	0	0	0.079	0	0.983	0.984
COQ2	PDSS2	9606.ENSP00000310873	9606.ENSP00000358033	0.099	0	0	0	0.117	0	0.880	0.979	0.997
COQ2	PDSS1	9606.ENSP00000310873	9606.ENSP00000365388	0.099	0	0	0	0.252	0	0.880	0.983	0.998
COQ4	SLC35D1	9606.ENSP00000300452	9606.ENSP00000235345	0	0.882	0	0	0.043	0	0	0	0.882
COQ4	COQ9	9606.ENSP00000300452	9606.ENSP00000262507	0	0	0	0	0.049	0.466	0.540	0.949	0.986
COQ4	COQ5	9606.ENSP00000300452	9606.ENSP00000288532	0	0	0	0	0.092	0.510	0.540	0.958	0.990
COQ4	SQOR	9606.ENSP00000300452	9606.ENSP00000456019	0	0	0	0	0.042	0	0	0.534	0.535
COQ4	PDSS2	9606.ENSP00000300452	9606.ENSP00000358033	0	0	0	0	0.049	0	0	0.873	0.874
COQ4	PDSS1	9606.ENSP00000300452	9606.ENSP00000365388	0	0	0	0	0	0	0	0.916	0.916
COQ4	COQ8B	9606.ENSP00000300452	9606.ENSP00000315118	0	0	0	0	0.062	0.125	0	0.918	0.927
COQ4	COQ8A	9606.ENSP00000300452	9606.ENSP00000355741	0	0	0	0	0.055	0.125	0	0.919	0.927
COQ4	COQ6	9606.ENSP00000300452	9606.ENSP00000333946	0	0.433	0	0	0.152	0.292	0.540	0.954	0.991
COQ5	COQ9	9606.ENSP00000288532	9606.ENSP00000262507	0	0	0	0	0.192	0.395	0.540	0.975	0.993
COQ5	NDUFAF5	9606.ENSP00000288532	9606.ENSP00000367346	0	0	0	0	0.128	0	0	0.355	0.414
COQ5	SLC45A1	9606.ENSP00000288532	9606.ENSP00000418096	0	0	0	0	0	0	0	0.437	0.437
COQ5	SQOR	9606.ENSP00000288532	9606.ENSP00000456019	0	0	0	0	0.044	0	0	0.516	0.517
COQ5	UBIAD1	9606.ENSP00000288532	9606.ENSP00000366006	0.176	0	0	0	0.060	0	0.746	0.348	0.854
COQ5	PDSS2	9606.ENSP00000288532	9606.ENSP00000358033	0	0	0	0	0.220	0.106	0	0.810	0.856
COQ5	PDSS1	9606.ENSP00000288532	9606.ENSP00000365388	0	0	0.210	0	0.136	0.113	0	0.873	0.913
COQ5	COQ8B	9606.ENSP00000288532	9606.ENSP00000315118	0	0	0	0	0	0.427	0	0.862	0.917
COQ5	COQ8A	9606.ENSP00000288532	9606.ENSP00000355741	0	0	0	0	0.058	0.678	0	0.885	0.962
COQ5	COQ6	9606.ENSP00000288532	9606.ENSP00000333946	0	0	0	0	0.202	0.292	0.924	0.938	0.997
COQ6	MCEE	9606.ENSP00000333946	9606.ENSP00000244217	0.087	0	0	0	0.066	0	0.285	0.203	0.449
COQ6	COQ9	9606.ENSP00000333946	9606.ENSP00000262507	0	0	0	0	0.162	0.467	0.540	0.957	0.990
COQ6	HAAO	9606.ENSP00000333946	9606.ENSP00000294973	0	0	0	0	0.184	0	0	0.313	0.415
COQ6	COQ8B	9606.ENSP00000333946	9606.ENSP00000315118	0	0	0	0	0.067	0.371	0	0.966	0.978
COQ6	SIN3A	9606.ENSP00000333946	9606.ENSP00000378402	0	0	0	0	0.049	0	0	0.409	0.414
COQ6	SMARCAL1	9606.ENSP00000333946	9606.ENSP00000349823	0	0	0	0	0.067	0.052	0	0.529	0.547
COQ6	INF2	9606.ENSP00000333946	9606.ENSP00000376410	0	0	0	0	0.051	0.071	0	0.591	0.609
COQ6	NDUFAF6	9606.ENSP00000333946	9606.ENSP00000379430	0	0	0	0	0.219	0	0.400	0.237	0.611
COQ6	WDR73	9606.ENSP00000333946	9606.ENSP00000387982	0	0	0	0	0.149	0.071	0	0.577	0.636
COQ6	PLCE1	9606.ENSP00000333946	9606.ENSP00000360431	0	0	0	0	0	0	0	0.652	0.652
COQ6	PDSS1	9606.ENSP00000333946	9606.ENSP00000365388	0.042	0	0	0	0.068	0.071	0	0.898	0.904
COQ6	PDSS2	9606.ENSP00000333946	9606.ENSP00000358033	0.042	0	0	0	0.163	0.081	0	0.913	0.927
COQ6	COQ8A	9606.ENSP00000333946	9606.ENSP00000355741	0	0	0	0	0.072	0.367	0	0.964	0.977
COQ8A	SETX	9606.ENSP00000355741	9606.ENSP00000224140	0	0	0	0	0.054	0	0	0.420	0.428
COQ8A	COQ9	9606.ENSP00000355741	9606.ENSP00000262507	0.041	0	0	0	0.112	0.427	0	0.984	0.991
COQ8A	PHIP	9606.ENSP00000355741	9606.ENSP00000275034	0	0	0	0	0.056	0.421	0	0.052	0.436
COQ8A	LRRK2	9606.ENSP00000355741	9606.ENSP00000298910	0	0	0	0	0	0.510	0	0.072	0.525
COQ8A	DARS2	9606.ENSP00000355741	9606.ENSP00000497569	0.106	0	0	0	0.085	0	0	0.336	0.409
COQ8A	PDSS2	9606.ENSP00000355741	9606.ENSP00000358033	0.041	0	0	0	0.042	0.059	0	0.969	0.970
COQ8A	PDSS1	9606.ENSP00000355741	9606.ENSP00000365388	0.041	0	0	0	0	0.059	0	0.988	0.988
COQ8B	COQ9	9606.ENSP00000315118	9606.ENSP00000262507	0.041	0	0	0	0.122	0.436	0	0.902	0.947
COQ8B	CYCS	9606.ENSP00000315118	9606.ENSP00000307786	0	0	0	0	0	0.224	0	0.312	0.443
COQ8B	SMARCAL1	9606.ENSP00000315118	9606.ENSP00000349823	0	0	0	0	0.048	0.053	0	0.442	0.453
COQ8B	WDR73	9606.ENSP00000315118	9606.ENSP00000387982	0	0	0	0	0.047	0	0	0.480	0.483
COQ8B	INF2	9606.ENSP00000315118	9606.ENSP00000376410	0	0	0	0	0	0	0	0.571	0.571
COQ8B	PLCE1	9606.ENSP00000315118	9606.ENSP00000360431	0	0	0	0	0	0	0	0.571	0.571
COQ8B	PDSS2	9606.ENSP00000315118	9606.ENSP00000358033	0.041	0	0	0	0	0.059	0	0.858	0.861
COQ8B	PDSS1	9606.ENSP00000315118	9606.ENSP00000365388	0.041	0	0	0	0	0.059	0	0.934	0.936
COQ9	NDUFS7	9606.ENSP00000262507	9606.ENSP00000233627	0	0	0	0	0.282	0.230	0	0.094	0.455
COQ9	MCEE	9606.ENSP00000262507	9606.ENSP00000244217	0	0	0	0	0.140	0	0	0.419	0.479
COQ9	NDUFA13	9606.ENSP00000262507	9606.ENSP00000423673	0	0	0	0	0.278	0.210	0	0	0.405
COQ9	PMPCA	9606.ENSP00000262507	9606.ENSP00000360782	0	0	0	0	0.140	0.250	0	0.174	0.422
COQ9	NDUFAF2	9606.ENSP00000262507	9606.ENSP00000296597	0	0	0	0	0.126	0.199	0	0.287	0.457
COQ9	PTRH2	9606.ENSP00000262507	9606.ENSP00000387180	0	0	0	0	0.063	0.213	0	0.328	0.461
COQ9	SFXN4	9606.ENSP00000262507	9606.ENSP00000347924	0	0	0	0	0.258	0.213	0	0.197	0.490
COQ9	YARS2	9606.ENSP00000262507	9606.ENSP00000320658	0	0	0	0	0.100	0.164	0	0.425	0.530
COQ9	SQOR	9606.ENSP00000262507	9606.ENSP00000456019	0	0	0	0	0.042	0.206	0	0.518	0.601
COQ9	PDSS2	9606.ENSP00000262507	9606.ENSP00000358033	0	0	0	0	0.130	0	0	0.968	0.971
COQ9	PDSS1	9606.ENSP00000262507	9606.ENSP00000365388	0	0	0	0	0.081	0	0	0.985	0.985
COX14	NDUFS7	9606.ENSP00000326052	9606.ENSP00000233627	0	0	0	0	0.358	0.222	0	0.089	0.505
COX14	CYCS	9606.ENSP00000326052	9606.ENSP00000307786	0	0	0	0	0.081	0	0.400	0.149	0.490
COX14	MICOS13	9606.ENSP00000326052	9606.ENSP00000468723	0	0	0	0	0.388	0	0	0.060	0.400
COX14	UQCC2	9606.ENSP00000326052	9606.ENSP00000476140	0	0	0	0	0.141	0	0	0.393	0.456
COX14	LAMTOR2	9606.ENSP00000326052	9606.ENSP00000357288	0	0	0	0	0.325	0	0	0.245	0.469
COX14	COX4I2	9606.ENSP00000326052	9606.ENSP00000365243	0	0	0	0	0.110	0	0	0.514	0.548
COX14	NDUFA13	9606.ENSP00000326052	9606.ENSP00000423673	0	0	0	0	0.588	0.079	0	0.125	0.639
COX14	NDUFA11	9606.ENSP00000326052	9606.ENSP00000389160	0	0	0	0	0.634	0	0	0.211	0.699
COX4I2	NDUFS7	9606.ENSP00000365243	9606.ENSP00000233627	0	0	0	0	0.602	0.246	0	0.351	0.788
COX4I2	PALB2	9606.ENSP00000365243	9606.ENSP00000261584	0	0	0	0	0.254	0.311	0	0.065	0.477
COX4I2	CYCS	9606.ENSP00000365243	9606.ENSP00000307786	0	0	0	0	0.402	0.800	0	0.656	0.955
COX4I2	PMPCA	9606.ENSP00000365243	9606.ENSP00000360782	0	0	0	0	0.245	0.308	0.184	0.203	0.614
COX4I2	PINK1	9606.ENSP00000365243	9606.ENSP00000364204	0	0	0	0	0.077	0	0	0.483	0.502
COX4I2	NDUFA11	9606.ENSP00000365243	9606.ENSP00000389160	0	0	0	0	0.139	0.186	0	0.338	0.496
COX4I2	GATC	9606.ENSP00000365243	9606.ENSP00000446872	0	0	0	0	0.534	0.557	0.290	0.173	0.862
COX4I2	NDUFA13	9606.ENSP00000365243	9606.ENSP00000423673	0	0	0	0	0.829	0.301	0	0.301	0.909
CPA6	PRPF31	9606.ENSP00000297770	9606.ENSP00000324122	0	0	0	0	0	0	0	0.410	0.410
CPAMD8	P3H2	9606.ENSP00000498697	9606.ENSP00000316881	0	0	0	0	0	0	0	0.400	0.400
CPLANE1	FAM149B1	9606.ENSP00000389014	9606.ENSP00000242505	0	0	0	0	0.049	0	0	0.405	0.409
CPLANE1	TTC21B	9606.ENSP00000389014	9606.ENSP00000243344	0	0	0	0	0.049	0	0	0.479	0.483
CPLANE1	TMEM231	9606.ENSP00000389014	9606.ENSP00000258173	0	0	0	0	0.049	0	0	0.720	0.722
CPLANE1	CSPP1	9606.ENSP00000389014	9606.ENSP00000262210	0	0	0	0	0.067	0	0	0.594	0.605
CPLANE1	TMEM138	9606.ENSP00000389014	9606.ENSP00000278826	0	0	0	0	0	0	0	0.720	0.720
CPLANE1	TCTN2	9606.ENSP00000389014	9606.ENSP00000304941	0	0	0	0	0.056	0	0	0.669	0.674
CPLANE1	TMEM107	9606.ENSP00000389014	9606.ENSP00000314116	0	0	0	0	0	0	0	0.507	0.507
CPLANE1	DDX59	9606.ENSP00000389014	9606.ENSP00000330460	0	0	0	0	0.051	0	0	0.542	0.548
CPLANE1	TMEM216	9606.ENSP00000389014	9606.ENSP00000334844	0	0	0	0	0	0	0	0.772	0.772
CPLANE1	NPHP3	9606.ENSP00000389014	9606.ENSP00000338766	0	0	0	0	0.053	0	0	0.414	0.421
CPLANE1	SPEF2	9606.ENSP00000389014	9606.ENSP00000348314	0	0	0	0	0.076	0	0	0.426	0.447
CPLANE1	NPHP4	9606.ENSP00000389014	9606.ENSP00000367398	0	0	0	0	0	0.095	0	0.400	0.434
CPLANE1	MKS1	9606.ENSP00000389014	9606.ENSP00000376827	0	0	0	0	0.049	0	0	0.605	0.608
CPLANE1	KIF7	9606.ENSP00000389014	9606.ENSP00000377934	0	0	0	0	0.048	0	0	0.607	0.609
CPLANE1	TCTN1	9606.ENSP00000389014	9606.ENSP00000380779	0	0	0	0	0.045	0	0	0.671	0.673
CPLANE1	WDR19	9606.ENSP00000389014	9606.ENSP00000382717	0	0	0	0	0.151	0	0	0.329	0.406
CPLANE1	TMEM237	9606.ENSP00000389014	9606.ENSP00000386264	0	0	0	0	0.056	0	0	0.726	0.730
CPLANE1	DYNC2H1	9606.ENSP00000389014	9606.ENSP00000497174	0	0	0	0	0.103	0	0	0.361	0.402
CPLANE1	RPGRIP1L	9606.ENSP00000389014	9606.ENSP00000493946	0	0	0	0	0.107	0.132	0	0.622	0.681
CPLANE1	TMEM67	9606.ENSP00000389014	9606.ENSP00000389998	0	0	0	0	0.072	0	0	0.720	0.729
CPLANE1	TCTN3	9606.ENSP00000389014	9606.ENSP00000483364	0	0	0	0	0	0	0	0.772	0.772
CPSF1	NUP107	9606.ENSP00000484669	9606.ENSP00000229179	0	0	0	0	0.159	0	0.400	0.063	0.486
CPSF1	CPSF3	9606.ENSP00000484669	9606.ENSP00000238112	0	0	0	0	0.152	0.991	0.900	0.997	0.999
CPSF1	TARDBP	9606.ENSP00000484669	9606.ENSP00000240185	0	0	0	0	0.256	0.158	0	0.173	0.437
CPSF1	NUP85	9606.ENSP00000484669	9606.ENSP00000245544	0	0	0	0	0.072	0	0.400	0	0.419
CPSF1	THOC2	9606.ENSP00000484669	9606.ENSP00000245838	0	0	0	0	0.382	0	0	0.094	0.416
CPSF1	TUBGCP6	9606.ENSP00000484669	9606.ENSP00000248846	0	0	0	0	0.234	0	0	0.311	0.450
CPSF1	NUP133	9606.ENSP00000484669	9606.ENSP00000261396	0	0	0	0	0.233	0	0.400	0.079	0.539
CPSF1	NUP54	9606.ENSP00000484669	9606.ENSP00000264883	0	0	0	0	0.083	0	0.400	0	0.426
CPSF1	TSEN2	9606.ENSP00000484669	9606.ENSP00000284995	0	0	0	0	0.048	0	0.800	0	0.801
CPSF1	NUP205	9606.ENSP00000484669	9606.ENSP00000285968	0	0	0	0	0.139	0	0.400	0.138	0.516
CPSF1	IFT122	9606.ENSP00000484669	9606.ENSP00000296266	0	0	0	0	0.096	0.295	0	0.162	0.419
CPSF1	TSEN54	9606.ENSP00000484669	9606.ENSP00000327487	0	0	0	0	0.062	0	0.800	0.283	0.853
CPSF1	FIP1L1	9606.ENSP00000484669	9606.ENSP00000336752	0	0	0	0	0.163	0.977	0.800	0.992	0.999
CPSF1	RBMX	9606.ENSP00000484669	9606.ENSP00000359645	0	0	0	0	0.356	0.065	0	0.116	0.421
CPSF1	NUP188	9606.ENSP00000484669	9606.ENSP00000361658	0	0	0	0	0.151	0	0.400	0	0.469
CPSF1	NUP160	9606.ENSP00000484669	9606.ENSP00000367721	0	0	0	0	0.125	0	0.400	0	0.452
CPSF1	FAM83H	9606.ENSP00000484669	9606.ENSP00000373565	0	0	0	0	0.062	0	0	0.505	0.516
CPSF1	FZR1	9606.ENSP00000484669	9606.ENSP00000378529	0	0	0	0	0.096	0.317	0	0.119	0.409
CPSF1	INTS1	9606.ENSP00000484669	9606.ENSP00000385722	0	0	0	0	0.291	0	0	0.590	0.697
CPSF1	TSEN34	9606.ENSP00000484669	9606.ENSP00000397402	0	0	0	0	0.067	0	0.800	0	0.805
CPSF1	NUP37	9606.ENSP00000484669	9606.ENSP00000448054	0	0	0	0	0.099	0.100	0.400	0	0.470
CPSF1	WWOX	9606.ENSP00000484669	9606.ENSP00000457230	0	0	0	0	0.086	0.391	0	0	0.420
CPSF1	NUP62	9606.ENSP00000484669	9606.ENSP00000471191	0	0	0	0	0.107	0	0.400	0	0.441
CPSF1	SLC52A2	9606.ENSP00000484669	9606.ENSP00000496184	0	0	0	0	0.181	0	0	0.339	0.436
CPSF3	SETX	9606.ENSP00000238112	9606.ENSP00000224140	0	0	0	0	0.086	0.075	0	0.592	0.625
CPSF3	NUP107	9606.ENSP00000238112	9606.ENSP00000229179	0	0	0	0	0.289	0.054	0.400	0.149	0.610
CPSF3	WWOX	9606.ENSP00000238112	9606.ENSP00000457230	0	0	0	0	0.057	0.391	0	0.049	0.406
CPSF3	DDX41	9606.ENSP00000238112	9606.ENSP00000330349	0	0	0	0	0.126	0.292	0	0.131	0.416
CPSF3	NUP62	9606.ENSP00000238112	9606.ENSP00000471191	0	0	0	0	0.140	0	0.400	0.057	0.471
CPSF3	NUP54	9606.ENSP00000238112	9606.ENSP00000264883	0	0	0	0	0.160	0	0.400	0	0.474
CPSF3	NUP188	9606.ENSP00000238112	9606.ENSP00000361658	0	0	0	0	0.168	0	0.400	0	0.479
CPSF3	NUP133	9606.ENSP00000238112	9606.ENSP00000261396	0	0	0	0	0.196	0	0.400	0	0.497
CPSF3	NUP85	9606.ENSP00000238112	9606.ENSP00000245544	0	0	0	0	0.227	0	0.400	0	0.516
CPSF3	NUP160	9606.ENSP00000238112	9606.ENSP00000367721	0	0	0	0	0.236	0	0.400	0	0.522
CPSF3	NUP205	9606.ENSP00000238112	9606.ENSP00000285968	0	0	0	0	0.286	0	0.400	0	0.553
CPSF3	INTS1	9606.ENSP00000238112	9606.ENSP00000385722	0	0	0	0	0.084	0.075	0	0.519	0.557
CPSF3	NUP37	9606.ENSP00000238112	9606.ENSP00000448054	0	0	0	0	0.301	0.094	0.400	0.090	0.608
CPSF3	EXOSC3	9606.ENSP00000238112	9606.ENSP00000323046	0	0	0	0	0.162	0	0	0.557	0.612
CPSF3	ELAC2	9606.ENSP00000238112	9606.ENSP00000337445	0.047	0	0	0	0.124	0	0	0.773	0.794
CPSF3	FIP1L1	9606.ENSP00000238112	9606.ENSP00000336752	0	0	0	0	0.082	0.969	0.800	0.979	0.999
CPT1C	MLYCD	9606.ENSP00000376303	9606.ENSP00000262430	0	0	0	0	0	0	0	0.538	0.538
CPT1C	PRDM16	9606.ENSP00000376303	9606.ENSP00000270722	0	0	0	0	0	0	0	0.506	0.506
CPT1C	PNPLA2	9606.ENSP00000376303	9606.ENSP00000337701	0	0	0	0	0	0	0	0.549	0.549
CPT1C	LPIN1	9606.ENSP00000376303	9606.ENSP00000397908	0	0	0	0	0	0	0	0.451	0.451
CRBN	UBR7	9606.ENSP00000231948	9606.ENSP00000013070	0	0	0	0	0	0	0	0.478	0.478
CRBN	SALL4	9606.ENSP00000231948	9606.ENSP00000217086	0	0	0	0	0	0.785	0	0.527	0.894
CRBN	MBOAT7	9606.ENSP00000231948	9606.ENSP00000245615	0	0	0	0	0.070	0	0	0.382	0.400
CRBN	GZF1	9606.ENSP00000231948	9606.ENSP00000338290	0	0	0	0	0	0.295	0	0.225	0.431
CRBN	TRNT1	9606.ENSP00000231948	9606.ENSP00000251607	0	0	0	0	0.175	0	0	0.432	0.512
CRBN	DCAF17	9606.ENSP00000231948	9606.ENSP00000364404	0	0	0	0	0.049	0	0.900	0	0.900
CRBN	DCAF8	9606.ENSP00000231948	9606.ENSP00000357052	0	0	0	0	0.049	0	0.900	0.368	0.934
CREB3L1	CREB3L3	9606.ENSP00000481956	9606.ENSP00000078445	0	0	0	0.663	0	0.345	0.900	0.309	0.950
CREB3L1	P3H1	9606.ENSP00000481956	9606.ENSP00000236040	0	0	0	0	0.044	0	0	0.647	0.648
CREB3L1	FKBP10	9606.ENSP00000481956	9606.ENSP00000317232	0	0	0	0	0.093	0	0	0.656	0.675
CREB3L1	SLC30A8	9606.ENSP00000481956	9606.ENSP00000415011	0	0	0	0	0	0.618	0	0.049	0.621
CREB3L1	FBXW7	9606.ENSP00000481956	9606.ENSP00000474725	0	0	0	0	0	0.364	0	0.121	0.417
CREB3L3	GPIHBP1	9606.ENSP00000078445	9606.ENSP00000480053	0	0	0	0	0	0	0	0.403	0.403
CREB3L3	MLXIPL	9606.ENSP00000078445	9606.ENSP00000320886	0	0	0	0	0.074	0	0	0.408	0.428
CREB3L3	LMF1	9606.ENSP00000078445	9606.ENSP00000262301	0	0	0	0	0	0	0	0.553	0.553
CREB3L3	HJV	9606.ENSP00000078445	9606.ENSP00000337014	0	0	0	0	0.063	0	0	0.627	0.635
CREB3L3	HAMP	9606.ENSP00000078445	9606.ENSP00000471894	0	0	0	0	0.072	0	0	0.704	0.713
CREB3L3	TMPRSS6	9606.ENSP00000078445	9606.ENSP00000384964	0	0	0	0	0.140	0	0	0.694	0.725
CSGALNACT1	XYLT2	9606.ENSP00000411816	9606.ENSP00000017003	0	0	0	0	0	0	0	0.566	0.566
CSGALNACT1	SLC35D1	9606.ENSP00000411816	9606.ENSP00000235345	0	0	0	0	0.055	0	0	0.395	0.404
CSGALNACT1	SLC35B2	9606.ENSP00000411816	9606.ENSP00000377401	0	0	0	0	0	0	0	0.454	0.454
CSGALNACT1	HS3ST6	9606.ENSP00000411816	9606.ENSP00000416741	0	0	0	0	0	0	0	0.415	0.415
CSPP1	TTC21B	9606.ENSP00000262210	9606.ENSP00000243344	0	0	0	0	0.085	0	0	0.482	0.506
CSPP1	TMEM231	9606.ENSP00000262210	9606.ENSP00000258173	0	0	0	0	0.047	0	0	0.549	0.552
CSPP1	KIAA0556	9606.ENSP00000262210	9606.ENSP00000261588	0	0	0	0	0.058	0.094	0	0.513	0.548
CSPP1	KIF7	9606.ENSP00000262210	9606.ENSP00000377934	0	0	0	0	0.052	0	0	0.445	0.451
CSPP1	MKS1	9606.ENSP00000262210	9606.ENSP00000376827	0	0	0	0	0.047	0	0	0.506	0.509
CSPP1	TMEM216	9606.ENSP00000262210	9606.ENSP00000334844	0	0	0	0	0	0.052	0	0.533	0.538
CSPP1	TCTN2	9606.ENSP00000262210	9606.ENSP00000304941	0	0	0	0	0	0.045	0	0.542	0.543
CSPP1	TCTN1	9606.ENSP00000262210	9606.ENSP00000380779	0	0	0	0	0.049	0	0	0.545	0.549
CSPP1	TCTN3	9606.ENSP00000262210	9606.ENSP00000483364	0	0	0	0	0	0	0	0.579	0.579
CSPP1	TMEM237	9606.ENSP00000262210	9606.ENSP00000386264	0	0	0	0	0.066	0.074	0	0.570	0.595
CSPP1	TMEM138	9606.ENSP00000262210	9606.ENSP00000278826	0	0	0	0	0	0	0	0.596	0.596
CSPP1	TMEM67	9606.ENSP00000262210	9606.ENSP00000389998	0	0	0	0	0.244	0	0	0.507	0.611
CSPP1	RPGRIP1L	9606.ENSP00000262210	9606.ENSP00000493946	0	0	0	0	0.076	0.292	0	0.529	0.664
CSPP1	DCTN4	9606.ENSP00000262210	9606.ENSP00000414906	0	0	0	0	0.049	0.715	0	0	0.717
CTC1	USB1	9606.ENSP00000498499	9606.ENSP00000219281	0	0	0	0	0.043	0	0	0.537	0.538
CTC1	STN1	9606.ENSP00000498499	9606.ENSP00000224950	0	0	0	0	0.042	0.982	0.800	0.999	0.999
CTC1	SBDS	9606.ENSP00000498499	9606.ENSP00000246868	0	0	0	0	0	0	0	0.414	0.414
CTC1	TINF2	9606.ENSP00000498499	9606.ENSP00000267415	0	0	0	0	0.054	0.045	0.720	0.904	0.972
CTC1	NHP2	9606.ENSP00000498499	9606.ENSP00000274606	0	0	0	0	0	0	0	0.887	0.887
CTC1	SLX4	9606.ENSP00000498499	9606.ENSP00000294008	0	0	0	0	0.075	0	0	0.381	0.403
CTC1	TERF2IP	9606.ENSP00000498499	9606.ENSP00000300086	0	0	0	0	0	0	0.720	0.415	0.829
CTC1	TMEM107	9606.ENSP00000498499	9606.ENSP00000314116	0	0	0	0	0.055	0	0	0.412	0.420
CTC1	RNF168	9606.ENSP00000498499	9606.ENSP00000320898	0	0	0	0	0	0	0	0.460	0.460
CTC1	WRAP53	9606.ENSP00000498499	9606.ENSP00000324203	0	0	0	0	0.064	0	0	0.870	0.873
CTC1	NOP10	9606.ENSP00000498499	9606.ENSP00000332198	0	0	0	0	0	0	0	0.854	0.854
CTC1	PXK	9606.ENSP00000498499	9606.ENSP00000348472	0	0	0	0	0.049	0	0	0.473	0.477
CTC1	NHEJ1	9606.ENSP00000498499	9606.ENSP00000349313	0	0	0	0	0.049	0	0	0.467	0.471
CTC1	POT1	9606.ENSP00000498499	9606.ENSP00000350249	0	0	0	0	0.049	0.249	0.720	0.733	0.939
CTC1	RTEL1	9606.ENSP00000498499	9606.ENSP00000353332	0	0	0	0	0.049	0	0	0.874	0.875
CTCFL	TBX21	9606.ENSP00000415579	9606.ENSP00000177694	0	0	0	0	0	0.057	0	0.445	0.454
CTCFL	SUZ12	9606.ENSP00000415579	9606.ENSP00000316578	0	0	0	0	0.060	0.110	0	0.596	0.632
CTCFL	SIX5	9606.ENSP00000415579	9606.ENSP00000316842	0	0	0	0	0.051	0.048	0	0.608	0.615
CTCFL	WRAP53	9606.ENSP00000415579	9606.ENSP00000324203	0	0	0	0	0	0	0	0.414	0.414
CTCFL	PRMT7	9606.ENSP00000415579	9606.ENSP00000343103	0	0	0	0	0	0.310	0	0.857	0.897
CTHRC1	WNT3A	9606.ENSP00000330523	9606.ENSP00000284523	0	0	0	0	0	0	0	0.474	0.474
CTHRC1	GREM1	9606.ENSP00000330523	9606.ENSP00000498748	0	0	0	0	0.110	0	0	0.374	0.419
CTHRC1	VANGL2	9606.ENSP00000330523	9606.ENSP00000357040	0	0	0	0	0.048	0	0	0.661	0.663
CTNNBL1	TARDBP	9606.ENSP00000355050	9606.ENSP00000240185	0	0	0	0	0.751	0.053	0	0.048	0.755
CTNNBL1	NSRP1	9606.ENSP00000355050	9606.ENSP00000247026	0	0	0	0	0.060	0.762	0	0	0.766
CTNNBL1	WBP11	9606.ENSP00000355050	9606.ENSP00000261167	0	0	0	0	0.125	0.619	0.800	0	0.927
CTNNBL1	PRPF6	9606.ENSP00000355050	9606.ENSP00000266079	0	0	0	0	0.487	0	0.400	0.186	0.727
CTNNBL1	SNIP1	9606.ENSP00000355050	9606.ENSP00000296215	0	0	0	0	0.150	0.800	0	0.063	0.826
CTNNBL1	SNRNP200	9606.ENSP00000355050	9606.ENSP00000317123	0	0	0	0	0.216	0.803	0	0.199	0.865
CTNNBL1	PRPF31	9606.ENSP00000355050	9606.ENSP00000324122	0	0	0	0	0.202	0.618	0	0.534	0.845
CTNNBL1	DDX41	9606.ENSP00000355050	9606.ENSP00000330349	0	0	0	0	0.475	0.292	0	0	0.612
CTNNBL1	SF3B1	9606.ENSP00000355050	9606.ENSP00000335321	0	0	0	0	0.464	0.800	0	0.072	0.891
CTNNBL1	FTO	9606.ENSP00000355050	9606.ENSP00000418823	0	0	0	0	0.075	0	0	0.430	0.450
CTNNBL1	RBMX	9606.ENSP00000355050	9606.ENSP00000359645	0	0	0	0	0.489	0.054	0	0.048	0.499
CTU2	TRMT5	9606.ENSP00000456908	9606.ENSP00000261249	0	0	0	0	0.067	0	0	0.449	0.464
CTU2	ZNF408	9606.ENSP00000456908	9606.ENSP00000309606	0	0	0	0	0.534	0	0	0.048	0.537
CTU2	ELP4	9606.ENSP00000456908	9606.ENSP00000379267	0	0	0	0	0.057	0	0	0.456	0.465
CTU2	DOHH	9606.ENSP00000456908	9606.ENSP00000398882	0	0	0	0	0.765	0	0	0	0.765
CTU2	TRMU	9606.ENSP00000456908	9606.ENSP00000496496	0	0	0	0	0.085	0	0	0.608	0.626
CYCS	TXN2	9606.ENSP00000307786	9606.ENSP00000216185	0	0	0	0	0.207	0.097	0	0.531	0.635
CYCS	NDUFS7	9606.ENSP00000307786	9606.ENSP00000233627	0	0	0	0	0.224	0.095	0	0.363	0.514
CYCS	TARDBP	9606.ENSP00000307786	9606.ENSP00000240185	0	0	0	0	0.089	0.083	0	0.347	0.407
CYCS	PALB2	9606.ENSP00000307786	9606.ENSP00000261584	0	0	0	0	0.308	0.091	0.151	0.070	0.438
CYCS	LRRK2	9606.ENSP00000307786	9606.ENSP00000298910	0	0	0	0	0	0.294	0	0.346	0.519
CYCS	PPP1R15B	9606.ENSP00000307786	9606.ENSP00000356156	0	0	0	0	0.053	0	0	0.396	0.403
CYCS	TIMM50	9606.ENSP00000307786	9606.ENSP00000445806	0	0	0	0	0.081	0	0	0.405	0.430
CYCS	DUOX2	9606.ENSP00000307786	9606.ENSP00000373691	0	0	0	0	0.058	0	0	0.426	0.437
CYCS	SPNS2	9606.ENSP00000307786	9606.ENSP00000333292	0	0	0	0	0	0	0	0.447	0.447
CYCS	NLRP3	9606.ENSP00000307786	9606.ENSP00000337383	0	0	0	0	0.046	0	0	0.446	0.448
CYCS	PIDD1	9606.ENSP00000307786	9606.ENSP00000337797	0	0	0	0	0.046	0	0	0.452	0.455
CYCS	DKK1	9606.ENSP00000307786	9606.ENSP00000363081	0	0	0	0	0.044	0	0	0.454	0.455
CYCS	PMPCA	9606.ENSP00000307786	9606.ENSP00000360782	0	0	0	0	0.148	0.262	0	0.210	0.460
CYCS	NDUFA13	9606.ENSP00000307786	9606.ENSP00000423673	0	0	0	0	0.172	0.085	0	0.348	0.463
CYCS	MIEF2	9606.ENSP00000307786	9606.ENSP00000379057	0	0	0	0	0	0	0	0.480	0.480
CYCS	SQOR	9606.ENSP00000307786	9606.ENSP00000456019	0.042	0	0	0	0.042	0	0	0.502	0.503
CYCS	NDUFA11	9606.ENSP00000307786	9606.ENSP00000389160	0	0	0	0	0.139	0	0	0.468	0.522
CYCS	PACS2	9606.ENSP00000307786	9606.ENSP00000393559	0	0	0	0	0	0	0	0.536	0.536
CYCS	GATC	9606.ENSP00000307786	9606.ENSP00000446872	0	0	0	0	0.297	0.324	0	0.183	0.578
CYCS	PINK1	9606.ENSP00000307786	9606.ENSP00000364204	0	0	0	0	0	0	0	0.800	0.800
CYCS	DIABLO	9606.ENSP00000307786	9606.ENSP00000499058	0	0	0	0	0.049	0	0	0.971	0.972
CYFIP2	DOCK7	9606.ENSP00000479719	9606.ENSP00000251157	0	0	0	0	0.088	0	0	0.409	0.439
CYFIP2	NNT	9606.ENSP00000479719	9606.ENSP00000264663	0	0	0	0	0.055	0	0	0.520	0.527
CYFIP2	PIDD1	9606.ENSP00000479719	9606.ENSP00000337797	0	0	0	0	0.050	0.045	0	0.643	0.647
CYFIP2	PLEKHG4	9606.ENSP00000479719	9606.ENSP00000353646	0	0	0	0	0.067	0	0.400	0	0.416
CYFIP2	INPP5K	9606.ENSP00000479719	9606.ENSP00000413937	0	0	0	0	0.099	0	0	0.385	0.422
CYFIP2	SHANK3	9606.ENSP00000479719	9606.ENSP00000489407	0	0	0	0	0	0.100	0	0.523	0.552
CYP2R1	NADSYN1	9606.ENSP00000334592	9606.ENSP00000326424	0	0	0	0	0.087	0	0	0.840	0.847
CYP2R1	SLC34A3	9606.ENSP00000334592	9606.ENSP00000442397	0	0	0	0	0.091	0	0.155	0.336	0.445
CYP2R1	TRPV6	9606.ENSP00000334592	9606.ENSP00000352358	0	0	0	0	0	0	0	0.474	0.474
CYP4V2	GFM1	9606.ENSP00000368079	9606.ENSP00000264263	0	0	0	0	0.075	0.045	0	0.823	0.830
CYP4V2	PRPF31	9606.ENSP00000368079	9606.ENSP00000324122	0	0	0	0	0	0	0	0.432	0.432
CYP4V2	FSCN2	9606.ENSP00000368079	9606.ENSP00000334665	0	0	0	0	0	0	0	0.418	0.418
CYP4V2	EYS	9606.ENSP00000368079	9606.ENSP00000359655	0	0	0	0	0.060	0.051	0	0.481	0.497
CYP4V2	GATC	9606.ENSP00000368079	9606.ENSP00000446872	0	0	0	0	0	0.539	0	0	0.539
D2HGDH	RSPH3	9606.ENSP00000315351	9606.ENSP00000252655	0	0	0	0	0.049	0.572	0	0.051	0.579
D2HGDH	KAT6B	9606.ENSP00000315351	9606.ENSP00000287239	0	0	0	0	0	0.379	0	0.157	0.454
D2HGDH	SIN3A	9606.ENSP00000315351	9606.ENSP00000378402	0	0	0	0	0.122	0.298	0	0.158	0.435
D2HGDH	SIN3B	9606.ENSP00000315351	9606.ENSP00000369131	0	0	0	0	0.123	0.298	0	0.158	0.436
D2HGDH	KAT8	9606.ENSP00000315351	9606.ENSP00000406037	0	0	0	0	0.049	0.379	0	0.157	0.458
DARS2	EIF2AK1	9606.ENSP00000497569	9606.ENSP00000199389	0.111	0	0	0	0.688	0	0	0.343	0.802
DARS2	SEC61A1	9606.ENSP00000497569	9606.ENSP00000243253	0	0	0	0	0.127	0	0	0.349	0.407
DARS2	MRPS7	9606.ENSP00000497569	9606.ENSP00000245539	0	0	0	0	0.166	0	0	0.405	0.483
DARS2	TRNT1	9606.ENSP00000497569	9606.ENSP00000251607	0.116	0	0	0	0.062	0	0	0.392	0.451
DARS2	ERAL1	9606.ENSP00000497569	9606.ENSP00000254928	0.141	0	0	0	0.167	0	0	0.303	0.458
DARS2	TRMT5	9606.ENSP00000497569	9606.ENSP00000261249	0	0	0	0	0.270	0	0	0.248	0.428
DARS2	EIF2AK4	9606.ENSP00000497569	9606.ENSP00000263791	0.111	0	0	0	0.688	0	0	0.422	0.826
DARS2	GFM1	9606.ENSP00000497569	9606.ENSP00000264263	0	0	0	0	0.188	0	0	0.476	0.557
DARS2	EFL1	9606.ENSP00000497569	9606.ENSP00000268206	0	0	0	0	0.228	0	0	0.281	0.421
DARS2	GUF1	9606.ENSP00000497569	9606.ENSP00000281543	0.120	0	0	0	0.256	0	0	0.349	0.536
DARS2	NAGS	9606.ENSP00000497569	9606.ENSP00000293404	0.115	0	0	0	0.111	0	0	0.352	0.445
DARS2	SLX4	9606.ENSP00000497569	9606.ENSP00000294008	0.111	0	0	0	0.133	0	0.154	0.269	0.460
DARS2	YARS2	9606.ENSP00000497569	9606.ENSP00000320658	0.108	0	0	0	0.389	0.164	0	0.769	0.881
DARS2	TRIT1	9606.ENSP00000497569	9606.ENSP00000321810	0.194	0	0	0	0.228	0	0	0.432	0.616
DARS2	DDRGK1	9606.ENSP00000497569	9606.ENSP00000346483	0	0	0	0	0.049	0	0	0.400	0.405
DARS2	GTPBP3	9606.ENSP00000497569	9606.ENSP00000351644	0	0	0	0	0.068	0	0	0.497	0.512
DARS2	FBXO28	9606.ENSP00000497569	9606.ENSP00000355827	0	0	0	0	0.149	0	0	0.417	0.483
DARS2	IARS2	9606.ENSP00000497569	9606.ENSP00000355889	0	0	0	0	0.657	0	0	0.708	0.895
DARS2	QRSL1	9606.ENSP00000497569	9606.ENSP00000358042	0.115	0	0	0	0.321	0.457	0.673	0.486	0.935
DARS2	RARS2	9606.ENSP00000497569	9606.ENSP00000358549	0.120	0	0	0	0.387	0	0	0.810	0.888
DARS2	PUS1	9606.ENSP00000497569	9606.ENSP00000365837	0.042	0	0	0	0.120	0	0	0.442	0.489
DARS2	LARS1	9606.ENSP00000497569	9606.ENSP00000377954	0.120	0	0	0	0.374	0	0	0.496	0.698
DARS2	PNPT1	9606.ENSP00000497569	9606.ENSP00000400646	0.119	0	0	0	0.388	0.067	0	0.194	0.540
DARS2	MTO1	9606.ENSP00000497569	9606.ENSP00000402038	0	0	0	0	0.067	0	0	0.468	0.482
DARS2	MRPS22	9606.ENSP00000497569	9606.ENSP00000418008	0	0	0	0	0.068	0	0	0.516	0.530
DARS2	VARS2	9606.ENSP00000497569	9606.ENSP00000441000	0.120	0	0	0	0.695	0	0	0.712	0.916
DARS2	POLR1B	9606.ENSP00000497569	9606.ENSP00000444136	0	0	0	0	0.294	0	0	0.315	0.495
DARS2	EARS2	9606.ENSP00000497569	9606.ENSP00000456218	0.105	0	0	0	0.427	0	0.253	0.837	0.929
DARS2	HARS2	9606.ENSP00000497569	9606.ENSP00000494965	0.111	0	0	0	0.698	0	0	0.511	0.857
DARS2	TRMU	9606.ENSP00000497569	9606.ENSP00000496496	0.119	0	0	0	0.234	0.098	0	0.517	0.667
DARS2	LARS2	9606.ENSP00000497569	9606.ENSP00000498867	0.120	0	0	0	0.543	0	0	0.716	0.876
DCAF17	FA2H	9606.ENSP00000364404	9606.ENSP00000219368	0	0	0	0	0	0	0	0.718	0.718
DCAF17	TTC21B	9606.ENSP00000364404	9606.ENSP00000243344	0	0	0	0	0.441	0	0	0	0.441
DCAF17	GUF1	9606.ENSP00000364404	9606.ENSP00000281543	0	0	0	0	0.425	0	0	0.151	0.491
DCAF17	GTPBP2	9606.ENSP00000364404	9606.ENSP00000303997	0	0	0	0	0.060	0	0	0.700	0.706
DCAF17	VPS13A	9606.ENSP00000364404	9606.ENSP00000353422	0	0	0	0	0.074	0	0	0.471	0.489
DCAF17	DCAF8	9606.ENSP00000364404	9606.ENSP00000357052	0	0	0	0	0	0	0.900	0.179	0.914
DCAF17	PIGV	9606.ENSP00000364404	9606.ENSP00000363260	0	0	0	0	0.067	0	0	0.443	0.458
DCDC2	KIAA0319L	9606.ENSP00000367715	9606.ENSP00000318406	0	0	0	0	0	0.058	0	0.649	0.655
DCDC2	DNAAF4	9606.ENSP00000367715	9606.ENSP00000323275	0	0	0	0	0.082	0	0	0.977	0.978
DCDC2	MCPH1	9606.ENSP00000367715	9606.ENSP00000342924	0	0	0	0	0	0	0	0.425	0.425
DCDC2	POT1	9606.ENSP00000367715	9606.ENSP00000350249	0	0	0	0	0.047	0.511	0	0.246	0.617
DCDC2	FOXP2	9606.ENSP00000367715	9606.ENSP00000386200	0	0	0	0	0	0	0	0.598	0.598
DCTN4	KIF15	9606.ENSP00000414906	9606.ENSP00000324020	0	0	0	0	0.042	0	0.500	0.138	0.551
DCTN4	KIF4A	9606.ENSP00000414906	9606.ENSP00000363524	0	0	0	0	0	0	0.500	0.068	0.514
DCTN4	KLC2	9606.ENSP00000414906	9606.ENSP00000399403	0	0	0	0	0.047	0	0.500	0.089	0.528
DCTN4	RACGAP1	9606.ENSP00000414906	9606.ENSP00000404190	0	0	0	0	0	0	0.500	0	0.499
DCTN4	DYNC2H1	9606.ENSP00000414906	9606.ENSP00000497174	0	0	0	0	0.048	0	0.360	0.118	0.416
DCTN4	MAPK8IP3	9606.ENSP00000414906	9606.ENSP00000481780	0	0	0	0	0	0.590	0	0.059	0.597
DCTN4	EMC1	9606.ENSP00000414906	9606.ENSP00000420608	0	0	0	0	0.080	0.907	0	0.349	0.939
DCXR	TMEM231	9606.ENSP00000303356	9606.ENSP00000258173	0	0	0	0	0	0	0	0.405	0.405
DCXR	DEF6	9606.ENSP00000303356	9606.ENSP00000319831	0	0	0	0	0.044	0.530	0	0	0.531
DDHD2	SPG21	9606.ENSP00000380352	9606.ENSP00000204566	0	0	0	0	0.067	0	0	0.619	0.630
DDHD2	FA2H	9606.ENSP00000380352	9606.ENSP00000219368	0	0	0	0	0	0	0	0.616	0.616
DDHD2	ZFYVE26	9606.ENSP00000380352	9606.ENSP00000251119	0	0	0	0	0.067	0.069	0	0.599	0.621
DDHD2	SPG11	9606.ENSP00000380352	9606.ENSP00000261866	0	0	0	0	0.109	0	0	0.613	0.640
DDHD2	LIPH	9606.ENSP00000380352	9606.ENSP00000296252	0	0	0	0	0	0	0	0.582	0.582
DDHD2	NT5C2	9606.ENSP00000380352	9606.ENSP00000339479	0	0	0	0	0.060	0	0	0.389	0.401
DDHD2	REEP2	9606.ENSP00000380352	9606.ENSP00000367590	0	0	0	0	0.067	0	0	0.484	0.498
DDHD2	LPIN1	9606.ENSP00000380352	9606.ENSP00000397908	0	0	0	0	0.298	0	0	0.183	0.402
DDHD2	ZFYVE27	9606.ENSP00000380352	9606.ENSP00000409594	0	0	0	0	0.049	0	0	0.424	0.429
DDRGK1	VPS13C	9606.ENSP00000346483	9606.ENSP00000493560	0	0	0	0	0.042	0	0	0.466	0.466
DDRGK1	UBA5	9606.ENSP00000346483	9606.ENSP00000348565	0	0	0	0	0.109	0	0	0.844	0.855
DDRGK1	UFC1	9606.ENSP00000346483	9606.ENSP00000356982	0	0	0	0	0.056	0.719	0	0.842	0.954
DDRGK1	UFM1	9606.ENSP00000346483	9606.ENSP00000368970	0	0	0	0	0.067	0.305	0	0.960	0.972
DDX41	MSTO1	9606.ENSP00000330349	9606.ENSP00000245564	0	0	0	0	0.445	0	0	0	0.445
DDX41	SBDS	9606.ENSP00000330349	9606.ENSP00000246868	0	0	0	0	0.049	0	0	0.397	0.402
DDX41	NSRP1	9606.ENSP00000330349	9606.ENSP00000247026	0	0	0	0	0.086	0	0.500	0	0.523
DDX41	PRPF6	9606.ENSP00000330349	9606.ENSP00000266079	0	0	0	0	0.314	0.292	0	0.068	0.507
DDX41	UPF3B	9606.ENSP00000330349	9606.ENSP00000276201	0	0	0	0	0.075	0	0.800	0.064	0.811
DDX41	SNRNP200	9606.ENSP00000330349	9606.ENSP00000317123	0	0	0	0	0.113	0.292	0	0.440	0.618
DDX41	SAMD9L	9606.ENSP00000330349	9606.ENSP00000326247	0	0	0	0	0.047	0	0	0.446	0.449
DDX41	THOC6	9606.ENSP00000330349	9606.ENSP00000326531	0	0	0	0	0.140	0.292	0	0.193	0.466
DDX41	PHF6	9606.ENSP00000330349	9606.ENSP00000329097	0	0	0	0	0.058	0	0	0.394	0.405
DDX41	TBK1	9606.ENSP00000330349	9606.ENSP00000329967	0	0	0	0	0.058	0.095	0.500	0.867	0.936
DDX41	TET2	9606.ENSP00000330349	9606.ENSP00000442788	0	0	0	0	0	0	0	0.414	0.414
DDX41	SF3B1	9606.ENSP00000330349	9606.ENSP00000335321	0	0	0	0	0.101	0.292	0	0.156	0.415
DDX41	TLR7	9606.ENSP00000330349	9606.ENSP00000370034	0	0	0	0	0	0	0	0.417	0.417
DDX41	SAMD9	9606.ENSP00000330349	9606.ENSP00000369292	0	0	0	0	0	0	0	0.445	0.445
DDX41	HARS2	9606.ENSP00000330349	9606.ENSP00000494965	0	0	0	0	0.453	0	0	0	0.453
DDX41	TRIM32	9606.ENSP00000330349	9606.ENSP00000408292	0	0	0	0	0.060	0	0	0.475	0.486
DDX41	VPS16	9606.ENSP00000330349	9606.ENSP00000369810	0	0	0	0	0.562	0	0	0	0.562
DDX41	IFIH1	9606.ENSP00000330349	9606.ENSP00000497271	0	0	0	0	0.056	0	0	0.606	0.612
DDX41	DDX58	9606.ENSP00000330349	9606.ENSP00000369213	0	0	0	0	0	0.047	0	0.661	0.663
DDX41	STING1	9606.ENSP00000330349	9606.ENSP00000498596	0	0	0	0	0.048	0.154	0.500	0.673	0.850
DDX58	UNC93B1	9606.ENSP00000369213	9606.ENSP00000227471	0	0	0	0	0.074	0	0	0.476	0.494
DDX58	EXOC2	9606.ENSP00000369213	9606.ENSP00000230449	0	0	0	0	0.063	0	0	0.458	0.470
DDX58	SEC61A1	9606.ENSP00000369213	9606.ENSP00000243253	0	0	0	0	0	0	0	0.449	0.449
DDX58	TICAM1	9606.ENSP00000369213	9606.ENSP00000248244	0	0	0	0	0.126	0.047	0	0.855	0.868
DDX58	FANCM	9606.ENSP00000369213	9606.ENSP00000267430	0	0	0	0.559	0	0.287	0	0.478	0.611
DDX58	NOD2	9606.ENSP00000369213	9606.ENSP00000300589	0	0	0	0	0.147	0.054	0	0.875	0.891
DDX58	TLR8	9606.ENSP00000369213	9606.ENSP00000312082	0	0	0	0	0.107	0	0	0.775	0.791
DDX58	SAMD9L	9606.ENSP00000369213	9606.ENSP00000326247	0	0	0	0	0.650	0.050	0	0.500	0.820
DDX58	RNF135	9606.ENSP00000369213	9606.ENSP00000328340	0	0	0	0	0.059	0.981	0.500	0.871	0.998
DDX58	TBK1	9606.ENSP00000369213	9606.ENSP00000329967	0	0	0	0	0.154	0.301	0.500	0.984	0.994
DDX58	NLRP3	9606.ENSP00000369213	9606.ENSP00000337383	0	0	0	0	0.072	0	0	0.811	0.817
DDX58	TDRD7	9606.ENSP00000369213	9606.ENSP00000347444	0	0	0	0	0.531	0	0	0.212	0.615
DDX58	SMC5	9606.ENSP00000369213	9606.ENSP00000354957	0	0	0	0	0.142	0.406	0	0.336	0.632
DDX58	TAB2	9606.ENSP00000369213	9606.ENSP00000356426	0	0	0	0	0.067	0	0	0.434	0.449
DDX58	ZNFX1	9606.ENSP00000369213	9606.ENSP00000360817	0	0	0	0	0.298	0.047	0	0.249	0.454
DDX58	PNPT1	9606.ENSP00000369213	9606.ENSP00000400646	0	0	0	0	0.209	0	0	0.289	0.413
DDX58	RNF213	9606.ENSP00000369213	9606.ENSP00000464087	0	0	0	0	0.320	0.048	0	0.199	0.437
DDX58	NLRP5	9606.ENSP00000369213	9606.ENSP00000375063	0	0	0	0	0	0	0	0.450	0.450
DDX58	NLRP7	9606.ENSP00000369213	9606.ENSP00000467123	0	0	0	0	0.109	0.054	0	0.402	0.452
DDX58	RNF216	9606.ENSP00000369213	9606.ENSP00000374552	0	0	0	0	0.056	0	0.400	0.125	0.461
DDX58	IRAK4	9606.ENSP00000369213	9606.ENSP00000479889	0	0	0	0	0.108	0	0	0.507	0.541
DDX58	TRIM32	9606.ENSP00000369213	9606.ENSP00000408292	0	0	0	0	0.042	0.311	0	0.371	0.548
DDX58	ITCH	9606.ENSP00000369213	9606.ENSP00000499786	0	0	0	0	0.042	0.047	0.500	0.269	0.621
DDX58	TKFC	9606.ENSP00000369213	9606.ENSP00000378360	0	0	0	0	0	0.047	0.500	0.287	0.630
DDX58	DICER1	9606.ENSP00000369213	9606.ENSP00000437256	0	0	0	0.562	0.117	0.167	0	0.540	0.633
DDX58	NLRP12	9606.ENSP00000369213	9606.ENSP00000375653	0	0	0	0	0.111	0.059	0	0.664	0.695
DDX58	NLRC4	9606.ENSP00000369213	9606.ENSP00000385428	0	0	0	0	0.067	0	0	0.837	0.841
DDX58	SAMD9	9606.ENSP00000369213	9606.ENSP00000369292	0	0	0	0	0.784	0.045	0	0.475	0.882
DDX58	TLR7	9606.ENSP00000369213	9606.ENSP00000370034	0	0	0	0	0.158	0	0	0.909	0.920
DDX58	STING1	9606.ENSP00000369213	9606.ENSP00000498596	0	0	0	0	0.114	0.510	0	0.857	0.932
DDX58	IFIH1	9606.ENSP00000369213	9606.ENSP00000497271	0	0	0	0.744	0.826	0	0.500	0.578	0.960
DDX59	TMEM231	9606.ENSP00000330460	9606.ENSP00000258173	0	0	0	0	0	0	0	0.473	0.473
DDX59	SCLT1	9606.ENSP00000330460	9606.ENSP00000281142	0	0	0	0	0.049	0.063	0	0.456	0.473
DDX59	DHX37	9606.ENSP00000330460	9606.ENSP00000311135	0	0	0	0	0.103	0.122	0	0.386	0.474
DDX59	TMEM216	9606.ENSP00000330460	9606.ENSP00000334844	0	0	0	0	0	0	0	0.476	0.476
DDX59	PNPT1	9606.ENSP00000330460	9606.ENSP00000400646	0.053	0	0	0	0.303	0.230	0	0.115	0.490
DDX59	TCTN3	9606.ENSP00000330460	9606.ENSP00000483364	0	0	0	0	0	0	0	0.570	0.570
DGCR8	TARDBP	9606.ENSP00000263209	9606.ENSP00000240185	0	0	0	0	0.056	0	0	0.515	0.522
DGCR8	RINT1	9606.ENSP00000263209	9606.ENSP00000257700	0	0	0	0	0.067	0	0	0.548	0.560
DGCR8	FTO	9606.ENSP00000263209	9606.ENSP00000418823	0	0	0	0	0	0	0	0.418	0.418
DGCR8	LAS1L	9606.ENSP00000263209	9606.ENSP00000363944	0	0	0	0	0.127	0	0.360	0.052	0.424
DGCR8	TNPO2	9606.ENSP00000263209	9606.ENSP00000407182	0	0	0	0	0.338	0	0	0.184	0.436
DGCR8	DIS3L2	9606.ENSP00000263209	9606.ENSP00000315569	0	0	0	0	0.113	0	0	0.437	0.480
DGCR8	TSEN2	9606.ENSP00000263209	9606.ENSP00000284995	0	0	0	0	0.049	0	0.540	0	0.543
DGCR8	TSEN54	9606.ENSP00000263209	9606.ENSP00000327487	0	0	0	0	0.083	0	0.540	0	0.560
DGCR8	TRMT10C	9606.ENSP00000263209	9606.ENSP00000312356	0	0	0	0	0	0	0.540	0.101	0.568
DGCR8	GEMIN4	9606.ENSP00000263209	9606.ENSP00000321706	0	0	0	0	0.092	0	0	0.580	0.602
DGCR8	LIN28B	9606.ENSP00000263209	9606.ENSP00000344401	0	0	0	0	0	0	0	0.639	0.639
DGCR8	TNRC6A	9606.ENSP00000263209	9606.ENSP00000379144	0	0	0	0	0.078	0	0	0.774	0.782
DGCR8	DICER1	9606.ENSP00000263209	9606.ENSP00000437256	0	0	0	0	0.064	0.271	0.720	0.971	0.993
DHH	PRUNE1	9606.ENSP00000497483	9606.ENSP00000271620	0	0	0	0	0	0	0	0.542	0.542
DHH	DISP1	9606.ENSP00000497483	9606.ENSP00000284476	0	0	0	0	0.057	0.773	0	0.518	0.887
DHH	WNT4	9606.ENSP00000497483	9606.ENSP00000290167	0	0	0	0	0	0.103	0	0.545	0.574
DHH	STK36	9606.ENSP00000497483	9606.ENSP00000295709	0	0	0	0	0	0.183	0	0.339	0.437
DHH	SUFU	9606.ENSP00000497483	9606.ENSP00000358918	0	0	0	0	0.059	0.075	0	0.794	0.805
DHH	KIF7	9606.ENSP00000497483	9606.ENSP00000377934	0	0	0	0	0.055	0.071	0	0.604	0.622
DHH	VPS53	9606.ENSP00000497483	9606.ENSP00000401435	0	0	0	0	0	0.305	0	0.308	0.498
DHX37	EXOSC5	9606.ENSP00000311135	9606.ENSP00000221233	0	0	0	0	0.087	0.129	0.400	0.084	0.504
DHX37	DOCK7	9606.ENSP00000311135	9606.ENSP00000251157	0	0	0	0	0.042	0	0	0.718	0.718
DHX37	DPP9	9606.ENSP00000311135	9606.ENSP00000262960	0	0	0	0	0.447	0.068	0	0.053	0.469
DHX37	POLR1A	9606.ENSP00000311135	9606.ENSP00000263857	0	0	0	0	0.377	0.105	0	0.215	0.524
DHX37	DOCK6	9606.ENSP00000311135	9606.ENSP00000294618	0	0	0	0	0.049	0	0	0.593	0.596
DHX37	EXOSC3	9606.ENSP00000311135	9606.ENSP00000323046	0	0	0	0	0.093	0.152	0.400	0.073	0.515
DHX37	SNRNP200	9606.ENSP00000311135	9606.ENSP00000317123	0	0	0	0	0.078	0.289	0	0.324	0.518
DHX37	LAS1L	9606.ENSP00000311135	9606.ENSP00000363944	0	0	0	0	0.122	0	0.500	0.067	0.554
DHX37	WDR36	9606.ENSP00000311135	9606.ENSP00000423067	0	0	0	0	0.383	0.875	0	0.150	0.929
DIABLO	SPG21	9606.ENSP00000499058	9606.ENSP00000204566	0	0	0	0	0.056	0	0	0.428	0.436
DIABLO	PIDD1	9606.ENSP00000499058	9606.ENSP00000337797	0	0	0	0	0	0	0	0.631	0.631
DIAPH3	ESCO2	9606.ENSP00000383178	9606.ENSP00000306999	0	0	0	0	0.412	0	0	0	0.412
DIAPH3	FMN2	9606.ENSP00000383178	9606.ENSP00000318884	0	0	0	0.571	0.048	0.094	0	0.361	0.401
DIAPH3	KIF15	9606.ENSP00000383178	9606.ENSP00000324020	0	0	0	0	0.456	0	0	0.066	0.470
DIAPH3	KNL1	9606.ENSP00000383178	9606.ENSP00000335463	0	0	0	0	0.440	0	0	0.147	0.502
DIAPH3	VANGL1	9606.ENSP00000383178	9606.ENSP00000347672	0	0	0	0	0.084	0	0.400	0.075	0.447
DIAPH3	PLEKHG4	9606.ENSP00000383178	9606.ENSP00000353646	0	0	0	0	0.047	0	0.400	0.066	0.419
DIAPH3	KIF4A	9606.ENSP00000383178	9606.ENSP00000363524	0	0	0	0	0.372	0	0	0.241	0.503
DIAPH3	STEAP3	9606.ENSP00000383178	9606.ENSP00000376822	0	0	0	0	0	0	0.400	0.118	0.448
DIAPH3	FZR1	9606.ENSP00000383178	9606.ENSP00000378529	0	0	0	0	0.105	0	0	0.407	0.447
DIAPH3	TOR1AIP1	9606.ENSP00000383178	9606.ENSP00000435365	0	0	0	0	0	0	0.400	0	0.400
DIAPH3	RACGAP1	9606.ENSP00000383178	9606.ENSP00000404190	0	0	0	0	0.271	0	0	0.458	0.588
DICER1	SETX	9606.ENSP00000437256	9606.ENSP00000224140	0	0	0	0	0.184	0.162	0	0.411	0.562
DICER1	TARDBP	9606.ENSP00000437256	9606.ENSP00000240185	0	0	0	0	0.077	0.100	0	0.977	0.979
DICER1	MRPS7	9606.ENSP00000437256	9606.ENSP00000245539	0.057	0	0	0	0.069	0.487	0	0.168	0.575
DICER1	SBDS	9606.ENSP00000437256	9606.ENSP00000246868	0	0	0	0	0.072	0	0	0.506	0.522
DICER1	TICAM1	9606.ENSP00000437256	9606.ENSP00000248244	0	0	0	0	0.067	0.358	0	0.103	0.415
DICER1	TRNT1	9606.ENSP00000437256	9606.ENSP00000251607	0.042	0	0	0	0.112	0	0	0.387	0.433
DICER1	MRPS25	9606.ENSP00000437256	9606.ENSP00000253686	0	0	0	0	0.081	0.582	0	0.159	0.648
DICER1	ERAL1	9606.ENSP00000437256	9606.ENSP00000254928	0.115	0.002	0	0	0.401	0	0	0.310	0.602
DICER1	PALB2	9606.ENSP00000437256	9606.ENSP00000261584	0.102	0	0	0	0.114	0.085	0	0.336	0.452
DICER1	NSUN2	9606.ENSP00000437256	9606.ENSP00000264670	0	0	0	0	0.109	0	0	0.369	0.414
DICER1	SIL1	9606.ENSP00000437256	9606.ENSP00000265195	0	0	0	0	0.067	0.434	0	0.147	0.510
DICER1	TSEN2	9606.ENSP00000437256	9606.ENSP00000284995	0	0	0	0	0.060	0	0.540	0.052	0.554
DICER1	TRMT10C	9606.ENSP00000437256	9606.ENSP00000312356	0	0	0	0	0.057	0	0.540	0.137	0.593
DICER1	RNASEH1	9606.ENSP00000437256	9606.ENSP00000313350	0.115	0	0	0	0	0	0	0.445	0.487
DICER1	DIS3L2	9606.ENSP00000437256	9606.ENSP00000315569	0.054	0	0	0	0.080	0.097	0	0.591	0.636
DICER1	SUZ12	9606.ENSP00000437256	9606.ENSP00000316578	0	0	0	0	0.072	0	0	0.569	0.583
DICER1	GEMIN4	9606.ENSP00000437256	9606.ENSP00000321706	0	0	0	0	0.071	0.510	0	0.696	0.849
DICER1	KDM3B	9606.ENSP00000437256	9606.ENSP00000326563	0	0	0	0	0.345	0	0	0.136	0.410
DICER1	TSEN54	9606.ENSP00000437256	9606.ENSP00000327487	0	0	0	0	0.139	0	0.540	0	0.587
DICER1	ELAC2	9606.ENSP00000437256	9606.ENSP00000337445	0.069	0	0	0	0.098	0	0	0.525	0.566
DICER1	LIN28B	9606.ENSP00000437256	9606.ENSP00000344401	0	0	0	0	0.089	0	0	0.767	0.778
DICER1	RBMX	9606.ENSP00000437256	9606.ENSP00000359645	0	0	0	0	0.062	0.335	0	0.224	0.474
DICER1	TRIM71	9606.ENSP00000437256	9606.ENSP00000373272	0	0	0	0	0	0.329	0	0.488	0.642
DICER1	TNRC6A	9606.ENSP00000437256	9606.ENSP00000379144	0	0	0	0	0.072	0	0.900	0.989	0.998
DICER1	PBRM1	9606.ENSP00000437256	9606.ENSP00000386593	0	0	0	0	0.383	0	0	0.151	0.453
DICER1	SETD2	9606.ENSP00000437256	9606.ENSP00000386759	0	0	0	0	0.239	0.094	0	0.269	0.452
DICER1	PNPT1	9606.ENSP00000437256	9606.ENSP00000400646	0.098	0	0	0	0.092	0	0	0.420	0.484
DICER1	TNRC6B	9606.ENSP00000437256	9606.ENSP00000401946	0	0	0	0	0.108	0.292	0	0.874	0.913
DICER1	IFIH1	9606.ENSP00000437256	9606.ENSP00000497271	0	0	0	0.555	0.123	0.162	0	0.525	0.621
DIS3L2	EXOSC5	9606.ENSP00000315569	9606.ENSP00000221233	0	0	0	0	0.091	0.777	0.689	0.522	0.965
DIS3L2	TRNT1	9606.ENSP00000315569	9606.ENSP00000251607	0.107	0	0	0	0.129	0.137	0.154	0.325	0.547
DIS3L2	MTPAP	9606.ENSP00000315569	9606.ENSP00000263063	0	0	0	0	0.049	0.125	0	0.395	0.452
DIS3L2	ELAC2	9606.ENSP00000315569	9606.ENSP00000337445	0.058	0	0	0	0.185	0	0.139	0.207	0.406
DIS3L2	LAS1L	9606.ENSP00000315569	9606.ENSP00000363944	0	0	0	0	0.115	0.071	0.360	0.047	0.431
DIS3L2	WDR36	9606.ENSP00000315569	9606.ENSP00000423067	0	0	0	0	0.257	0.305	0	0.213	0.558
DIS3L2	LIN28B	9606.ENSP00000315569	9606.ENSP00000344401	0	0	0	0	0	0.101	0	0.549	0.577
DIS3L2	PNPT1	9606.ENSP00000315569	9606.ENSP00000400646	0	0	0	0	0.158	0	0.718	0.460	0.861
DIS3L2	EXOSC3	9606.ENSP00000315569	9606.ENSP00000323046	0	0	0	0	0.127	0.774	0.540	0.612	0.960
DISC1	LRTOMT	9606.ENSP00000403888	9606.ENSP00000305742	0	0	0	0	0	0	0	0.507	0.507
DISC1	DTNBP1	9606.ENSP00000403888	9606.ENSP00000341680	0	0	0	0	0.044	0	0	0.953	0.953
DISC1	NLGN3	9606.ENSP00000403888	9606.ENSP00000351591	0	0	0	0	0.061	0	0	0.401	0.414
DISC1	MACF1	9606.ENSP00000403888	9606.ENSP00000354573	0	0	0	0	0.044	0.342	0	0.567	0.704
DISC1	SYNE1	9606.ENSP00000403888	9606.ENSP00000356224	0	0	0	0	0.044	0.575	0	0.196	0.644
DISC1	GATAD2B	9606.ENSP00000403888	9606.ENSP00000357644	0	0	0	0	0.056	0.370	0	0.104	0.420
DISC1	TRAF3IP1	9606.ENSP00000403888	9606.ENSP00000362424	0	0	0	0	0	0.575	0	0.868	0.941
DISC1	KIF7	9606.ENSP00000403888	9606.ENSP00000377934	0	0	0	0	0	0.108	0.360	0.082	0.430
DISC1	FOXP2	9606.ENSP00000403888	9606.ENSP00000386200	0	0	0	0	0.042	0	0	0.407	0.408
DISC1	KLC2	9606.ENSP00000403888	9606.ENSP00000399403	0	0	0	0	0	0.051	0.360	0.200	0.472
DISC1	TNIK	9606.ENSP00000403888	9606.ENSP00000399511	0	0	0	0	0.044	0.612	0	0.759	0.902
DISC1	MYT1L	9606.ENSP00000403888	9606.ENSP00000497479	0	0	0	0	0.090	0.342	0	0.221	0.492
DISC1	SHANK3	9606.ENSP00000403888	9606.ENSP00000489407	0	0	0	0	0	0.048	0	0.544	0.547
DISC1	SPTBN4	9606.ENSP00000403888	9606.ENSP00000469242	0	0	0	0	0	0.292	0	0.427	0.576
DISC1	FBXW7	9606.ENSP00000403888	9606.ENSP00000474725	0	0	0	0	0	0.926	0	0.107	0.931
DISP1	STK36	9606.ENSP00000284476	9606.ENSP00000295709	0	0	0	0	0.109	0	0	0.361	0.406
DISP1	KIF7	9606.ENSP00000284476	9606.ENSP00000377934	0	0	0	0	0.200	0	0	0.391	0.492
DISP1	SUFU	9606.ENSP00000284476	9606.ENSP00000358918	0	0	0	0	0.106	0	0	0.505	0.539
DISP1	UBIAD1	9606.ENSP00000284476	9606.ENSP00000366006	0	0	0	0	0	0	0	0.598	0.598
DKK1	FGF20	9606.ENSP00000363081	9606.ENSP00000180166	0	0	0	0	0.044	0	0	0.506	0.508
DKK1	WNT10A	9606.ENSP00000363081	9606.ENSP00000258411	0	0	0	0	0	0.045	0.650	0.574	0.845
DKK1	MESD	9606.ENSP00000363081	9606.ENSP00000261758	0	0	0	0	0	0	0	0.634	0.634
DKK1	RSPO2	9606.ENSP00000363081	9606.ENSP00000276659	0	0	0	0	0.055	0	0	0.497	0.504
DKK1	WNT3A	9606.ENSP00000363081	9606.ENSP00000284523	0	0	0	0	0	0.073	0.650	0.908	0.967
DKK1	WNT4	9606.ENSP00000363081	9606.ENSP00000290167	0	0	0	0	0	0.061	0.650	0.736	0.905
DKK1	SOX17	9606.ENSP00000363081	9606.ENSP00000297316	0	0	0	0	0.044	0	0	0.457	0.459
DKK1	SOST	9606.ENSP00000363081	9606.ENSP00000301691	0	0	0	0	0.042	0	0	0.957	0.957
DKK1	PORCN	9606.ENSP00000363081	9606.ENSP00000322304	0	0	0	0	0	0	0	0.484	0.484
DKK1	KREMEN1	9606.ENSP00000363081	9606.ENSP00000331242	0	0	0	0	0	0.975	0.500	0.998	0.999
DKK1	WLS	9606.ENSP00000363081	9606.ENSP00000346829	0	0	0	0	0.084	0	0	0.380	0.408
DKK1	RSPO1	9606.ENSP00000363081	9606.ENSP00000348944	0	0	0	0	0.055	0	0	0.612	0.617
DKK1	LGR4	9606.ENSP00000363081	9606.ENSP00000368516	0	0	0	0	0.062	0	0	0.492	0.503
DKK1	RNF43	9606.ENSP00000363081	9606.ENSP00000463069	0	0	0	0	0	0	0	0.514	0.514
DKK1	MGME1	9606.ENSP00000363081	9606.ENSP00000366939	0	0	0	0	0.047	0	0	0.603	0.605
DKK1	ZNRF3	9606.ENSP00000363081	9606.ENSP00000443824	0	0	0	0	0	0	0	0.718	0.718
DLL1	NEUROG3	9606.ENSP00000355718	9606.ENSP00000242462	0	0	0	0	0.055	0	0	0.476	0.484
DLL1	DLL4	9606.ENSP00000355718	9606.ENSP00000249749	0	0	0.068	0.932	0.075	0	0.900	0.413	0.942
DLL1	MIB1	9606.ENSP00000355718	9606.ENSP00000261537	0	0	0	0	0.064	0.553	0.400	0.254	0.788
DLL1	JPH3	9606.ENSP00000355718	9606.ENSP00000284262	0	0	0	0	0	0.094	0	0.547	0.572
DLL1	WNT3A	9606.ENSP00000355718	9606.ENSP00000284523	0	0	0	0	0.049	0.094	0	0.467	0.501
DLL1	WNT4	9606.ENSP00000355718	9606.ENSP00000290167	0	0	0	0	0.049	0.094	0	0.382	0.421
DLL1	NCSTN	9606.ENSP00000355718	9606.ENSP00000294785	0	0	0	0	0	0.098	0	0.488	0.519
DLL1	MESP2	9606.ENSP00000355718	9606.ENSP00000342392	0	0	0	0	0	0.045	0	0.777	0.777
DLL1	RSPO1	9606.ENSP00000355718	9606.ENSP00000348944	0	0	0	0	0.072	0.045	0	0.378	0.402
DLL1	SATB2	9606.ENSP00000355718	9606.ENSP00000401112	0	0	0	0	0	0.061	0	0.419	0.431
DLL1	MYT1L	9606.ENSP00000355718	9606.ENSP00000497479	0	0	0	0	0	0	0	0.598	0.598
DLL1	POFUT1	9606.ENSP00000355718	9606.ENSP00000364902	0	0	0	0	0	0.094	0	0.600	0.622
DLL1	HEY2	9606.ENSP00000355718	9606.ENSP00000357348	0	0	0	0	0.067	0.071	0	0.677	0.696
DLL4	WNT3A	9606.ENSP00000249749	9606.ENSP00000284523	0	0	0	0	0	0.094	0	0.372	0.407
DLL4	ZBTB7A	9606.ENSP00000249749	9606.ENSP00000323670	0	0	0	0	0	0.095	0	0.374	0.409
DLL4	DOCK6	9606.ENSP00000249749	9606.ENSP00000294618	0	0	0	0	0.120	0.050	0	0.353	0.412
DLL4	EOGT	9606.ENSP00000249749	9606.ENSP00000373206	0	0	0	0	0	0.068	0	0.453	0.468
DLL4	PTF1A	9606.ENSP00000249749	9606.ENSP00000365687	0	0	0	0	0.086	0.045	0	0.447	0.475
DLL4	SOX17	9606.ENSP00000249749	9606.ENSP00000297316	0	0	0	0	0.148	0.050	0	0.415	0.485
DLL4	PLXND1	9606.ENSP00000249749	9606.ENSP00000317128	0	0	0	0	0.105	0.051	0	0.449	0.491
DLL4	NCSTN	9606.ENSP00000249749	9606.ENSP00000294785	0	0	0	0	0	0.098	0	0.462	0.494
DLL4	ROBO4	9606.ENSP00000249749	9606.ENSP00000304945	0	0	0	0	0.183	0	0	0.434	0.518
DLL4	SOX18	9606.ENSP00000249749	9606.ENSP00000341815	0	0	0	0	0.229	0.050	0	0.433	0.549
DLL4	MIB1	9606.ENSP00000249749	9606.ENSP00000261537	0	0	0	0	0.064	0.181	0.400	0.231	0.599
DLL4	POFUT1	9606.ENSP00000249749	9606.ENSP00000364902	0	0	0	0	0	0.094	0	0.648	0.667
DLL4	HEY2	9606.ENSP00000249749	9606.ENSP00000357348	0	0	0	0	0.049	0.071	0	0.748	0.758
DMRT3	FAM111A	9606.ENSP00000190165	9606.ENSP00000434435	0	0	0	0	0	0	0	0.417	0.417
DNAAF1	ZMYND10	9606.ENSP00000367815	9606.ENSP00000231749	0	0	0	0	0.149	0.061	0	0.821	0.844
DNAAF1	RSPH3	9606.ENSP00000367815	9606.ENSP00000252655	0	0	0	0	0.109	0.067	0	0.507	0.554
DNAAF1	LRRC56	9606.ENSP00000367815	9606.ENSP00000270115	0	0	0.230	0	0.049	0.045	0	0.475	0.583
DNAAF1	DRC1	9606.ENSP00000367815	9606.ENSP00000288710	0	0	0	0	0.084	0	0	0.697	0.710
DNAAF1	RSPH1	9606.ENSP00000367815	9606.ENSP00000291536	0	0	0	0	0.082	0	0	0.675	0.689
DNAAF1	DNAAF5	9606.ENSP00000367815	9606.ENSP00000297440	0	0	0	0	0	0	0	0.812	0.812
DNAAF1	DNAAF4	9606.ENSP00000367815	9606.ENSP00000323275	0	0	0	0	0.045	0.051	0	0.859	0.861
DNAAF1	SPEF2	9606.ENSP00000367815	9606.ENSP00000348314	0	0	0	0	0.060	0.057	0	0.431	0.452
DNAAF1	XPNPEP3	9606.ENSP00000367815	9606.ENSP00000349658	0	0	0	0	0.060	0.166	0	0.767	0.801
DNAAF1	RSPH9	9606.ENSP00000367815	9606.ENSP00000361238	0	0	0	0	0.124	0	0	0.925	0.931
DNAAF1	DNAH10	9606.ENSP00000367815	9606.ENSP00000489675	0	0	0	0	0.075	0.093	0	0.399	0.452
DNAAF1	DNAH2	9606.ENSP00000367815	9606.ENSP00000458355	0	0	0	0	0.110	0.093	0	0.449	0.516
DNAAF1	TTC12	9606.ENSP00000367815	9606.ENSP00000419652	0	0	0	0	0.142	0.051	0	0.502	0.559
DNAAF1	HYDIN	9606.ENSP00000367815	9606.ENSP00000377197	0	0	0	0	0.082	0.101	0	0.645	0.681
DNAAF1	PIH1D3	9606.ENSP00000367815	9606.ENSP00000441930	0	0	0	0	0.126	0.049	0	0.806	0.825
DNAAF1	DNAAF3	9606.ENSP00000367815	9606.ENSP00000436975	0	0	0	0	0.042	0	0	0.886	0.886
DNAAF1	DNAI1	9606.ENSP00000367815	9606.ENSP00000480538	0	0	0	0	0.149	0.062	0	0.938	0.946
DNAAF1	DNAI2	9606.ENSP00000367815	9606.ENSP00000400252	0	0	0	0	0.115	0.062	0	0.982	0.983
DNAAF3	ZMYND10	9606.ENSP00000436975	9606.ENSP00000231749	0	0	0	0	0.149	0	0	0.840	0.858
DNAAF3	RSPH3	9606.ENSP00000436975	9606.ENSP00000252655	0	0	0	0	0.149	0	0	0.544	0.595
DNAAF3	LRRC56	9606.ENSP00000436975	9606.ENSP00000270115	0	0	0	0	0.056	0	0	0.542	0.549
DNAAF3	DRC1	9606.ENSP00000436975	9606.ENSP00000288710	0	0	0	0	0.127	0	0	0.671	0.700
DNAAF3	RSPH1	9606.ENSP00000436975	9606.ENSP00000291536	0	0	0	0	0.156	0	0	0.649	0.691
DNAAF3	DNAAF5	9606.ENSP00000436975	9606.ENSP00000297440	0	0	0	0	0	0	0	0.873	0.873
DNAAF3	DNAAF4	9606.ENSP00000436975	9606.ENSP00000323275	0	0	0	0	0.075	0	0	0.897	0.901
DNAAF3	RSPH9	9606.ENSP00000436975	9606.ENSP00000361238	0	0	0	0	0.101	0	0	0.741	0.757
DNAAF3	HYDIN	9606.ENSP00000436975	9606.ENSP00000377197	0	0	0	0	0.056	0.057	0	0.641	0.652
DNAAF3	DNAI2	9606.ENSP00000436975	9606.ENSP00000400252	0	0	0	0	0.073	0	0	0.845	0.850
DNAAF3	TTC12	9606.ENSP00000436975	9606.ENSP00000419652	0	0	0	0	0.061	0	0	0.395	0.408
DNAAF3	SP6	9606.ENSP00000436975	9606.ENSP00000438209	0	0	0	0	0.068	0.630	0	0	0.640
DNAAF3	DNAI1	9606.ENSP00000436975	9606.ENSP00000480538	0	0	0	0	0.226	0	0	0.764	0.810
DNAAF3	PIH1D3	9606.ENSP00000436975	9606.ENSP00000441930	0	0	0	0	0.097	0	0	0.830	0.840
DNAAF4	ZMYND10	9606.ENSP00000323275	9606.ENSP00000231749	0	0	0	0	0.082	0	0	0.798	0.807
DNAAF4	IFT81	9606.ENSP00000323275	9606.ENSP00000242591	0	0	0	0	0.084	0.215	0	0.265	0.425
DNAAF4	RSPH3	9606.ENSP00000323275	9606.ENSP00000252655	0	0	0	0	0.095	0.045	0	0.481	0.512
DNAAF4	IFT57	9606.ENSP00000323275	9606.ENSP00000264538	0	0	0	0	0.070	0.191	0	0.329	0.451
DNAAF4	LRRC56	9606.ENSP00000323275	9606.ENSP00000270115	0	0	0	0	0.054	0.065	0	0.487	0.508
DNAAF4	DRC1	9606.ENSP00000323275	9606.ENSP00000288710	0	0	0	0	0.078	0	0	0.661	0.674
DNAAF4	RSPH1	9606.ENSP00000323275	9606.ENSP00000291536	0	0	0	0	0.257	0.053	0	0.632	0.718
DNAAF4	DNAAF5	9606.ENSP00000323275	9606.ENSP00000297440	0	0	0	0	0.042	0	0	0.799	0.799
DNAAF4	KIAA0319L	9606.ENSP00000323275	9606.ENSP00000318406	0	0	0	0	0	0	0	0.647	0.647
DNAAF4	INTU	9606.ENSP00000323275	9606.ENSP00000334003	0	0	0	0	0.162	0.129	0	0.249	0.404
DNAAF4	HYDIN	9606.ENSP00000323275	9606.ENSP00000377197	0	0	0	0	0.054	0.099	0	0.605	0.634
DNAAF4	RSPH9	9606.ENSP00000323275	9606.ENSP00000361238	0	0	0	0	0.116	0.052	0	0.662	0.692
DNAAF4	FOXP2	9606.ENSP00000323275	9606.ENSP00000386200	0	0	0	0	0	0	0	0.698	0.698
DNAAF4	DNAI1	9606.ENSP00000323275	9606.ENSP00000480538	0	0	0	0	0.049	0.046	0	0.716	0.720
DNAAF4	DNAI2	9606.ENSP00000323275	9606.ENSP00000400252	0	0	0	0	0.044	0.046	0	0.735	0.737
DNAAF4	PIH1D3	9606.ENSP00000323275	9606.ENSP00000441930	0	0	0	0	0.113	0.057	0	0.957	0.961
DNAAF5	ZMYND10	9606.ENSP00000297440	9606.ENSP00000231749	0	0	0	0	0	0	0	0.852	0.852
DNAAF5	RSPH3	9606.ENSP00000297440	9606.ENSP00000252655	0	0	0	0	0.049	0	0	0.589	0.592
DNAAF5	LRRC56	9606.ENSP00000297440	9606.ENSP00000270115	0	0	0	0	0	0	0	0.513	0.513
DNAAF5	DRC1	9606.ENSP00000297440	9606.ENSP00000288710	0	0	0	0	0	0	0	0.717	0.717
DNAAF5	RSPH1	9606.ENSP00000297440	9606.ENSP00000291536	0	0	0	0	0	0	0	0.678	0.678
DNAAF5	STK36	9606.ENSP00000297440	9606.ENSP00000295709	0	0	0	0	0.049	0	0	0.414	0.419
DNAAF5	HYDIN	9606.ENSP00000297440	9606.ENSP00000377197	0	0	0	0	0	0	0	0.644	0.644
DNAAF5	DNAI1	9606.ENSP00000297440	9606.ENSP00000480538	0	0	0	0	0	0	0	0.745	0.745
DNAAF5	RSPH9	9606.ENSP00000297440	9606.ENSP00000361238	0	0	0	0	0	0	0	0.789	0.789
DNAAF5	PIH1D3	9606.ENSP00000297440	9606.ENSP00000441930	0	0	0	0	0	0	0	0.790	0.790
DNAAF5	DNAI2	9606.ENSP00000297440	9606.ENSP00000400252	0	0	0	0	0	0.324	0	0.769	0.837
DNAH10	TTC21A	9606.ENSP00000489675	9606.ENSP00000398211	0	0	0	0	0.081	0	0	0.446	0.470
DNAH10	DNAI2	9606.ENSP00000489675	9606.ENSP00000400252	0	0	0.225	0	0.150	0.263	0	0.438	0.691
DNAH10	DNAI1	9606.ENSP00000489675	9606.ENSP00000480538	0	0	0	0	0.626	0.263	0	0.421	0.826
DNAH2	RSPH3	9606.ENSP00000458355	9606.ENSP00000252655	0	0	0	0	0.067	0.045	0	0.434	0.452
DNAH2	DNHD1	9606.ENSP00000458355	9606.ENSP00000254579	0	0	0	0.557	0.074	0	0.540	0.106	0.586
DNAH2	QRICH2	9606.ENSP00000458355	9606.ENSP00000262765	0	0	0	0	0	0.055	0	0.546	0.552
DNAH2	MAATS1	9606.ENSP00000458355	9606.ENSP00000273390	0	0	0	0	0.104	0.071	0	0.451	0.503
DNAH2	DRC1	9606.ENSP00000458355	9606.ENSP00000288710	0	0	0.220	0	0.083	0	0.360	0.304	0.638
DNAH2	WDR66	9606.ENSP00000458355	9606.ENSP00000288912	0	0	0	0	0.083	0.071	0	0.524	0.560
DNAH2	TMEM107	9606.ENSP00000458355	9606.ENSP00000314116	0	0	0	0	0.049	0	0	0.418	0.423
DNAH2	SPEF2	9606.ENSP00000458355	9606.ENSP00000348314	0	0	0	0	0.073	0	0	0.484	0.502
DNAH2	RSPH9	9606.ENSP00000458355	9606.ENSP00000361238	0	0	0	0	0.070	0	0	0.405	0.423
DNAH2	WDR19	9606.ENSP00000458355	9606.ENSP00000382717	0	0	0	0	0.062	0	0	0.476	0.488
DNAH2	TTC21A	9606.ENSP00000458355	9606.ENSP00000398211	0	0	0	0	0.096	0	0	0.554	0.580
DNAH2	DNAI2	9606.ENSP00000458355	9606.ENSP00000400252	0	0	0	0	0.130	0.263	0.720	0.431	0.884
DNAH2	DNAL1	9606.ENSP00000458355	9606.ENSP00000452037	0	0	0	0	0.074	0.174	0.720	0.197	0.805
DNAH2	DNAI1	9606.ENSP00000458355	9606.ENSP00000480538	0	0	0	0	0.310	0.263	0.540	0.452	0.854
DNAI1	ZMYND10	9606.ENSP00000480538	9606.ENSP00000231749	0	0	0	0	0.410	0.049	0	0.726	0.833
DNAI1	RSPH3	9606.ENSP00000480538	9606.ENSP00000252655	0	0	0.225	0	0.325	0	0	0.578	0.760
DNAI1	DNHD1	9606.ENSP00000480538	9606.ENSP00000254579	0	0	0	0	0.184	0.263	0.540	0.231	0.758
DNAI1	LRRC56	9606.ENSP00000480538	9606.ENSP00000270115	0	0	0	0	0.056	0.130	0	0.442	0.502
DNAI1	DRC1	9606.ENSP00000480538	9606.ENSP00000288710	0	0	0	0	0.221	0	0.360	0.681	0.827
DNAI1	RSPH1	9606.ENSP00000480538	9606.ENSP00000291536	0	0	0	0	0.138	0	0	0.678	0.710
DNAI1	TUBB	9606.ENSP00000480538	9606.ENSP00000339001	0	0	0	0	0	0.248	0	0.344	0.486
DNAI1	SPEF2	9606.ENSP00000480538	9606.ENSP00000348314	0	0	0	0	0.602	0.045	0	0.293	0.708
DNAI1	RSPH9	9606.ENSP00000480538	9606.ENSP00000361238	0	0	0	0	0.153	0	0	0.948	0.954
DNAI1	HYDIN	9606.ENSP00000480538	9606.ENSP00000377197	0	0	0	0	0.250	0.109	0	0.670	0.760
DNAI1	DNAI2	9606.ENSP00000480538	9606.ENSP00000400252	0	0	0.114	0.610	0.265	0	0.540	0.766	0.920
DNAI1	TTC12	9606.ENSP00000480538	9606.ENSP00000419652	0	0	0	0	0.047	0.047	0	0.459	0.466
DNAI1	MUC5B	9606.ENSP00000480538	9606.ENSP00000436812	0	0	0	0	0.105	0.062	0	0.387	0.440
DNAI1	PIH1D3	9606.ENSP00000480538	9606.ENSP00000441930	0	0	0	0	0.218	0	0	0.687	0.745
DNAI1	DNAL1	9606.ENSP00000480538	9606.ENSP00000452037	0	0	0	0	0.049	0.130	0.540	0.415	0.747
DNAI1	DYNC2H1	9606.ENSP00000480538	9606.ENSP00000497174	0	0	0	0	0.112	0.263	0	0.364	0.548
DNAI2	ZMYND10	9606.ENSP00000400252	9606.ENSP00000231749	0	0	0	0	0.184	0.049	0	0.776	0.811
DNAI2	RSPH3	9606.ENSP00000400252	9606.ENSP00000252655	0	0	0	0	0.070	0	0	0.545	0.559
DNAI2	DNHD1	9606.ENSP00000400252	9606.ENSP00000254579	0	0	0	0	0.069	0.263	0.540	0.161	0.700
DNAI2	LRRC56	9606.ENSP00000400252	9606.ENSP00000270115	0	0	0	0	0.054	0.130	0	0.476	0.531
DNAI2	DRC1	9606.ENSP00000400252	9606.ENSP00000288710	0	0	0	0	0.191	0	0.360	0.677	0.818
DNAI2	RSPH1	9606.ENSP00000400252	9606.ENSP00000291536	0	0	0	0	0.111	0	0	0.751	0.769
DNAI2	SPEF2	9606.ENSP00000400252	9606.ENSP00000348314	0	0	0	0	0.084	0.045	0	0.539	0.562
DNAI2	RSPH9	9606.ENSP00000400252	9606.ENSP00000361238	0	0	0	0	0.139	0	0	0.951	0.956
DNAI2	HYDIN	9606.ENSP00000400252	9606.ENSP00000377197	0	0	0	0	0.201	0.091	0	0.653	0.726
DNAI2	DYNC2H1	9606.ENSP00000400252	9606.ENSP00000497174	0	0	0	0	0.073	0.263	0	0.541	0.659
DNAI2	PIH1D3	9606.ENSP00000400252	9606.ENSP00000441930	0	0	0	0	0.270	0	0	0.726	0.792
DNAI2	DNAL1	9606.ENSP00000400252	9606.ENSP00000452037	0	0	0	0	0.043	0.130	0.720	0.483	0.863
DNAJB11	SEC61A1	9606.ENSP00000414398	9606.ENSP00000243253	0	0	0	0	0.294	0.094	0	0.720	0.805
DNAJB11	TMEM231	9606.ENSP00000414398	9606.ENSP00000258173	0	0	0	0	0	0.423	0	0	0.422
DNAJB11	SIL1	9606.ENSP00000414398	9606.ENSP00000265195	0	0	0	0	0.128	0.380	0	0.454	0.679
DNAJB11	STT3B	9606.ENSP00000414398	9606.ENSP00000295770	0	0	0	0	0.161	0.254	0	0.279	0.509
DNAJB11	UGT1A1	9606.ENSP00000414398	9606.ENSP00000304845	0	0	0	0	0	0	0.360	0.394	0.596
DNAJB11	DZIP1L	9606.ENSP00000414398	9606.ENSP00000332148	0	0	0	0	0.045	0.078	0	0.512	0.533
DNAJB11	GANAB	9606.ENSP00000414398	9606.ENSP00000340466	0	0	0	0	0.097	0.342	0	0.768	0.850
DNAJB11	SLC39A14	9606.ENSP00000414398	9606.ENSP00000370635	0	0	0	0	0.074	0	0	0.432	0.453
DNAJC21	SBDS	9606.ENSP00000371451	9606.ENSP00000246868	0	0	0	0	0.064	0	0	0.781	0.786
DNAJC21	EFL1	9606.ENSP00000371451	9606.ENSP00000268206	0	0	0	0	0.049	0	0	0.721	0.724
DNAJC21	DNAJC5	9606.ENSP00000371451	9606.ENSP00000354111	0	0	0	0.662	0.049	0.053	0	0.389	0.401
DNAJC21	TSR2	9606.ENSP00000371451	9606.ENSP00000364293	0	0	0	0	0.094	0	0	0.389	0.423
DNAJC21	ERCC6L2	9606.ENSP00000371451	9606.ENSP00000499371	0	0	0	0	0.088	0	0	0.415	0.443
DNAJC21	JAGN1	9606.ENSP00000371451	9606.ENSP00000496942	0	0	0	0	0	0	0	0.464	0.464
DNAJC30	NDUFS7	9606.ENSP00000378605	9606.ENSP00000233627	0	0	0	0	0.063	0.386	0	0.081	0.425
DNAJC30	STT3B	9606.ENSP00000378605	9606.ENSP00000295770	0	0	0	0	0	0.165	0	0.422	0.497
DNAJC30	TBL2	9606.ENSP00000378605	9606.ENSP00000307260	0	0	0	0	0.109	0	0	0.498	0.534
DNAJC30	TMEM270	9606.ENSP00000378605	9606.ENSP00000316775	0	0	0	0	0.050	0	0	0.507	0.511
DNAJC30	VPS37D	9606.ENSP00000378605	9606.ENSP00000320416	0	0	0	0	0.062	0	0	0.396	0.409
DNAJC30	NOP10	9606.ENSP00000378605	9606.ENSP00000332198	0	0	0	0	0	0	0	0.403	0.403
DNAJC30	GTF2IRD2	9606.ENSP00000378605	9606.ENSP00000406723	0	0	0	0	0.097	0.045	0	0.419	0.455
DNAJC30	NDUFA13	9606.ENSP00000378605	9606.ENSP00000423673	0	0	0	0	0.069	0.455	0	0	0.470
DNAJC5	SLC32A1	9606.ENSP00000354111	9606.ENSP00000217420	0	0	0	0	0.054	0.157	0.800	0.506	0.910
DNAJC5	TARDBP	9606.ENSP00000354111	9606.ENSP00000240185	0	0	0	0	0.049	0.126	0	0.356	0.418
DNAJC5	SUFU	9606.ENSP00000354111	9606.ENSP00000358918	0	0	0	0	0.119	0	0	0.353	0.405
DNAJC5	LRMDA	9606.ENSP00000354111	9606.ENSP00000480240	0	0	0	0	0	0.457	0	0.048	0.460
DNAJC5	RIMS1	9606.ENSP00000354111	9606.ENSP00000428417	0	0	0	0	0	0	0.500	0.302	0.636
DNAL1	DNHD1	9606.ENSP00000452037	9606.ENSP00000254579	0	0	0	0	0	0.174	0.540	0.115	0.634
DNAL1	DRC1	9606.ENSP00000452037	9606.ENSP00000288710	0	0	0	0	0.048	0	0.360	0.151	0.437
DNAL1	SEPSECS	9606.ENSP00000452037	9606.ENSP00000371535	0	0	0	0	0.043	0	0	0.874	0.874
DNHD1	DRC1	9606.ENSP00000254579	9606.ENSP00000288710	0	0	0	0	0	0	0.360	0.135	0.423
DNHD1	SIX5	9606.ENSP00000254579	9606.ENSP00000316842	0	0	0	0	0.051	0	0	0.428	0.434
DNMBP	SIPA1L3	9606.ENSP00000315659	9606.ENSP00000222345	0	0	0	0	0.098	0	0	0.375	0.412
DNMBP	MTSS2	9606.ENSP00000315659	9606.ENSP00000341171	0	0	0	0	0	0.091	0	0.394	0.425
DNMBP	MARVELD2	9606.ENSP00000315659	9606.ENSP00000323264	0	0	0	0	0.052	0	0	0.497	0.502
DOCK6	DOCK7	9606.ENSP00000294618	9606.ENSP00000251157	0	0	0.054	0.973	0.049	0.421	0	0.058	0.443
DOCK6	EOGT	9606.ENSP00000294618	9606.ENSP00000373206	0	0	0	0	0.049	0	0	0.712	0.714
DOCK7	VAC14	9606.ENSP00000251157	9606.ENSP00000261776	0	0	0	0	0.047	0.292	0	0.253	0.452
DOCK7	NBEAL2	9606.ENSP00000251157	9606.ENSP00000415034	0	0	0	0	0.055	0.292	0	0.250	0.454
DOHH	NHP2	9606.ENSP00000398882	9606.ENSP00000274606	0	0	0	0	0.379	0	0	0.073	0.400
DPM3	PIGU	9606.ENSP00000357384	9606.ENSP00000217446	0	0	0	0	0	0	0	0.473	0.473
DPM3	POMT2	9606.ENSP00000357384	9606.ENSP00000261534	0	0	0	0	0.057	0	0	0.809	0.813
DPM3	SRD5A3	9606.ENSP00000357384	9606.ENSP00000264228	0	0	0	0	0.044	0	0	0.627	0.628
DPM3	PGAP2	9606.ENSP00000357384	9606.ENSP00000278243	0	0	0	0	0.044	0	0	0.415	0.417
DPM3	GMPPB	9606.ENSP00000357384	9606.ENSP00000309092	0	0	0	0	0.049	0	0	0.770	0.772
DPM3	POMGNT2	9606.ENSP00000357384	9606.ENSP00000344125	0	0	0	0	0.047	0	0	0.757	0.758
DPM3	LAMTOR2	9606.ENSP00000357384	9606.ENSP00000357288	0	0	0	0	0.412	0	0	0.108	0.453
DPM3	PIGO	9606.ENSP00000357384	9606.ENSP00000367880	0	0	0	0	0.044	0	0	0.462	0.464
DPM3	PIGW	9606.ENSP00000357384	9606.ENSP00000482202	0	0	0	0	0	0	0	0.607	0.607
DPM3	POMGNT1	9606.ENSP00000357384	9606.ENSP00000361060	0	0	0	0	0.054	0	0	0.769	0.772
DPM3	PIGV	9606.ENSP00000357384	9606.ENSP00000363260	0	0	0	0	0.042	0	0.800	0.558	0.907
DPP9	STN1	9606.ENSP00000262960	9606.ENSP00000224950	0	0	0	0	0	0	0	0.482	0.482
DPP9	POFUT1	9606.ENSP00000262960	9606.ENSP00000364902	0	0	0	0	0.257	0	0	0.353	0.498
DPP9	MUC5B	9606.ENSP00000262960	9606.ENSP00000436812	0	0	0	0	0.092	0	0	0.476	0.504
DPYSL5	SLC25A36	9606.ENSP00000288699	9606.ENSP00000320688	0.059	0	0	0	0.109	0	0.281	0.156	0.423
DPYSL5	UPB1	9606.ENSP00000288699	9606.ENSP00000324343	0.057	0.197	0	0	0.110	0	0.262	0.160	0.506
DRC1	ZMYND10	9606.ENSP00000288710	9606.ENSP00000231749	0	0	0	0	0.274	0	0	0.682	0.759
DRC1	RSPH3	9606.ENSP00000288710	9606.ENSP00000252655	0	0	0	0	0.092	0	0	0.613	0.634
DRC1	PIH1D3	9606.ENSP00000288710	9606.ENSP00000441930	0	0	0	0	0.337	0	0	0.512	0.662
DRC1	HYDIN	9606.ENSP00000288710	9606.ENSP00000377197	0	0	0	0	0.102	0	0	0.668	0.689
DRC1	RSPH1	9606.ENSP00000288710	9606.ENSP00000291536	0	0	0	0	0.125	0	0	0.750	0.772
DRC1	RSPH9	9606.ENSP00000288710	9606.ENSP00000361238	0	0	0	0	0.233	0	0	0.760	0.808
DSTYK	SPG11	9606.ENSP00000356130	9606.ENSP00000261866	0	0	0	0	0.049	0	0	0.459	0.464
DTNBP1	HPS3	9606.ENSP00000341680	9606.ENSP00000296051	0	0	0	0	0.049	0	0.720	0.926	0.978
DTNBP1	HPS6	9606.ENSP00000341680	9606.ENSP00000299238	0	0	0	0	0.049	0	0.720	0.941	0.982
DTNBP1	LRTOMT	9606.ENSP00000341680	9606.ENSP00000305742	0	0	0	0	0	0	0	0.544	0.544
DTNBP1	EXOC7	9606.ENSP00000341680	9606.ENSP00000334100	0	0	0	0	0	0.472	0	0.119	0.514
DTNBP1	VPS53	9606.ENSP00000341680	9606.ENSP00000401435	0	0	0	0	0	0.410	0	0.057	0.419
DTNBP1	LRMDA	9606.ENSP00000341680	9606.ENSP00000480240	0	0	0	0	0.056	0	0	0.447	0.455
DTNBP1	TBC1D8B	9606.ENSP00000341680	9606.ENSP00000349781	0	0	0	0	0	0	0.500	0	0.499
DTNBP1	TRAF3IP1	9606.ENSP00000341680	9606.ENSP00000362424	0	0	0	0	0.049	0.600	0	0.119	0.635
DTNBP1	TRIM32	9606.ENSP00000341680	9606.ENSP00000408292	0	0	0	0	0	0.450	0	0.726	0.842
DUOX2	IYD	9606.ENSP00000373691	9606.ENSP00000229447	0	0	0	0	0.055	0	0	0.929	0.930
DUOX2	NOD2	9606.ENSP00000373691	9606.ENSP00000300589	0	0	0	0	0.059	0	0	0.755	0.759
DUOX2	DUOXA2	9606.ENSP00000373691	9606.ENSP00000319705	0	0.026	0.217	0	0.780	0.555	0.900	0.997	0.999
DUOXA2	IYD	9606.ENSP00000319705	9606.ENSP00000229447	0	0	0	0	0.047	0	0	0.951	0.952
DUX4	TIMM22	9606.ENSP00000458065	9606.ENSP00000320236	0	0	0	0	0	0.593	0	0.230	0.673
DUX4	SMCHD1	9606.ENSP00000458065	9606.ENSP00000326603	0	0	0	0	0	0	0	0.872	0.872
DUX4	SOX18	9606.ENSP00000458065	9606.ENSP00000341815	0	0	0	0	0.095	0.065	0	0.365	0.415
DUX4	LRIF1	9606.ENSP00000458065	9606.ENSP00000358778	0	0	0	0	0	0	0	0.622	0.622
DUX4	NUTM1	9606.ENSP00000458065	9606.ENSP00000444896	0	0	0	0	0	0	0	0.585	0.585
DYNC2H1	TUBB1	9606.ENSP00000497174	9606.ENSP00000217133	0	0	0	0	0	0.236	0.650	0.102	0.738
DYNC2H1	IFT43	9606.ENSP00000497174	9606.ENSP00000238628	0	0	0	0	0.064	0	0	0.693	0.701
DYNC2H1	IFT81	9606.ENSP00000497174	9606.ENSP00000242591	0	0	0	0	0.177	0	0	0.614	0.669
DYNC2H1	TTC21B	9606.ENSP00000497174	9606.ENSP00000243344	0	0	0	0	0.090	0	0	0.790	0.801
DYNC2H1	TUBB2B	9606.ENSP00000497174	9606.ENSP00000259818	0	0	0	0	0	0.236	0.650	0.102	0.738
DYNC2H1	IFT172	9606.ENSP00000497174	9606.ENSP00000260570	0	0	0	0	0.054	0	0	0.876	0.878
DYNC2H1	INVS	9606.ENSP00000497174	9606.ENSP00000262457	0	0	0	0	0.049	0.055	0	0.402	0.415
DYNC2H1	IFT57	9606.ENSP00000497174	9606.ENSP00000264538	0	0	0	0	0.081	0	0	0.646	0.661
DYNC2H1	IFT122	9606.ENSP00000497174	9606.ENSP00000296266	0	0	0	0	0.064	0	0	0.752	0.758
DYNC2H1	IFT80	9606.ENSP00000497174	9606.ENSP00000312778	0	0	0	0	0.068	0	0	0.970	0.971
DYNC2H1	WDR35	9606.ENSP00000497174	9606.ENSP00000314444	0	0	0	0	0.154	0	0	0.722	0.755
DYNC2H1	TUBB6	9606.ENSP00000497174	9606.ENSP00000318697	0	0	0	0	0	0.236	0.650	0.115	0.742
DYNC2H1	TUBA8	9606.ENSP00000497174	9606.ENSP00000333326	0	0	0	0	0.048	0.251	0.650	0.091	0.742
DYNC2H1	INTU	9606.ENSP00000497174	9606.ENSP00000334003	0	0	0	0	0.085	0	0	0.405	0.432
DYNC2H1	NPHP3	9606.ENSP00000497174	9606.ENSP00000338766	0	0	0	0	0.054	0	0	0.401	0.410
DYNC2H1	TUBB	9606.ENSP00000497174	9606.ENSP00000339001	0	0	0	0	0	0.236	0.650	0.102	0.738
DYNC2H1	EVC2	9606.ENSP00000497174	9606.ENSP00000342144	0	0	0	0	0.057	0	0	0.595	0.602
DYNC2H1	SUFU	9606.ENSP00000497174	9606.ENSP00000358918	0	0	0	0	0.044	0	0.400	0.374	0.609
DYNC2H1	WDR34	9606.ENSP00000497174	9606.ENSP00000361800	0	0	0	0	0.067	0.923	0.720	0.970	0.999
DYNC2H1	IFT52	9606.ENSP00000497174	9606.ENSP00000362121	0	0	0	0	0.111	0	0	0.700	0.722
DYNC2H1	TRAF3IP1	9606.ENSP00000497174	9606.ENSP00000362424	0	0	0	0	0.049	0	0	0.470	0.475
DYNC2H1	KIF7	9606.ENSP00000497174	9606.ENSP00000377934	0	0	0	0	0.055	0.127	0	0.487	0.540
DYNC2H1	WDR19	9606.ENSP00000497174	9606.ENSP00000382717	0	0	0	0	0.121	0	0	0.752	0.773
DYNC2H1	WDR60	9606.ENSP00000497174	9606.ENSP00000384290	0	0	0	0	0.130	0.970	0.720	0.903	0.999
DYNC2H1	TMEM67	9606.ENSP00000497174	9606.ENSP00000389998	0	0	0	0	0.096	0	0	0.506	0.534
DYNC2H1	IFT74	9606.ENSP00000497174	9606.ENSP00000404122	0	0	0	0	0.062	0.055	0	0.668	0.680
DYNC2H1	TTC26	9606.ENSP00000497174	9606.ENSP00000419279	0	0	0	0	0.060	0	0	0.398	0.411
DYNC2H1	TUBB8	9606.ENSP00000497174	9606.ENSP00000456206	0	0	0	0	0	0.236	0.650	0.102	0.738
DYNC2H1	DYNC2LI1	9606.ENSP00000497174	9606.ENSP00000474032	0	0	0	0	0.067	0.986	0.900	0.980	0.999
DYNC2H1	TTC8	9606.ENSP00000497174	9606.ENSP00000482306	0	0	0	0	0.072	0	0	0.381	0.401
DYNC2H1	RPGRIP1L	9606.ENSP00000497174	9606.ENSP00000493946	0	0	0	0	0.149	0.073	0	0.428	0.509
DYNC2LI1	IFT43	9606.ENSP00000474032	9606.ENSP00000238628	0	0	0	0	0.126	0	0	0.604	0.639
DYNC2LI1	IFT81	9606.ENSP00000474032	9606.ENSP00000242591	0	0	0	0	0.232	0	0	0.416	0.533
DYNC2LI1	TTC21B	9606.ENSP00000474032	9606.ENSP00000243344	0	0	0	0	0.157	0	0	0.635	0.679
DYNC2LI1	IFT172	9606.ENSP00000474032	9606.ENSP00000260570	0	0	0	0	0.095	0	0	0.715	0.731
DYNC2LI1	IFT57	9606.ENSP00000474032	9606.ENSP00000264538	0	0	0	0	0.067	0	0	0.647	0.657
DYNC2LI1	RSPH1	9606.ENSP00000474032	9606.ENSP00000291536	0	0	0	0	0.107	0	0	0.429	0.469
DYNC2LI1	IFT122	9606.ENSP00000474032	9606.ENSP00000296266	0	0	0	0	0.150	0	0	0.717	0.749
DYNC2LI1	IFT80	9606.ENSP00000474032	9606.ENSP00000312778	0	0	0	0	0.147	0	0	0.717	0.749
DYNC2LI1	WDR35	9606.ENSP00000474032	9606.ENSP00000314444	0	0	0	0	0.140	0	0	0.759	0.784
DYNC2LI1	INTU	9606.ENSP00000474032	9606.ENSP00000334003	0	0	0	0	0.149	0	0	0.475	0.534
DYNC2LI1	EVC2	9606.ENSP00000474032	9606.ENSP00000342144	0	0	0	0	0	0	0	0.627	0.627
DYNC2LI1	WDR34	9606.ENSP00000474032	9606.ENSP00000361800	0	0	0	0	0	0.851	0.900	0.874	0.997
DYNC2LI1	IFT52	9606.ENSP00000474032	9606.ENSP00000362121	0	0	0	0	0.072	0	0	0.709	0.719
DYNC2LI1	TRAF3IP1	9606.ENSP00000474032	9606.ENSP00000362424	0	0	0	0	0.082	0	0	0.640	0.655
DYNC2LI1	NPHP4	9606.ENSP00000474032	9606.ENSP00000367398	0	0	0	0	0	0	0	0.401	0.401
DYNC2LI1	MKS1	9606.ENSP00000474032	9606.ENSP00000376827	0	0	0	0	0.149	0	0	0.333	0.408
DYNC2LI1	WDR19	9606.ENSP00000474032	9606.ENSP00000382717	0	0	0	0	0.120	0	0	0.744	0.765
DYNC2LI1	WDR60	9606.ENSP00000474032	9606.ENSP00000384290	0	0	0	0	0.063	0.977	0.900	0.882	0.999
DYNC2LI1	TMEM67	9606.ENSP00000474032	9606.ENSP00000389998	0	0	0	0	0.246	0	0	0.257	0.416
DYNC2LI1	IFT74	9606.ENSP00000474032	9606.ENSP00000404122	0	0	0	0	0.124	0	0	0.366	0.420
DYNC2LI1	TTC26	9606.ENSP00000474032	9606.ENSP00000419279	0	0	0	0	0.145	0	0	0.558	0.606
DZIP1L	GANAB	9606.ENSP00000332148	9606.ENSP00000340466	0	0	0	0	0	0.075	0	0.513	0.530
DZIP1L	FAM92A	9606.ENSP00000332148	9606.ENSP00000429367	0	0	0	0	0.048	0.094	0	0.596	0.621
EARS2	HSCB	9606.ENSP00000456218	9606.ENSP00000216027	0	0	0	0	0.049	0.407	0	0	0.411
EARS2	SHPK	9606.ENSP00000456218	9606.ENSP00000225519	0.049	0	0	0	0.613	0	0	0.102	0.640
EARS2	MRM2	9606.ENSP00000456218	9606.ENSP00000242257	0	0	0	0	0.130	0.310	0	0.219	0.491
EARS2	SEC61A1	9606.ENSP00000456218	9606.ENSP00000243253	0	0	0	0	0.093	0.433	0	0.195	0.550
EARS2	MRPS7	9606.ENSP00000456218	9606.ENSP00000245539	0	0	0	0	0.373	0.453	0	0.241	0.717
EARS2	TRNT1	9606.ENSP00000456218	9606.ENSP00000251607	0.094	0	0	0	0.125	0	0	0.326	0.419
EARS2	TRMT5	9606.ENSP00000456218	9606.ENSP00000261249	0	0	0	0	0.202	0	0	0.292	0.411
EARS2	POLR1A	9606.ENSP00000456218	9606.ENSP00000263857	0.041	0	0	0	0.336	0	0	0.154	0.414
EARS2	GFM1	9606.ENSP00000456218	9606.ENSP00000264263	0	0	0	0	0.331	0.446	0	0.480	0.790
EARS2	SIL1	9606.ENSP00000456218	9606.ENSP00000265195	0	0	0	0	0.153	0.406	0	0.141	0.530
EARS2	EFL1	9606.ENSP00000456218	9606.ENSP00000268206	0	0	0	0	0.162	0.414	0	0.161	0.552
EARS2	NHP2	9606.ENSP00000456218	9606.ENSP00000274606	0.057	0	0	0	0.250	0.324	0	0.051	0.486
EARS2	SLX4	9606.ENSP00000456218	9606.ENSP00000294008	0.046	0	0	0	0.162	0.127	0	0.348	0.484
EARS2	YARS2	9606.ENSP00000456218	9606.ENSP00000320658	0.086	0	0	0	0.377	0.095	0	0.845	0.909
EARS2	TRIT1	9606.ENSP00000456218	9606.ENSP00000321810	0.049	0	0	0	0.095	0	0	0.410	0.448
EARS2	FTSJ1	9606.ENSP00000456218	9606.ENSP00000326948	0	0	0	0	0.083	0.310	0	0.148	0.414
EARS2	ELAC2	9606.ENSP00000456218	9606.ENSP00000337445	0.044	0	0	0	0.218	0	0	0.374	0.491
EARS2	GTPBP3	9606.ENSP00000456218	9606.ENSP00000351644	0.053	0	0	0	0.186	0	0	0.437	0.528
EARS2	IARS2	9606.ENSP00000456218	9606.ENSP00000355889	0.061	0	0	0	0.288	0.435	0	0.838	0.930
EARS2	QRSL1	9606.ENSP00000456218	9606.ENSP00000358042	0.061	0	0	0	0.208	0.431	0.483	0.647	0.908
EARS2	RARS2	9606.ENSP00000456218	9606.ENSP00000358549	0.073	0	0	0	0.255	0.253	0	0.860	0.918
EARS2	KHDC3L	9606.ENSP00000456218	9606.ENSP00000359392	0	0	0	0	0.224	0.290	0	0	0.425
EARS2	POFUT1	9606.ENSP00000456218	9606.ENSP00000364902	0	0	0	0	0.462	0	0	0	0.461
EARS2	PUS1	9606.ENSP00000456218	9606.ENSP00000365837	0.070	0	0	0	0.158	0	0	0.397	0.486
EARS2	LARS1	9606.ENSP00000456218	9606.ENSP00000377954	0	0	0	0	0.246	0.305	0	0.867	0.924
EARS2	MTO1	9606.ENSP00000456218	9606.ENSP00000402038	0.057	0	0	0	0.072	0	0	0.474	0.500
EARS2	MRPS22	9606.ENSP00000456218	9606.ENSP00000418008	0	0	0	0	0.143	0	0	0.415	0.478
EARS2	VARS2	9606.ENSP00000456218	9606.ENSP00000441000	0	0	0	0	0.208	0.092	0	0.842	0.876
EARS2	POLR1B	9606.ENSP00000456218	9606.ENSP00000444136	0	0	0	0	0.500	0.053	0	0.166	0.571
EARS2	GATC	9606.ENSP00000456218	9606.ENSP00000446872	0	0	0	0	0.126	0	0	0.622	0.656
EARS2	TRMU	9606.ENSP00000456218	9606.ENSP00000496496	0.043	0	0	0	0.163	0.077	0	0.492	0.575
EARS2	HARS2	9606.ENSP00000456218	9606.ENSP00000494965	0.054	0	0	0	0.135	0.071	0	0.772	0.803
EARS2	LARS2	9606.ENSP00000456218	9606.ENSP00000498867	0	0	0	0	0.611	0.305	0	0.879	0.964
EBF3	PRDM16	9606.ENSP00000357637	9606.ENSP00000270722	0	0	0	0	0.048	0.091	0	0.528	0.556
EBF3	EHMT1	9606.ENSP00000357637	9606.ENSP00000417980	0	0	0	0	0	0	0	0.458	0.457
EDC3	RINT1	9606.ENSP00000497737	9606.ENSP00000257700	0	0	0	0	0.630	0	0	0	0.630
EDC3	NAXD	9606.ENSP00000497737	9606.ENSP00000311984	0.111	0	0	0	0.292	0	0.585	0.273	0.784
EDC3	TAB2	9606.ENSP00000497737	9606.ENSP00000356426	0	0	0	0	0.049	0	0	0.400	0.405
EDC3	TNRC6A	9606.ENSP00000497737	9606.ENSP00000379144	0	0	0	0	0	0.175	0	0.793	0.821
EDC3	INTS1	9606.ENSP00000497737	9606.ENSP00000385722	0	0	0	0	0.109	0	0	0.499	0.535
EDC3	POLR1B	9606.ENSP00000497737	9606.ENSP00000444136	0	0	0	0	0.122	0	0	0.367	0.420
EFEMP2	RIN2	9606.ENSP00000309953	9606.ENSP00000255006	0	0	0	0	0.054	0.045	0	0.394	0.404
EFEMP2	LOXL3	9606.ENSP00000309953	9606.ENSP00000264094	0	0	0	0	0.129	0	0	0.358	0.417
EFEMP2	FKBP10	9606.ENSP00000309953	9606.ENSP00000317232	0	0	0	0	0.314	0.063	0	0.475	0.633
EFL1	SEC61A1	9606.ENSP00000268206	9606.ENSP00000243253	0.095	0	0	0	0.605	0	0	0.207	0.692
EFL1	MRPS7	9606.ENSP00000268206	9606.ENSP00000245539	0.079	0	0	0	0.570	0.479	0	0.181	0.808
EFL1	SBDS	9606.ENSP00000268206	9606.ENSP00000246868	0.106	0	0	0	0.164	0.974	0	0.978	0.999
EFL1	KDM6B	9606.ENSP00000268206	9606.ENSP00000254846	0.044	0	0	0	0.389	0.096	0	0.194	0.517
EFL1	PALB2	9606.ENSP00000268206	9606.ENSP00000261584	0	0	0	0	0.334	0	0	0.137	0.401
EFL1	POLR1A	9606.ENSP00000268206	9606.ENSP00000263857	0.095	0	0	0	0.609	0.134	0	0.258	0.742
EFL1	SIL1	9606.ENSP00000268206	9606.ENSP00000265195	0.061	0	0	0	0.417	0.419	0	0.161	0.697
EFL1	PRPF6	9606.ENSP00000268206	9606.ENSP00000266079	0	0	0	0	0.120	0.625	0	0.180	0.705
EFL1	IARS2	9606.ENSP00000268206	9606.ENSP00000355889	0.089	0	0	0	0.258	0	0	0.207	0.417
EFL1	RNPC3	9606.ENSP00000268206	9606.ENSP00000432886	0	0	0	0	0.064	0.400	0	0.054	0.422
EFL1	HARS2	9606.ENSP00000268206	9606.ENSP00000494965	0	0	0	0	0.266	0.134	0	0.166	0.424
EFL1	VIPAS39	9606.ENSP00000268206	9606.ENSP00000452181	0	0	0	0	0.436	0	0	0.052	0.442
EFL1	PRPF31	9606.ENSP00000268206	9606.ENSP00000324122	0	0	0	0	0.069	0.398	0	0.208	0.517
EFL1	SNRNP200	9606.ENSP00000268206	9606.ENSP00000317123	0	0	0	0	0.063	0.440	0	0.156	0.518
EFL1	LARS1	9606.ENSP00000268206	9606.ENSP00000377954	0.042	0	0	0	0.366	0.122	0	0.207	0.520
EFL1	SF3B1	9606.ENSP00000268206	9606.ENSP00000335321	0	0	0	0	0.057	0.431	0	0.202	0.534
EFL1	LARS2	9606.ENSP00000268206	9606.ENSP00000498867	0.042	0	0	0	0.393	0.122	0	0.207	0.541
EFL1	HFM1	9606.ENSP00000268206	9606.ENSP00000359454	0	0	0	0	0.056	0.440	0	0.205	0.543
EFL1	PNPT1	9606.ENSP00000268206	9606.ENSP00000400646	0.042	0	0	0	0.600	0	0	0.207	0.670
EFL1	POLR1B	9606.ENSP00000268206	9606.ENSP00000444136	0.079	0	0	0	0.594	0.069	0	0.193	0.682
EFL1	NHP2	9606.ENSP00000268206	9606.ENSP00000274606	0.058	0	0	0	0.400	0.399	0	0.209	0.696
EGLN1	TMEM127	9606.ENSP00000355601	9606.ENSP00000258439	0	0	0	0	0.074	0	0	0.669	0.680
EGLN1	KIF1B	9606.ENSP00000355601	9606.ENSP00000263934	0	0	0	0	0.058	0	0	0.673	0.679
EGLN1	SDHAF2	9606.ENSP00000355601	9606.ENSP00000301761	0	0	0	0	0	0	0	0.593	0.593
EGLN1	P4HTM	9606.ENSP00000355601	9606.ENSP00000341422	0	0	0	0	0.055	0	0	0.599	0.604
EGLN1	HAMP	9606.ENSP00000355601	9606.ENSP00000471894	0	0	0	0	0	0	0	0.479	0.479
EGLN1	TET2	9606.ENSP00000355601	9606.ENSP00000442788	0	0	0	0	0.049	0.292	0	0.348	0.523
EHMT1	KDM4B	9606.ENSP00000417980	9606.ENSP00000159111	0	0	0	0	0.067	0	0	0.488	0.502
EHMT1	KDM6B	9606.ENSP00000417980	9606.ENSP00000254846	0	0	0	0	0.062	0.269	0	0.513	0.637
EHMT1	PRDM16	9606.ENSP00000417980	9606.ENSP00000270722	0	0	0	0	0.067	0.095	0	0.959	0.962
EHMT1	POGZ	9606.ENSP00000417980	9606.ENSP00000271715	0	0	0	0	0.163	0.343	0	0.082	0.452
EHMT1	KMT5B	9606.ENSP00000417980	9606.ENSP00000305899	0	0	0	0	0.062	0	0	0.607	0.616
EHMT1	KMT2E	9606.ENSP00000417980	9606.ENSP00000312379	0	0	0	0	0.074	0.115	0	0.495	0.550
EHMT1	SUZ12	9606.ENSP00000417980	9606.ENSP00000316578	0	0	0	0	0.108	0.310	0	0.398	0.598
EHMT1	KDM3B	9606.ENSP00000417980	9606.ENSP00000326563	0	0	0	0	0.102	0	0	0.417	0.454
EHMT1	SIN3A	9606.ENSP00000417980	9606.ENSP00000378402	0	0	0	0	0.163	0.069	0	0.296	0.404
EHMT1	FZR1	9606.ENSP00000417980	9606.ENSP00000378529	0	0	0	0	0.060	0.092	0.500	0.067	0.548
EHMT1	KDM1A	9606.ENSP00000417980	9606.ENSP00000383042	0	0	0	0	0.152	0.071	0	0.736	0.774
EHMT1	SETD5	9606.ENSP00000417980	9606.ENSP00000385852	0	0	0	0	0.157	0	0	0.363	0.440
EIF2AK1	VARS2	9606.ENSP00000199389	9606.ENSP00000441000	0.090	0	0	0	0.208	0.098	0	0.207	0.415
EIF2AK1	HAMP	9606.ENSP00000199389	9606.ENSP00000471894	0	0	0	0	0	0	0	0.431	0.431
EIF2AK1	PRPF31	9606.ENSP00000199389	9606.ENSP00000324122	0	0	0	0	0.086	0.412	0	0	0.439
EIF2AK1	HARS2	9606.ENSP00000199389	9606.ENSP00000494965	0	0.023	0	0	0.042	0	0	0.448	0.449
EIF2AK1	PRPF6	9606.ENSP00000199389	9606.ENSP00000266079	0	0	0	0	0.107	0.416	0	0	0.456
EIF2AK1	EIF2AK4	9606.ENSP00000199389	9606.ENSP00000263791	0	0	0	0.646	0.108	0.088	0	0.393	0.464
EIF2AK4	NOD2	9606.ENSP00000263791	9606.ENSP00000300589	0	0	0	0	0	0	0	0.401	0.401
EIF2AK4	TNRC6A	9606.ENSP00000263791	9606.ENSP00000379144	0	0	0	0	0.087	0.292	0	0.152	0.404
EIF2AK4	GFM1	9606.ENSP00000263791	9606.ENSP00000264263	0	0	0	0	0.160	0.134	0	0.247	0.405
EIF2AK4	GTPBP2	9606.ENSP00000263791	9606.ENSP00000303997	0	0	0	0	0.049	0	0	0.404	0.409
EIF2AK4	HAMP	9606.ENSP00000263791	9606.ENSP00000471894	0	0	0	0	0	0	0	0.429	0.429
EIF2AK4	IARS2	9606.ENSP00000263791	9606.ENSP00000355889	0.049	0	0	0	0.216	0	0	0.296	0.430
EIF2AK4	RARS2	9606.ENSP00000263791	9606.ENSP00000358549	0.061	0	0	0	0.198	0	0	0.322	0.445
EIF2AK4	VARS2	9606.ENSP00000263791	9606.ENSP00000441000	0.090	0	0	0	0.208	0.098	0	0.272	0.464
EIF2AK4	YARS2	9606.ENSP00000263791	9606.ENSP00000320658	0.091	0	0	0	0.214	0	0	0.322	0.474
EIF2AK4	HARS2	9606.ENSP00000263791	9606.ENSP00000494965	0	0	0	0.621	0.049	0	0	0.485	0.489
EIF2AK4	PRPF31	9606.ENSP00000263791	9606.ENSP00000324122	0	0	0	0	0.086	0.486	0	0	0.510
EIF2AK4	PRPF6	9606.ENSP00000263791	9606.ENSP00000266079	0	0	0	0	0.130	0.494	0	0	0.540
EIF2AK4	PPP1R15B	9606.ENSP00000263791	9606.ENSP00000356156	0	0	0	0	0.048	0	0	0.543	0.547
EIF2AK4	LARS2	9606.ENSP00000263791	9606.ENSP00000498867	0.095	0	0	0	0.191	0.091	0	0.658	0.742
EIF2AK4	LARS1	9606.ENSP00000263791	9606.ENSP00000377954	0.095	0	0	0	0.153	0.091	0	0.687	0.753
ELAC2	HSCB	9606.ENSP00000337445	9606.ENSP00000216027	0	0	0	0	0.044	0.405	0	0	0.406
ELAC2	EXOSC5	9606.ENSP00000337445	9606.ENSP00000221233	0.102	0	0	0	0.156	0	0.200	0.240	0.477
ELAC2	MRM2	9606.ENSP00000337445	9606.ENSP00000242257	0.041	0	0	0	0.171	0	0	0.437	0.514
ELAC2	TRNT1	9606.ENSP00000337445	9606.ENSP00000251607	0.120	0	0	0	0.108	0	0	0.715	0.757
ELAC2	ERAL1	9606.ENSP00000337445	9606.ENSP00000254928	0.098	0	0	0	0.082	0	0	0.371	0.433
ELAC2	TRMT5	9606.ENSP00000337445	9606.ENSP00000261249	0.043	0	0	0	0.154	0	0	0.469	0.533
ELAC2	MTPAP	9606.ENSP00000337445	9606.ENSP00000263063	0	0	0	0	0.055	0	0	0.635	0.640
ELAC2	POLR1A	9606.ENSP00000337445	9606.ENSP00000263857	0	0	0	0	0.420	0.092	0	0.047	0.454
ELAC2	NSUN2	9606.ENSP00000337445	9606.ENSP00000264670	0	0	0	0	0.333	0	0	0.540	0.680
ELAC2	TRMT10A	9606.ENSP00000337445	9606.ENSP00000273962	0	0.467	0	0	0.129	0	0	0.332	0.663
ELAC2	JAZF1	9606.ENSP00000337445	9606.ENSP00000283928	0	0	0	0	0	0	0	0.454	0.454
ELAC2	TRMT10C	9606.ENSP00000337445	9606.ENSP00000312356	0	0	0	0	0.126	0.312	0	0.775	0.853
ELAC2	TRIT1	9606.ENSP00000337445	9606.ENSP00000321810	0.120	0	0	0	0.050	0	0	0.445	0.495
ELAC2	LARS2	9606.ENSP00000337445	9606.ENSP00000498867	0.042	0	0	0	0.258	0.127	0	0.172	0.418
ELAC2	GNMT	9606.ENSP00000337445	9606.ENSP00000361894	0	0	0	0	0	0	0	0.429	0.429
ELAC2	TSEN34	9606.ENSP00000337445	9606.ENSP00000397402	0.051	0	0	0	0.121	0	0	0.386	0.444
ELAC2	LAS1L	9606.ENSP00000337445	9606.ENSP00000363944	0	0	0	0	0.469	0	0	0	0.469
ELAC2	RARS2	9606.ENSP00000337445	9606.ENSP00000358549	0	0	0	0	0.091	0	0	0.456	0.485
ELAC2	TRMU	9606.ENSP00000337445	9606.ENSP00000496496	0.093	0	0	0	0.177	0	0	0.466	0.567
ELAC2	PUS1	9606.ENSP00000337445	9606.ENSP00000365837	0.091	0	0	0	0.244	0	0	0.429	0.574
ELAC2	PUS7	9606.ENSP00000337445	9606.ENSP00000417402	0	0	0	0	0.205	0	0	0.503	0.588
ELAC2	PNPT1	9606.ENSP00000337445	9606.ENSP00000400646	0.042	0	0	0	0.122	0	0	0.607	0.641
ELAC2	MTO1	9606.ENSP00000337445	9606.ENSP00000402038	0	0	0	0	0.064	0	0	0.639	0.648
ELAC2	GTPBP3	9606.ENSP00000337445	9606.ENSP00000351644	0.041	0	0	0	0.151	0	0	0.641	0.682
ELMOD3	TUBGCP6	9606.ENSP00000386248	9606.ENSP00000248846	0	0	0	0	0.139	0	0	0.365	0.430
ELOVL1	FA2H	9606.ENSP00000477602	9606.ENSP00000219368	0	0	0	0	0.101	0	0	0.377	0.416
ELOVL5	MLXIPL	9606.ENSP00000359956	9606.ENSP00000320886	0	0	0	0	0	0	0	0.432	0.432
ELOVL5	LPIN1	9606.ENSP00000359956	9606.ENSP00000397908	0	0	0	0	0.066	0	0	0.467	0.480
ELOVL5	SP6	9606.ENSP00000359956	9606.ENSP00000438209	0	0	0	0	0	0.050	0	0.585	0.588
ELP4	SRGAP1	9606.ENSP00000379267	9606.ENSP00000347198	0	0	0	0	0	0	0	0.410	0.410
ELP4	SRPX2	9606.ENSP00000379267	9606.ENSP00000362095	0	0	0	0	0	0	0	0.496	0.496
ELP4	NIN	9606.ENSP00000379267	9606.ENSP00000371472	0	0	0	0	0.056	0.437	0	0.166	0.518
EMC1	SEC61A1	9606.ENSP00000420608	9606.ENSP00000243253	0	0	0	0	0.188	0.178	0	0.408	0.570
EMC1	STT3B	9606.ENSP00000420608	9606.ENSP00000295770	0	0	0	0	0.103	0.426	0	0.273	0.593
EMC1	FKBP10	9606.ENSP00000420608	9606.ENSP00000317232	0	0	0	0	0.047	0.292	0	0.321	0.502
EMC1	EMC10	9606.ENSP00000420608	9606.ENSP00000334037	0	0	0	0	0.141	0.983	0.900	0.723	0.999
EMC1	UBAC2	9606.ENSP00000420608	9606.ENSP00000383911	0	0	0	0	0.060	0.616	0	0.675	0.872
EOGT	POMT2	9606.ENSP00000373206	9606.ENSP00000261534	0	0	0	0	0.060	0	0	0.505	0.515
EOGT	GLT8D1	9606.ENSP00000373206	9606.ENSP00000266014	0	0	0	0	0.082	0	0	0.409	0.434
EOGT	POGLUT1	9606.ENSP00000373206	9606.ENSP00000295588	0	0	0	0	0.056	0	0	0.771	0.775
EOGT	POFUT1	9606.ENSP00000373206	9606.ENSP00000364902	0	0	0	0	0.060	0	0	0.749	0.753
EOGT	TTC7A	9606.ENSP00000373206	9606.ENSP00000378320	0	0	0	0	0.049	0	0	0.560	0.564
EPG5	ZFYVE26	9606.ENSP00000282041	9606.ENSP00000251119	0	0	0	0	0.385	0	0	0.348	0.582
EPG5	SPG11	9606.ENSP00000282041	9606.ENSP00000261866	0	0	0	0	0.334	0	0	0.346	0.546
EPG5	WDFY3	9606.ENSP00000282041	9606.ENSP00000295888	0	0	0	0	0.140	0	0	0.424	0.484
EPG5	WDR45B	9606.ENSP00000282041	9606.ENSP00000376139	0	0	0	0	0	0	0	0.579	0.579
EPG5	WIPI2	9606.ENSP00000282041	9606.ENSP00000288828	0	0	0	0	0.060	0	0	0.575	0.583
EPG5	SNX14	9606.ENSP00000282041	9606.ENSP00000313121	0	0	0	0	0.106	0	0	0.555	0.585
EPS15L1	SCLT1	9606.ENSP00000393313	9606.ENSP00000281142	0	0	0	0	0.049	0.107	0.360	0.101	0.445
EPS15L1	SYT2	9606.ENSP00000393313	9606.ENSP00000356237	0	0	0	0	0	0	0	0.621	0.621
EPS15L1	LDLRAP1	9606.ENSP00000393313	9606.ENSP00000363458	0	0	0	0	0.099	0	0.500	0.169	0.593
EPS15L1	FCHO1	9606.ENSP00000393313	9606.ENSP00000473001	0	0	0	0	0.081	0.452	0	0.925	0.959
EPS8L2	FSCN2	9606.ENSP00000435585	9606.ENSP00000334665	0	0	0	0	0.063	0	0.500	0.361	0.674
EPS8L2	WHRN	9606.ENSP00000435585	9606.ENSP00000354623	0	0	0	0	0.049	0	0.800	0.746	0.947
EPS8L2	GPSM2	9606.ENSP00000435585	9606.ENSP00000385510	0	0	0	0	0.055	0	0	0.491	0.499
EPS8L2	TPRN	9606.ENSP00000435585	9606.ENSP00000387100	0	0	0	0	0.086	0	0.500	0.251	0.627
EPS8L2	MYO15A	9606.ENSP00000435585	9606.ENSP00000495481	0	0	0	0	0.069	0.067	0.800	0.813	0.963
ERAL1	MRM2	9606.ENSP00000254928	9606.ENSP00000242257	0	0	0	0	0.243	0	0	0.588	0.675
ERAL1	MRPS7	9606.ENSP00000254928	9606.ENSP00000245539	0	0	0	0	0.090	0.934	0.800	0.741	0.996
ERAL1	TRNT1	9606.ENSP00000254928	9606.ENSP00000251607	0.129	0	0	0	0.067	0	0	0.409	0.478
ERAL1	MRPS25	9606.ENSP00000254928	9606.ENSP00000253686	0	0	0	0	0.049	0.866	0.800	0.322	0.980
ERAL1	PTCD3	9606.ENSP00000254928	9606.ENSP00000254630	0	0	0	0	0.042	0.881	0.800	0.518	0.987
ERAL1	LARS1	9606.ENSP00000254928	9606.ENSP00000377954	0.072	0	0	0	0.107	0	0	0.348	0.413
ERAL1	IARS2	9606.ENSP00000254928	9606.ENSP00000355889	0	0	0	0	0.139	0	0	0.347	0.414
ERAL1	PUS1	9606.ENSP00000254928	9606.ENSP00000365837	0.112	0	0	0	0.074	0	0	0.347	0.417
ERAL1	TRMT10C	9606.ENSP00000254928	9606.ENSP00000312356	0	0	0	0	0.087	0	0	0.404	0.433
ERAL1	TRMU	9606.ENSP00000254928	9606.ENSP00000496496	0.120	0	0	0	0.194	0	0	0.294	0.455
ERAL1	GFM1	9606.ENSP00000254928	9606.ENSP00000264263	0	0	0	0	0.074	0.088	0	0.423	0.470
ERAL1	PNPT1	9606.ENSP00000254928	9606.ENSP00000400646	0.107	0	0	0	0.074	0	0	0.425	0.483
ERAL1	HARS2	9606.ENSP00000254928	9606.ENSP00000494965	0.075	0	0	0	0.180	0	0	0.473	0.565
ERAL1	GUF1	9606.ENSP00000254928	9606.ENSP00000281543	0.120	0	0	0	0.497	0	0	0.130	0.582
ERAL1	TWNK	9606.ENSP00000254928	9606.ENSP00000309595	0	0	0	0	0.047	0	0	0.666	0.668
ERAL1	LARS2	9606.ENSP00000254928	9606.ENSP00000498867	0.072	0	0	0	0.120	0	0	0.709	0.742
ERAL1	GTPBP3	9606.ENSP00000254928	9606.ENSP00000351644	0.231	0	0	0	0.049	0.522	0	0.455	0.784
ERAL1	MRPS23	9606.ENSP00000254928	9606.ENSP00000320184	0	0	0	0	0.054	0.882	0.800	0.060	0.976
ERAL1	MRPS22	9606.ENSP00000254928	9606.ENSP00000418008	0	0	0	0	0.067	0.885	0.800	0.688	0.992
ERAP1	IFIH1	9606.ENSP00000296754	9606.ENSP00000497271	0	0	0	0	0.175	0	0	0.351	0.442
ERAP1	IL23R	9606.ENSP00000296754	9606.ENSP00000321345	0	0	0	0	0	0	0	0.800	0.800
ERCC6L2	FANCM	9606.ENSP00000499371	9606.ENSP00000267430	0	0	0	0	0.271	0.333	0	0.288	0.624
ERCC6L2	SAMD9L	9606.ENSP00000499371	9606.ENSP00000326247	0	0	0	0	0.054	0.099	0	0.481	0.519
ERCC6L2	NHEJ1	9606.ENSP00000499371	9606.ENSP00000349313	0	0	0	0	0.049	0.064	0	0.466	0.483
ERCC6L2	SAMD9	9606.ENSP00000499371	9606.ENSP00000369292	0	0	0	0	0.048	0.099	0	0.479	0.514
ERCC6L2	MYSM1	9606.ENSP00000499371	9606.ENSP00000418734	0	0	0	0	0.122	0.153	0	0.257	0.400
ERGIC1	GTPBP3	9606.ENSP00000377374	9606.ENSP00000351644	0.111	0	0	0	0.691	0.291	0.585	0.280	0.931
ERGIC1	TRMU	9606.ENSP00000377374	9606.ENSP00000496496	0.095	0	0	0	0.141	0.071	0.414	0.207	0.603
ESCO2	NCAPH	9606.ENSP00000306999	9606.ENSP00000240423	0	0	0	0	0.349	0	0	0.116	0.400
ESCO2	KAT6B	9606.ENSP00000306999	9606.ENSP00000287239	0	0	0	0	0.051	0	0	0.411	0.417
ESCO2	UGT1A1	9606.ENSP00000306999	9606.ENSP00000304845	0	0	0	0	0.055	0	0	0.417	0.425
ESCO2	KDM1A	9606.ENSP00000306999	9606.ENSP00000383042	0	0	0	0	0.056	0.292	0	0.199	0.418
ESCO2	KIF4A	9606.ENSP00000306999	9606.ENSP00000363524	0	0	0	0	0.369	0	0	0.128	0.427
ESCO2	FANCI	9606.ENSP00000306999	9606.ENSP00000310842	0	0	0	0	0.407	0	0	0.092	0.438
ESCO2	FAM111B	9606.ENSP00000306999	9606.ENSP00000341565	0	0	0	0	0.454	0	0	0.136	0.508
ESCO2	NCAPG2	9606.ENSP00000306999	9606.ENSP00000387007	0	0	0	0	0.385	0	0	0.354	0.586
ESCO2	KNL1	9606.ENSP00000306999	9606.ENSP00000335463	0	0	0	0	0.560	0	0	0.200	0.633
ESCO2	NAA20	9606.ENSP00000306999	9606.ENSP00000335636	0	0	0	0	0.049	0	0	0.647	0.650
ESCO2	KIF15	9606.ENSP00000306999	9606.ENSP00000324020	0	0	0	0	0.583	0	0	0.241	0.670
ESCO2	SMC5	9606.ENSP00000306999	9606.ENSP00000354957	0	0	0	0	0.169	0.416	0	0.429	0.699
ESCO2	HDAC8	9606.ENSP00000306999	9606.ENSP00000362674	0	0	0	0	0	0.106	0	0.720	0.739
ESRP1	OVOL2	9606.ENSP00000405738	9606.ENSP00000278780	0	0	0	0	0.276	0	0	0.495	0.619
ESRP1	EXOC7	9606.ENSP00000405738	9606.ENSP00000334100	0	0	0	0	0	0	0	0.403	0.403
ESRP1	SF3B1	9606.ENSP00000405738	9606.ENSP00000335321	0	0	0	0	0	0	0	0.477	0.477
ESRP1	RBMX	9606.ENSP00000405738	9606.ENSP00000359645	0	0	0	0	0	0	0	0.442	0.442
ESRP1	GRHL2	9606.ENSP00000405738	9606.ENSP00000495564	0	0	0	0	0.777	0	0	0.532	0.891
EVC2	IFT43	9606.ENSP00000342144	9606.ENSP00000238628	0	0	0	0	0	0	0	0.528	0.528
EVC2	TTC21B	9606.ENSP00000342144	9606.ENSP00000243344	0	0	0	0	0	0	0	0.578	0.578
EVC2	IFT172	9606.ENSP00000342144	9606.ENSP00000260570	0	0	0	0	0	0	0	0.499	0.499
EVC2	GDF6	9606.ENSP00000342144	9606.ENSP00000287020	0	0	0	0	0	0	0	0.426	0.426
EVC2	IFT122	9606.ENSP00000342144	9606.ENSP00000296266	0	0	0	0	0.042	0	0	0.479	0.479
EVC2	TCTN2	9606.ENSP00000342144	9606.ENSP00000304941	0	0	0	0	0.043	0	0	0.416	0.417
EVC2	IFT80	9606.ENSP00000342144	9606.ENSP00000312778	0	0	0	0	0	0	0	0.600	0.600
EVC2	WDR35	9606.ENSP00000342144	9606.ENSP00000314444	0	0	0	0	0	0	0	0.676	0.676
EVC2	INTU	9606.ENSP00000342144	9606.ENSP00000334003	0	0	0	0	0.042	0	0	0.416	0.417
EVC2	SATB2	9606.ENSP00000342144	9606.ENSP00000401112	0	0	0	0	0	0	0	0.446	0.446
EVC2	RPGRIP1L	9606.ENSP00000342144	9606.ENSP00000493946	0	0	0	0	0.042	0	0	0.465	0.466
EVC2	KIF7	9606.ENSP00000342144	9606.ENSP00000377934	0	0	0	0	0.083	0	0	0.491	0.513
EVC2	WDR34	9606.ENSP00000342144	9606.ENSP00000361800	0	0	0	0	0	0	0	0.590	0.590
EVC2	GPR161	9606.ENSP00000342144	9606.ENSP00000441039	0	0	0	0	0.049	0	0	0.591	0.595
EVC2	WDR60	9606.ENSP00000342144	9606.ENSP00000384290	0	0	0	0	0	0	0	0.598	0.598
EVC2	WDR19	9606.ENSP00000342144	9606.ENSP00000382717	0	0	0	0	0.048	0	0	0.611	0.614
EVC2	SUFU	9606.ENSP00000342144	9606.ENSP00000358918	0	0	0	0	0.050	0	0.400	0.672	0.796
EXOC2	NCSTN	9606.ENSP00000230449	9606.ENSP00000294785	0	0.086	0	0	0.151	0	0	0.347	0.449
EXOC2	SLC45A2	9606.ENSP00000230449	9606.ENSP00000296589	0	0	0	0	0	0	0	0.480	0.480
EXOC2	SEC61A1	9606.ENSP00000230449	9606.ENSP00000243253	0	0	0	0	0.049	0.079	0	0.539	0.561
EXOC2	STING1	9606.ENSP00000230449	9606.ENSP00000498596	0	0	0	0	0	0	0	0.619	0.619
EXOC2	VPS53	9606.ENSP00000230449	9606.ENSP00000401435	0	0	0	0	0.141	0.230	0	0.552	0.678
EXOC2	TBK1	9606.ENSP00000230449	9606.ENSP00000329967	0	0	0	0	0.126	0.624	0.900	0.901	0.996
EXOC2	EXOC7	9606.ENSP00000230449	9606.ENSP00000334100	0	0	0	0	0.242	0.989	0.800	0.998	0.999
EXOC2	EXOC8	9606.ENSP00000230449	9606.ENSP00000355605	0	0	0	0	0.100	0.993	0.900	0.998	0.999
EXOC7	TBK1	9606.ENSP00000334100	9606.ENSP00000329967	0	0	0	0	0.047	0.510	0	0.146	0.566
EXOC7	VPS16	9606.ENSP00000334100	9606.ENSP00000369810	0	0	0	0	0.224	0	0	0.323	0.453
EXOC7	TRAPPC9	9606.ENSP00000334100	9606.ENSP00000373979	0	0	0	0	0.126	0.113	0	0.362	0.463
EXOC7	PIP5K1C	9606.ENSP00000334100	9606.ENSP00000466363	0	0	0	0	0.062	0	0	0.532	0.542
EXOC7	VPS53	9606.ENSP00000334100	9606.ENSP00000401435	0	0	0	0	0.205	0	0	0.579	0.651
EXOC7	NUP62	9606.ENSP00000334100	9606.ENSP00000471191	0	0	0	0	0.049	0.099	0	0.678	0.699
EXOC7	EXOC8	9606.ENSP00000334100	9606.ENSP00000355605	0	0	0	0	0.125	0.991	0.800	0.998	0.999
EXOC8	TBK1	9606.ENSP00000355605	9606.ENSP00000329967	0	0	0	0	0.063	0	0	0.573	0.583
EXOC8	GAPVD1	9606.ENSP00000355605	9606.ENSP00000377665	0	0	0	0	0.092	0.231	0	0.225	0.412
EXOC8	TRAPPC9	9606.ENSP00000355605	9606.ENSP00000373979	0	0	0	0	0.047	0.095	0	0.380	0.419
EXOC8	VPS53	9606.ENSP00000355605	9606.ENSP00000401435	0	0	0	0	0.047	0	0	0.537	0.540
EXOC8	PPP1R15B	9606.ENSP00000355605	9606.ENSP00000356156	0	0	0	0	0.763	0	0	0.081	0.772
EXOSC3	EXOSC5	9606.ENSP00000323046	9606.ENSP00000221233	0.115	0	0	0	0.397	0.999	0.900	0.999	0.999
EXOSC3	SETX	9606.ENSP00000323046	9606.ENSP00000224140	0	0	0	0	0.060	0	0	0.422	0.434
EXOSC3	NHP2	9606.ENSP00000323046	9606.ENSP00000274606	0	0	0	0	0.152	0.190	0	0.201	0.404
EXOSC3	TSEN2	9606.ENSP00000323046	9606.ENSP00000284995	0	0	0	0	0.131	0	0	0.555	0.597
EXOSC3	POLR1D	9606.ENSP00000323046	9606.ENSP00000302478	0	0	0	0	0.597	0	0	0	0.597
EXOSC3	INTS1	9606.ENSP00000323046	9606.ENSP00000385722	0	0	0	0	0.075	0	0	0.405	0.426
EXOSC3	TOE1	9606.ENSP00000323046	9606.ENSP00000361162	0	0	0	0	0.076	0	0	0.491	0.509
EXOSC3	RARS2	9606.ENSP00000323046	9606.ENSP00000358549	0	0	0	0	0.112	0	0	0.531	0.566
EXOSC3	TSEN34	9606.ENSP00000323046	9606.ENSP00000397402	0	0	0	0	0.076	0	0	0.579	0.594
EXOSC3	LAS1L	9606.ENSP00000323046	9606.ENSP00000363944	0	0	0	0	0.130	0	0.360	0.432	0.656
EXOSC3	TSEN54	9606.ENSP00000323046	9606.ENSP00000327487	0	0	0	0	0.049	0	0	0.672	0.674
EXOSC3	WDR36	9606.ENSP00000323046	9606.ENSP00000423067	0	0	0	0	0.226	0.507	0.400	0	0.751
EXOSC3	PNPT1	9606.ENSP00000323046	9606.ENSP00000400646	0	0	0	0	0.194	0	0.900	0.371	0.944
EXOSC3	ZCCHC8	9606.ENSP00000323046	9606.ENSP00000438993	0	0	0	0	0.128	0.835	0	0.643	0.944
EXOSC5	FOCAD	9606.ENSP00000221233	9606.ENSP00000369599	0	0	0	0	0.049	0.138	0	0.328	0.401
EXOSC5	METTL27	9606.ENSP00000221233	9606.ENSP00000297873	0	0	0	0	0.410	0	0	0	0.410
EXOSC5	LAS1L	9606.ENSP00000221233	9606.ENSP00000363944	0	0	0	0	0.162	0	0.360	0.046	0.443
EXOSC5	FCHO1	9606.ENSP00000221233	9606.ENSP00000473001	0	0	0	0	0.087	0.421	0	0	0.448
EXOSC5	MRPS7	9606.ENSP00000221233	9606.ENSP00000245539	0	0	0	0	0.164	0.305	0	0.141	0.457
EXOSC5	GIGYF2	9606.ENSP00000221233	9606.ENSP00000387170	0	0	0	0	0.058	0.469	0	0	0.478
EXOSC5	NHP2	9606.ENSP00000221233	9606.ENSP00000274606	0	0	0	0	0.589	0.129	0	0.127	0.660
EXOSC5	WDR36	9606.ENSP00000221233	9606.ENSP00000423067	0	0	0	0	0.176	0.507	0.400	0	0.735
EXOSC5	ZCCHC8	9606.ENSP00000221233	9606.ENSP00000438993	0	0	0	0	0.047	0.712	0	0.523	0.857
EXOSC5	PNPT1	9606.ENSP00000221233	9606.ENSP00000400646	0	0	0	0	0.111	0	0.942	0.517	0.973
EYS	PRPF6	9606.ENSP00000359655	9606.ENSP00000266079	0	0	0	0	0	0	0	0.434	0.434
EYS	ZNF408	9606.ENSP00000359655	9606.ENSP00000309606	0	0	0	0	0.067	0.095	0	0.445	0.490
EYS	SNRNP200	9606.ENSP00000359655	9606.ENSP00000317123	0	0	0	0	0	0.047	0	0.727	0.729
EYS	PRPF31	9606.ENSP00000359655	9606.ENSP00000324122	0	0	0	0	0	0.041	0	0.841	0.841
EYS	PCARE	9606.ENSP00000359655	9606.ENSP00000332809	0	0	0	0	0	0	0	0.841	0.841
EYS	FSCN2	9606.ENSP00000359655	9606.ENSP00000334665	0	0	0	0	0	0	0	0.740	0.740
EYS	SEMA4A	9606.ENSP00000359655	9606.ENSP00000357265	0	0	0	0	0	0	0	0.666	0.666
EYS	LCA5	9606.ENSP00000359655	9606.ENSP00000376686	0	0	0	0	0.042	0	0	0.513	0.514
EYS	RPGRIP1	9606.ENSP00000359655	9606.ENSP00000382895	0	0	0	0	0	0.045	0	0.550	0.552
EYS	SPATA7	9606.ENSP00000359655	9606.ENSP00000377176	0	0	0	0	0.049	0	0	0.657	0.659
EYS	TTC8	9606.ENSP00000359655	9606.ENSP00000482306	0	0	0	0	0	0.099	0	0.665	0.685
EYS	PRCD	9606.ENSP00000359655	9606.ENSP00000467661	0	0	0	0	0	0	0	0.800	0.800
FA2H	SPG21	9606.ENSP00000219368	9606.ENSP00000204566	0	0	0	0	0	0	0	0.616	0.616
FA2H	GTPBP2	9606.ENSP00000219368	9606.ENSP00000303997	0	0	0	0	0	0	0	0.422	0.422
FA2H	REEP2	9606.ENSP00000219368	9606.ENSP00000367590	0	0	0	0	0	0	0	0.440	0.440
FA2H	RFWD3	9606.ENSP00000219368	9606.ENSP00000354361	0	0.155	0	0	0.053	0	0	0.368	0.450
FA2H	ZFYVE26	9606.ENSP00000219368	9606.ENSP00000251119	0	0	0	0	0	0	0	0.549	0.549
FA2H	SPG11	9606.ENSP00000219368	9606.ENSP00000261866	0	0	0	0	0	0	0	0.650	0.650
FAM111A	TMEM70	9606.ENSP00000434435	9606.ENSP00000312599	0	0	0	0	0.060	0	0	0.423	0.434
FAM111A	MESP2	9606.ENSP00000434435	9606.ENSP00000342392	0	0	0	0	0	0	0	0.404	0.404
FAM111A	TCTN1	9606.ENSP00000434435	9606.ENSP00000380779	0	0	0	0	0.053	0	0	0.412	0.419
FAM111B	SCLT1	9606.ENSP00000341565	9606.ENSP00000281142	0	0	0	0	0.042	0	0	0.453	0.454
FAM111B	PRRT2	9606.ENSP00000341565	9606.ENSP00000456226	0	0	0	0	0	0	0	0.404	0.404
FAM126A	SHPK	9606.ENSP00000403396	9606.ENSP00000225519	0	0	0	0	0	0.621	0	0	0.621
FAM126A	SYT2	9606.ENSP00000403396	9606.ENSP00000356237	0	0	0	0	0	0	0	0.436	0.436
FAM126A	TTC7A	9606.ENSP00000403396	9606.ENSP00000378320	0	0	0	0	0.049	0	0	0.879	0.880
FAM20C	PKDCC	9606.ENSP00000322323	9606.ENSP00000294964	0	0	0	0	0.080	0.094	0	0.676	0.707
FAM20C	PCSK9	9606.ENSP00000322323	9606.ENSP00000303208	0	0	0	0	0.050	0.510	0.500	0.230	0.796
FAM20C	SLC34A3	9606.ENSP00000322323	9606.ENSP00000442397	0	0	0	0	0.048	0.071	0	0.481	0.501
FAM20C	PNPLA2	9606.ENSP00000322323	9606.ENSP00000337701	0	0	0	0	0.072	0	0.500	0.043	0.517
FAM20C	VWA1	9606.ENSP00000322323	9606.ENSP00000417185	0	0	0	0	0.081	0.048	0.500	0.042	0.524
FAM83H	ROGDI	9606.ENSP00000373565	9606.ENSP00000322832	0	0	0	0	0.044	0	0	0.447	0.448
FAM83H	WDR81	9606.ENSP00000373565	9606.ENSP00000386609	0	0	0	0	0.059	0	0	0.397	0.409
FAM83H	UNC45A	9606.ENSP00000373565	9606.ENSP00000407487	0	0	0	0	0.054	0.360	0	0.485	0.660
FAM83H	WDR72	9606.ENSP00000373565	9606.ENSP00000379619	0	0	0	0	0.049	0	0	0.828	0.829
FAM92A	PRDM16	9606.ENSP00000429367	9606.ENSP00000270722	0	0	0	0	0.042	0.049	0	0.415	0.420
FAM92A	TXNDC15	9606.ENSP00000429367	9606.ENSP00000351157	0	0	0	0	0	0	0	0.502	0.502
FANCI	GMNN	9606.ENSP00000310842	9606.ENSP00000230056	0	0	0	0	0.461	0	0	0.103	0.495
FANCI	NCAPH	9606.ENSP00000310842	9606.ENSP00000240423	0	0	0	0	0.471	0	0	0.269	0.597
FANCI	PALB2	9606.ENSP00000310842	9606.ENSP00000261584	0	0	0	0	0.153	0	0.540	0.972	0.988
FANCI	FANCM	9606.ENSP00000310842	9606.ENSP00000267430	0	0	0	0	0.188	0.292	0.900	0.983	0.998
FANCI	SLX4	9606.ENSP00000310842	9606.ENSP00000294008	0	0	0	0	0.072	0	0.500	0.935	0.967
FANCI	WDR48	9606.ENSP00000310842	9606.ENSP00000307491	0	0	0	0	0.042	0.948	0.400	0.958	0.998
FANCI	TWNK	9606.ENSP00000310842	9606.ENSP00000309595	0	0	0	0	0.067	0	0	0.394	0.411
FANCI	WNK1	9606.ENSP00000310842	9606.ENSP00000341292	0	0	0	0	0.042	0	0	0.403	0.403
FANCI	SMARCAL1	9606.ENSP00000310842	9606.ENSP00000349823	0	0	0	0	0.092	0	0	0.384	0.416
FANCI	KNL1	9606.ENSP00000310842	9606.ENSP00000335463	0	0	0	0	0.303	0.071	0	0.174	0.419
FANCI	RNF168	9606.ENSP00000310842	9606.ENSP00000320898	0	0	0	0	0.056	0	0	0.419	0.428
FANCI	NCAPD3	9606.ENSP00000310842	9606.ENSP00000433681	0	0	0	0	0.335	0	0	0.237	0.471
FANCI	RTEL1	9606.ENSP00000310842	9606.ENSP00000353332	0	0	0	0	0.101	0	0	0.438	0.473
FANCI	RAD54B	9606.ENSP00000310842	9606.ENSP00000336606	0	0	0	0	0.187	0	0	0.402	0.493
FANCI	WWOX	9606.ENSP00000310842	9606.ENSP00000457230	0	0	0	0	0.048	0	0	0.492	0.495
FANCI	PHF21A	9606.ENSP00000310842	9606.ENSP00000398824	0	0	0	0	0.060	0	0.540	0	0.549
FANCI	KDM1A	9606.ENSP00000310842	9606.ENSP00000383042	0	0	0	0	0.074	0	0.540	0	0.555
FANCI	KIF4A	9606.ENSP00000310842	9606.ENSP00000363524	0	0	0	0	0.476	0	0	0.201	0.564
FANCI	GTF2H5	9606.ENSP00000310842	9606.ENSP00000476100	0	0	0	0	0.056	0	0.500	0.188	0.583
FANCI	NHEJ1	9606.ENSP00000310842	9606.ENSP00000349313	0	0	0	0	0.067	0	0.540	0.269	0.658
FANCI	KIF15	9606.ENSP00000310842	9606.ENSP00000324020	0	0	0	0	0.549	0	0	0.287	0.664
FANCI	MLH3	9606.ENSP00000310842	9606.ENSP00000348020	0	0	0	0	0	0	0.540	0.305	0.667
FANCI	RACGAP1	9606.ENSP00000310842	9606.ENSP00000404190	0	0	0	0	0.488	0	0	0.480	0.722
FANCI	RFWD3	9606.ENSP00000310842	9606.ENSP00000354361	0	0	0	0	0.400	0	0	0.641	0.775
FANCI	NCAPG2	9606.ENSP00000310842	9606.ENSP00000387007	0	0	0	0	0.787	0	0	0.169	0.816
FANCI	UBE2T	9606.ENSP00000310842	9606.ENSP00000494957	0	0	0	0	0.346	0.800	0.900	0.846	0.997
FANCI	FANCL	9606.ENSP00000310842	9606.ENSP00000385021	0	0	0	0	0.110	0.967	0.900	0.987	0.999
FANCL	PALB2	9606.ENSP00000385021	9606.ENSP00000261584	0	0	0	0	0.082	0	0	0.878	0.883
FANCL	FANCM	9606.ENSP00000385021	9606.ENSP00000267430	0	0	0	0	0.085	0.994	0.900	0.999	0.999
FANCL	SLX4	9606.ENSP00000385021	9606.ENSP00000294008	0	0	0	0	0	0	0.500	0.808	0.900
FANCL	WDR48	9606.ENSP00000385021	9606.ENSP00000307491	0	0	0	0	0	0	0.900	0.594	0.957
FANCL	GGN	9606.ENSP00000385021	9606.ENSP00000334940	0	0	0	0	0	0.154	0	0.831	0.850
FANCL	RFWD3	9606.ENSP00000385021	9606.ENSP00000354361	0	0	0	0	0.049	0	0	0.599	0.602
FANCL	UBE2T	9606.ENSP00000385021	9606.ENSP00000494957	0	0	0	0	0.138	0.988	0.800	0.999	0.999
FANCM	SETX	9606.ENSP00000267430	9606.ENSP00000224140	0	0	0	0	0.074	0.071	0	0.546	0.575
FANCM	STN1	9606.ENSP00000267430	9606.ENSP00000224950	0	0	0	0	0.061	0.091	0	0.377	0.422
FANCM	SBDS	9606.ENSP00000267430	9606.ENSP00000246868	0.115	0	0	0	0	0	0	0.367	0.416
FANCM	RINT1	9606.ENSP00000267430	9606.ENSP00000257700	0	0	0	0	0.109	0	0	0.476	0.513
FANCM	PALB2	9606.ENSP00000267430	9606.ENSP00000261584	0	0	0	0	0.138	0	0	0.933	0.940
FANCM	FBXW11	9606.ENSP00000267430	9606.ENSP00000265094	0	0	0	0	0	0.421	0	0.097	0.454
FANCM	PHF21A	9606.ENSP00000267430	9606.ENSP00000398824	0	0	0	0	0	0.333	0	0.166	0.419
FANCM	PSMC3IP	9606.ENSP00000267430	9606.ENSP00000377384	0	0	0	0	0.093	0	0	0.433	0.464
FANCM	SHOC1	9606.ENSP00000267430	9606.ENSP00000363405	0	0	0	0	0.047	0	0	0.506	0.509
FANCM	PIGW	9606.ENSP00000267430	9606.ENSP00000482202	0	0	0	0	0.074	0.442	0	0.132	0.512
FANCM	MED25	9606.ENSP00000267430	9606.ENSP00000326767	0	0	0	0	0	0.528	0	0.050	0.532
FANCM	RTL1	9606.ENSP00000267430	9606.ENSP00000497482	0	0	0	0	0	0.528	0	0.050	0.532
FANCM	G6PC3	9606.ENSP00000267430	9606.ENSP00000269097	0	0	0	0	0	0.528	0	0.050	0.532
FANCM	SETD5	9606.ENSP00000267430	9606.ENSP00000385852	0	0	0	0	0	0.528	0	0.050	0.532
FANCM	RNASEH1	9606.ENSP00000267430	9606.ENSP00000313350	0	0	0	0	0.049	0.095	0	0.504	0.535
FANCM	IFIH1	9606.ENSP00000267430	9606.ENSP00000497271	0	0	0	0.551	0	0.287	0	0.470	0.606
FANCM	KIZ	9606.ENSP00000267430	9606.ENSP00000479542	0	0	0	0	0.049	0.614	0	0.071	0.630
FANCM	MLH3	9606.ENSP00000267430	9606.ENSP00000348020	0	0	0	0	0.062	0.092	0	0.626	0.654
FANCM	RFWD3	9606.ENSP00000267430	9606.ENSP00000354361	0	0	0	0	0.084	0	0	0.650	0.666
FANCM	HFM1	9606.ENSP00000267430	9606.ENSP00000359454	0.042	0	0	0	0.105	0	0	0.663	0.686
FANCM	NSMCE2	9606.ENSP00000267430	9606.ENSP00000287437	0	0	0	0	0.074	0.425	0	0.518	0.721
FANCM	RTEL1	9606.ENSP00000267430	9606.ENSP00000353332	0	0	0	0	0.133	0.091	0	0.716	0.757
FANCM	WDR48	9606.ENSP00000267430	9606.ENSP00000307491	0	0	0	0	0.049	0	0.400	0.617	0.762
FANCM	KNL1	9606.ENSP00000267430	9606.ENSP00000335463	0	0	0	0	0.181	0.596	0	0.345	0.764
FANCM	RAD54B	9606.ENSP00000267430	9606.ENSP00000336606	0	0	0	0	0.257	0.333	0	0.607	0.788
FANCM	SMARCAL1	9606.ENSP00000267430	9606.ENSP00000349823	0	0	0	0	0.049	0.333	0	0.716	0.804
FANCM	KREMEN1	9606.ENSP00000267430	9606.ENSP00000331242	0	0	0	0	0.058	0.849	0	0.221	0.879
FANCM	SMC5	9606.ENSP00000267430	9606.ENSP00000354957	0	0	0	0	0.171	0.470	0	0.777	0.893
FANCM	SLX4	9606.ENSP00000267430	9606.ENSP00000294008	0	0	0	0	0.109	0.255	0.500	0.835	0.938
FANCM	UBE2T	9606.ENSP00000267430	9606.ENSP00000494957	0	0	0	0	0.080	0.121	0.800	0.843	0.971
FAT4	KMT2C	9606.ENSP00000377862	9606.ENSP00000262189	0	0	0	0	0.055	0	0	0.530	0.536
FAT4	INVS	9606.ENSP00000377862	9606.ENSP00000262457	0	0	0	0	0.060	0.046	0	0.423	0.438
FAT4	PRICKLE1	9606.ENSP00000377862	9606.ENSP00000345064	0	0	0	0	0.086	0.094	0	0.387	0.448
FAT4	SYNE1	9606.ENSP00000377862	9606.ENSP00000356224	0	0	0	0	0.107	0.045	0	0.587	0.617
FAT4	VANGL2	9606.ENSP00000377862	9606.ENSP00000357040	0	0	0	0	0.042	0.065	0	0.864	0.867
FAT4	MUC5B	9606.ENSP00000377862	9606.ENSP00000436812	0	0	0	0	0	0.042	0	0.438	0.439
FAT4	OBSCN	9606.ENSP00000377862	9606.ENSP00000455507	0	0	0	0	0	0	0	0.507	0.507
FBXL4	NALCN	9606.ENSP00000358247	9606.ENSP00000251127	0	0	0	0	0	0	0	0.442	0.442
FBXL4	RRM2B	9606.ENSP00000358247	9606.ENSP00000251810	0	0	0	0	0.069	0	0	0.561	0.575
FBXL4	TWNK	9606.ENSP00000358247	9606.ENSP00000309595	0	0	0	0	0	0	0	0.584	0.584
FBXL4	RNASEH1	9606.ENSP00000358247	9606.ENSP00000313350	0	0	0	0	0	0.129	0	0.453	0.503
FBXL4	PIGN	9606.ENSP00000358247	9606.ENSP00000492233	0	0	0	0	0.442	0.045	0	0.053	0.451
FBXL4	SERAC1	9606.ENSP00000358247	9606.ENSP00000496731	0	0	0	0	0.067	0.067	0	0.422	0.453
FBXL4	MGME1	9606.ENSP00000358247	9606.ENSP00000366939	0	0	0	0	0.049	0	0	0.635	0.638
FBXO11	UBR7	9606.ENSP00000384823	9606.ENSP00000013070	0	0	0	0	0.048	0	0	0.528	0.532
FBXO11	UBR1	9606.ENSP00000384823	9606.ENSP00000290650	0	0	0	0	0.185	0	0	0.357	0.454
FBXO11	PRMT7	9606.ENSP00000384823	9606.ENSP00000343103	0	0	0	0	0	0	0	0.431	0.431
FBXO11	IRF2BP2	9606.ENSP00000384823	9606.ENSP00000355568	0	0	0	0	0.118	0	0	0.361	0.413
FBXO11	FBXO28	9606.ENSP00000384823	9606.ENSP00000355827	0	0	0	0	0.113	0	0	0.440	0.483
FBXO11	MYLK2	9606.ENSP00000384823	9606.ENSP00000365162	0	0	0	0	0	0.459	0	0.054	0.466
FBXO11	FBXW7	9606.ENSP00000384823	9606.ENSP00000474725	0	0	0	0	0.096	0	0	0.410	0.444
FBXO28	WDR26	9606.ENSP00000355827	9606.ENSP00000498603	0	0	0	0	0.097	0	0	0.479	0.509
FBXO31	USP53	9606.ENSP00000310841	9606.ENSP00000409906	0	0	0	0	0.049	0.292	0	0.184	0.402
FBXO31	FZR1	9606.ENSP00000310841	9606.ENSP00000378529	0	0	0	0	0.259	0.292	0	0.082	0.476
FBXW11	LPIN1	9606.ENSP00000265094	9606.ENSP00000397908	0	0	0	0	0.044	0.422	0	0.094	0.456
FBXW11	PPP1R15B	9606.ENSP00000265094	9606.ENSP00000356156	0	0	0	0	0.049	0.461	0	0.081	0.487
FBXW11	NUAK2	9606.ENSP00000265094	9606.ENSP00000499251	0	0	0	0	0	0.487	0	0	0.487
FBXW11	RIPK4	9606.ENSP00000265094	9606.ENSP00000332454	0	0	0	0	0	0.456	0	0.117	0.499
FBXW11	FBXW7	9606.ENSP00000265094	9606.ENSP00000474725	0	0	0.088	0.762	0.086	0	0.900	0.140	0.918
FBXW7	TAOK1	9606.ENSP00000474725	9606.ENSP00000261716	0	0	0	0	0.084	0.292	0	0.177	0.420
FBXW7	KMT2C	9606.ENSP00000474725	9606.ENSP00000262189	0	0	0	0	0.147	0	0	0.478	0.535
FBXW7	MED13L	9606.ENSP00000474725	9606.ENSP00000281928	0	0	0	0	0.067	0.675	0	0.312	0.773
FBXW7	KAT6B	9606.ENSP00000474725	9606.ENSP00000287239	0	0	0	0	0.062	0	0	0.437	0.449
FBXW7	WRAP53	9606.ENSP00000474725	9606.ENSP00000324203	0	0	0	0	0	0	0.400	0.121	0.450
FBXW7	PHF6	9606.ENSP00000474725	9606.ENSP00000329097	0	0	0	0	0.049	0.292	0	0.580	0.693
FBXW7	SF3B1	9606.ENSP00000474725	9606.ENSP00000335321	0	0	0	0	0.056	0.292	0	0.184	0.406
FBXW7	HEY2	9606.ENSP00000474725	9606.ENSP00000357348	0	0	0	0	0.068	0.053	0	0.467	0.489
FBXW7	RBMX	9606.ENSP00000474725	9606.ENSP00000359645	0	0	0	0	0	0.467	0	0.063	0.480
FBXW7	VPS16	9606.ENSP00000474725	9606.ENSP00000369810	0	0	0	0	0	0.464	0	0	0.463
FBXW7	SIN3A	9606.ENSP00000474725	9606.ENSP00000378402	0	0	0	0	0.067	0.292	0	0.196	0.422
FBXW7	KDM1A	9606.ENSP00000474725	9606.ENSP00000383042	0	0	0	0	0	0.292	0	0.264	0.456
FBXW7	PBRM1	9606.ENSP00000474725	9606.ENSP00000386593	0	0	0	0	0.108	0	0	0.370	0.414
FBXW7	SETD2	9606.ENSP00000474725	9606.ENSP00000386759	0	0	0	0	0.138	0.042	0	0.412	0.472
FBXW7	TET2	9606.ENSP00000474725	9606.ENSP00000442788	0	0	0	0	0.087	0	0	0.400	0.428
FBXW7	RNF43	9606.ENSP00000474725	9606.ENSP00000463069	0	0	0	0	0	0.046	0	0.446	0.448
FBXW7	ITCH	9606.ENSP00000474725	9606.ENSP00000499786	0	0	0	0	0.048	0	0	0.399	0.403
FBXW7	PHGDH	9606.ENSP00000474725	9606.ENSP00000493382	0	0	0	0	0	0.292	0	0.237	0.437
FCHO1	SRGAP1	9606.ENSP00000473001	9606.ENSP00000347198	0	0	0	0	0.049	0.062	0	0.428	0.445
FCHO1	LDLRAP1	9606.ENSP00000473001	9606.ENSP00000363458	0	0	0	0	0.053	0	0.500	0.231	0.604
FCSK	VAC14	9606.ENSP00000288078	9606.ENSP00000261776	0	0	0	0	0.067	0	0	0.412	0.428
FCSK	HSD3B7	9606.ENSP00000288078	9606.ENSP00000297679	0.091	0	0	0	0.299	0	0	0.157	0.416
FCSK	NSDHL	9606.ENSP00000288078	9606.ENSP00000359297	0.091	0	0	0	0.302	0	0	0.157	0.419
FCSK	POFUT1	9606.ENSP00000288078	9606.ENSP00000364902	0	0	0	0	0.054	0	0	0.449	0.457
FCSK	GMPPB	9606.ENSP00000288078	9606.ENSP00000309092	0.111	0	0	0	0.204	0	0	0.338	0.491
FCSK	SLC35C1	9606.ENSP00000288078	9606.ENSP00000313318	0	0	0	0	0.049	0	0	0.622	0.625
FCSK	REC114	9606.ENSP00000288078	9606.ENSP00000328423	0.120	0	0	0	0.596	0	0	0.297	0.728
FCSK	HKDC1	9606.ENSP00000288078	9606.ENSP00000346643	0	0	0	0	0.043	0	0.800	0.058	0.804
FERMT1	WNT3A	9606.ENSP00000217289	9606.ENSP00000284523	0	0	0	0	0	0	0	0.418	0.418
FERMT1	FERMT3	9606.ENSP00000217289	9606.ENSP00000279227	0	0	0.063	0.953	0	0.784	0	0.130	0.808
FERMT3	SASH3	9606.ENSP00000279227	9606.ENSP00000349359	0	0	0	0	0.415	0	0	0.171	0.495
FERMT3	ORAI1	9606.ENSP00000279227	9606.ENSP00000482568	0	0	0	0	0.117	0	0	0.502	0.541
FEZF1	PROKR2	9606.ENSP00000411145	9606.ENSP00000217270	0	0	0	0	0	0	0	0.598	0.598
FEZF1	PROK2	9606.ENSP00000411145	9606.ENSP00000295619	0	0	0	0	0	0	0	0.547	0.547
FEZF1	FLRT3	9606.ENSP00000411145	9606.ENSP00000339912	0	0	0	0	0	0.091	0	0.476	0.503
FEZF1	SPRY4	9606.ENSP00000411145	9606.ENSP00000344967	0	0	0	0	0	0	0	0.447	0.447
FGF20	WNT4	9606.ENSP00000180166	9606.ENSP00000290167	0	0	0	0	0.046	0.050	0	0.420	0.428
FGF20	RSPO1	9606.ENSP00000180166	9606.ENSP00000348944	0	0	0	0	0.071	0	0	0.418	0.437
FGF20	FLRT1	9606.ENSP00000180166	9606.ENSP00000246841	0	0	0	0	0	0	0.500	0.119	0.540
FGF20	WNT3A	9606.ENSP00000180166	9606.ENSP00000284523	0	0	0	0	0.060	0.050	0	0.537	0.550
FGF20	FLRT3	9606.ENSP00000180166	9606.ENSP00000339912	0	0	0	0	0.044	0	0.500	0.193	0.580
FGF20	FGFRL1	9606.ENSP00000180166	9606.ENSP00000381498	0	0	0	0	0	0.399	0	0.632	0.769
FGFRL1	SPRED2	9606.ENSP00000381498	9606.ENSP00000348753	0	0	0	0	0.067	0.045	0.700	0.069	0.718
FGFRL1	SLC35B2	9606.ENSP00000381498	9606.ENSP00000377401	0	0	0	0	0.067	0	0	0.425	0.441
FIP1L1	NUP107	9606.ENSP00000336752	9606.ENSP00000229179	0	0	0	0	0.102	0	0.400	0	0.438
FIP1L1	NUP85	9606.ENSP00000336752	9606.ENSP00000245544	0	0	0	0	0.074	0	0.400	0	0.420
FIP1L1	NUP133	9606.ENSP00000336752	9606.ENSP00000261396	0	0	0	0	0.133	0	0.400	0	0.457
FIP1L1	NUP54	9606.ENSP00000336752	9606.ENSP00000264883	0	0	0	0	0.127	0	0.400	0	0.453
FIP1L1	NUP205	9606.ENSP00000336752	9606.ENSP00000285968	0	0	0	0	0.067	0	0.400	0	0.416
FIP1L1	WDR48	9606.ENSP00000336752	9606.ENSP00000307491	0	0	0	0	0.189	0	0.500	0.052	0.582
FIP1L1	NUP188	9606.ENSP00000336752	9606.ENSP00000361658	0	0	0	0	0.060	0	0.400	0	0.411
FIP1L1	NUP62	9606.ENSP00000336752	9606.ENSP00000471191	0	0	0	0	0.119	0	0.400	0	0.449
FIP1L1	NUP160	9606.ENSP00000336752	9606.ENSP00000367721	0	0	0	0	0.136	0	0.400	0	0.459
FIP1L1	NUP37	9606.ENSP00000336752	9606.ENSP00000448054	0	0	0	0	0.085	0.099	0.400	0	0.462
FIP1L1	TBL1XR1	9606.ENSP00000336752	9606.ENSP00000405574	0	0	0	0	0.056	0.190	0	0.405	0.505
FIP1L1	INTS1	9606.ENSP00000336752	9606.ENSP00000385722	0	0	0	0	0.057	0	0	0.569	0.576
FITM2	PNPLA2	9606.ENSP00000380037	9606.ENSP00000337701	0	0	0	0	0.086	0	0	0.397	0.425
FITM2	GLIS3	9606.ENSP00000380037	9606.ENSP00000371398	0	0	0	0	0	0.045	0	0.418	0.420
FITM2	LPIN1	9606.ENSP00000380037	9606.ENSP00000397908	0	0	0	0	0.049	0	0	0.427	0.432
FKBP10	P3H1	9606.ENSP00000317232	9606.ENSP00000236040	0	0	0	0	0.182	0.141	0	0.825	0.866
FKBP10	MESD	9606.ENSP00000317232	9606.ENSP00000261758	0	0	0	0	0.067	0	0	0.456	0.471
FKBP10	MOV10L1	9606.ENSP00000317232	9606.ENSP00000262794	0	0	0	0	0.048	0.062	0	0.497	0.512
FKBP10	TBL2	9606.ENSP00000317232	9606.ENSP00000307260	0.042	0	0	0	0.082	0.063	0	0.758	0.774
FKBP10	P3H2	9606.ENSP00000317232	9606.ENSP00000316881	0	0	0	0	0.120	0	0	0.347	0.401
FKBP10	GTF2IRD2	9606.ENSP00000317232	9606.ENSP00000406723	0	0	0	0	0	0.070	0	0.482	0.497
FKBP10	MLXIPL	9606.ENSP00000317232	9606.ENSP00000320886	0	0	0	0	0.055	0	0	0.567	0.573
FLAD1	KDM6B	9606.ENSP00000292180	9606.ENSP00000254846	0.054	0	0	0	0.056	0.311	0.114	0.239	0.510
FLAD1	TRMT5	9606.ENSP00000292180	9606.ENSP00000261249	0	0.377	0	0	0.049	0	0	0.451	0.647
FLAD1	FOXD3	9606.ENSP00000292180	9606.ENSP00000360157	0	0	0	0	0	0.422	0	0	0.422
FLAD1	SLC52A3	9606.ENSP00000292180	9606.ENSP00000494009	0	0	0	0	0	0	0	0.668	0.668
FLAD1	SLC52A2	9606.ENSP00000292180	9606.ENSP00000496184	0	0	0	0	0.101	0	0	0.656	0.678
FLAD1	SLC52A1	9606.ENSP00000292180	9606.ENSP00000399979	0	0	0	0	0	0	0	0.755	0.755
FLAD1	SLC25A32	9606.ENSP00000292180	9606.ENSP00000297578	0	0	0	0	0	0.094	0	0.761	0.774
FLCN	TMEM127	9606.ENSP00000285071	9606.ENSP00000258439	0	0	0	0	0.128	0	0	0.419	0.471
FLCN	PBRM1	9606.ENSP00000285071	9606.ENSP00000386593	0	0	0	0	0.044	0	0	0.400	0.401
FLCN	SZT2	9606.ENSP00000285071	9606.ENSP00000457168	0	0	0	0	0.060	0	0	0.427	0.438
FLCN	LARS2	9606.ENSP00000285071	9606.ENSP00000498867	0	0	0	0	0	0	0	0.660	0.660
FLCN	LARS1	9606.ENSP00000285071	9606.ENSP00000377954	0	0	0	0	0	0	0	0.697	0.697
FLCN	LAMTOR2	9606.ENSP00000285071	9606.ENSP00000357288	0	0	0	0	0	0.800	0.400	0.496	0.934
FLCN	RRAGD	9606.ENSP00000285071	9606.ENSP00000358423	0	0	0	0	0.049	0.330	0.900	0.776	0.983
FLCN	FNIP1	9606.ENSP00000285071	9606.ENSP00000421985	0	0	0	0	0.092	0.746	0.900	0.999	0.999
FLG2	SERPINA12	9606.ENSP00000373370	9606.ENSP00000342109	0	0	0	0	0.711	0	0	0.385	0.814
FLG2	OCLN	9606.ENSP00000373370	9606.ENSP00000347379	0	0	0	0	0	0.099	0	0.391	0.427
FLG2	PADI3	9606.ENSP00000373370	9606.ENSP00000364609	0	0	0	0	0	0	0	0.846	0.846
FLG2	PADI6	9606.ENSP00000373370	9606.ENSP00000483125	0	0	0	0	0	0	0	0.403	0.403
FLRT3	PROKR2	9606.ENSP00000339912	9606.ENSP00000217270	0	0	0	0	0	0	0	0.555	0.555
FLRT3	PROK2	9606.ENSP00000339912	9606.ENSP00000295619	0	0	0	0	0	0	0	0.447	0.447
FLRT3	SPRY4	9606.ENSP00000339912	9606.ENSP00000344967	0	0	0	0	0.063	0.048	0	0.561	0.574
FLVCR1	SLC40A1	9606.ENSP00000355938	9606.ENSP00000261024	0	0	0	0	0	0	0	0.571	0.571
FLVCR1	HJV	9606.ENSP00000355938	9606.ENSP00000337014	0	0	0	0	0	0	0	0.411	0.410
FLVCR1	SLC25A38	9606.ENSP00000355938	9606.ENSP00000497532	0	0	0	0	0	0	0	0.486	0.486
FLVCR1	HAMP	9606.ENSP00000355938	9606.ENSP00000471894	0	0	0	0	0	0	0	0.507	0.507
FLVCR1	STEAP3	9606.ENSP00000355938	9606.ENSP00000376822	0	0	0	0	0	0	0	0.616	0.616
FLVCR2	SLC40A1	9606.ENSP00000238667	9606.ENSP00000261024	0	0	0	0	0	0	0	0.518	0.518
FLVCR2	STEAP3	9606.ENSP00000238667	9606.ENSP00000376822	0	0	0	0	0.042	0	0	0.534	0.534
FNIP1	SIL1	9606.ENSP00000421985	9606.ENSP00000265195	0	0	0	0	0.567	0.161	0	0.159	0.667
FNIP1	PRKAG2	9606.ENSP00000421985	9606.ENSP00000287878	0	0	0	0	0.042	0	0	0.450	0.450
FNIP1	LAMTOR2	9606.ENSP00000421985	9606.ENSP00000357288	0	0	0	0	0	0	0.400	0.367	0.603
FNIP1	RRAGD	9606.ENSP00000421985	9606.ENSP00000358423	0	0	0	0	0.063	0	0.900	0.622	0.961
FNIP1	LARS1	9606.ENSP00000421985	9606.ENSP00000377954	0.046	0	0	0	0.070	0.091	0	0.443	0.491
FNIP1	LARS2	9606.ENSP00000421985	9606.ENSP00000498867	0.046	0	0	0	0.067	0.091	0	0.412	0.460
FOXD3	SALL4	9606.ENSP00000360157	9606.ENSP00000217086	0	0	0	0	0.072	0.067	0	0.598	0.622
FOXD3	GATA5	9606.ENSP00000360157	9606.ENSP00000252997	0	0	0	0	0	0.080	0	0.389	0.413
FOXD3	WNT4	9606.ENSP00000360157	9606.ENSP00000290167	0	0	0	0	0.057	0.046	0	0.472	0.485
FOXD3	SOX17	9606.ENSP00000360157	9606.ENSP00000297316	0	0	0	0	0.068	0.070	0	0.397	0.433
FOXD3	ZFAT	9606.ENSP00000360157	9606.ENSP00000367069	0	0	0	0	0	0.096	0	0.511	0.539
FOXD3	SLC45A1	9606.ENSP00000360157	9606.ENSP00000418096	0	0	0	0	0	0.610	0	0.129	0.645
FOXP1	SALL4	9606.ENSP00000484803	9606.ENSP00000217086	0	0	0	0	0	0	0.800	0.160	0.824
FOXP1	KMT2C	9606.ENSP00000484803	9606.ENSP00000262189	0	0	0	0	0.063	0	0	0.497	0.508
FOXP1	PHIP	9606.ENSP00000484803	9606.ENSP00000275034	0	0	0	0	0.049	0.421	0	0	0.425
FOXP1	MED13L	9606.ENSP00000484803	9606.ENSP00000281928	0	0	0	0	0.082	0	0	0.376	0.402
FOXP1	SHQ1	9606.ENSP00000484803	9606.ENSP00000315182	0	0	0	0	0	0	0	0.432	0.432
FOXP1	GSX2	9606.ENSP00000484803	9606.ENSP00000319118	0	0	0	0	0	0	0	0.412	0.412
FOXP1	KPNA7	9606.ENSP00000484803	9606.ENSP00000330878	0	0	0	0	0	0.065	0	0.654	0.662
FOXP1	GATAD2B	9606.ENSP00000484803	9606.ENSP00000357644	0	0	0	0	0.057	0.294	0	0.257	0.463
FOXP1	SRPX2	9606.ENSP00000484803	9606.ENSP00000362095	0	0	0	0	0	0	0	0.447	0.447
FOXP1	FOXP3	9606.ENSP00000484803	9606.ENSP00000365380	0	0	0	0.801	0	0.757	0	0.124	0.778
FOXP1	FOXP2	9606.ENSP00000484803	9606.ENSP00000386200	0	0	0.052	0.959	0.042	0.830	0	0.412	0.897
FOXP1	SATB2	9606.ENSP00000484803	9606.ENSP00000401112	0	0	0	0	0	0.292	0	0.633	0.729
FOXP2	GSX2	9606.ENSP00000386200	9606.ENSP00000319118	0	0	0	0	0	0	0	0.431	0.431
FOXP2	MCPH1	9606.ENSP00000386200	9606.ENSP00000342924	0	0	0	0	0	0	0	0.592	0.592
FOXP2	GATAD2B	9606.ENSP00000386200	9606.ENSP00000357644	0	0	0	0	0.043	0.294	0	0.488	0.624
FOXP2	SRPX2	9606.ENSP00000386200	9606.ENSP00000362095	0	0	0	0	0	0	0	0.511	0.511
FOXP2	FOXP3	9606.ENSP00000386200	9606.ENSP00000365380	0	0	0	0.814	0	0.823	0	0.152	0.843
FOXP2	HYDIN	9606.ENSP00000386200	9606.ENSP00000377197	0	0	0	0	0.056	0.043	0	0.470	0.479
FOXP2	SHANK3	9606.ENSP00000386200	9606.ENSP00000489407	0	0	0	0	0	0.050	0	0.397	0.402
FOXP2	SATB2	9606.ENSP00000386200	9606.ENSP00000401112	0	0	0	0	0.044	0	0	0.593	0.594
FOXP3	TBX21	9606.ENSP00000365380	9606.ENSP00000177694	0	0	0	0	0.085	0	0	0.931	0.934
FOXP3	NOD2	9606.ENSP00000365380	9606.ENSP00000300589	0	0	0	0	0.074	0	0	0.477	0.494
FOXP3	HAVCR2	9606.ENSP00000365380	9606.ENSP00000312002	0	0	0	0	0.091	0.047	0	0.774	0.787
FOXP3	TLR8	9606.ENSP00000365380	9606.ENSP00000312082	0	0	0	0	0.083	0	0	0.449	0.473
FOXP3	ICOS	9606.ENSP00000365380	9606.ENSP00000319476	0	0	0	0	0.161	0	0	0.864	0.881
FOXP3	IL17RA	9606.ENSP00000365380	9606.ENSP00000320936	0	0	0	0	0.069	0.095	0	0.479	0.522
FOXP3	IL23R	9606.ENSP00000365380	9606.ENSP00000321345	0	0	0	0	0.094	0	0	0.630	0.650
FOXP3	NLRP3	9606.ENSP00000365380	9606.ENSP00000337383	0	0	0	0	0.042	0	0	0.420	0.421
FOXP3	IL17F	9606.ENSP00000365380	9606.ENSP00000337432	0	0	0	0	0.107	0	0	0.788	0.803
FOXP3	IL21R	9606.ENSP00000365380	9606.ENSP00000338010	0	0	0	0	0.127	0	0	0.659	0.690
FOXP3	PTPN22	9606.ENSP00000365380	9606.ENSP00000352833	0	0	0	0	0	0.091	0	0.505	0.530
FOXP3	TET2	9606.ENSP00000365380	9606.ENSP00000442788	0	0	0	0	0	0.095	0	0.370	0.405
FOXP3	WWOX	9606.ENSP00000365380	9606.ENSP00000457230	0	0	0	0	0.102	0	0	0.458	0.492
FOXP3	IL21	9606.ENSP00000365380	9606.ENSP00000497915	0	0	0	0	0.140	0.095	0	0.517	0.592
FOXP3	TLR7	9606.ENSP00000365380	9606.ENSP00000370034	0	0	0	0	0.104	0	0	0.583	0.611
FSCN2	PRPF6	9606.ENSP00000334665	9606.ENSP00000266079	0	0	0	0	0	0	0	0.507	0.507
FSCN2	SNRNP200	9606.ENSP00000334665	9606.ENSP00000317123	0	0	0	0	0	0	0	0.710	0.710
FSCN2	PRPF31	9606.ENSP00000334665	9606.ENSP00000324122	0	0	0	0	0	0	0	0.838	0.838
FSCN2	PCARE	9606.ENSP00000334665	9606.ENSP00000332809	0	0	0	0	0	0	0	0.760	0.760
FSCN2	LCA5	9606.ENSP00000334665	9606.ENSP00000376686	0	0	0	0	0	0	0	0.400	0.400
FSCN2	USH1G	9606.ENSP00000334665	9606.ENSP00000480279	0	0	0	0	0	0.071	0	0.386	0.405
FSCN2	TUBB	9606.ENSP00000334665	9606.ENSP00000339001	0	0	0	0	0.055	0	0	0.426	0.434
FSCN2	RPGRIP1	9606.ENSP00000334665	9606.ENSP00000382895	0	0	0	0	0.046	0	0	0.475	0.478
FSCN2	MYO15A	9606.ENSP00000334665	9606.ENSP00000495481	0	0	0	0	0	0	0.500	0.201	0.583
FSCN2	SPATA7	9606.ENSP00000334665	9606.ENSP00000377176	0	0	0	0	0	0	0	0.621	0.621
FSCN2	WHRN	9606.ENSP00000334665	9606.ENSP00000354623	0	0	0	0	0	0	0.500	0.312	0.641
FSCN2	TTC8	9606.ENSP00000334665	9606.ENSP00000482306	0	0	0	0	0	0	0	0.666	0.666
FSCN2	SEMA4A	9606.ENSP00000334665	9606.ENSP00000357265	0	0	0	0	0.042	0	0	0.712	0.712
FSCN2	PRCD	9606.ENSP00000334665	9606.ENSP00000467661	0	0	0	0	0	0	0	0.749	0.749
FSCN2	TPRN	9606.ENSP00000334665	9606.ENSP00000387100	0	0	0	0	0.067	0	0.800	0.308	0.859
FTO	NSUN2	9606.ENSP00000418823	9606.ENSP00000264670	0	0	0	0	0.049	0	0	0.518	0.522
FTO	TRMT10A	9606.ENSP00000418823	9606.ENSP00000273962	0	0	0	0	0	0	0	0.565	0.565
FTO	JAZF1	9606.ENSP00000418823	9606.ENSP00000283928	0	0	0	0	0	0	0	0.581	0.581
FTO	SH2B1	9606.ENSP00000418823	9606.ENSP00000321221	0	0	0	0	0.050	0	0	0.867	0.868
FTO	GHRL	9606.ENSP00000418823	9606.ENSP00000335074	0	0	0	0	0	0	0	0.505	0.505
FTO	NT5C2	9606.ENSP00000418823	9606.ENSP00000339479	0	0	0	0	0.044	0	0	0.484	0.485
FTO	HFM1	9606.ENSP00000418823	9606.ENSP00000359454	0	0	0	0	0	0	0	0.639	0.639
FTO	RBMX	9606.ENSP00000418823	9606.ENSP00000359645	0	0	0	0	0.060	0	0	0.696	0.702
FTO	SLC30A8	9606.ENSP00000418823	9606.ENSP00000415011	0	0	0	0	0	0	0	0.814	0.814
FTO	PHGDH	9606.ENSP00000418823	9606.ENSP00000493382	0	0	0	0	0.042	0	0	0.416	0.417
FTO	SP6	9606.ENSP00000418823	9606.ENSP00000438209	0	0	0	0	0	0	0	0.419	0.418
FTO	RPGRIP1L	9606.ENSP00000418823	9606.ENSP00000493946	0	0	0	0	0.111	0	0	0.795	0.810
FTSJ1	TRMT5	9606.ENSP00000326948	9606.ENSP00000261249	0	0	0	0	0.128	0	0	0.733	0.757
FTSJ1	NSUN2	9606.ENSP00000326948	9606.ENSP00000264670	0.061	0	0	0	0.228	0.305	0	0.760	0.863
FTSJ1	TRMT10A	9606.ENSP00000326948	9606.ENSP00000273962	0	0	0	0	0.141	0	0	0.708	0.738
FTSJ1	NHP2	9606.ENSP00000326948	9606.ENSP00000274606	0	0	0	0	0.270	0.304	0	0.288	0.607
FTSJ1	TRMT10C	9606.ENSP00000326948	9606.ENSP00000312356	0	0	0	0	0.164	0	0	0.398	0.475
FTSJ1	TRIT1	9606.ENSP00000326948	9606.ENSP00000321810	0.042	0	0	0	0.580	0	0	0.647	0.846
FTSJ1	WDR36	9606.ENSP00000326948	9606.ENSP00000423067	0	0	0	0	0.390	0	0	0.057	0.400
FTSJ1	TSR2	9606.ENSP00000326948	9606.ENSP00000364293	0	0	0	0	0.345	0	0	0.123	0.401
FTSJ1	LAS1L	9606.ENSP00000326948	9606.ENSP00000363944	0	0	0	0	0.270	0	0	0.237	0.420
FTSJ1	NOP10	9606.ENSP00000326948	9606.ENSP00000332198	0	0	0	0	0.155	0	0	0.370	0.445
FTSJ1	PUS1	9606.ENSP00000326948	9606.ENSP00000365837	0	0	0	0	0.162	0.091	0	0.606	0.673
FTSJ1	PUS7	9606.ENSP00000326948	9606.ENSP00000417402	0	0	0	0	0.152	0	0	0.667	0.706
FTSJ1	TRMT1	9606.ENSP00000326948	9606.ENSP00000466967	0.054	0	0	0	0.248	0.098	0	0.724	0.799
FUZ	IFT43	9606.ENSP00000313309	9606.ENSP00000238628	0	0	0	0	0.049	0	0	0.440	0.444
FUZ	GET4	9606.ENSP00000313309	9606.ENSP00000265857	0	0	0	0	0	0.494	0	0	0.493
FUZ	WDPCP	9606.ENSP00000313309	9606.ENSP00000272321	0	0	0	0	0	0.900	0	0.916	0.991
FUZ	RAB23	9606.ENSP00000313309	9606.ENSP00000417610	0	0	0	0	0	0	0	0.428	0.428
FUZ	SUFU	9606.ENSP00000313309	9606.ENSP00000358918	0	0	0	0	0.067	0	0.400	0.091	0.446
FUZ	TRAF3IP1	9606.ENSP00000313309	9606.ENSP00000362424	0	0	0	0	0	0	0	0.480	0.480
FUZ	INTU	9606.ENSP00000313309	9606.ENSP00000334003	0	0	0	0	0	0.976	0	0.995	0.999
FZR1	GMNN	9606.ENSP00000378529	9606.ENSP00000230056	0	0	0	0	0.069	0.625	0.400	0.287	0.830
FZR1	KNSTRN	9606.ENSP00000378529	9606.ENSP00000249776	0	0	0	0	0.151	0	0	0.354	0.428
FZR1	RRM2B	9606.ENSP00000378529	9606.ENSP00000251810	0	0	0	0	0.328	0.429	0	0.102	0.625
FZR1	INVS	9606.ENSP00000378529	9606.ENSP00000262457	0	0	0	0	0.049	0.099	0	0.599	0.626
FZR1	LEMD2	9606.ENSP00000378529	9606.ENSP00000293760	0	0	0	0	0.782	0.082	0	0.047	0.792
FZR1	RACGAP1	9606.ENSP00000378529	9606.ENSP00000404190	0	0	0	0	0.301	0.317	0	0.070	0.517
G6PC3	RETN	9606.ENSP00000269097	9606.ENSP00000221515	0	0	0	0	0	0	0	0.707	0.707
G6PC3	PNPLA2	9606.ENSP00000269097	9606.ENSP00000337701	0	0	0	0	0.054	0	0	0.393	0.401
G6PC3	JAGN1	9606.ENSP00000269097	9606.ENSP00000496942	0	0	0	0	0	0	0	0.553	0.553
G6PC3	MLXIPL	9606.ENSP00000269097	9606.ENSP00000320886	0	0	0	0	0.066	0	0	0.580	0.591
G6PC3	HKDC1	9606.ENSP00000269097	9606.ENSP00000346643	0	0	0	0	0.068	0	0.900	0.462	0.945
GAL	SLC32A1	9606.ENSP00000265643	9606.ENSP00000217420	0	0	0	0	0	0	0	0.417	0.416
GAL	GPSM2	9606.ENSP00000265643	9606.ENSP00000385510	0	0	0	0	0.060	0	0.400	0	0.411
GAL	PIEZO2	9606.ENSP00000265643	9606.ENSP00000421377	0	0	0	0	0.048	0	0	0.473	0.477
GAL	GHRL	9606.ENSP00000265643	9606.ENSP00000335074	0	0	0	0	0	0	0	0.717	0.717
GANAB	GNPTG	9606.ENSP00000340466	9606.ENSP00000204679	0	0	0	0	0.075	0.836	0	0.340	0.891
GANAB	SEC61A1	9606.ENSP00000340466	9606.ENSP00000243253	0	0	0	0	0.411	0	0	0.269	0.551
GANAB	MRPS25	9606.ENSP00000340466	9606.ENSP00000253686	0	0	0	0	0.067	0.507	0	0	0.520
GANAB	STT3B	9606.ENSP00000340466	9606.ENSP00000295770	0	0	0	0	0.129	0.100	0	0.437	0.520
GANAB	HIBCH	9606.ENSP00000340466	9606.ENSP00000352706	0	0	0	0	0.044	0.507	0	0.091	0.534
GANAB	PIGG	9606.ENSP00000340466	9606.ENSP00000415203	0	0	0	0	0.145	0.477	0	0.134	0.579
GAPVD1	RIN2	9606.ENSP00000377665	9606.ENSP00000255006	0	0	0	0	0.044	0	0.400	0.161	0.476
GAPVD1	VPS35	9606.ENSP00000377665	9606.ENSP00000299138	0	0	0	0	0.160	0.290	0	0.136	0.440
GAPVD1	TBC1D8B	9606.ENSP00000377665	9606.ENSP00000349781	0	0	0	0	0.062	0	0	0.643	0.651
GAPVD1	GIGYF2	9606.ENSP00000377665	9606.ENSP00000387170	0	0	0	0	0.448	0.068	0	0	0.464
GAPVD1	WDR26	9606.ENSP00000377665	9606.ENSP00000498603	0	0	0	0	0.481	0.066	0	0	0.494
GATA5	SOX17	9606.ENSP00000252997	9606.ENSP00000297316	0	0	0	0	0.067	0.053	0	0.515	0.534
GATA5	QRSL1	9606.ENSP00000252997	9606.ENSP00000358042	0	0	0	0	0	0	0	0.596	0.596
GATAD2B	SALL4	9606.ENSP00000357644	9606.ENSP00000217086	0	0	0	0	0	0.596	0.500	0.231	0.831
GATAD2B	SUZ12	9606.ENSP00000357644	9606.ENSP00000316578	0	0	0	0	0.075	0.195	0.500	0.082	0.612
GATAD2B	ZBTB7A	9606.ENSP00000357644	9606.ENSP00000323670	0	0	0	0	0.136	0.301	0	0.429	0.625
GATAD2B	SUFU	9606.ENSP00000357644	9606.ENSP00000358918	0	0	0	0	0.042	0	0	0.413	0.413
GATAD2B	SIN3B	9606.ENSP00000357644	9606.ENSP00000369131	0	0	0	0	0.098	0.215	0	0.303	0.464
GATAD2B	PHF21A	9606.ENSP00000357644	9606.ENSP00000398824	0	0	0	0	0.072	0.108	0.500	0.084	0.570
GATAD2B	SIN3A	9606.ENSP00000357644	9606.ENSP00000378402	0	0	0	0	0.166	0.215	0	0.607	0.720
GATAD2B	KDM1A	9606.ENSP00000357644	9606.ENSP00000383042	0	0	0	0	0.055	0	0.500	0.629	0.809
GATC	HSCB	9606.ENSP00000446872	9606.ENSP00000216027	0	0	0	0	0.063	0.407	0	0	0.420
GATC	NDUFS7	9606.ENSP00000446872	9606.ENSP00000233627	0	0	0	0	0.245	0.198	0	0.116	0.417
GATC	PALB2	9606.ENSP00000446872	9606.ENSP00000261584	0	0	0	0	0.304	0.303	0	0.073	0.511
GATC	QRSL1	9606.ENSP00000446872	9606.ENSP00000358042	0	0	0	0	0.067	0.625	0.900	0.982	0.999
GATC	PMPCA	9606.ENSP00000446872	9606.ENSP00000360782	0	0	0	0	0.193	0.506	0.217	0.155	0.701
GATC	NDUFA13	9606.ENSP00000446872	9606.ENSP00000423673	0	0	0	0	0.354	0.300	0	0.091	0.553
GDAP1	PLEKHG5	9606.ENSP00000220822	9606.ENSP00000439625	0	0	0	0	0	0	0	0.401	0.400
GDAP1	TRIM2	9606.ENSP00000220822	9606.ENSP00000339659	0	0	0	0	0.073	0	0	0.399	0.420
GDAP1	TRPV4	9606.ENSP00000220822	9606.ENSP00000406191	0	0	0	0	0	0	0	0.480	0.480
GDAP1	KIF1B	9606.ENSP00000220822	9606.ENSP00000263934	0	0	0	0	0.062	0	0	0.514	0.524
GDAP1	MIEF2	9606.ENSP00000220822	9606.ENSP00000379057	0	0	0	0	0	0	0	0.527	0.527
GDAP1	PRX	9606.ENSP00000220822	9606.ENSP00000326018	0	0	0	0	0	0	0	0.544	0.544
GDAP1	JPH1	9606.ENSP00000220822	9606.ENSP00000344488	0	0	0	0	0.092	0	0	0.523	0.548
GDAP1	INF2	9606.ENSP00000220822	9606.ENSP00000376410	0	0	0	0	0.050	0	0	0.582	0.585
GDAP1	LRSAM1	9606.ENSP00000220822	9606.ENSP00000322937	0	0	0	0	0.047	0	0	0.619	0.622
GDAP1	PEX26	9606.ENSP00000220822	9606.ENSP00000331106	0	0	0	0	0	0	0.500	0.409	0.692
GDAP1	SBF2	9606.ENSP00000220822	9606.ENSP00000256190	0	0	0	0	0	0	0	0.741	0.741
GDAP2	VPS35	9606.ENSP00000358451	9606.ENSP00000299138	0	0	0	0	0.056	0.578	0	0	0.584
GDF6	SATB2	9606.ENSP00000287020	9606.ENSP00000401112	0	0	0	0	0.059	0	0	0.431	0.441
GDF6	STRA6	9606.ENSP00000287020	9606.ENSP00000456609	0	0	0	0	0	0	0	0.489	0.489
GDF6	GREM1	9606.ENSP00000287020	9606.ENSP00000498748	0	0	0	0	0	0.069	0.650	0.166	0.704
GEMIN4	NUP107	9606.ENSP00000321706	9606.ENSP00000229179	0	0	0	0	0.132	0	0.400	0.069	0.473
GEMIN4	NUP85	9606.ENSP00000321706	9606.ENSP00000245544	0	0	0	0	0.108	0	0.400	0	0.441
GEMIN4	NUP133	9606.ENSP00000321706	9606.ENSP00000261396	0	0	0	0	0.130	0	0.400	0.099	0.489
GEMIN4	NUP54	9606.ENSP00000321706	9606.ENSP00000264883	0	0	0	0	0.060	0	0.400	0	0.411
GEMIN4	NUP205	9606.ENSP00000321706	9606.ENSP00000285968	0	0	0	0	0.209	0	0.400	0	0.505
GEMIN4	LRRK2	9606.ENSP00000321706	9606.ENSP00000298910	0	0	0	0	0	0.292	0	0.306	0.488
GEMIN4	NUP37	9606.ENSP00000321706	9606.ENSP00000448054	0	0	0	0	0.083	0	0.400	0	0.426
GEMIN4	NUP62	9606.ENSP00000321706	9606.ENSP00000471191	0	0	0	0	0.098	0	0.400	0	0.435
GEMIN4	NUP160	9606.ENSP00000321706	9606.ENSP00000367721	0	0	0	0	0.100	0	0.400	0	0.436
GEMIN4	NUP188	9606.ENSP00000321706	9606.ENSP00000361658	0	0	0	0	0.125	0	0.400	0	0.452
GEMIN4	LARS2	9606.ENSP00000321706	9606.ENSP00000498867	0	0	0	0	0.478	0	0	0	0.478
GEMIN4	POLR1B	9606.ENSP00000321706	9606.ENSP00000444136	0	0	0	0	0.459	0	0	0.086	0.484
GEMIN4	TOE1	9606.ENSP00000321706	9606.ENSP00000361162	0	0	0	0	0.163	0	0	0.474	0.541
GEMIN4	VPS53	9606.ENSP00000321706	9606.ENSP00000401435	0	0	0	0	0.047	0	0	0.623	0.626
GEMIN4	TNRC6B	9606.ENSP00000321706	9606.ENSP00000401946	0	0	0	0	0	0	0	0.641	0.641
GET4	SEC61A1	9606.ENSP00000265857	9606.ENSP00000243253	0	0	0	0	0.049	0.097	0	0.494	0.528
GET4	PHGDH	9606.ENSP00000265857	9606.ENSP00000493382	0	0	0	0	0.044	0	0	0.428	0.429
GFM1	NDUFS7	9606.ENSP00000264263	9606.ENSP00000233627	0.052	0	0	0	0.098	0.329	0	0.182	0.468
GFM1	SEC61A1	9606.ENSP00000264263	9606.ENSP00000243253	0.095	0	0	0	0.613	0	0	0.220	0.703
GFM1	MRPS7	9606.ENSP00000264263	9606.ENSP00000245539	0.079	0	0.276	0	0.593	0.956	0	0.348	0.990
GFM1	SBDS	9606.ENSP00000264263	9606.ENSP00000246868	0.106	0	0	0	0.161	0.264	0	0.414	0.633
GFM1	TRNT1	9606.ENSP00000264263	9606.ENSP00000251607	0	0	0	0	0.191	0.067	0	0.275	0.405
GFM1	MRPS25	9606.ENSP00000264263	9606.ENSP00000253686	0	0	0	0	0.155	0.809	0	0.154	0.852
GFM1	PTCD3	9606.ENSP00000264263	9606.ENSP00000254630	0	0	0	0	0.420	0.809	0	0.264	0.911
GFM1	KDM6B	9606.ENSP00000264263	9606.ENSP00000254846	0.044	0	0	0	0.386	0.096	0	0.194	0.515
GFM1	POLR1A	9606.ENSP00000264263	9606.ENSP00000263857	0.095	0	0	0	0.637	0.134	0	0.207	0.744
GFM1	RNPC3	9606.ENSP00000264263	9606.ENSP00000432886	0	0	0	0	0.064	0.400	0	0.054	0.422
GFM1	TRMT10C	9606.ENSP00000264263	9606.ENSP00000312356	0	0	0	0	0.212	0.088	0	0.261	0.423
GFM1	NSUN2	9606.ENSP00000264263	9606.ENSP00000264670	0.046	0.276	0	0	0.268	0.071	0	0.114	0.508
GFM1	HARS2	9606.ENSP00000264263	9606.ENSP00000494965	0	0	0	0	0.134	0.182	0	0.363	0.510
GFM1	HFM1	9606.ENSP00000264263	9606.ENSP00000359454	0	0	0	0	0.056	0.440	0	0.156	0.514
GFM1	TRMU	9606.ENSP00000264263	9606.ENSP00000496496	0	0	0	0	0.060	0	0	0.517	0.526
GFM1	PRPF31	9606.ENSP00000264263	9606.ENSP00000324122	0	0	0	0	0.074	0.398	0	0.248	0.544
GFM1	SF3B1	9606.ENSP00000264263	9606.ENSP00000335321	0	0	0	0	0.062	0.431	0	0.221	0.548
GFM1	PUS1	9606.ENSP00000264263	9606.ENSP00000365837	0.059	0	0	0	0.087	0	0	0.554	0.584
GFM1	VARS2	9606.ENSP00000264263	9606.ENSP00000441000	0.042	0	0	0	0.205	0.088	0	0.519	0.621
GFM1	RARS2	9606.ENSP00000264263	9606.ENSP00000358549	0.045	0	0	0	0.207	0	0	0.543	0.624
GFM1	SNRNP200	9606.ENSP00000264263	9606.ENSP00000317123	0	0	0	0	0.109	0.440	0	0.340	0.642
GFM1	YARS2	9606.ENSP00000264263	9606.ENSP00000320658	0.046	0	0	0	0.179	0.165	0	0.519	0.644
GFM1	IARS2	9606.ENSP00000264263	9606.ENSP00000355889	0.089	0	0	0	0.248	0.088	0	0.517	0.658
GFM1	NHP2	9606.ENSP00000264263	9606.ENSP00000274606	0.058	0	0	0	0.397	0.399	0	0.122	0.660
GFM1	LARS1	9606.ENSP00000264263	9606.ENSP00000377954	0.042	0	0	0	0.338	0.122	0	0.462	0.661
GFM1	GUF1	9606.ENSP00000264263	9606.ENSP00000281543	0	0	0.113	0.585	0.473	0.088	0	0.336	0.680
GFM1	SIL1	9606.ENSP00000264263	9606.ENSP00000265195	0.061	0	0	0	0.416	0.419	0	0.161	0.697
GFM1	LARS2	9606.ENSP00000264263	9606.ENSP00000498867	0.042	0	0	0	0.390	0.165	0	0.461	0.702
GFM1	PRPF6	9606.ENSP00000264263	9606.ENSP00000266079	0	0	0	0	0.120	0.625	0	0.209	0.716
GFM1	HOGA1	9606.ENSP00000264263	9606.ENSP00000359680	0	0	0	0	0	0	0	0.718	0.718
GFM1	POLR1B	9606.ENSP00000264263	9606.ENSP00000444136	0.079	0	0	0	0.671	0.069	0	0.241	0.757
GFM1	MIEF2	9606.ENSP00000264263	9606.ENSP00000379057	0	0	0	0	0	0	0	0.810	0.810
GFM1	MRPS23	9606.ENSP00000264263	9606.ENSP00000320184	0	0	0	0	0.123	0.809	0	0.054	0.828
GFM1	PNPT1	9606.ENSP00000264263	9606.ENSP00000400646	0.042	0	0	0	0.709	0.166	0	0.402	0.842
GFM1	MRPS22	9606.ENSP00000264263	9606.ENSP00000418008	0	0	0	0	0.351	0.809	0	0.836	0.978
GHRL	PROKR2	9606.ENSP00000335074	9606.ENSP00000217270	0	0	0	0	0	0	0.500	0.115	0.538
GHRL	RETN	9606.ENSP00000335074	9606.ENSP00000221515	0	0	0	0	0.127	0	0	0.824	0.839
GHRL	KISS1R	9606.ENSP00000335074	9606.ENSP00000234371	0	0	0	0	0	0	0.500	0.446	0.711
GHRL	NEUROG3	9606.ENSP00000335074	9606.ENSP00000242462	0	0	0	0	0.055	0	0	0.635	0.640
GHRL	PROK2	9606.ENSP00000335074	9606.ENSP00000295619	0	0	0	0	0.063	0	0.400	0.221	0.524
GHRL	RFX6	9606.ENSP00000335074	9606.ENSP00000332208	0	0	0	0	0	0	0	0.409	0.409
GHRL	PLCB1	9606.ENSP00000335074	9606.ENSP00000338185	0	0	0	0	0	0	0.500	0.052	0.505
GHRL	NKX6-2	9606.ENSP00000335074	9606.ENSP00000357581	0	0	0	0	0.084	0	0	0.483	0.507
GIGYF2	SPG11	9606.ENSP00000387170	9606.ENSP00000261866	0	0	0	0	0.138	0	0	0.371	0.434
GIGYF2	QRICH2	9606.ENSP00000387170	9606.ENSP00000262765	0	0	0	0	0.055	0.068	0	0.553	0.571
GIGYF2	PRPF6	9606.ENSP00000387170	9606.ENSP00000266079	0	0	0	0	0.221	0.292	0	0	0.425
GIGYF2	LRRK2	9606.ENSP00000387170	9606.ENSP00000298910	0	0	0	0	0	0.292	0	0.732	0.802
GIGYF2	VPS35	9606.ENSP00000387170	9606.ENSP00000299138	0	0	0	0	0.067	0	0	0.591	0.602
GIGYF2	PINK1	9606.ENSP00000387170	9606.ENSP00000364204	0	0	0	0	0	0	0	0.721	0.721
GIGYF2	QRICH1	9606.ENSP00000387170	9606.ENSP00000378830	0	0	0	0	0.245	0.067	0	0.562	0.665
GIGYF2	TNRC6A	9606.ENSP00000387170	9606.ENSP00000379144	0	0	0	0	0.114	0.188	0	0.524	0.627
GIGYF2	SETD5	9606.ENSP00000387170	9606.ENSP00000385852	0	0	0	0	0.512	0	0	0.247	0.617
GIGYF2	VPS13C	9606.ENSP00000387170	9606.ENSP00000493560	0	0	0	0	0.095	0	0	0.472	0.501
GIGYF2	TNRC6B	9606.ENSP00000387170	9606.ENSP00000401946	0	0	0	0	0.063	0.705	0	0.164	0.749
GIPC3	SLC26A5	9606.ENSP00000493901	9606.ENSP00000304783	0	0	0	0	0.050	0	0	0.422	0.428
GIPC3	PLXND1	9606.ENSP00000493901	9606.ENSP00000317128	0	0	0	0	0.086	0.439	0	0.096	0.496
GIPC3	MARVELD2	9606.ENSP00000493901	9606.ENSP00000323264	0	0	0	0	0.042	0	0	0.408	0.409
GIPC3	WHRN	9606.ENSP00000493901	9606.ENSP00000354623	0	0	0	0	0.060	0	0	0.466	0.477
GIPC3	GPSM2	9606.ENSP00000493901	9606.ENSP00000385510	0	0	0	0	0.045	0	0	0.447	0.449
GIPC3	TPRN	9606.ENSP00000493901	9606.ENSP00000387100	0	0	0	0	0	0	0	0.584	0.584
GIPC3	STRC	9606.ENSP00000493901	9606.ENSP00000401513	0	0	0	0	0.042	0	0	0.514	0.515
GIPC3	TMPRSS3	9606.ENSP00000493901	9606.ENSP00000411013	0	0	0	0	0.099	0.051	0	0.596	0.624
GIPC3	PDZD7	9606.ENSP00000493901	9606.ENSP00000480489	0	0	0	0	0.071	0	0	0.425	0.444
GIPC3	MYO15A	9606.ENSP00000493901	9606.ENSP00000495481	0	0	0	0	0.042	0	0	0.584	0.584
GIPC3	OTOA	9606.ENSP00000493901	9606.ENSP00000496564	0	0	0	0	0.044	0	0	0.583	0.584
GLIS2	NEK9	9606.ENSP00000262366	9606.ENSP00000238616	0	0	0	0	0	0.049	0	0.401	0.406
GLIS2	TTC21B	9606.ENSP00000262366	9606.ENSP00000243344	0	0	0	0	0	0	0	0.433	0.433
GLIS2	RPGRIP1L	9606.ENSP00000262366	9606.ENSP00000493946	0	0	0	0	0	0.050	0	0.450	0.455
GLIS2	NPHP4	9606.ENSP00000262366	9606.ENSP00000367398	0	0	0	0	0.059	0.047	0	0.463	0.476
GLIS2	NPHP3	9606.ENSP00000262366	9606.ENSP00000338766	0	0	0	0	0.053	0.071	0	0.471	0.494
GLIS2	TRIM32	9606.ENSP00000262366	9606.ENSP00000408292	0	0	0	0	0.053	0.309	0	0.294	0.498
GLIS2	TMEM67	9606.ENSP00000262366	9606.ENSP00000389998	0	0	0	0	0	0	0	0.513	0.513
GLIS2	NEK8	9606.ENSP00000262366	9606.ENSP00000268766	0	0	0	0	0.045	0	0	0.568	0.569
GLIS2	INVS	9606.ENSP00000262366	9606.ENSP00000262457	0	0	0	0	0	0.091	0	0.561	0.584
GLIS2	WNK1	9606.ENSP00000262366	9606.ENSP00000341292	0	0	0	0	0	0.270	0	0.454	0.585
GLIS2	GPSM2	9606.ENSP00000262366	9606.ENSP00000385510	0	0	0	0	0	0.230	0	0.527	0.620
GLIS3	IYD	9606.ENSP00000371398	9606.ENSP00000229447	0	0	0	0	0.045	0	0	0.485	0.487
GLIS3	NEUROG3	9606.ENSP00000371398	9606.ENSP00000242462	0	0	0	0	0	0.046	0	0.749	0.751
GLIS3	IER3IP1	9606.ENSP00000371398	9606.ENSP00000256433	0	0	0	0	0	0	0	0.594	0.594
GLIS3	JAZF1	9606.ENSP00000371398	9606.ENSP00000283928	0	0	0	0	0	0.045	0	0.436	0.439
GLIS3	RFX6	9606.ENSP00000371398	9606.ENSP00000332208	0	0	0	0	0	0.064	0	0.681	0.689
GLIS3	NKX6-2	9606.ENSP00000371398	9606.ENSP00000357581	0	0	0	0	0	0.043	0	0.424	0.425
GLIS3	SUFU	9606.ENSP00000371398	9606.ENSP00000358918	0	0	0	0	0	0.850	0	0.545	0.929
GLIS3	PTF1A	9606.ENSP00000371398	9606.ENSP00000365687	0	0	0	0	0.059	0.070	0	0.611	0.630
GLIS3	SLC30A8	9606.ENSP00000371398	9606.ENSP00000415011	0	0	0	0	0	0	0	0.602	0.602
GLRX5	HSCB	9606.ENSP00000328570	9606.ENSP00000216027	0	0	0	0	0.049	0.510	0.400	0.825	0.944
GLRX5	TXN2	9606.ENSP00000328570	9606.ENSP00000216185	0	0	0	0	0.095	0	0	0.440	0.472
GLRX5	YARS2	9606.ENSP00000328570	9606.ENSP00000320658	0	0	0	0	0.049	0	0	0.401	0.406
GLRX5	SFXN4	9606.ENSP00000328570	9606.ENSP00000347924	0	0	0	0	0.054	0	0	0.419	0.427
GLRX5	PUS1	9606.ENSP00000328570	9606.ENSP00000365837	0	0	0	0	0.055	0	0	0.561	0.567
GLRX5	IBA57	9606.ENSP00000328570	9606.ENSP00000355672	0	0	0	0	0.047	0	0	0.811	0.812
GLRX5	NFU1	9606.ENSP00000328570	9606.ENSP00000387219	0	0	0	0	0.050	0	0	0.842	0.843
GLRX5	LYRM4	9606.ENSP00000328570	9606.ENSP00000443900	0	0	0	0	0.049	0	0.540	0.712	0.863
GLRX5	SLC25A38	9606.ENSP00000328570	9606.ENSP00000497532	0	0	0	0	0.104	0	0	0.939	0.943
GMNN	UBR7	9606.ENSP00000230056	9606.ENSP00000013070	0	0	0	0	0.138	0	0	0.383	0.445
GMNN	SLC25A42	9606.ENSP00000230056	9606.ENSP00000326693	0	0	0	0	0.401	0	0	0.044	0.402
GMNN	RACGAP1	9606.ENSP00000230056	9606.ENSP00000404190	0	0	0	0	0.315	0	0	0.205	0.433
GMNN	UBE2T	9606.ENSP00000230056	9606.ENSP00000494957	0	0	0	0	0.626	0	0	0.212	0.693
GMPPB	SEC61A1	9606.ENSP00000309092	9606.ENSP00000243253	0	0	0	0	0.409	0	0	0.262	0.545
GMPPB	TUBB2B	9606.ENSP00000309092	9606.ENSP00000259818	0	0	0	0	0.191	0.162	0	0.272	0.464
GMPPB	POMT2	9606.ENSP00000309092	9606.ENSP00000261534	0	0	0	0	0.109	0.139	0	0.825	0.854
GMPPB	SRD5A3	9606.ENSP00000309092	9606.ENSP00000264228	0	0	0	0	0.049	0	0	0.483	0.487
GMPPB	PRUNE1	9606.ENSP00000309092	9606.ENSP00000271620	0	0	0	0	0.042	0.545	0	0.160	0.601
GMPPB	STT3B	9606.ENSP00000309092	9606.ENSP00000295770	0.088	0	0	0	0.083	0	0	0.345	0.404
GMPPB	HSD3B7	9606.ENSP00000309092	9606.ENSP00000297679	0.057	0	0	0	0.299	0.048	0.248	0.134	0.516
GMPPB	SLC35C1	9606.ENSP00000309092	9606.ENSP00000313318	0	0	0	0	0.163	0	0	0.337	0.422
GMPPB	PIGW	9606.ENSP00000309092	9606.ENSP00000482202	0.057	0	0	0	0.192	0.086	0.248	0.210	0.511
GMPPB	NSDHL	9606.ENSP00000309092	9606.ENSP00000359297	0.057	0	0	0	0.307	0.048	0.248	0.173	0.543
GMPPB	POMGNT1	9606.ENSP00000309092	9606.ENSP00000361060	0	0	0	0	0.058	0	0	0.781	0.785
GMPPB	POMGNT2	9606.ENSP00000309092	9606.ENSP00000344125	0	0	0	0	0.042	0	0	0.818	0.818
GNMT	JAZF1	9606.ENSP00000361894	9606.ENSP00000283928	0	0	0	0	0	0	0	0.425	0.424
GNMT	SLC25A32	9606.ENSP00000361894	9606.ENSP00000297578	0	0	0	0	0	0	0	0.441	0.441
GPIHBP1	SLURP1	9606.ENSP00000480053	9606.ENSP00000246515	0	0	0	0	0.073	0	0	0.627	0.640
GPIHBP1	LMF1	9606.ENSP00000480053	9606.ENSP00000262301	0	0	0	0	0.047	0	0	0.894	0.894
GPIHBP1	PCSK9	9606.ENSP00000480053	9606.ENSP00000303208	0	0	0	0	0	0	0	0.419	0.418
GPIHBP1	LDLRAP1	9606.ENSP00000480053	9606.ENSP00000363458	0	0	0	0	0	0	0	0.474	0.474
GPR101	PDE11A	9606.ENSP00000498972	9606.ENSP00000286063	0	0	0	0	0	0.046	0	0.479	0.481
GPR101	RBMX	9606.ENSP00000498972	9606.ENSP00000359645	0	0	0	0	0.065	0	0	0.522	0.534
GPR161	TTC21B	9606.ENSP00000441039	9606.ENSP00000243344	0	0	0	0	0	0	0.500	0.489	0.733
GPR161	IFT122	9606.ENSP00000441039	9606.ENSP00000296266	0	0	0	0	0.042	0	0.500	0.444	0.710
GPR161	WDR35	9606.ENSP00000441039	9606.ENSP00000314444	0	0	0	0	0	0	0.500	0.248	0.607
GPR161	SUFU	9606.ENSP00000441039	9606.ENSP00000358918	0	0	0	0	0	0	0	0.687	0.687
GPR161	INPP5E	9606.ENSP00000441039	9606.ENSP00000360777	0	0	0	0	0.074	0	0	0.469	0.487
GPR161	KIF7	9606.ENSP00000441039	9606.ENSP00000377934	0	0	0	0	0.062	0.046	0	0.540	0.553
GPR161	WDR19	9606.ENSP00000441039	9606.ENSP00000382717	0	0	0	0	0	0	0.500	0.329	0.650
GPR179	NYX	9606.ENSP00000483469	9606.ENSP00000340328	0	0	0	0	0	0	0	0.818	0.818
GPSM2	P2RY12	9606.ENSP00000385510	9606.ENSP00000307259	0	0	0	0	0	0	0.400	0	0.400
GPSM2	WHRN	9606.ENSP00000385510	9606.ENSP00000354623	0	0	0	0	0	0.809	0	0.733	0.946
GPSM2	TMPRSS3	9606.ENSP00000385510	9606.ENSP00000411013	0	0	0	0	0	0	0	0.400	0.400
GPSM2	STRC	9606.ENSP00000385510	9606.ENSP00000401513	0	0	0	0	0	0	0	0.425	0.425
GPSM2	OTOA	9606.ENSP00000385510	9606.ENSP00000496564	0	0	0	0	0	0	0	0.474	0.474
GPSM2	PIP5K1C	9606.ENSP00000385510	9606.ENSP00000466363	0	0	0	0	0	0.440	0	0.166	0.512
GPSM2	TPRN	9606.ENSP00000385510	9606.ENSP00000387100	0	0	0	0	0	0	0	0.579	0.579
GPSM2	MYO15A	9606.ENSP00000385510	9606.ENSP00000495481	0	0	0	0	0	0	0	0.727	0.727
GREM1	WNT3A	9606.ENSP00000498748	9606.ENSP00000284523	0	0	0	0	0	0	0	0.433	0.433
GREM1	SOST	9606.ENSP00000498748	9606.ENSP00000301691	0	0	0	0	0.042	0	0	0.712	0.712
GREM1	MLH3	9606.ENSP00000498748	9606.ENSP00000348020	0	0	0	0	0	0	0	0.480	0.480
GRHL2	KMT2C	9606.ENSP00000495564	9606.ENSP00000262189	0	0	0	0	0.142	0.068	0	0.588	0.642
GRHL2	OVOL2	9606.ENSP00000495564	9606.ENSP00000278780	0	0	0	0	0.393	0	0	0.734	0.832
GRHL2	MARVELD2	9606.ENSP00000495564	9606.ENSP00000323264	0	0	0	0	0.216	0	0	0.308	0.434
GSC	NSMCE2	9606.ENSP00000238558	9606.ENSP00000287437	0	0	0	0	0	0.746	0	0	0.746
GSC	TARDBP	9606.ENSP00000238558	9606.ENSP00000240185	0	0	0	0	0	0.840	0	0	0.840
GSC	WDR26	9606.ENSP00000238558	9606.ENSP00000498603	0	0	0	0	0	0.954	0	0	0.954
GSX2	RSPO2	9606.ENSP00000319118	9606.ENSP00000276659	0	0	0	0	0.061	0	0	0.426	0.438
GTF2H5	POLR1A	9606.ENSP00000476100	9606.ENSP00000263857	0	0	0	0	0	0.100	0.500	0.069	0.544
GTF2H5	POLR1D	9606.ENSP00000476100	9606.ENSP00000302478	0	0	0	0	0.074	0	0.500	0.082	0.538
GTF2H5	MED25	9606.ENSP00000476100	9606.ENSP00000326767	0	0	0	0	0.045	0.812	0	0	0.812
GTF2H5	TAF8	9606.ENSP00000476100	9606.ENSP00000362068	0	0	0	0	0.049	0.800	0.900	0.138	0.981
GTF2H5	NDUFA11	9606.ENSP00000476100	9606.ENSP00000389160	0	0	0	0	0.311	0.189	0	0	0.417
GTF2H5	UVSSA	9606.ENSP00000476100	9606.ENSP00000425130	0	0	0	0	0	0	0	0.507	0.507
GTF2H5	POLR1B	9606.ENSP00000476100	9606.ENSP00000444136	0	0	0	0	0.055	0.105	0.500	0.126	0.580
GTF2H5	SERAC1	9606.ENSP00000476100	9606.ENSP00000496731	0	0	0	0	0.060	0	0	0.564	0.572
GTF2IRD2	TBL2	9606.ENSP00000406723	9606.ENSP00000307260	0	0	0	0	0.044	0.091	0	0.637	0.657
GTF2IRD2	MLXIPL	9606.ENSP00000406723	9606.ENSP00000320886	0	0	0	0	0	0.054	0	0.397	0.405
GTPBP3	MRM2	9606.ENSP00000351644	9606.ENSP00000242257	0	0	0	0	0.067	0	0	0.464	0.478
GTPBP3	TRNT1	9606.ENSP00000351644	9606.ENSP00000251607	0.112	0	0	0	0	0	0	0.465	0.505
GTPBP3	TRMT5	9606.ENSP00000351644	9606.ENSP00000261249	0	0	0	0	0.086	0	0	0.544	0.565
GTPBP3	PALB2	9606.ENSP00000351644	9606.ENSP00000261584	0	0	0	0	0.057	0.788	0	0.069	0.797
GTPBP3	TRMT10C	9606.ENSP00000351644	9606.ENSP00000312356	0	0	0	0	0	0	0	0.467	0.467
GTPBP3	TRIT1	9606.ENSP00000351644	9606.ENSP00000321810	0.082	0	0	0	0.108	0	0	0.724	0.755
GTPBP3	LARS1	9606.ENSP00000351644	9606.ENSP00000377954	0.041	0	0	0	0.048	0	0	0.400	0.404
GTPBP3	PNPT1	9606.ENSP00000351644	9606.ENSP00000400646	0.113	0	0	0	0.049	0	0	0.375	0.427
GTPBP3	PSAT1	9606.ENSP00000351644	9606.ENSP00000365773	0	0.347	0	0	0.044	0	0	0.164	0.432
GTPBP3	LARS2	9606.ENSP00000351644	9606.ENSP00000498867	0.041	0	0	0	0.060	0	0	0.494	0.504
GTPBP3	RARS2	9606.ENSP00000351644	9606.ENSP00000358549	0.120	0	0	0	0	0	0	0.528	0.567
GTPBP3	YRDC	9606.ENSP00000351644	9606.ENSP00000362135	0.155	0	0	0	0.055	0	0	0.544	0.604
GTPBP3	PUS1	9606.ENSP00000351644	9606.ENSP00000365837	0.059	0	0	0	0.212	0	0	0.673	0.736
GTPBP3	PUS7	9606.ENSP00000351644	9606.ENSP00000417402	0	0	0	0	0.130	0.788	0	0.097	0.819
GTPBP3	TRMU	9606.ENSP00000351644	9606.ENSP00000496496	0.114	0	0	0	0.108	0.095	0.792	0.858	0.975
GTPBP3	MTO1	9606.ENSP00000351644	9606.ENSP00000402038	0.111	0.015	0.509	0	0.693	0.291	0.585	0.931	0.996
GUF1	MRPS7	9606.ENSP00000281543	9606.ENSP00000245539	0	0	0.245	0	0.141	0.634	0	0.240	0.795
GUF1	NUP133	9606.ENSP00000281543	9606.ENSP00000261396	0	0	0	0	0.438	0	0	0	0.438
GUF1	SIL1	9606.ENSP00000281543	9606.ENSP00000265195	0	0	0	0	0.069	0.495	0	0.195	0.588
GUF1	PLCZ1	9606.ENSP00000281543	9606.ENSP00000266505	0	0	0	0	0	0	0	0.400	0.400
GUF1	IARS2	9606.ENSP00000281543	9606.ENSP00000355889	0.059	0	0	0	0.149	0	0	0.313	0.402
GUF1	RNASEH1	9606.ENSP00000281543	9606.ENSP00000313350	0.104	0	0	0	0.060	0	0	0.348	0.403
GUF1	QRSL1	9606.ENSP00000281543	9606.ENSP00000358042	0	0	0	0	0.251	0	0	0.254	0.418
GUF1	LARS1	9606.ENSP00000281543	9606.ENSP00000377954	0.093	0	0	0	0.182	0	0	0.304	0.439
GUF1	POLR1B	9606.ENSP00000281543	9606.ENSP00000444136	0	0	0	0	0.319	0	0	0.240	0.460
GUF1	TP53RK	9606.ENSP00000281543	9606.ENSP00000361186	0	0.424	0	0	0.126	0	0	0	0.475
GUF1	LARS2	9606.ENSP00000281543	9606.ENSP00000498867	0.093	0	0	0	0.374	0	0	0.281	0.556
GUF1	RARS2	9606.ENSP00000281543	9606.ENSP00000358549	0.042	0	0	0	0.427	0	0	0.278	0.569
GUF1	YARS2	9606.ENSP00000281543	9606.ENSP00000320658	0.056	0	0	0	0.381	0.081	0	0.335	0.595
GUF1	PSAT1	9606.ENSP00000281543	9606.ENSP00000365773	0	0.744	0	0	0.060	0	0	0.063	0.755
GZF1	NAA20	9606.ENSP00000338290	9606.ENSP00000335636	0	0	0	0	0.088	0.057	0	0.377	0.418
GZF1	KIZ	9606.ENSP00000338290	9606.ENSP00000479542	0	0	0	0	0.050	0.095	0	0.472	0.507
HAAO	NMNAT1	9606.ENSP00000294973	9606.ENSP00000366410	0	0	0	0	0	0	0	0.561	0.561
HAAO	NADSYN1	9606.ENSP00000294973	9606.ENSP00000326424	0	0	0	0	0	0	0	0.592	0.592
HAMP	SLC40A1	9606.ENSP00000471894	9606.ENSP00000261024	0	0	0	0	0	0.900	0	0.999	0.999
HAMP	HJV	9606.ENSP00000471894	9606.ENSP00000337014	0	0	0	0	0.054	0	0	0.983	0.983
HAMP	SLC39A14	9606.ENSP00000471894	9606.ENSP00000370635	0	0	0	0	0.049	0	0	0.757	0.759
HAMP	STEAP3	9606.ENSP00000471894	9606.ENSP00000376822	0	0	0	0	0.061	0	0	0.591	0.599
HAMP	SLC39A8	9606.ENSP00000471894	9606.ENSP00000378310	0	0	0	0	0.042	0	0	0.445	0.445
HAMP	TMPRSS6	9606.ENSP00000471894	9606.ENSP00000384964	0	0	0	0	0.068	0	0	0.961	0.962
HARS2	TRNT1	9606.ENSP00000494965	9606.ENSP00000251607	0.083	0	0	0	0.127	0	0	0.372	0.454
HARS2	SLX4	9606.ENSP00000494965	9606.ENSP00000294008	0.061	0	0	0	0.197	0.071	0	0.274	0.423
HARS2	YARS2	9606.ENSP00000494965	9606.ENSP00000320658	0.091	0	0	0	0.270	0	0	0.809	0.862
HARS2	TRIT1	9606.ENSP00000494965	9606.ENSP00000321810	0.110	0	0	0	0.159	0	0	0.320	0.446
HARS2	IARS2	9606.ENSP00000494965	9606.ENSP00000355889	0.049	0	0	0	0.261	0	0	0.809	0.854
HARS2	QRSL1	9606.ENSP00000494965	9606.ENSP00000358042	0.070	0	0	0	0.269	0	0	0.239	0.437
HARS2	RARS2	9606.ENSP00000494965	9606.ENSP00000358549	0.061	0	0	0	0.276	0	0	0.753	0.818
HARS2	VPS16	9606.ENSP00000494965	9606.ENSP00000369810	0	0	0	0	0.636	0.162	0	0.091	0.699
HARS2	LARS1	9606.ENSP00000494965	9606.ENSP00000377954	0.095	0	0	0	0.160	0.098	0	0.774	0.824
HARS2	VARS2	9606.ENSP00000494965	9606.ENSP00000441000	0.090	0	0	0	0.253	0.101	0	0.752	0.828
HARS2	VIPAS39	9606.ENSP00000494965	9606.ENSP00000452181	0	0	0	0	0.530	0	0	0	0.530
HARS2	TRMU	9606.ENSP00000494965	9606.ENSP00000496496	0.093	0	0	0	0.323	0	0	0.103	0.401
HARS2	LARS2	9606.ENSP00000494965	9606.ENSP00000498867	0.095	0	0	0	0.176	0.091	0	0.796	0.843
HAVCR2	TBX21	9606.ENSP00000312002	9606.ENSP00000177694	0	0	0	0	0.135	0	0	0.668	0.701
HAVCR2	SEMA4A	9606.ENSP00000312002	9606.ENSP00000357265	0	0	0	0	0.059	0.054	0	0.481	0.498
HAVCR2	TLR8	9606.ENSP00000312002	9606.ENSP00000312082	0	0	0	0	0.151	0.097	0	0.454	0.545
HAVCR2	TLR7	9606.ENSP00000312002	9606.ENSP00000370034	0	0	0	0	0.127	0.097	0	0.595	0.653
HAVCR2	ICOS	9606.ENSP00000312002	9606.ENSP00000319476	0	0	0	0	0.146	0	0	0.731	0.761
HDAC8	KDM6B	9606.ENSP00000362674	9606.ENSP00000254846	0	0	0	0	0.060	0.181	0	0.315	0.426
HDAC8	KAT6B	9606.ENSP00000362674	9606.ENSP00000287239	0	0	0	0	0.056	0.185	0	0.381	0.482
HDAC8	KMT2E	9606.ENSP00000362674	9606.ENSP00000312379	0	0	0	0	0	0.299	0	0.332	0.512
HDAC8	KAT8	9606.ENSP00000362674	9606.ENSP00000406037	0	0	0	0	0.056	0.185	0	0.366	0.469
HDAC8	SIN3B	9606.ENSP00000362674	9606.ENSP00000369131	0	0	0	0	0.070	0.477	0	0.314	0.637
HDAC8	KDM1A	9606.ENSP00000362674	9606.ENSP00000383042	0	0	0	0	0.117	0.285	0	0.486	0.647
HDAC8	TBL1XR1	9606.ENSP00000362674	9606.ENSP00000405574	0	0	0	0	0.060	0.368	0.500	0.317	0.770
HDAC8	SETD2	9606.ENSP00000362674	9606.ENSP00000386759	0.042	0	0	0	0.067	0.203	0	0.752	0.800
HDAC8	SIN3A	9606.ENSP00000362674	9606.ENSP00000378402	0	0	0	0	0.070	0.477	0	0.905	0.949
HES7	MESP2	9606.ENSP00000446205	9606.ENSP00000342392	0	0	0	0	0.044	0.094	0	0.564	0.589
HEY2	RANGRF	9606.ENSP00000357348	9606.ENSP00000226105	0	0	0	0	0	0	0	0.446	0.446
HEY2	SOX18	9606.ENSP00000357348	9606.ENSP00000341815	0	0	0	0	0.092	0	0	0.410	0.442
HFM1	NUP107	9606.ENSP00000359454	9606.ENSP00000229179	0	0	0	0	0.058	0	0	0.438	0.448
HFM1	PRPF6	9606.ENSP00000359454	9606.ENSP00000266079	0	0	0	0	0.075	0.777	0	0.288	0.840
HFM1	SNIP1	9606.ENSP00000359454	9606.ENSP00000296215	0	0	0	0	0.080	0.506	0	0.106	0.558
HFM1	TWNK	9606.ENSP00000359454	9606.ENSP00000309595	0	0	0	0	0	0	0	0.497	0.497
HFM1	PRPF31	9606.ENSP00000359454	9606.ENSP00000324122	0	0	0	0	0	0.543	0	0.294	0.663
HFM1	REC114	9606.ENSP00000359454	9606.ENSP00000328423	0	0	0	0	0	0	0	0.619	0.619
HFM1	SF3B1	9606.ENSP00000359454	9606.ENSP00000335321	0	0	0	0	0.110	0.505	0	0.171	0.602
HFM1	MLH3	9606.ENSP00000359454	9606.ENSP00000348020	0	0	0	0	0	0.110	0	0.727	0.746
HFM1	SLC35A3	9606.ENSP00000359454	9606.ENSP00000359172	0	0.698	0	0	0	0	0	0	0.698
HFM1	RNPC3	9606.ENSP00000359454	9606.ENSP00000432886	0	0	0	0	0.047	0.409	0	0.080	0.436
HFM1	SOHLH1	9606.ENSP00000359454	9606.ENSP00000404438	0	0	0	0	0	0	0	0.454	0.454
HFM1	POF1B	9606.ENSP00000359454	9606.ENSP00000362238	0	0	0	0	0	0	0	0.460	0.460
HFM1	PSMC3IP	9606.ENSP00000359454	9606.ENSP00000377384	0	0	0	0	0	0	0	0.564	0.564
HFM1	SLC39A14	9606.ENSP00000359454	9606.ENSP00000370635	0	0	0	0	0	0	0	0.579	0.579
HFM1	RPGRIP1L	9606.ENSP00000359454	9606.ENSP00000493946	0	0	0	0	0.045	0	0	0.641	0.642
HFM1	RNF212	9606.ENSP00000359454	9606.ENSP00000389709	0	0	0	0	0.055	0	0	0.670	0.675
HFM1	SHOC1	9606.ENSP00000359454	9606.ENSP00000363405	0	0	0	0	0.050	0	0	0.737	0.740
HIBCH	MCEE	9606.ENSP00000352706	9606.ENSP00000244217	0.041	0	0	0	0.137	0	0.232	0.415	0.578
HIBCH	MRPS7	9606.ENSP00000352706	9606.ENSP00000245539	0	0	0	0	0.067	0.946	0	0.102	0.950
HIBCH	TICAM1	9606.ENSP00000352706	9606.ENSP00000248244	0	0	0	0	0	0.517	0	0.103	0.548
HIBCH	MRPS25	9606.ENSP00000352706	9606.ENSP00000253686	0	0	0	0	0.107	0.507	0	0	0.540
HIBCH	MRTFA	9606.ENSP00000352706	9606.ENSP00000498671	0	0	0	0	0.068	0	0.338	0.168	0.441
HID1	NUP85	9606.ENSP00000413520	9606.ENSP00000245544	0	0	0	0	0.044	0.128	0	0.345	0.406
HID1	NUP133	9606.ENSP00000413520	9606.ENSP00000261396	0	0	0	0	0.069	0.296	0	0.251	0.466
HID1	NUP54	9606.ENSP00000413520	9606.ENSP00000264883	0	0	0	0	0.044	0.409	0	0.229	0.526
HJV	SLC40A1	9606.ENSP00000337014	9606.ENSP00000261024	0	0	0	0	0.042	0	0	0.904	0.904
HJV	STEAP3	9606.ENSP00000337014	9606.ENSP00000376822	0	0	0	0	0	0	0	0.511	0.511
HJV	SLC39A14	9606.ENSP00000337014	9606.ENSP00000370635	0	0	0	0	0	0	0	0.517	0.517
HJV	TMPRSS6	9606.ENSP00000337014	9606.ENSP00000384964	0	0	0	0	0.044	0.625	0	0.994	0.997
HOGA1	SLC34A3	9606.ENSP00000359680	9606.ENSP00000442397	0	0	0	0	0.112	0.045	0.098	0.340	0.428
HOGA1	MRPS22	9606.ENSP00000359680	9606.ENSP00000418008	0	0	0	0	0	0	0	0.764	0.764
HPS3	NBEAL2	9606.ENSP00000296051	9606.ENSP00000415034	0	0	0	0	0.049	0	0	0.403	0.408
HPS3	VIPAS39	9606.ENSP00000296051	9606.ENSP00000452181	0	0	0	0	0.213	0	0	0.311	0.434
HPS3	SLC38A8	9606.ENSP00000296051	9606.ENSP00000299709	0	0	0	0	0.054	0	0	0.435	0.442
HPS3	SLC45A2	9606.ENSP00000296051	9606.ENSP00000296589	0	0	0	0	0	0	0	0.524	0.524
HPS3	LRMDA	9606.ENSP00000296051	9606.ENSP00000480240	0	0	0	0	0	0	0	0.577	0.577
HPS3	HPS6	9606.ENSP00000296051	9606.ENSP00000299238	0	0	0	0	0.195	0.625	0.720	0.999	0.999
HPS6	SLC45A2	9606.ENSP00000299238	9606.ENSP00000296589	0	0	0	0	0	0	0	0.590	0.590
HPS6	SLC38A8	9606.ENSP00000299238	9606.ENSP00000299709	0	0	0	0	0	0	0	0.506	0.506
HPS6	LRMDA	9606.ENSP00000299238	9606.ENSP00000480240	0	0	0	0	0	0	0	0.601	0.601
HS3ST6	MYOF	9606.ENSP00000416741	9606.ENSP00000352208	0	0	0	0	0	0	0	0.475	0.475
HS3ST6	HS6ST2	9606.ENSP00000416741	9606.ENSP00000429473	0	0	0	0	0	0	0	0.542	0.542
HSCB	LDHD	9606.ENSP00000216027	9606.ENSP00000300051	0	0	0	0	0	0.046	0.400	0	0.403
HSCB	PMPCA	9606.ENSP00000216027	9606.ENSP00000360782	0	0	0	0	0.054	0	0.400	0	0.408
HSCB	MMAB	9606.ENSP00000216027	9606.ENSP00000445920	0	0	0	0	0.049	0.407	0	0	0.411
HSCB	PYCR2	9606.ENSP00000216027	9606.ENSP00000342502	0	0	0	0	0.051	0.405	0	0	0.411
HSCB	NDUFAF1	9606.ENSP00000216027	9606.ENSP00000260361	0	0	0	0	0.067	0.405	0	0	0.421
HSCB	NDUFS7	9606.ENSP00000216027	9606.ENSP00000233627	0	0	0	0	0.054	0.405	0	0.055	0.421
HSCB	YARS2	9606.ENSP00000216027	9606.ENSP00000320658	0	0	0	0	0.067	0.292	0	0.201	0.426
HSCB	PUS1	9606.ENSP00000216027	9606.ENSP00000365837	0	0	0	0	0.047	0.292	0	0.241	0.443
HSCB	PAM16	9606.ENSP00000216027	9606.ENSP00000315693	0	0	0	0	0.044	0.051	0.500	0.047	0.509
HSCB	TIMM22	9606.ENSP00000216027	9606.ENSP00000320236	0	0	0	0	0.061	0	0.500	0	0.510
HSCB	IARS2	9606.ENSP00000216027	9606.ENSP00000355889	0	0	0	0	0.049	0.531	0	0	0.534
HSCB	TIMM50	9606.ENSP00000216027	9606.ENSP00000445806	0	0	0	0	0.044	0	0.500	0.125	0.545
HSCB	PNPT1	9606.ENSP00000216027	9606.ENSP00000400646	0	0	0	0	0.064	0.591	0	0	0.600
HSCB	IBA57	9606.ENSP00000216027	9606.ENSP00000355672	0	0	0	0	0.049	0.292	0	0.664	0.754
HSCB	LYRM4	9606.ENSP00000216027	9606.ENSP00000443900	0	0	0	0	0.109	0.407	0	0.768	0.866
HSCB	NFU1	9606.ENSP00000216027	9606.ENSP00000387219	0	0	0	0	0.060	0.292	0	0.826	0.874
HSCB	SDHAF1	9606.ENSP00000216027	9606.ENSP00000368165	0	0	0	0	0.042	0.625	0	0.755	0.904
HSD3B7	MRPS7	9606.ENSP00000297679	9606.ENSP00000245539	0	0	0	0	0.088	0.402	0	0.102	0.467
HSD3B7	SRD5A3	9606.ENSP00000297679	9606.ENSP00000264228	0	0	0	0	0.054	0	0	0.403	0.411
HSD3B7	VPS33B	9606.ENSP00000297679	9606.ENSP00000327650	0	0	0	0	0.049	0	0	0.398	0.403
HSD3B7	VIPAS39	9606.ENSP00000297679	9606.ENSP00000452181	0	0	0	0	0.068	0	0	0.400	0.417
HYDIN	ZMYND10	9606.ENSP00000377197	9606.ENSP00000231749	0	0	0	0	0.109	0	0	0.590	0.619
HYDIN	RSPH3	9606.ENSP00000377197	9606.ENSP00000252655	0	0	0	0	0.080	0.109	0	0.586	0.631
HYDIN	RSPH1	9606.ENSP00000377197	9606.ENSP00000291536	0	0	0	0	0.075	0.094	0	0.693	0.720
HYDIN	SPEF2	9606.ENSP00000377197	9606.ENSP00000348314	0	0	0	0	0.152	0.095	0	0.521	0.600
HYDIN	RSPH9	9606.ENSP00000377197	9606.ENSP00000361238	0	0	0	0	0.137	0.047	0	0.736	0.764
HYDIN	PIH1D3	9606.ENSP00000377197	9606.ENSP00000441930	0	0	0	0	0.127	0.064	0	0.447	0.508
HYDIN	OBSCN	9606.ENSP00000377197	9606.ENSP00000455507	0	0	0	0	0.045	0.074	0	0.494	0.513
HYLS1	SCLT1	9606.ENSP00000414884	9606.ENSP00000281142	0	0	0	0	0.049	0	0	0.488	0.492
HYLS1	KIF7	9606.ENSP00000414884	9606.ENSP00000377934	0	0	0	0	0	0	0	0.575	0.575
IARS2	NDUFS7	9606.ENSP00000355889	9606.ENSP00000233627	0	0	0	0	0.216	0.189	0	0.156	0.416
IARS2	TRNT1	9606.ENSP00000355889	9606.ENSP00000251607	0.042	0	0	0	0.112	0	0	0.449	0.491
IARS2	NUP133	9606.ENSP00000355889	9606.ENSP00000261396	0	0	0	0	0.421	0	0	0	0.420
IARS2	POLR1A	9606.ENSP00000355889	9606.ENSP00000263857	0.096	0	0	0	0.278	0	0	0.281	0.489
IARS2	SLX4	9606.ENSP00000355889	9606.ENSP00000294008	0.042	0	0	0	0.140	0.180	0	0.349	0.501
IARS2	YARS2	9606.ENSP00000355889	9606.ENSP00000320658	0.098	0	0	0	0.395	0.099	0	0.856	0.919
IARS2	POLR1B	9606.ENSP00000355889	9606.ENSP00000444136	0.081	0	0	0	0.220	0.066	0	0.265	0.442
IARS2	TIMM50	9606.ENSP00000355889	9606.ENSP00000445806	0	0	0	0	0.061	0	0	0.458	0.470
IARS2	MTO1	9606.ENSP00000355889	9606.ENSP00000402038	0	0	0	0	0.097	0.316	0	0.250	0.496
IARS2	MRPS22	9606.ENSP00000355889	9606.ENSP00000418008	0	0	0	0	0.104	0	0	0.478	0.512
IARS2	YRDC	9606.ENSP00000355889	9606.ENSP00000362135	0.117	0	0	0	0.056	0	0	0.485	0.533
IARS2	QRSL1	9606.ENSP00000355889	9606.ENSP00000358042	0.102	0.213	0	0	0.147	0	0	0.326	0.540
IARS2	PNPT1	9606.ENSP00000355889	9606.ENSP00000400646	0.057	0	0	0	0.271	0	0	0.417	0.565
IARS2	VARS2	9606.ENSP00000355889	9606.ENSP00000441000	0.110	0	0	0.592	0.670	0.103	0	0.550	0.865
IARS2	LARS2	9606.ENSP00000355889	9606.ENSP00000498867	0.106	0	0	0.550	0.450	0.094	0	0.964	0.982
IARS2	RARS2	9606.ENSP00000355889	9606.ENSP00000358549	0.111	0	0	0	0.415	0.169	0	0.973	0.987
IARS2	LARS1	9606.ENSP00000355889	9606.ENSP00000377954	0.106	0	0	0	0.442	0.094	0	0.992	0.996
IBA57	SLC25A38	9606.ENSP00000355672	9606.ENSP00000497532	0	0	0	0	0.066	0	0	0.414	0.429
IBA57	SDHAF1	9606.ENSP00000355672	9606.ENSP00000368165	0	0	0	0	0	0	0	0.444	0.444
IBA57	ZFYVE27	9606.ENSP00000355672	9606.ENSP00000409594	0	0	0	0	0	0	0	0.453	0.453
IBA57	REEP2	9606.ENSP00000355672	9606.ENSP00000367590	0	0	0	0	0	0	0	0.540	0.540
IBA57	LYRM4	9606.ENSP00000355672	9606.ENSP00000443900	0	0	0	0	0.067	0	0	0.811	0.816
IBA57	NFU1	9606.ENSP00000355672	9606.ENSP00000387219	0	0	0	0	0.124	0	0	0.896	0.905
ICOS	TBX21	9606.ENSP00000319476	9606.ENSP00000177694	0	0	0	0	0.222	0	0	0.723	0.775
ICOS	TNFRSF13B	9606.ENSP00000319476	9606.ENSP00000261652	0	0	0	0	0.063	0	0	0.829	0.832
ICOS	PTPN22	9606.ENSP00000319476	9606.ENSP00000352833	0	0	0	0	0.231	0	0	0.257	0.404
ICOS	IL23R	9606.ENSP00000319476	9606.ENSP00000321345	0	0	0	0	0.087	0	0	0.430	0.457
ICOS	IL17F	9606.ENSP00000319476	9606.ENSP00000337432	0	0	0	0	0.101	0	0	0.434	0.469
ICOS	TLR7	9606.ENSP00000319476	9606.ENSP00000370034	0	0	0	0	0.161	0	0	0.398	0.473
ICOS	TBK1	9606.ENSP00000319476	9606.ENSP00000329967	0	0	0	0	0.068	0.301	0	0.488	0.638
ICOS	IL21	9606.ENSP00000319476	9606.ENSP00000497915	0	0	0.410	0	0.159	0	0	0.650	0.811
ICOS	IL21R	9606.ENSP00000319476	9606.ENSP00000338010	0	0	0.220	0	0.368	0	0	0.687	0.832
IER3IP1	NEUROG3	9606.ENSP00000256433	9606.ENSP00000242462	0	0	0	0	0	0	0	0.505	0.505
IER3IP1	PPP1R15B	9606.ENSP00000256433	9606.ENSP00000356156	0	0	0	0	0.083	0	0	0.398	0.425
IER3IP1	WDR26	9606.ENSP00000256433	9606.ENSP00000498603	0	0	0	0	0.047	0	0	0.423	0.426
IER3IP1	TRMT10A	9606.ENSP00000256433	9606.ENSP00000273962	0	0	0	0	0.056	0	0	0.544	0.551
IER3IP1	ZFP57	9606.ENSP00000256433	9606.ENSP00000418259	0	0	0	0	0	0	0	0.571	0.571
IER3IP1	PTF1A	9606.ENSP00000256433	9606.ENSP00000365687	0	0	0	0	0	0	0	0.572	0.572
IER3IP1	RFX6	9606.ENSP00000256433	9606.ENSP00000332208	0	0	0	0	0	0	0	0.659	0.659
IER3IP1	YIPF5	9606.ENSP00000256433	9606.ENSP00000274496	0	0	0	0	0.181	0.313	0	0.570	0.737
IFIH1	UNC93B1	9606.ENSP00000497271	9606.ENSP00000227471	0	0	0	0	0.138	0	0	0.447	0.502
IFIH1	TICAM1	9606.ENSP00000497271	9606.ENSP00000248244	0	0	0	0	0.167	0	0	0.836	0.857
IFIH1	NOD2	9606.ENSP00000497271	9606.ENSP00000300589	0	0	0	0	0.211	0.054	0	0.821	0.855
IFIH1	RNASEH2C	9606.ENSP00000497271	9606.ENSP00000308193	0	0	0	0	0.042	0	0	0.623	0.623
IFIH1	TLR8	9606.ENSP00000497271	9606.ENSP00000312082	0	0	0	0	0.140	0	0	0.755	0.780
IFIH1	SAMD9L	9606.ENSP00000497271	9606.ENSP00000326247	0	0	0	0	0.637	0.045	0	0.496	0.810
IFIH1	RNF135	9606.ENSP00000497271	9606.ENSP00000328340	0	0	0	0	0.069	0.314	0.500	0.768	0.916
IFIH1	TBK1	9606.ENSP00000497271	9606.ENSP00000329967	0	0	0	0	0.171	0.045	0.500	0.960	0.982
IFIH1	NLRP3	9606.ENSP00000497271	9606.ENSP00000337383	0	0	0	0	0.062	0	0	0.583	0.592
IFIH1	TDRD7	9606.ENSP00000497271	9606.ENSP00000347444	0	0	0	0	0.537	0	0	0.164	0.597
IFIH1	PTPN22	9606.ENSP00000497271	9606.ENSP00000352833	0	0	0	0	0.080	0	0	0.671	0.684
IFIH1	SMC5	9606.ENSP00000497271	9606.ENSP00000354957	0	0	0	0	0.153	0.406	0	0.286	0.610
IFIH1	ZNFX1	9606.ENSP00000497271	9606.ENSP00000360817	0	0	0	0	0.320	0	0	0.498	0.644
IFIH1	SAMD9	9606.ENSP00000497271	9606.ENSP00000369292	0	0	0	0	0.777	0.045	0	0.294	0.837
IFIH1	TLR7	9606.ENSP00000497271	9606.ENSP00000370034	0	0	0	0	0.150	0	0	0.836	0.855
IFIH1	RNF216	9606.ENSP00000497271	9606.ENSP00000374552	0	0	0	0	0.056	0	0.400	0.084	0.435
IFIH1	NLRP5	9606.ENSP00000497271	9606.ENSP00000375063	0	0	0	0	0	0	0	0.433	0.433
IFIH1	TKFC	9606.ENSP00000497271	9606.ENSP00000378360	0	0	0	0	0.042	0.292	0.900	0.538	0.964
IFIH1	NLRC4	9606.ENSP00000497271	9606.ENSP00000385428	0	0	0	0	0.083	0	0	0.506	0.527
IFIH1	PNPT1	9606.ENSP00000497271	9606.ENSP00000400646	0	0	0	0	0.182	0	0	0.517	0.588
IFIH1	RNF213	9606.ENSP00000497271	9606.ENSP00000464087	0	0	0	0	0.325	0.048	0	0.252	0.477
IFIH1	IRAK4	9606.ENSP00000497271	9606.ENSP00000479889	0	0	0	0	0.098	0	0	0.420	0.454
IFIH1	ITCH	9606.ENSP00000497271	9606.ENSP00000499786	0	0	0	0	0.047	0	0.500	0.220	0.595
IFIH1	STING1	9606.ENSP00000497271	9606.ENSP00000498596	0	0	0	0	0.126	0	0	0.623	0.656
IFT122	ZMYND10	9606.ENSP00000296266	9606.ENSP00000231749	0	0	0	0	0.096	0.299	0	0.159	0.420
IFT122	IFT43	9606.ENSP00000296266	9606.ENSP00000238628	0	0	0	0	0.060	0.972	0.900	0.995	0.999
IFT122	IFT81	9606.ENSP00000296266	9606.ENSP00000242591	0	0	0	0	0.133	0.145	0.540	0.730	0.895
IFT122	TTC21B	9606.ENSP00000296266	9606.ENSP00000243344	0	0	0	0	0.158	0.976	0.900	0.995	0.999
IFT122	IFT172	9606.ENSP00000296266	9606.ENSP00000260570	0	0	0	0	0.315	0.190	0.540	0.811	0.945
IFT122	IFT57	9606.ENSP00000296266	9606.ENSP00000264538	0	0	0	0	0	0.145	0.540	0.726	0.882
IFT122	MKS1	9606.ENSP00000296266	9606.ENSP00000376827	0	0	0	0	0.138	0	0	0.351	0.417
IFT122	KIF7	9606.ENSP00000296266	9606.ENSP00000377934	0	0	0	0	0.060	0.049	0	0.405	0.422
IFT122	NPHP4	9606.ENSP00000296266	9606.ENSP00000367398	0	0	0	0	0.156	0.042	0	0.364	0.441
IFT122	TCTN2	9606.ENSP00000296266	9606.ENSP00000304941	0	0	0	0	0.121	0.125	0	0.349	0.456
IFT122	TTC8	9606.ENSP00000296266	9606.ENSP00000482306	0	0	0	0	0.135	0.129	0	0.361	0.477
IFT122	TMEM67	9606.ENSP00000296266	9606.ENSP00000389998	0	0	0	0	0.158	0	0	0.406	0.478
IFT122	INPP5E	9606.ENSP00000296266	9606.ENSP00000360777	0	0	0	0	0.074	0	0	0.473	0.491
IFT122	RPGRIP1L	9606.ENSP00000296266	9606.ENSP00000493946	0	0	0	0	0.099	0.091	0	0.444	0.505
IFT122	WDR60	9606.ENSP00000296266	9606.ENSP00000384290	0	0	0	0	0.074	0	0	0.518	0.535
IFT122	SUFU	9606.ENSP00000296266	9606.ENSP00000358918	0	0	0	0	0.049	0	0.500	0.321	0.648
IFT122	WDR34	9606.ENSP00000296266	9606.ENSP00000361800	0	0	0	0	0.070	0	0	0.662	0.673
IFT122	TTC21A	9606.ENSP00000296266	9606.ENSP00000398211	0	0	0	0	0.147	0.299	0.540	0.218	0.756
IFT122	TRAF3IP1	9606.ENSP00000296266	9606.ENSP00000362424	0	0	0	0	0.049	0.190	0.540	0.612	0.844
IFT122	IFT74	9606.ENSP00000296266	9606.ENSP00000404122	0	0	0	0	0.082	0.099	0.540	0.645	0.846
IFT122	MEGF10	9606.ENSP00000296266	9606.ENSP00000423354	0	0	0	0	0	0	0	0.858	0.858
IFT122	TTC26	9606.ENSP00000296266	9606.ENSP00000419279	0	0	0	0	0.125	0.148	0.540	0.698	0.882
IFT122	IFT80	9606.ENSP00000296266	9606.ENSP00000312778	0	0	0	0	0.074	0	0.540	0.794	0.905
IFT122	IFT52	9606.ENSP00000296266	9606.ENSP00000362121	0	0	0	0	0.047	0.178	0.540	0.806	0.920
IFT122	WDR35	9606.ENSP00000296266	9606.ENSP00000314444	0	0	0.121	0.548	0.092	0.997	0.900	0.986	0.999
IFT122	WDR19	9606.ENSP00000296266	9606.ENSP00000382717	0	0	0	0.547	0.166	0.997	0.900	0.991	0.999
IFT172	NEK9	9606.ENSP00000260570	9606.ENSP00000238616	0	0	0	0	0.060	0	0	0.388	0.400
IFT172	IFT43	9606.ENSP00000260570	9606.ENSP00000238628	0	0	0	0	0.057	0	0.540	0.697	0.857
IFT172	IFT81	9606.ENSP00000260570	9606.ENSP00000242591	0	0	0	0	0.082	0.851	0.800	0.953	0.998
IFT172	TTC21B	9606.ENSP00000260570	9606.ENSP00000243344	0	0	0	0	0.141	0	0.540	0.800	0.914
IFT172	TMEM231	9606.ENSP00000260570	9606.ENSP00000258173	0	0	0	0	0.074	0	0	0.400	0.420
IFT172	RAB23	9606.ENSP00000260570	9606.ENSP00000417610	0	0	0	0	0	0	0	0.413	0.413
IFT172	NEK8	9606.ENSP00000260570	9606.ENSP00000268766	0	0	0	0	0.047	0	0	0.413	0.416
IFT172	TCTN1	9606.ENSP00000260570	9606.ENSP00000380779	0	0	0	0	0.082	0	0	0.395	0.421
IFT172	TMEM237	9606.ENSP00000260570	9606.ENSP00000386264	0	0	0	0	0.049	0	0	0.419	0.424
IFT172	PDZD7	9606.ENSP00000260570	9606.ENSP00000480489	0	0	0	0	0	0.291	0	0.278	0.466
IFT172	TMEM216	9606.ENSP00000260570	9606.ENSP00000334844	0	0	0	0	0	0	0	0.474	0.474
IFT172	TCTN3	9606.ENSP00000260570	9606.ENSP00000483364	0	0	0	0	0.056	0	0	0.483	0.491
IFT172	INVS	9606.ENSP00000260570	9606.ENSP00000262457	0	0	0	0	0.060	0.129	0	0.436	0.498
IFT172	NPHP4	9606.ENSP00000260570	9606.ENSP00000367398	0	0	0	0	0.088	0	0	0.481	0.506
IFT172	WDPCP	9606.ENSP00000260570	9606.ENSP00000272321	0	0	0	0	0.056	0	0	0.508	0.515
IFT172	SPEF2	9606.ENSP00000260570	9606.ENSP00000348314	0	0	0	0	0.074	0	0	0.503	0.520
IFT172	KIAA0556	9606.ENSP00000260570	9606.ENSP00000261588	0	0	0	0	0.055	0.356	0	0.300	0.538
IFT172	KLC2	9606.ENSP00000260570	9606.ENSP00000399403	0	0	0	0	0.049	0.164	0	0.467	0.539
IFT172	MKS1	9606.ENSP00000260570	9606.ENSP00000376827	0	0	0	0	0.109	0	0	0.508	0.543
IFT172	NPHP3	9606.ENSP00000260570	9606.ENSP00000338766	0	0	0	0	0.056	0.164	0	0.476	0.550
IFT172	KIF7	9606.ENSP00000260570	9606.ENSP00000377934	0	0	0	0	0.049	0.065	0	0.537	0.552
IFT172	INTU	9606.ENSP00000260570	9606.ENSP00000334003	0	0	0	0	0.055	0.190	0	0.501	0.585
IFT172	TMEM67	9606.ENSP00000260570	9606.ENSP00000389998	0	0	0	0	0.095	0	0	0.570	0.594
IFT172	WHRN	9606.ENSP00000260570	9606.ENSP00000354623	0	0	0	0	0.049	0.291	0	0.446	0.594
IFT172	TTC8	9606.ENSP00000260570	9606.ENSP00000482306	0	0	0	0	0.082	0.164	0	0.544	0.619
IFT172	TTC21A	9606.ENSP00000260570	9606.ENSP00000398211	0	0	0	0	0.166	0	0.540	0.098	0.624
IFT172	RPGRIP1L	9606.ENSP00000260570	9606.ENSP00000493946	0	0	0	0	0.073	0	0	0.621	0.634
IFT172	TCTN2	9606.ENSP00000260570	9606.ENSP00000304941	0	0	0	0	0.140	0.291	0	0.453	0.637
IFT172	WDR60	9606.ENSP00000260570	9606.ENSP00000384290	0	0	0	0	0.048	0	0	0.680	0.683
IFT172	WDR34	9606.ENSP00000260570	9606.ENSP00000361800	0	0	0	0	0.105	0	0	0.682	0.703
IFT172	VANGL2	9606.ENSP00000260570	9606.ENSP00000357040	0	0	0	0	0.043	0	0	0.726	0.726
IFT172	SUFU	9606.ENSP00000260570	9606.ENSP00000358918	0	0.368	0	0	0.049	0	0.400	0.459	0.779
IFT172	WDR35	9606.ENSP00000260570	9606.ENSP00000314444	0	0	0	0	0.060	0	0.540	0.760	0.887
IFT172	WDR19	9606.ENSP00000260570	9606.ENSP00000382717	0	0	0	0	0.192	0	0.540	0.840	0.935
IFT172	TTC26	9606.ENSP00000260570	9606.ENSP00000419279	0	0	0	0	0.067	0.702	0.800	0.830	0.989
IFT172	IFT74	9606.ENSP00000260570	9606.ENSP00000404122	0	0	0	0	0.049	0.475	0.800	0.940	0.993
IFT172	IFT52	9606.ENSP00000260570	9606.ENSP00000362121	0	0	0	0	0.049	0.677	0.800	0.970	0.997
IFT172	IFT80	9606.ENSP00000260570	9606.ENSP00000312778	0	0	0	0.552	0.251	0.877	0.800	0.986	0.999
IFT172	IFT57	9606.ENSP00000260570	9606.ENSP00000264538	0	0	0	0	0.112	0.959	0.800	0.987	0.999
IFT172	TRAF3IP1	9606.ENSP00000260570	9606.ENSP00000362424	0	0	0	0	0.082	0.819	0.800	0.984	0.999
IFT43	ZMYND10	9606.ENSP00000238628	9606.ENSP00000231749	0	0	0	0	0.061	0.465	0	0.320	0.628
IFT43	TCTN3	9606.ENSP00000238628	9606.ENSP00000483364	0	0	0	0	0.095	0	0	0.369	0.404
IFT43	TMEM67	9606.ENSP00000238628	9606.ENSP00000389998	0	0	0	0	0.056	0	0	0.397	0.406
IFT43	RPGRIP1L	9606.ENSP00000238628	9606.ENSP00000493946	0	0	0	0	0.049	0	0	0.401	0.406
IFT43	WDPCP	9606.ENSP00000238628	9606.ENSP00000272321	0	0	0	0	0.044	0	0	0.418	0.420
IFT43	TCTN1	9606.ENSP00000238628	9606.ENSP00000380779	0	0	0	0	0.149	0	0	0.425	0.490
IFT43	TTC21A	9606.ENSP00000238628	9606.ENSP00000398211	0	0	0	0	0.060	0	0.540	0.237	0.641
IFT43	WDR60	9606.ENSP00000238628	9606.ENSP00000384290	0	0	0	0	0.062	0	0	0.649	0.656
IFT43	INTU	9606.ENSP00000238628	9606.ENSP00000334003	0	0	0	0	0.063	0	0	0.671	0.679
IFT43	WDR34	9606.ENSP00000238628	9606.ENSP00000361800	0	0	0	0	0.080	0	0	0.742	0.753
IFT43	TTC26	9606.ENSP00000238628	9606.ENSP00000419279	0	0	0	0	0.056	0	0.540	0.586	0.804
IFT43	IFT74	9606.ENSP00000238628	9606.ENSP00000404122	0	0	0	0	0.060	0	0.540	0.655	0.838
IFT43	TRAF3IP1	9606.ENSP00000238628	9606.ENSP00000362424	0	0	0	0	0.056	0	0.540	0.659	0.839
IFT43	IFT81	9606.ENSP00000238628	9606.ENSP00000242591	0	0	0	0	0.049	0	0.540	0.673	0.844
IFT43	IFT57	9606.ENSP00000238628	9606.ENSP00000264538	0	0	0	0	0.060	0	0.540	0.691	0.855
IFT43	IFT52	9606.ENSP00000238628	9606.ENSP00000362121	0	0	0	0	0.060	0	0.540	0.790	0.901
IFT43	IFT80	9606.ENSP00000238628	9606.ENSP00000312778	0	0	0	0	0.056	0	0.540	0.814	0.912
IFT43	WDR19	9606.ENSP00000238628	9606.ENSP00000382717	0	0	0	0	0.088	0.959	0.900	0.996	0.999
IFT43	TTC21B	9606.ENSP00000238628	9606.ENSP00000243344	0	0	0	0	0	0.981	0.900	0.996	0.999
IFT43	WDR35	9606.ENSP00000238628	9606.ENSP00000314444	0	0	0	0	0.056	0.982	0.900	0.996	0.999
IFT52	IFT81	9606.ENSP00000362121	9606.ENSP00000242591	0	0	0	0	0.056	0.902	0.800	0.993	0.999
IFT52	TTC21B	9606.ENSP00000362121	9606.ENSP00000243344	0	0	0	0	0	0	0.540	0.802	0.905
IFT52	KIAA0556	9606.ENSP00000362121	9606.ENSP00000261588	0	0	0	0	0	0.354	0	0.136	0.418
IFT52	IFT57	9606.ENSP00000362121	9606.ENSP00000264538	0	0	0	0	0.101	0.954	0.800	0.997	0.999
IFT52	SCLT1	9606.ENSP00000362121	9606.ENSP00000281142	0	0	0	0	0	0	0	0.476	0.476
IFT52	TCTN2	9606.ENSP00000362121	9606.ENSP00000304941	0	0	0	0	0.049	0.245	0	0.292	0.447
IFT52	IFT80	9606.ENSP00000362121	9606.ENSP00000312778	0	0	0	0	0.049	0.775	0.800	0.982	0.999
IFT52	WDR35	9606.ENSP00000362121	9606.ENSP00000314444	0	0	0	0	0.068	0	0.540	0.776	0.895
IFT52	INTU	9606.ENSP00000362121	9606.ENSP00000334003	0	0	0	0	0	0.178	0	0.398	0.484
IFT52	NPHP3	9606.ENSP00000362121	9606.ENSP00000338766	0	0	0	0	0	0.260	0	0.307	0.465
IFT52	SUFU	9606.ENSP00000362121	9606.ENSP00000358918	0	0	0	0	0.060	0	0.400	0.360	0.607
IFT52	WDR34	9606.ENSP00000362121	9606.ENSP00000361800	0	0	0	0	0.042	0	0	0.527	0.528
IFT52	KIF7	9606.ENSP00000362121	9606.ENSP00000377934	0	0	0	0	0	0	0	0.402	0.402
IFT52	TMEM67	9606.ENSP00000362121	9606.ENSP00000389998	0	0	0	0	0.056	0	0	0.397	0.407
IFT52	RPGRIP1L	9606.ENSP00000362121	9606.ENSP00000493946	0	0	0	0	0.110	0	0	0.409	0.452
IFT52	TTC8	9606.ENSP00000362121	9606.ENSP00000482306	0	0	0	0	0.044	0.260	0	0.303	0.464
IFT52	NPHP4	9606.ENSP00000362121	9606.ENSP00000367398	0	0	0	0	0.042	0	0	0.515	0.515
IFT52	WDR60	9606.ENSP00000362121	9606.ENSP00000384290	0	0	0	0	0	0	0	0.526	0.526
IFT52	TTC21A	9606.ENSP00000362121	9606.ENSP00000398211	0	0	0	0	0	0.292	0.540	0.171	0.706
IFT52	WDR19	9606.ENSP00000362121	9606.ENSP00000382717	0	0	0.260	0	0.060	0	0.540	0.815	0.933
IFT52	TRAF3IP1	9606.ENSP00000362121	9606.ENSP00000362424	0	0	0	0	0.042	0.631	0.800	0.961	0.996
IFT52	TTC26	9606.ENSP00000362121	9606.ENSP00000419279	0	0	0	0	0.106	0.902	0.800	0.896	0.997
IFT52	IFT74	9606.ENSP00000362121	9606.ENSP00000404122	0	0	0	0	0.049	0.847	0.800	0.994	0.999
IFT57	IFT81	9606.ENSP00000264538	9606.ENSP00000242591	0	0	0	0	0.093	0.935	0.800	0.979	0.999
IFT57	TTC21B	9606.ENSP00000264538	9606.ENSP00000243344	0	0	0.253	0	0.049	0	0.540	0.790	0.922
IFT57	TRPM4	9606.ENSP00000264538	9606.ENSP00000252826	0	0	0	0	0	0.400	0	0.057	0.410
IFT57	TMEM231	9606.ENSP00000264538	9606.ENSP00000258173	0	0	0	0	0.061	0	0	0.437	0.448
IFT57	MRPS23	9606.ENSP00000264538	9606.ENSP00000320184	0	0	0	0	0	0	0	0.407	0.407
IFT57	SCLT1	9606.ENSP00000264538	9606.ENSP00000281142	0	0	0	0	0.044	0.089	0	0.378	0.411
IFT57	NPHP4	9606.ENSP00000264538	9606.ENSP00000367398	0	0	0	0	0.088	0	0	0.388	0.418
IFT57	WDR60	9606.ENSP00000264538	9606.ENSP00000384290	0	0	0	0	0.061	0	0	0.414	0.427
IFT57	TTC8	9606.ENSP00000264538	9606.ENSP00000482306	0	0	0	0	0.049	0.191	0	0.331	0.440
IFT57	RPGRIP1L	9606.ENSP00000264538	9606.ENSP00000493946	0	0	0	0	0.048	0	0	0.443	0.447
IFT57	NPHP3	9606.ENSP00000264538	9606.ENSP00000338766	0	0	0	0	0.056	0.191	0	0.335	0.448
IFT57	TMEM216	9606.ENSP00000264538	9606.ENSP00000334844	0	0	0	0	0	0	0	0.454	0.454
IFT57	TMEM67	9606.ENSP00000264538	9606.ENSP00000389998	0	0	0	0	0.054	0	0	0.471	0.478
IFT57	SYNE1	9606.ENSP00000264538	9606.ENSP00000356224	0	0	0	0	0.042	0.492	0	0	0.492
IFT57	TCTN2	9606.ENSP00000264538	9606.ENSP00000304941	0	0	0	0	0.042	0.292	0	0.312	0.493
IFT57	WDR34	9606.ENSP00000264538	9606.ENSP00000361800	0	0	0	0	0.087	0	0	0.469	0.494
IFT57	SUFU	9606.ENSP00000264538	9606.ENSP00000358918	0	0	0	0	0	0	0.400	0.274	0.545
IFT57	TTC21A	9606.ENSP00000264538	9606.ENSP00000398211	0	0	0.253	0	0.042	0	0.540	0.085	0.658
IFT57	WDR35	9606.ENSP00000264538	9606.ENSP00000314444	0	0	0	0	0.062	0	0.540	0.716	0.867
IFT57	WDR19	9606.ENSP00000264538	9606.ENSP00000382717	0	0	0	0	0.095	0	0.540	0.743	0.883
IFT57	TTC26	9606.ENSP00000264538	9606.ENSP00000419279	0	0	0	0	0.047	0.804	0.800	0.883	0.995
IFT57	IFT74	9606.ENSP00000264538	9606.ENSP00000404122	0	0	0	0	0.099	0.794	0.800	0.972	0.998
IFT57	TRAF3IP1	9606.ENSP00000264538	9606.ENSP00000362424	0	0	0	0	0.049	0.959	0.800	0.995	0.999
IFT57	IFT80	9606.ENSP00000264538	9606.ENSP00000312778	0	0	0	0	0.146	0.909	0.800	0.995	0.999
IFT74	TARDBP	9606.ENSP00000404122	9606.ENSP00000240185	0	0	0	0	0.044	0.071	0	0.631	0.644
IFT74	IFT81	9606.ENSP00000404122	9606.ENSP00000242591	0	0	0.207	0	0.177	0.902	0.800	0.997	0.999
IFT74	TTC21B	9606.ENSP00000404122	9606.ENSP00000243344	0	0	0	0	0.111	0.061	0.540	0.857	0.938
IFT74	KNSTRN	9606.ENSP00000404122	9606.ENSP00000249776	0	0	0	0	0	0.461	0	0	0.461
IFT74	WDPCP	9606.ENSP00000404122	9606.ENSP00000272321	0	0	0	0	0.047	0	0	0.420	0.423
IFT74	IFT80	9606.ENSP00000404122	9606.ENSP00000312778	0	0	0	0	0.062	0.475	0.800	0.963	0.995
IFT74	WDR35	9606.ENSP00000404122	9606.ENSP00000314444	0	0	0	0	0.110	0	0.540	0.623	0.832
IFT74	WDR34	9606.ENSP00000404122	9606.ENSP00000361800	0	0	0	0	0.048	0	0	0.429	0.434
IFT74	TRAF3IP1	9606.ENSP00000404122	9606.ENSP00000362424	0	0	0	0	0.074	0.267	0.800	0.972	0.995
IFT74	LCA5	9606.ENSP00000404122	9606.ENSP00000376686	0	0	0	0	0.082	0.297	0	0.256	0.478
IFT74	WDR19	9606.ENSP00000404122	9606.ENSP00000382717	0	0	0	0	0.107	0	0.540	0.652	0.844
IFT74	RPGRIP1	9606.ENSP00000404122	9606.ENSP00000382895	0	0	0	0	0	0.089	0	0.465	0.492
IFT74	TMEM67	9606.ENSP00000404122	9606.ENSP00000389998	0	0	0	0	0.156	0	0	0.372	0.447
IFT74	TTC21A	9606.ENSP00000404122	9606.ENSP00000398211	0	0	0	0	0.081	0.061	0.540	0.418	0.738
IFT74	TTC8	9606.ENSP00000404122	9606.ENSP00000482306	0	0	0	0	0.127	0.106	0	0.396	0.487
IFT74	RPGRIP1L	9606.ENSP00000404122	9606.ENSP00000493946	0	0	0	0	0.105	0.089	0	0.577	0.625
IFT74	TTC26	9606.ENSP00000404122	9606.ENSP00000419279	0	0	0	0	0.092	0.475	0.800	0.858	0.984
IFT80	IFT81	9606.ENSP00000312778	9606.ENSP00000242591	0	0	0	0	0.244	0.702	0.800	0.963	0.998
IFT80	TTC21B	9606.ENSP00000312778	9606.ENSP00000243344	0	0	0	0	0.253	0.143	0.540	0.778	0.925
IFT80	INVS	9606.ENSP00000312778	9606.ENSP00000262457	0	0	0	0	0.146	0.129	0	0.293	0.429
IFT80	WDPCP	9606.ENSP00000312778	9606.ENSP00000272321	0	0	0	0	0.102	0.116	0	0.386	0.470
IFT80	TCTN2	9606.ENSP00000312778	9606.ENSP00000304941	0	0	0	0	0.100	0.281	0	0.402	0.579
IFT80	MKS1	9606.ENSP00000312778	9606.ENSP00000376827	0	0	0	0	0.075	0	0	0.408	0.429
IFT80	INTU	9606.ENSP00000312778	9606.ENSP00000334003	0	0	0	0	0.056	0	0	0.440	0.449
IFT80	TMEM216	9606.ENSP00000312778	9606.ENSP00000334844	0	0	0	0	0	0.050	0	0.470	0.475
IFT80	RPGRIP1L	9606.ENSP00000312778	9606.ENSP00000493946	0	0	0	0	0.085	0.091	0	0.424	0.479
IFT80	NPHP3	9606.ENSP00000312778	9606.ENSP00000338766	0	0	0	0	0.151	0.129	0	0.361	0.487
IFT80	LCA5	9606.ENSP00000312778	9606.ENSP00000376686	0	0	0	0	0.117	0.292	0	0.284	0.513
IFT80	TMEM67	9606.ENSP00000312778	9606.ENSP00000389998	0	0	0	0	0.259	0	0	0.408	0.543
IFT80	TTC8	9606.ENSP00000312778	9606.ENSP00000482306	0	0	0	0	0.238	0.129	0	0.390	0.560
IFT80	TTC21A	9606.ENSP00000312778	9606.ENSP00000398211	0	0	0	0	0	0.143	0.540	0.180	0.648
IFT80	WDR60	9606.ENSP00000312778	9606.ENSP00000384290	0	0	0	0	0.051	0	0	0.674	0.678
IFT80	WDR34	9606.ENSP00000312778	9606.ENSP00000361800	0	0	0	0	0.045	0	0	0.689	0.690
IFT80	WDR19	9606.ENSP00000312778	9606.ENSP00000382717	0	0	0	0	0.198	0.310	0.540	0.845	0.955
IFT80	WDR35	9606.ENSP00000312778	9606.ENSP00000314444	0	0	0.365	0	0.166	0.310	0.540	0.810	0.962
IFT80	TTC26	9606.ENSP00000312778	9606.ENSP00000419279	0	0	0	0	0.147	0.708	0.800	0.833	0.990
IFT80	TRAF3IP1	9606.ENSP00000312778	9606.ENSP00000362424	0	0	0	0	0.060	0.832	0.800	0.987	0.999
IFT81	TTC8	9606.ENSP00000242591	9606.ENSP00000482306	0	0	0	0	0.174	0.215	0	0.186	0.426
IFT81	WDR34	9606.ENSP00000242591	9606.ENSP00000361800	0	0	0	0	0.043	0	0	0.435	0.436
IFT81	LCA5	9606.ENSP00000242591	9606.ENSP00000376686	0	0	0	0	0.098	0.292	0	0.192	0.439
IFT81	INVS	9606.ENSP00000242591	9606.ENSP00000262457	0	0	0	0	0.044	0.250	0	0.281	0.440
IFT81	NPHP4	9606.ENSP00000242591	9606.ENSP00000367398	0	0	0	0	0.047	0	0	0.468	0.471
IFT81	TMEM67	9606.ENSP00000242591	9606.ENSP00000389998	0	0	0	0	0.337	0	0	0.244	0.477
IFT81	INTU	9606.ENSP00000242591	9606.ENSP00000334003	0	0	0	0	0.079	0.145	0	0.409	0.494
IFT81	WDR60	9606.ENSP00000242591	9606.ENSP00000384290	0	0	0	0	0.082	0	0	0.474	0.496
IFT81	KIAA0556	9606.ENSP00000242591	9606.ENSP00000261588	0	0	0	0	0.042	0.446	0	0.226	0.553
IFT81	TTC21A	9606.ENSP00000242591	9606.ENSP00000398211	0	0	0	0	0.047	0	0.540	0.422	0.724
IFT81	WDR35	9606.ENSP00000242591	9606.ENSP00000314444	0	0	0	0	0.122	0	0.540	0.651	0.846
IFT81	WDR19	9606.ENSP00000242591	9606.ENSP00000382717	0	0	0	0	0.100	0	0.540	0.767	0.895
IFT81	TTC21B	9606.ENSP00000242591	9606.ENSP00000243344	0	0	0	0	0.056	0	0.540	0.869	0.938
IFT81	TTC26	9606.ENSP00000242591	9606.ENSP00000419279	0	0	0	0	0.203	0.708	0.800	0.874	0.993
IFT81	TRAF3IP1	9606.ENSP00000242591	9606.ENSP00000362424	0	0	0	0	0.060	0.785	0.800	0.942	0.997
IL17F	TBX21	9606.ENSP00000337432	9606.ENSP00000177694	0	0	0	0	0.047	0	0	0.842	0.843
IL17F	IL17RA	9606.ENSP00000337432	9606.ENSP00000320936	0	0	0	0	0	0.905	0.900	0.999	0.999
IL17F	IL23R	9606.ENSP00000337432	9606.ENSP00000321345	0	0	0	0	0.156	0	0	0.914	0.924
IL17F	TLR7	9606.ENSP00000337432	9606.ENSP00000370034	0	0	0	0	0.102	0	0	0.371	0.411
IL17F	NLRP5	9606.ENSP00000337432	9606.ENSP00000375063	0	0	0	0	0.056	0	0	0.443	0.452
IL17F	IL21	9606.ENSP00000337432	9606.ENSP00000497915	0	0	0	0	0.142	0	0	0.432	0.492
IL17F	IL21R	9606.ENSP00000337432	9606.ENSP00000338010	0	0	0	0	0.108	0	0	0.498	0.533
IL17RA	TBX21	9606.ENSP00000320936	9606.ENSP00000177694	0	0	0	0	0.086	0	0	0.479	0.503
IL17RA	NOD2	9606.ENSP00000320936	9606.ENSP00000300589	0	0	0	0	0.157	0	0	0.348	0.427
IL17RA	SPRY4	9606.ENSP00000320936	9606.ENSP00000344967	0	0	0	0	0	0	0	0.424	0.424
IL17RA	IRAK4	9606.ENSP00000320936	9606.ENSP00000479889	0	0	0	0	0.150	0.066	0	0.437	0.514
IL17RA	IL21R	9606.ENSP00000320936	9606.ENSP00000338010	0	0	0	0	0.062	0	0	0.642	0.650
IL17RA	IL23R	9606.ENSP00000320936	9606.ENSP00000321345	0	0	0	0	0	0	0	0.756	0.756
IL21	TBX21	9606.ENSP00000497915	9606.ENSP00000177694	0	0	0	0	0.113	0	0	0.460	0.501
IL21	IL23R	9606.ENSP00000497915	9606.ENSP00000321345	0	0	0	0	0.113	0	0.650	0.340	0.777
IL21	IL21R	9606.ENSP00000497915	9606.ENSP00000338010	0	0	0.315	0	0.121	0.900	0.900	0.993	0.999
IL21R	TBX21	9606.ENSP00000338010	9606.ENSP00000177694	0	0	0	0	0.215	0	0	0.587	0.662
IL21R	TNFRSF13B	9606.ENSP00000338010	9606.ENSP00000261652	0	0	0	0	0.074	0	0	0.493	0.511
IL21R	IL23R	9606.ENSP00000338010	9606.ENSP00000321345	0	0	0	0	0.107	0	0	0.574	0.604
IL23R	TBX21	9606.ENSP00000321345	9606.ENSP00000177694	0	0	0	0	0.056	0	0	0.816	0.818
IL23R	NOD2	9606.ENSP00000321345	9606.ENSP00000300589	0	0	0	0	0.086	0	0	0.905	0.909
IL23R	LACC1	9606.ENSP00000321345	9606.ENSP00000391747	0	0	0	0	0	0	0	0.400	0.400
IL23R	PTPN22	9606.ENSP00000321345	9606.ENSP00000352833	0	0	0.238	0	0.101	0	0	0.573	0.681
IL37	NLRP3	9606.ENSP00000263326	9606.ENSP00000337383	0	0	0	0	0	0	0	0.435	0.435
IL37	PTPN23	9606.ENSP00000263326	9606.ENSP00000265562	0	0	0	0	0	0	0.500	0	0.499
IL37	IRAK4	9606.ENSP00000263326	9606.ENSP00000479889	0	0	0	0	0.046	0	0	0.498	0.501
IL37	TBK1	9606.ENSP00000263326	9606.ENSP00000329967	0	0	0	0	0.052	0	0.500	0.118	0.545
INF2	SBF2	9606.ENSP00000376410	9606.ENSP00000256190	0	0	0	0	0	0.164	0	0.376	0.456
INF2	LRSAM1	9606.ENSP00000376410	9606.ENSP00000322937	0	0	0	0	0.067	0.088	0	0.419	0.462
INF2	SMARCAL1	9606.ENSP00000376410	9606.ENSP00000349823	0	0	0	0	0.049	0.107	0	0.483	0.523
INF2	KIRREL1	9606.ENSP00000376410	9606.ENSP00000352138	0	0	0	0	0.056	0.067	0	0.397	0.423
INF2	PDSS2	9606.ENSP00000376410	9606.ENSP00000358033	0	0	0	0	0.049	0.046	0	0.540	0.546
INF2	PLCE1	9606.ENSP00000376410	9606.ENSP00000360431	0	0	0	0	0	0	0	0.920	0.920
INF2	PACS2	9606.ENSP00000376410	9606.ENSP00000393559	0	0	0	0	0.125	0	0	0.367	0.423
INF2	WDR73	9606.ENSP00000376410	9606.ENSP00000387982	0	0	0	0	0	0.054	0	0.473	0.480
INF2	MIEF2	9606.ENSP00000376410	9606.ENSP00000379057	0	0	0	0	0.057	0	0	0.606	0.612
INPP5E	PLCZ1	9606.ENSP00000360777	9606.ENSP00000266505	0	0	0	0	0	0	0.650	0.071	0.660
INPP5E	SCLT1	9606.ENSP00000360777	9606.ENSP00000281142	0	0	0	0	0	0	0.098	0.401	0.437
INPP5E	PLCB1	9606.ENSP00000360777	9606.ENSP00000338185	0	0	0	0	0.083	0	0.650	0.115	0.691
INPP5E	PLCH1	9606.ENSP00000360777	9606.ENSP00000345988	0	0	0	0	0	0	0.650	0.071	0.660
INPP5E	VPS13B	9606.ENSP00000360777	9606.ENSP00000351346	0	0	0	0	0	0	0	0.457	0.457
INPP5E	PLCE1	9606.ENSP00000360777	9606.ENSP00000360431	0	0	0	0	0	0	0.650	0.071	0.660
INPP5E	RPGRIP1L	9606.ENSP00000360777	9606.ENSP00000493946	0	0	0	0	0.049	0	0	0.408	0.413
INPP5E	NPHP4	9606.ENSP00000360777	9606.ENSP00000367398	0	0	0	0	0.252	0	0	0.372	0.510
INPP5E	PIP5K1C	9606.ENSP00000360777	9606.ENSP00000466363	0	0	0	0	0.138	0	0.900	0.350	0.939
INPP5K	PLCZ1	9606.ENSP00000413937	9606.ENSP00000266505	0	0	0	0	0	0	0.650	0.106	0.673
INPP5K	PHYKPL	9606.ENSP00000413937	9606.ENSP00000310978	0	0	0	0	0.067	0	0	0.473	0.488
INPP5K	PLCB1	9606.ENSP00000413937	9606.ENSP00000338185	0	0	0	0	0.051	0	0.650	0.043	0.654
INPP5K	PLCH1	9606.ENSP00000413937	9606.ENSP00000345988	0	0	0	0	0	0	0.650	0.106	0.673
INPP5K	PLCE1	9606.ENSP00000413937	9606.ENSP00000360431	0	0	0	0	0	0	0.650	0.330	0.755
INTS1	PTCD3	9606.ENSP00000385722	9606.ENSP00000254630	0	0	0.236	0	0.047	0	0	0.282	0.431
INTS1	ZNF687	9606.ENSP00000385722	9606.ENSP00000319829	0	0	0	0	0.118	0.994	0	0	0.994
INTS1	TSEN54	9606.ENSP00000385722	9606.ENSP00000327487	0	0	0	0	0.049	0	0	0.406	0.411
INTS1	RTEL1	9606.ENSP00000385722	9606.ENSP00000353332	0	0	0	0	0.497	0	0	0.081	0.517
INTS1	TOE1	9606.ENSP00000385722	9606.ENSP00000361162	0	0	0	0	0.079	0	0	0.428	0.451
INTU	TTC21B	9606.ENSP00000334003	9606.ENSP00000243344	0	0	0	0	0.049	0.143	0	0.452	0.514
INTU	WDPCP	9606.ENSP00000334003	9606.ENSP00000272321	0	0	0	0	0.288	0.922	0	0.893	0.993
INTU	WDR35	9606.ENSP00000334003	9606.ENSP00000314444	0	0	0	0	0.079	0.310	0	0.493	0.649
INTU	WDR34	9606.ENSP00000334003	9606.ENSP00000361800	0	0	0	0	0	0	0	0.444	0.444
INTU	WDR60	9606.ENSP00000334003	9606.ENSP00000384290	0	0	0	0	0.058	0	0	0.442	0.452
INTU	SUFU	9606.ENSP00000334003	9606.ENSP00000358918	0	0	0	0	0	0	0.400	0.164	0.476
INTU	RAB23	9606.ENSP00000334003	9606.ENSP00000417610	0	0	0	0	0.057	0.071	0	0.537	0.559
INTU	PRICKLE1	9606.ENSP00000334003	9606.ENSP00000345064	0	0	0	0	0.044	0.063	0	0.571	0.582
INTU	WDR19	9606.ENSP00000334003	9606.ENSP00000382717	0	0	0	0	0.068	0.310	0	0.519	0.664
INTU	VANGL2	9606.ENSP00000334003	9606.ENSP00000357040	0	0	0	0	0.060	0.068	0	0.663	0.679
INTU	NPHP4	9606.ENSP00000334003	9606.ENSP00000367398	0	0	0	0	0.073	0.292	0	0.593	0.710
INVS	NEK9	9606.ENSP00000262457	9606.ENSP00000238616	0	0	0	0	0.053	0.050	0	0.927	0.929
INVS	TTC21B	9606.ENSP00000262457	9606.ENSP00000243344	0	0	0	0	0.152	0.061	0	0.554	0.614
INVS	TCTN3	9606.ENSP00000262457	9606.ENSP00000483364	0	0	0	0	0.049	0	0	0.398	0.404
INVS	TMEM237	9606.ENSP00000262457	9606.ENSP00000386264	0	0	0	0	0.049	0.098	0	0.365	0.407
INVS	NUP160	9606.ENSP00000262457	9606.ENSP00000367721	0	0	0	0	0.049	0	0	0.413	0.417
INVS	TUBB	9606.ENSP00000262457	9606.ENSP00000339001	0	0	0	0	0.055	0.127	0	0.357	0.423
INVS	WDR19	9606.ENSP00000262457	9606.ENSP00000382717	0	0	0	0	0.049	0	0	0.431	0.436
INVS	XPNPEP3	9606.ENSP00000262457	9606.ENSP00000349658	0	0	0	0	0.047	0.063	0	0.430	0.446
INVS	TMEM216	9606.ENSP00000262457	9606.ENSP00000334844	0	0	0	0	0	0	0	0.486	0.486
INVS	TCTN2	9606.ENSP00000262457	9606.ENSP00000304941	0	0	0	0	0	0.099	0	0.455	0.488
INVS	NIN	9606.ENSP00000262457	9606.ENSP00000371472	0	0	0	0	0.067	0.093	0	0.447	0.491
INVS	VANGL1	9606.ENSP00000262457	9606.ENSP00000347672	0	0	0	0	0.060	0.104	0	0.471	0.515
INVS	TCTN1	9606.ENSP00000262457	9606.ENSP00000380779	0	0	0	0	0	0	0	0.542	0.542
INVS	MKS1	9606.ENSP00000262457	9606.ENSP00000376827	0	0	0	0	0.060	0.053	0	0.553	0.567
INVS	PRICKLE1	9606.ENSP00000262457	9606.ENSP00000345064	0	0	0	0	0.049	0.096	0	0.595	0.621
INVS	VANGL2	9606.ENSP00000262457	9606.ENSP00000357040	0	0	0	0	0	0.104	0	0.594	0.621
INVS	TMEM67	9606.ENSP00000262457	9606.ENSP00000389998	0	0	0	0	0.042	0	0	0.634	0.635
INVS	RPGRIP1L	9606.ENSP00000262457	9606.ENSP00000493946	0	0	0	0	0.048	0	0	0.748	0.750
INVS	NEK8	9606.ENSP00000262457	9606.ENSP00000268766	0	0	0	0	0	0.154	0	0.946	0.952
INVS	NPHP4	9606.ENSP00000262457	9606.ENSP00000367398	0	0	0	0	0.074	0.141	0	0.952	0.959
INVS	NPHP3	9606.ENSP00000262457	9606.ENSP00000338766	0	0	0	0	0.059	0.106	0	0.972	0.974
IRAK4	UNC93B1	9606.ENSP00000479889	9606.ENSP00000227471	0	0	0	0	0.042	0	0	0.613	0.614
IRAK4	TICAM1	9606.ENSP00000479889	9606.ENSP00000248244	0	0	0	0	0.104	0.092	0.900	0.536	0.957
IRAK4	TNFRSF13B	9606.ENSP00000479889	9606.ENSP00000261652	0	0	0	0	0	0.301	0	0.323	0.506
IRAK4	NOD2	9606.ENSP00000479889	9606.ENSP00000300589	0	0	0	0	0.113	0	0	0.448	0.489
IRAK4	TLR8	9606.ENSP00000479889	9606.ENSP00000312082	0	0	0	0	0.124	0.100	0	0.907	0.921
IRAK4	NLRP3	9606.ENSP00000479889	9606.ENSP00000337383	0	0	0	0	0	0.101	0	0.437	0.472
IRAK4	PIDD1	9606.ENSP00000479889	9606.ENSP00000337797	0	0	0	0	0	0.166	0	0.333	0.420
IRAK4	TAB2	9606.ENSP00000479889	9606.ENSP00000356426	0	0	0	0	0.049	0.086	0.900	0.828	0.983
IRAK4	TLR7	9606.ENSP00000479889	9606.ENSP00000370034	0	0	0	0	0.093	0.100	0.500	0.920	0.963
IRF2BP2	IRF2BPL	9606.ENSP00000355568	9606.ENSP00000238647	0	0	0	0.896	0.064	0.636	0	0.432	0.790
IRF2BP2	TBL1XR1	9606.ENSP00000355568	9606.ENSP00000405574	0	0	0	0	0.056	0	0	0.399	0.408
ITCH	NOD2	9606.ENSP00000499786	9606.ENSP00000300589	0	0	0	0	0	0	0.400	0.262	0.538
ITCH	WDR48	9606.ENSP00000499786	9606.ENSP00000307491	0	0	0	0	0.056	0.295	0	0.268	0.471
ITCH	MARVELD2	9606.ENSP00000499786	9606.ENSP00000323264	0	0	0	0	0	0.469	0	0.066	0.482
ITCH	RNF135	9606.ENSP00000499786	9606.ENSP00000328340	0	0	0	0	0	0.071	0.500	0.240	0.616
ITCH	OCLN	9606.ENSP00000499786	9606.ENSP00000347379	0	0	0	0	0	0.534	0	0.083	0.555
ITCH	SUFU	9606.ENSP00000499786	9606.ENSP00000358918	0	0	0	0	0	0.301	0.500	0.211	0.700
ITCH	MTO1	9606.ENSP00000499786	9606.ENSP00000402038	0	0	0	0	0.060	0	0	0.395	0.407
ITCH	WWOX	9606.ENSP00000499786	9606.ENSP00000457230	0	0	0	0.589	0	0.510	0	0.375	0.680
IYD	SECISBP2	9606.ENSP00000229447	9606.ENSP00000364965	0	0	0	0	0.067	0	0	0.457	0.472
IYD	MCEE	9606.ENSP00000229447	9606.ENSP00000244217	0.069	0	0	0	0.578	0	0	0.156	0.639
IYD	SUGCT	9606.ENSP00000229447	9606.ENSP00000486291	0	0	0	0	0.093	0	0.792	0.141	0.823
IYD	MMAB	9606.ENSP00000229447	9606.ENSP00000445920	0.120	0	0	0	0	0	0.809	0.121	0.839
JAGN1	USB1	9606.ENSP00000496942	9606.ENSP00000219281	0	0	0	0	0.049	0	0	0.400	0.405
JAGN1	SEC61A1	9606.ENSP00000496942	9606.ENSP00000243253	0	0	0	0	0.055	0.451	0	0.351	0.634
JAGN1	SBDS	9606.ENSP00000496942	9606.ENSP00000246868	0	0	0	0	0.053	0	0	0.459	0.465
JAGN1	VPS13B	9606.ENSP00000496942	9606.ENSP00000351346	0	0	0	0	0	0	0	0.501	0.501
JAGN1	LAMTOR2	9606.ENSP00000496942	9606.ENSP00000357288	0	0	0	0	0.075	0	0	0.440	0.460
JAM3	MARVELD2	9606.ENSP00000299106	9606.ENSP00000323264	0	0	0	0	0	0	0	0.448	0.448
JAM3	SPECC1L	9606.ENSP00000299106	9606.ENSP00000325785	0	0	0	0	0.042	0	0.540	0	0.540
JAM3	OCLN	9606.ENSP00000299106	9606.ENSP00000347379	0	0	0	0	0	0	0	0.731	0.731
JAZF1	PXK	9606.ENSP00000283928	9606.ENSP00000348472	0	0	0	0	0.067	0	0	0.432	0.447
JAZF1	SP6	9606.ENSP00000283928	9606.ENSP00000438209	0	0	0	0	0	0.045	0	0.475	0.477
JAZF1	SLC30A8	9606.ENSP00000283928	9606.ENSP00000415011	0	0	0	0	0	0	0	0.696	0.696
JAZF1	SUZ12	9606.ENSP00000283928	9606.ENSP00000316578	0	0	0	0	0	0.292	0	0.912	0.935
JMJD1C	KDM4B	9606.ENSP00000382204	9606.ENSP00000159111	0	0	0	0	0.049	0	0	0.952	0.952
JMJD1C	KDM6B	9606.ENSP00000382204	9606.ENSP00000254846	0	0	0	0	0.110	0	0	0.520	0.555
JMJD1C	KMT2C	9606.ENSP00000382204	9606.ENSP00000262189	0	0	0	0	0.273	0	0	0.547	0.657
JMJD1C	KMT2E	9606.ENSP00000382204	9606.ENSP00000312379	0	0	0	0	0.414	0	0	0.303	0.574
JMJD1C	RNF168	9606.ENSP00000382204	9606.ENSP00000320898	0	0	0	0	0	0.292	0	0.222	0.425
JMJD1C	VPS13D	9606.ENSP00000382204	9606.ENSP00000478104	0	0	0.393	0	0.071	0	0	0	0.412
JMJD1C	KDM1A	9606.ENSP00000382204	9606.ENSP00000383042	0	0	0	0	0.049	0	0	0.482	0.486
JMJD1C	SETD2	9606.ENSP00000382204	9606.ENSP00000386759	0	0	0	0	0.251	0	0	0.359	0.499
JPH1	JPH3	9606.ENSP00000344488	9606.ENSP00000284262	0	0	0.068	0.938	0.084	0	0.540	0.098	0.598
JPH3	VPS13A	9606.ENSP00000284262	9606.ENSP00000353422	0	0	0	0	0	0	0	0.827	0.827
KAT6B	KMT2E	9606.ENSP00000287239	9606.ENSP00000312379	0	0	0	0	0.174	0.126	0	0.254	0.414
KAT6B	YEATS2	9606.ENSP00000287239	9606.ENSP00000306983	0	0	0	0	0	0.218	0	0.340	0.462
KAT6B	PBRM1	9606.ENSP00000287239	9606.ENSP00000386593	0	0	0	0	0.118	0.104	0	0.375	0.463
KAT6B	NSD1	9606.ENSP00000287239	9606.ENSP00000395929	0	0	0	0	0.128	0.094	0	0.396	0.482
KAT6B	SETD2	9606.ENSP00000287239	9606.ENSP00000386759	0	0	0	0	0.167	0.095	0	0.427	0.530
KAT8	YEATS2	9606.ENSP00000406037	9606.ENSP00000306983	0	0	0	0	0.049	0.350	0.540	0.186	0.738
KAT8	PRPF31	9606.ENSP00000406037	9606.ENSP00000324122	0	0	0	0	0.062	0	0.900	0	0.902
KAT8	LAS1L	9606.ENSP00000406037	9606.ENSP00000363944	0	0	0	0	0.067	0	0.900	0	0.902
KAT8	SIN3A	9606.ENSP00000406037	9606.ENSP00000378402	0	0	0	0	0.102	0.052	0	0.509	0.546
KAT8	SETD1B	9606.ENSP00000406037	9606.ENSP00000474253	0	0.016	0	0	0.128	0.364	0	0.284	0.569
KCNK18	KCNK4	9606.ENSP00000334650	9606.ENSP00000402797	0	0	0	0.581	0.109	0	0.500	0.390	0.704
KCNK18	KCNK9	9606.ENSP00000334650	9606.ENSP00000498198	0	0	0	0.598	0.092	0	0.500	0.441	0.724
KCNK4	TRPV4	9606.ENSP00000402797	9606.ENSP00000406191	0	0	0	0	0.044	0	0	0.582	0.583
KCNK4	PIEZO2	9606.ENSP00000402797	9606.ENSP00000421377	0	0	0	0	0.057	0	0	0.623	0.629
KCNK4	KCNK9	9606.ENSP00000402797	9606.ENSP00000498198	0	0	0	0.687	0.187	0	0.500	0.351	0.713
KCNK9	NALCN	9606.ENSP00000498198	9606.ENSP00000251127	0	0	0	0	0.138	0	0	0.373	0.437
KCNK9	TRAPPC9	9606.ENSP00000498198	9606.ENSP00000373979	0	0	0	0	0.082	0	0	0.560	0.579
KCNK9	MAGEL2	9606.ENSP00000498198	9606.ENSP00000497810	0	0	0	0	0.067	0	0	0.388	0.404
KCNT1	PLCB1	9606.ENSP00000360822	9606.ENSP00000338185	0	0	0	0	0.090	0	0	0.472	0.499
KCNT1	PMPCA	9606.ENSP00000360822	9606.ENSP00000360782	0	0	0	0	0	0.071	0	0.391	0.410
KCNT1	KCNU1	9606.ENSP00000360822	9606.ENSP00000382770	0	0	0	0.564	0.074	0	0	0.402	0.423
KCNT1	SOHLH1	9606.ENSP00000360822	9606.ENSP00000404438	0	0	0	0	0.191	0	0	0.373	0.471
KCNT1	PRRT2	9606.ENSP00000360822	9606.ENSP00000456226	0	0	0	0	0.109	0	0	0.604	0.632
KCNT1	PCDH19	9606.ENSP00000360822	9606.ENSP00000362125	0	0	0	0	0.063	0	0	0.654	0.662
KDM1A	KDM4B	9606.ENSP00000383042	9606.ENSP00000159111	0	0	0	0	0.105	0.091	0	0.689	0.725
KDM1A	SALL4	9606.ENSP00000383042	9606.ENSP00000217086	0	0	0	0	0.060	0	0.500	0.545	0.767
KDM1A	KDM6B	9606.ENSP00000383042	9606.ENSP00000254846	0	0	0	0	0.089	0.075	0	0.706	0.731
KDM1A	PALB2	9606.ENSP00000383042	9606.ENSP00000261584	0	0	0	0	0.067	0	0.540	0.207	0.630
KDM1A	KMT2C	9606.ENSP00000383042	9606.ENSP00000262189	0	0	0	0	0.064	0	0	0.516	0.528
KDM1A	VPS33A	9606.ENSP00000383042	9606.ENSP00000267199	0	0.759	0	0	0.047	0	0	0	0.761
KDM1A	ZNF750	9606.ENSP00000383042	9606.ENSP00000269394	0	0	0	0	0	0	0	0.672	0.672
KDM1A	PRDM16	9606.ENSP00000383042	9606.ENSP00000270722	0	0	0	0	0	0.049	0.900	0.294	0.926
KDM1A	KMT5B	9606.ENSP00000383042	9606.ENSP00000305899	0	0	0	0	0.049	0	0	0.454	0.458
KDM1A	KMT2E	9606.ENSP00000383042	9606.ENSP00000312379	0	0	0	0	0	0	0	0.410	0.410
KDM1A	SUZ12	9606.ENSP00000383042	9606.ENSP00000316578	0	0	0	0	0.049	0	0.500	0.761	0.876
KDM1A	RNF168	9606.ENSP00000383042	9606.ENSP00000320898	0	0	0	0	0	0.510	0	0.247	0.615
KDM1A	KDM3B	9606.ENSP00000383042	9606.ENSP00000326563	0	0	0	0	0.122	0	0	0.561	0.598
KDM1A	VPS33B	9606.ENSP00000383042	9606.ENSP00000327650	0	0.448	0	0	0.049	0	0	0	0.452
KDM1A	KPNA7	9606.ENSP00000383042	9606.ENSP00000330878	0	0	0	0	0	0.487	0	0.045	0.489
KDM1A	MLH3	9606.ENSP00000383042	9606.ENSP00000348020	0	0	0	0	0	0	0.540	0.045	0.541
KDM1A	NHEJ1	9606.ENSP00000383042	9606.ENSP00000349313	0	0	0	0	0.049	0	0.900	0	0.900
KDM1A	QRSL1	9606.ENSP00000383042	9606.ENSP00000358042	0.045	0	0	0	0.076	0	0.332	0.189	0.458
KDM1A	SIN3B	9606.ENSP00000383042	9606.ENSP00000369131	0	0	0	0	0.087	0	0	0.606	0.624
KDM1A	SIN3A	9606.ENSP00000383042	9606.ENSP00000378402	0	0	0	0	0.092	0.292	0	0.926	0.948
KDM1A	NDUFAF6	9606.ENSP00000383042	9606.ENSP00000379430	0	0	0	0	0.298	0	0.198	0.181	0.498
KDM1A	SOX6	9606.ENSP00000383042	9606.ENSP00000379644	0	0	0	0	0.046	0.074	0	0.480	0.500
KDM1A	TBL1XR1	9606.ENSP00000383042	9606.ENSP00000405574	0	0	0	0	0.099	0.305	0	0.167	0.433
KDM1A	NSD1	9606.ENSP00000383042	9606.ENSP00000395929	0	0	0	0	0.049	0.071	0	0.423	0.446
KDM1A	TET2	9606.ENSP00000383042	9606.ENSP00000442788	0	0	0	0	0	0	0	0.490	0.490
KDM1A	SETD1B	9606.ENSP00000383042	9606.ENSP00000474253	0	0	0	0	0.049	0.073	0	0.509	0.529
KDM1A	SETD2	9606.ENSP00000383042	9606.ENSP00000386759	0	0	0	0	0.118	0.079	0	0.520	0.576
KDM1A	PHF21A	9606.ENSP00000383042	9606.ENSP00000398824	0	0	0	0	0.047	0.846	0.900	0.993	0.999
KDM3B	KDM4B	9606.ENSP00000326563	9606.ENSP00000159111	0	0	0	0	0.109	0	0	0.714	0.734
KDM3B	KDM6B	9606.ENSP00000326563	9606.ENSP00000254846	0	0	0	0	0.061	0	0	0.544	0.554
KDM3B	KMT2E	9606.ENSP00000326563	9606.ENSP00000312379	0	0	0	0	0.163	0	0	0.375	0.455
KDM3B	SIN3A	9606.ENSP00000326563	9606.ENSP00000378402	0	0	0	0	0.404	0	0	0.103	0.442
KDM3B	SETD2	9606.ENSP00000326563	9606.ENSP00000386759	0	0	0	0	0.222	0	0	0.376	0.494
KDM3B	NSD1	9606.ENSP00000326563	9606.ENSP00000395929	0	0	0	0	0.270	0	0	0.341	0.498
KDM4B	MYT1L	9606.ENSP00000159111	9606.ENSP00000497479	0	0	0	0	0.074	0	0	0.379	0.401
KDM4B	NSD1	9606.ENSP00000159111	9606.ENSP00000395929	0	0	0	0	0.060	0	0	0.418	0.430
KDM4B	SETD2	9606.ENSP00000159111	9606.ENSP00000386759	0	0	0	0	0.049	0	0	0.497	0.501
KDM4B	KMT2C	9606.ENSP00000159111	9606.ENSP00000262189	0	0	0	0	0.049	0.292	0	0.341	0.517
KDM4B	RNF168	9606.ENSP00000159111	9606.ENSP00000320898	0	0	0	0	0	0	0.500	0.289	0.629
KDM4B	KDM6B	9606.ENSP00000159111	9606.ENSP00000254846	0	0	0	0	0.101	0.070	0	0.733	0.758
KDM6B	TBX21	9606.ENSP00000254846	9606.ENSP00000177694	0	0	0	0	0.067	0.046	0	0.922	0.925
KDM6B	SEC61A1	9606.ENSP00000254846	9606.ENSP00000243253	0.046	0	0	0	0.401	0.064	0	0.191	0.509
KDM6B	MRPS7	9606.ENSP00000254846	9606.ENSP00000245539	0.042	0	0	0	0.392	0.067	0	0.214	0.515
KDM6B	SIN3A	9606.ENSP00000254846	9606.ENSP00000378402	0	0	0	0	0.073	0.143	0	0.309	0.404
KDM6B	WDFY3	9606.ENSP00000254846	9606.ENSP00000295888	0	0	0	0	0.073	0.045	0	0.390	0.413
KDM6B	PRMT7	9606.ENSP00000254846	9606.ENSP00000343103	0	0	0	0	0	0.283	0	0.252	0.441
KDM6B	MED13L	9606.ENSP00000254846	9606.ENSP00000281928	0	0	0	0	0.126	0	0	0.398	0.452
KDM6B	KMT5B	9606.ENSP00000254846	9606.ENSP00000305899	0	0	0	0	0.093	0	0	0.432	0.463
KDM6B	TET2	9606.ENSP00000254846	9606.ENSP00000442788	0	0	0	0	0.090	0	0	0.445	0.473
KDM6B	SIL1	9606.ENSP00000254846	9606.ENSP00000265195	0.045	0	0	0	0.398	0.071	0	0.204	0.518
KDM6B	POLR1A	9606.ENSP00000254846	9606.ENSP00000263857	0.049	0	0	0	0.400	0	0	0.225	0.519
KDM6B	TNRC6A	9606.ENSP00000254846	9606.ENSP00000379144	0	0	0	0	0.069	0	0.500	0.051	0.520
KDM6B	TNRC6B	9606.ENSP00000254846	9606.ENSP00000401946	0	0	0	0	0.056	0.063	0.500	0.073	0.535
KDM6B	NSD1	9606.ENSP00000254846	9606.ENSP00000395929	0	0	0	0	0.054	0.269	0	0.417	0.562
KDM6B	POLR1B	9606.ENSP00000254846	9606.ENSP00000444136	0.042	0	0	0	0.396	0.137	0	0.248	0.574
KDM6B	KMT2E	9606.ENSP00000254846	9606.ENSP00000312379	0	0	0	0	0.139	0.310	0	0.430	0.632
KDM6B	SETD2	9606.ENSP00000254846	9606.ENSP00000386759	0	0	0	0	0.121	0.269	0	0.488	0.642
KDM6B	SETD1B	9606.ENSP00000254846	9606.ENSP00000474253	0	0	0	0	0.152	0.269	0	0.475	0.646
KDM6B	KMT2C	9606.ENSP00000254846	9606.ENSP00000262189	0	0	0	0	0.116	0.129	0.540	0.681	0.872
KDM6B	SUZ12	9606.ENSP00000254846	9606.ENSP00000316578	0	0	0	0	0.057	0.181	0.500	0.769	0.899
KHDC3L	TLE6	9606.ENSP00000359392	9606.ENSP00000246112	0	0	0	0	0	0.292	0.900	0.916	0.993
KHDC3L	TUBB8	9606.ENSP00000359392	9606.ENSP00000456206	0	0	0	0	0.067	0	0	0.413	0.429
KHDC3L	LYRM4	9606.ENSP00000359392	9606.ENSP00000443900	0	0	0	0	0	0.499	0	0.195	0.579
KHDC3L	ZFP57	9606.ENSP00000359392	9606.ENSP00000418259	0	0	0	0	0.091	0.045	0	0.587	0.611
KHDC3L	NLRP2	9606.ENSP00000359392	9606.ENSP00000445135	0	0	0	0	0	0	0	0.805	0.805
KHDC3L	PADI6	9606.ENSP00000359392	9606.ENSP00000483125	0	0	0	0	0.072	0	0	0.824	0.829
KHDC3L	NLRP7	9606.ENSP00000359392	9606.ENSP00000467123	0	0	0	0	0.061	0	0	0.918	0.919
KHDC3L	NLRP5	9606.ENSP00000359392	9606.ENSP00000375063	0	0	0	0	0.062	0.294	0.900	0.911	0.993
KIAA0319L	PXK	9606.ENSP00000318406	9606.ENSP00000348472	0	0	0	0	0.042	0	0	0.446	0.446
KIAA0556	TRAF3IP1	9606.ENSP00000261588	9606.ENSP00000362424	0	0	0	0	0.042	0.355	0	0.193	0.458
KIAA0556	TMEM67	9606.ENSP00000261588	9606.ENSP00000389998	0	0	0	0	0.049	0	0	0.490	0.495
KIAA0556	TTC26	9606.ENSP00000261588	9606.ENSP00000419279	0	0	0	0	0.056	0.356	0	0.290	0.531
KIAA0556	KIF7	9606.ENSP00000261588	9606.ENSP00000377934	0	0	0	0	0	0.057	0	0.554	0.561
KIDINS220	TUBGCP6	9606.ENSP00000256707	9606.ENSP00000248846	0	0	0	0	0.047	0.102	0	0.362	0.406
KIDINS220	STEAP3	9606.ENSP00000256707	9606.ENSP00000376822	0	0	0	0	0	0	0	0.405	0.405
KIDINS220	KLC2	9606.ENSP00000256707	9606.ENSP00000399403	0	0	0	0	0.052	0.106	0	0.375	0.424
KIF12	RINT1	9606.ENSP00000363232	9606.ENSP00000257700	0	0	0	0	0	0	0.500	0.064	0.512
KIF12	KIF1B	9606.ENSP00000363232	9606.ENSP00000263934	0	0	0	0.663	0	0	0.540	0.151	0.593
KIF12	NBAS	9606.ENSP00000363232	9606.ENSP00000281513	0	0	0	0	0	0	0.500	0.045	0.502
KIF12	KIF15	9606.ENSP00000363232	9606.ENSP00000324020	0	0	0	0.650	0	0	0.540	0.155	0.594
KIF12	KIF21A	9606.ENSP00000363232	9606.ENSP00000354878	0	0	0	0.665	0.071	0	0.540	0.174	0.616
KIF12	MMADHC	9606.ENSP00000363232	9606.ENSP00000389060	0	0	0	0	0	0.414	0	0	0.414
KIF12	RACGAP1	9606.ENSP00000363232	9606.ENSP00000404190	0	0	0	0	0	0	0.400	0.079	0.423
KIF12	KIF4A	9606.ENSP00000363232	9606.ENSP00000363524	0	0	0	0.668	0.071	0	0.400	0.177	0.501
KIF12	KLC2	9606.ENSP00000363232	9606.ENSP00000399403	0	0	0	0	0	0	0.540	0.154	0.594
KIF12	KIF7	9606.ENSP00000363232	9606.ENSP00000377934	0	0	0	0.712	0	0	0.540	0.155	0.595
KIF15	NCAPH	9606.ENSP00000324020	9606.ENSP00000240423	0	0	0	0	0.803	0	0	0.474	0.892
KIF15	RINT1	9606.ENSP00000324020	9606.ENSP00000257700	0	0	0	0	0.073	0	0.500	0	0.516
KIF15	KIF1B	9606.ENSP00000324020	9606.ENSP00000263934	0	0	0	0.594	0.068	0	0.540	0.247	0.649
KIF15	NBAS	9606.ENSP00000324020	9606.ENSP00000281513	0	0	0	0	0.042	0	0.500	0.045	0.502
KIF15	POC1A	9606.ENSP00000324020	9606.ENSP00000296484	0	0	0	0	0.376	0.098	0	0	0.413
KIF15	LMNB2	9606.ENSP00000324020	9606.ENSP00000327054	0	0	0	0	0.270	0.046	0	0.366	0.521
KIF15	NCAPG2	9606.ENSP00000324020	9606.ENSP00000387007	0	0	0	0	0.490	0	0	0.180	0.563
KIF15	UBE2T	9606.ENSP00000324020	9606.ENSP00000494957	0	0	0	0	0.479	0	0	0.197	0.564
KIF15	KIF7	9606.ENSP00000324020	9606.ENSP00000377934	0	0	0	0.588	0.072	0	0.540	0.165	0.612
KIF15	KNL1	9606.ENSP00000324020	9606.ENSP00000335463	0	0	0	0	0.468	0	0	0.313	0.619
KIF15	KIF21A	9606.ENSP00000324020	9606.ENSP00000354878	0	0	0	0.594	0.201	0	0.540	0.183	0.673
KIF15	KLC2	9606.ENSP00000324020	9606.ENSP00000399403	0	0	0	0	0.042	0	0.720	0.196	0.765
KIF15	RACGAP1	9606.ENSP00000324020	9606.ENSP00000404190	0	0	0	0	0.507	0	0.400	0.411	0.810
KIF15	KIF4A	9606.ENSP00000324020	9606.ENSP00000363524	0	0	0	0.630	0.811	0	0.400	0.327	0.917
KIF1B	SBF2	9606.ENSP00000263934	9606.ENSP00000256190	0	0	0	0	0.098	0	0	0.399	0.434
KIF1B	RINT1	9606.ENSP00000263934	9606.ENSP00000257700	0	0	0	0	0.049	0	0.500	0.064	0.516
KIF1B	TMEM127	9606.ENSP00000263934	9606.ENSP00000258439	0	0	0	0	0.083	0	0	0.866	0.871
KIF1B	RACGAP1	9606.ENSP00000263934	9606.ENSP00000404190	0	0	0	0	0.043	0	0.400	0.086	0.429
KIF1B	NBAS	9606.ENSP00000263934	9606.ENSP00000281513	0	0	0	0	0.050	0	0.500	0	0.504
KIF1B	KIF4A	9606.ENSP00000263934	9606.ENSP00000363524	0	0	0	0.623	0.055	0.062	0.400	0.201	0.519
KIF1B	SDHAF2	9606.ENSP00000263934	9606.ENSP00000301761	0	0	0	0	0	0	0	0.582	0.582
KIF1B	KIF7	9606.ENSP00000263934	9606.ENSP00000377934	0	0	0	0.585	0.055	0	0.540	0.135	0.591
KIF1B	KIF21A	9606.ENSP00000263934	9606.ENSP00000354878	0	0	0	0.571	0.096	0.062	0.540	0.226	0.658
KIF1B	KLC2	9606.ENSP00000263934	9606.ENSP00000399403	0	0	0	0	0.049	0	0.540	0.480	0.752
KIF21A	SALL4	9606.ENSP00000354878	9606.ENSP00000217086	0	0	0	0	0.067	0	0	0.425	0.440
KIF21A	RINT1	9606.ENSP00000354878	9606.ENSP00000257700	0	0	0	0	0.049	0	0.500	0	0.504
KIF21A	TUBB2B	9606.ENSP00000354878	9606.ENSP00000259818	0	0	0	0	0.125	0	0	0.457	0.505
KIF21A	NBAS	9606.ENSP00000354878	9606.ENSP00000281513	0	0	0	0	0.047	0	0.500	0	0.503
KIF21A	ROBO3	9606.ENSP00000354878	9606.ENSP00000380903	0	0	0	0	0	0	0	0.445	0.445
KIF21A	KIF4A	9606.ENSP00000354878	9606.ENSP00000363524	0	0	0	0.716	0.044	0	0.400	0.209	0.506
KIF21A	RACGAP1	9606.ENSP00000354878	9606.ENSP00000404190	0	0	0	0	0.315	0	0.400	0.116	0.605
KIF21A	KIF7	9606.ENSP00000354878	9606.ENSP00000377934	0	0	0	0.650	0.127	0	0.540	0.217	0.658
KIF21A	KLC2	9606.ENSP00000354878	9606.ENSP00000399403	0	0	0	0	0.047	0	0.540	0.316	0.673
KIF4A	NCAPH	9606.ENSP00000363524	9606.ENSP00000240423	0	0	0	0	0.836	0.190	0	0.622	0.945
KIF4A	KNSTRN	9606.ENSP00000363524	9606.ENSP00000249776	0	0	0	0	0.382	0	0	0.153	0.454
KIF4A	RINT1	9606.ENSP00000363524	9606.ENSP00000257700	0	0	0	0	0.049	0	0.500	0	0.504
KIF4A	NBAS	9606.ENSP00000363524	9606.ENSP00000281513	0	0	0	0	0.042	0	0.500	0	0.500
KIF4A	POC1A	9606.ENSP00000363524	9606.ENSP00000296484	0	0	0	0	0.407	0	0	0.063	0.420
KIF4A	KNL1	9606.ENSP00000363524	9606.ENSP00000335463	0	0	0	0	0.375	0	0	0.369	0.588
KIF4A	KLC2	9606.ENSP00000363524	9606.ENSP00000399403	0	0	0	0	0.042	0	0.400	0.200	0.500
KIF4A	NCAPD3	9606.ENSP00000363524	9606.ENSP00000433681	0	0	0	0	0.326	0	0	0.398	0.578
KIF4A	UBE2T	9606.ENSP00000363524	9606.ENSP00000494957	0	0	0	0	0.387	0.070	0	0.510	0.696
KIF4A	NCAPG2	9606.ENSP00000363524	9606.ENSP00000387007	0	0	0	0	0.714	0	0	0.322	0.798
KIF4A	RACGAP1	9606.ENSP00000363524	9606.ENSP00000404190	0	0	0	0	0.620	0	0.400	0.624	0.907
KIF7	TTC21B	9606.ENSP00000377934	9606.ENSP00000243344	0	0	0	0	0.059	0	0	0.489	0.499
KIF7	TMEM231	9606.ENSP00000377934	9606.ENSP00000258173	0	0	0	0	0.044	0	0	0.523	0.524
KIF7	TUBB2B	9606.ENSP00000377934	9606.ENSP00000259818	0	0	0	0	0.073	0.907	0	0.139	0.919
KIF7	TMEM138	9606.ENSP00000377934	9606.ENSP00000278826	0	0	0	0	0	0	0	0.575	0.575
KIF7	STK36	9606.ENSP00000377934	9606.ENSP00000295709	0	0	0	0	0.160	0.610	0	0.542	0.837
KIF7	TCTN2	9606.ENSP00000377934	9606.ENSP00000304941	0	0	0	0	0	0	0	0.571	0.571
KIF7	TMEM216	9606.ENSP00000377934	9606.ENSP00000334844	0	0	0	0	0.056	0	0	0.575	0.581
KIF7	VANGL2	9606.ENSP00000377934	9606.ENSP00000357040	0	0	0	0	0.064	0	0	0.424	0.437
KIF7	SUFU	9606.ENSP00000377934	9606.ENSP00000358918	0	0	0	0	0.049	0.190	0.900	0.997	0.999
KIF7	NPHP4	9606.ENSP00000377934	9606.ENSP00000367398	0	0	0	0	0.062	0	0	0.414	0.427
KIF7	MKS1	9606.ENSP00000377934	9606.ENSP00000376827	0	0	0	0	0.056	0	0	0.444	0.453
KIF7	RAB23	9606.ENSP00000377934	9606.ENSP00000417610	0	0	0	0	0.074	0	0	0.384	0.405
KIF7	TCTN3	9606.ENSP00000377934	9606.ENSP00000483364	0	0	0	0	0	0	0	0.572	0.572
KIF7	KLC2	9606.ENSP00000377934	9606.ENSP00000399403	0	0	0	0	0.067	0	0.540	0.086	0.573
KIF7	TMEM237	9606.ENSP00000377934	9606.ENSP00000386264	0	0	0	0	0.062	0	0	0.576	0.585
KIF7	TMEM67	9606.ENSP00000377934	9606.ENSP00000389998	0	0	0	0	0	0	0	0.586	0.586
KIF7	RPGRIP1L	9606.ENSP00000377934	9606.ENSP00000493946	0	0	0	0	0	0	0	0.588	0.588
KIF7	TCTN1	9606.ENSP00000377934	9606.ENSP00000380779	0	0	0	0	0	0	0	0.603	0.603
KIRREL1	NLGN3	9606.ENSP00000352138	9606.ENSP00000351591	0	0	0	0	0.044	0.127	0	0.466	0.515
KISS1R	PROKR2	9606.ENSP00000234371	9606.ENSP00000217270	0	0	0	0.630	0.043	0	0.400	0.295	0.559
KISS1R	PLCB1	9606.ENSP00000234371	9606.ENSP00000338185	0	0	0	0	0	0.292	0.500	0.072	0.643
KISS1R	PROK2	9606.ENSP00000234371	9606.ENSP00000295619	0	0	0	0	0.060	0	0.500	0.841	0.918
KIZ	SCLT1	9606.ENSP00000479542	9606.ENSP00000281142	0	0	0	0	0	0.842	0	0.045	0.843
KIZ	NIN	9606.ENSP00000479542	9606.ENSP00000371472	0	0	0	0	0	0.169	0	0.322	0.413
KLC2	RINT1	9606.ENSP00000399403	9606.ENSP00000257700	0	0	0	0	0.060	0	0.500	0.092	0.536
KLC2	NBAS	9606.ENSP00000399403	9606.ENSP00000281513	0	0	0	0	0.055	0	0.500	0	0.507
KLC2	NCSTN	9606.ENSP00000399403	9606.ENSP00000294785	0	0	0	0	0.044	0	0	0.471	0.472
KLC2	SYNE4	9606.ENSP00000399403	9606.ENSP00000316130	0	0	0	0	0.045	0.329	0	0.582	0.709
KLC2	SYNE2	9606.ENSP00000399403	9606.ENSP00000350719	0	0	0	0	0.042	0	0	0.525	0.526
KLC2	SYNE1	9606.ENSP00000399403	9606.ENSP00000356224	0	0	0	0	0.042	0	0	0.517	0.517
KLC2	RACGAP1	9606.ENSP00000399403	9606.ENSP00000404190	0	0	0	0	0.058	0	0.400	0	0.411
KLC2	ZFYVE27	9606.ENSP00000399403	9606.ENSP00000409594	0	0	0	0	0.101	0	0	0.380	0.419
KLC2	MAPK8IP3	9606.ENSP00000399403	9606.ENSP00000481780	0	0	0	0	0.109	0.491	0	0.943	0.972
KLF13	KMT2C	9606.ENSP00000302456	9606.ENSP00000262189	0	0	0	0	0.044	0.055	0	0.454	0.464
KLF13	SIN3A	9606.ENSP00000302456	9606.ENSP00000378402	0	0	0	0	0.049	0.335	0	0.629	0.745
KLHL10	SEPTIN12	9606.ENSP00000293303	9606.ENSP00000268231	0	0	0	0	0.049	0	0	0.433	0.437
KLHL3	WNK4	9606.ENSP00000312397	9606.ENSP00000246914	0	0	0	0	0	0.874	0	0.912	0.988
KLHL3	RSPH3	9606.ENSP00000312397	9606.ENSP00000252655	0	0	0	0	0.063	0.514	0	0	0.525
KLHL3	WNK1	9606.ENSP00000312397	9606.ENSP00000341292	0	0	0	0	0	0.821	0	0.742	0.952
KMT2C	PALB2	9606.ENSP00000262189	9606.ENSP00000261584	0	0	0	0	0.062	0	0	0.393	0.407
KMT2C	NSD1	9606.ENSP00000262189	9606.ENSP00000395929	0	0	0	0.546	0.196	0	0	0.288	0.403
KMT2C	SETD5	9606.ENSP00000262189	9606.ENSP00000385852	0	0	0	0.547	0.272	0	0	0.232	0.417
KMT2C	MED13L	9606.ENSP00000262189	9606.ENSP00000281928	0	0	0	0	0.300	0	0	0.217	0.428
KMT2C	P4HTM	9606.ENSP00000262189	9606.ENSP00000341422	0	0	0	0	0	0	0	0.495	0.495
KMT2C	TNRC6B	9606.ENSP00000262189	9606.ENSP00000401946	0	0	0	0	0.164	0	0.400	0.118	0.519
KMT2C	SYNE1	9606.ENSP00000262189	9606.ENSP00000356224	0	0	0	0	0.072	0	0	0.509	0.525
KMT2C	KMT5B	9606.ENSP00000262189	9606.ENSP00000305899	0	0	0	0	0.105	0	0	0.508	0.541
KMT2C	SIN3B	9606.ENSP00000262189	9606.ENSP00000369131	0	0	0	0	0.093	0	0.500	0.101	0.557
KMT2C	RNF43	9606.ENSP00000262189	9606.ENSP00000463069	0	0	0	0	0.141	0.054	0	0.507	0.564
KMT2C	SPEN	9606.ENSP00000262189	9606.ENSP00000364912	0	0	0	0	0.296	0.071	0	0.432	0.596
KMT2C	TET2	9606.ENSP00000262189	9606.ENSP00000442788	0	0	0	0	0.239	0	0	0.522	0.621
KMT2C	SETD2	9606.ENSP00000262189	9606.ENSP00000386759	0	0	0	0.547	0.474	0	0	0.327	0.631
KMT2C	SIN3A	9606.ENSP00000262189	9606.ENSP00000378402	0	0	0	0	0.139	0	0.500	0.230	0.639
KMT2C	TNRC6A	9606.ENSP00000262189	9606.ENSP00000379144	0	0	0	0	0.211	0.292	0.400	0.055	0.641
KMT2C	SUZ12	9606.ENSP00000262189	9606.ENSP00000316578	0	0	0	0	0.057	0	0.500	0.368	0.676
KMT2C	PBRM1	9606.ENSP00000262189	9606.ENSP00000386593	0	0	0	0	0.207	0	0	0.610	0.677
KMT2C	KMT2E	9606.ENSP00000262189	9606.ENSP00000312379	0	0	0	0.546	0.427	0	0.400	0.339	0.753
KMT2C	SETD1B	9606.ENSP00000262189	9606.ENSP00000474253	0	0	0	0.552	0.142	0.319	0.400	0.940	0.976
KMT2E	KMT5B	9606.ENSP00000312379	9606.ENSP00000305899	0	0	0	0	0.083	0	0	0.461	0.485
KMT2E	TNRC6A	9606.ENSP00000312379	9606.ENSP00000379144	0	0	0	0	0.264	0	0.400	0	0.539
KMT2E	TNRC6B	9606.ENSP00000312379	9606.ENSP00000401946	0	0	0	0	0.329	0.089	0.400	0.045	0.602
KMT2E	SIN3B	9606.ENSP00000312379	9606.ENSP00000369131	0	0	0	0	0.043	0.277	0.500	0.084	0.640
KMT2E	SETD2	9606.ENSP00000312379	9606.ENSP00000386759	0	0	0	0.547	0.220	0.406	0	0.326	0.660
KMT2E	SETD5	9606.ENSP00000312379	9606.ENSP00000385852	0	0	0	0.747	0.228	0.110	0.540	0.168	0.702
KMT2E	TBL1XR1	9606.ENSP00000312379	9606.ENSP00000405574	0	0	0	0	0.056	0.622	0	0.328	0.739
KMT2E	SIN3A	9606.ENSP00000312379	9606.ENSP00000378402	0	0	0	0	0.102	0.466	0.500	0.236	0.792
KMT2E	SETD1B	9606.ENSP00000312379	9606.ENSP00000474253	0	0	0	0	0.083	0.115	0.400	0.693	0.830
KMT5B	MED13L	9606.ENSP00000305899	9606.ENSP00000281928	0	0	0	0	0.160	0	0	0.574	0.627
KMT5B	WDFY3	9606.ENSP00000305899	9606.ENSP00000295888	0	0	0	0	0.074	0	0	0.469	0.487
KMT5B	PRMT7	9606.ENSP00000305899	9606.ENSP00000343103	0	0	0	0	0.049	0	0	0.423	0.427
KMT5B	SETD1B	9606.ENSP00000305899	9606.ENSP00000474253	0	0	0	0	0.064	0	0	0.538	0.549
KMT5B	SETD5	9606.ENSP00000305899	9606.ENSP00000385852	0	0	0	0	0.131	0	0	0.512	0.558
KMT5B	NSD1	9606.ENSP00000305899	9606.ENSP00000395929	0	0	0	0	0.049	0	0	0.597	0.600
KMT5B	SETD2	9606.ENSP00000305899	9606.ENSP00000386759	0	0	0	0	0.125	0	0	0.664	0.693
KNL1	NCAPH	9606.ENSP00000335463	9606.ENSP00000240423	0	0	0	0	0.299	0	0	0.368	0.538
KNL1	KNSTRN	9606.ENSP00000335463	9606.ENSP00000249776	0	0	0	0	0.221	0	0	0.394	0.507
KNL1	ZNF335	9606.ENSP00000335463	9606.ENSP00000325326	0	0	0	0	0	0.069	0	0.575	0.587
KNL1	NCAPG2	9606.ENSP00000335463	9606.ENSP00000387007	0	0	0	0	0.297	0	0	0.204	0.417
KNL1	PSMC3IP	9606.ENSP00000335463	9606.ENSP00000377384	0	0	0	0	0.144	0.110	0	0.306	0.425
KNL1	NCAPD3	9606.ENSP00000335463	9606.ENSP00000433681	0	0	0	0	0.186	0	0	0.323	0.426
KNL1	RAD54B	9606.ENSP00000335463	9606.ENSP00000336606	0.042	0	0	0	0.176	0.297	0	0.175	0.481
KNL1	MCPH1	9606.ENSP00000335463	9606.ENSP00000342924	0	0	0	0	0	0.045	0	0.548	0.550
KNL1	RACGAP1	9606.ENSP00000335463	9606.ENSP00000404190	0	0	0	0	0.309	0	0	0.525	0.658
KNSTRN	NCAPH	9606.ENSP00000249776	9606.ENSP00000240423	0	0	0	0	0.321	0	0	0.215	0.444
KNSTRN	RACGAP1	9606.ENSP00000249776	9606.ENSP00000404190	0	0	0	0	0.582	0	0	0.107	0.610
KPNA7	TARDBP	9606.ENSP00000330878	9606.ENSP00000240185	0	0	0	0	0.060	0.412	0	0.080	0.447
KPNA7	TNPO2	9606.ENSP00000330878	9606.ENSP00000407182	0	0	0	0	0	0.078	0	0.472	0.492
KREMEN1	WNT3A	9606.ENSP00000331242	9606.ENSP00000284523	0	0	0	0	0.042	0	0.400	0.417	0.635
KREMEN1	SOST	9606.ENSP00000331242	9606.ENSP00000301691	0	0	0	0	0.056	0	0	0.441	0.450
KREMEN1	LARS1	9606.ENSP00000331242	9606.ENSP00000377954	0	0	0.408	0	0	0	0	0	0.408
KREMEN1	ZNRF3	9606.ENSP00000331242	9606.ENSP00000443824	0	0.206	0	0	0.049	0	0	0.566	0.644
KREMEN1	RSPO1	9606.ENSP00000331242	9606.ENSP00000348944	0	0	0	0	0.086	0	0	0.642	0.659
KRT6C	KRT74	9606.ENSP00000252250	9606.ENSP00000307240	0	0	0.058	0.952	0.067	0	0.400	0.050	0.432
KRT74	RSPO2	9606.ENSP00000307240	9606.ENSP00000276659	0	0	0	0	0	0	0	0.402	0.402
KRT74	LIPH	9606.ENSP00000307240	9606.ENSP00000296252	0	0	0	0	0	0	0	0.483	0.483
LACC1	TRNT1	9606.ENSP00000391747	9606.ENSP00000251607	0.119	0	0	0	0.147	0	0	0.336	0.457
LACC1	LRRK2	9606.ENSP00000391747	9606.ENSP00000298910	0	0	0	0	0.084	0	0	0.601	0.619
LACC1	NOD2	9606.ENSP00000391747	9606.ENSP00000300589	0	0	0	0	0.055	0	0	0.695	0.699
LACC1	SIN3A	9606.ENSP00000391747	9606.ENSP00000378402	0	0	0	0	0	0.614	0	0	0.614
LAMA1	NTNG2	9606.ENSP00000374309	9606.ENSP00000376921	0	0	0	0.626	0	0	0.540	0.079	0.558
LAMTOR2	SBDS	9606.ENSP00000357288	9606.ENSP00000246868	0	0	0	0	0.076	0	0	0.386	0.409
LAMTOR2	PRKAG2	9606.ENSP00000357288	9606.ENSP00000287878	0	0	0	0	0	0	0.500	0	0.499
LAMTOR2	VPS13B	9606.ENSP00000357288	9606.ENSP00000351346	0	0	0	0	0	0	0	0.476	0.476
LAMTOR2	NDUFA13	9606.ENSP00000357288	9606.ENSP00000423673	0	0	0	0	0.513	0	0	0	0.513
LAMTOR2	SZT2	9606.ENSP00000357288	9606.ENSP00000457168	0	0	0	0	0	0	0.500	0.270	0.619
LAMTOR2	RRAGD	9606.ENSP00000357288	9606.ENSP00000358423	0	0	0	0	0.049	0.711	0.650	0.595	0.955
LARS1	TRNT1	9606.ENSP00000377954	9606.ENSP00000251607	0	0	0	0	0.110	0	0	0.443	0.483
LARS1	POLR1A	9606.ENSP00000377954	9606.ENSP00000263857	0	0	0	0	0.382	0	0	0.281	0.537
LARS1	SLX4	9606.ENSP00000377954	9606.ENSP00000294008	0.095	0	0	0	0.341	0.105	0	0.348	0.605
LARS1	YARS2	9606.ENSP00000377954	9606.ENSP00000320658	0.061	0	0	0	0.212	0.127	0	0.846	0.887
LARS1	TRIT1	9606.ENSP00000377954	9606.ENSP00000321810	0.042	0	0	0	0.067	0	0	0.401	0.417
LARS1	RRAGD	9606.ENSP00000377954	9606.ENSP00000358423	0	0	0	0	0	0.292	0	0.960	0.970
LARS1	RARS2	9606.ENSP00000377954	9606.ENSP00000358549	0.061	0.004	0	0	0.258	0.099	0	0.986	0.990
LARS1	PNPT1	9606.ENSP00000377954	9606.ENSP00000400646	0.061	0	0	0	0.237	0	0	0.263	0.426
LARS1	POLR1B	9606.ENSP00000377954	9606.ENSP00000444136	0	0	0	0	0.330	0.125	0	0.240	0.516
LARS1	LARS2	9606.ENSP00000377954	9606.ENSP00000498867	0	0	0	0	0.105	0.087	0.900	0.403	0.944
LARS1	VARS2	9606.ENSP00000377954	9606.ENSP00000441000	0	0	0	0	0.626	0.104	0	0.875	0.954
LARS2	SHPK	9606.ENSP00000498867	9606.ENSP00000225519	0.054	0	0	0	0.618	0.106	0	0	0.648
LARS2	MRPS7	9606.ENSP00000498867	9606.ENSP00000245539	0	0	0	0	0.247	0.074	0	0.240	0.424
LARS2	TRNT1	9606.ENSP00000498867	9606.ENSP00000251607	0	0	0	0	0.110	0	0	0.550	0.583
LARS2	POLR1A	9606.ENSP00000498867	9606.ENSP00000263857	0	0	0	0	0.312	0	0	0.281	0.484
LARS2	SLX4	9606.ENSP00000498867	9606.ENSP00000294008	0.095	0	0	0	0.262	0.105	0	0.321	0.540
LARS2	TWNK	9606.ENSP00000498867	9606.ENSP00000309595	0	0	0	0	0.084	0	0	0.556	0.576
LARS2	YARS2	9606.ENSP00000498867	9606.ENSP00000320658	0.061	0	0	0	0.346	0.213	0	0.858	0.922
LARS2	TRIT1	9606.ENSP00000498867	9606.ENSP00000321810	0.042	0	0	0	0.118	0	0	0.469	0.512
LARS2	LMNB2	9606.ENSP00000498867	9606.ENSP00000327054	0	0	0	0	0.174	0	0	0.335	0.427
LARS2	RRAGD	9606.ENSP00000498867	9606.ENSP00000358423	0	0	0	0	0	0	0	0.921	0.921
LARS2	RARS2	9606.ENSP00000498867	9606.ENSP00000358549	0.061	0	0	0	0.250	0.099	0	0.987	0.990
LARS2	PUS1	9606.ENSP00000498867	9606.ENSP00000365837	0.061	0	0	0	0.088	0	0	0.484	0.520
LARS2	PNPT1	9606.ENSP00000498867	9606.ENSP00000400646	0.061	0	0	0	0.220	0	0	0.312	0.452
LARS2	MRPS22	9606.ENSP00000498867	9606.ENSP00000418008	0	0	0	0	0.158	0	0	0.450	0.517
LARS2	VARS2	9606.ENSP00000498867	9606.ENSP00000441000	0	0	0	0.552	0.625	0.094	0	0.568	0.840
LARS2	POLR1B	9606.ENSP00000498867	9606.ENSP00000444136	0	0	0	0	0.512	0.125	0	0.240	0.647
LARS2	TRMU	9606.ENSP00000498867	9606.ENSP00000496496	0.100	0	0	0	0.116	0.095	0	0.378	0.492
LAS1L	TSEN2	9606.ENSP00000363944	9606.ENSP00000284995	0	0	0	0	0.099	0	0.360	0.068	0.415
LAS1L	LRRK2	9606.ENSP00000363944	9606.ENSP00000298910	0	0	0	0	0	0.510	0	0	0.510
LAS1L	PRPF31	9606.ENSP00000363944	9606.ENSP00000324122	0	0	0	0	0.067	0	0.900	0	0.902
LAS1L	TSEN54	9606.ENSP00000363944	9606.ENSP00000327487	0	0	0	0	0.117	0	0.360	0.063	0.424
LAS1L	RLIM	9606.ENSP00000363944	9606.ENSP00000328059	0	0	0	0	0.108	0	0	0.403	0.445
LAS1L	POLR1B	9606.ENSP00000363944	9606.ENSP00000444136	0	0	0	0	0.362	0.094	0	0.054	0.405
LAS1L	PNPT1	9606.ENSP00000363944	9606.ENSP00000400646	0	0	0	0	0.116	0	0.360	0	0.410
LAS1L	TSR2	9606.ENSP00000363944	9606.ENSP00000364293	0	0	0	0	0.346	0	0	0.155	0.424
LAS1L	WDR36	9606.ENSP00000363944	9606.ENSP00000423067	0	0	0	0	0.149	0	0.500	0	0.556
LCA5	RAB33B	9606.ENSP00000376686	9606.ENSP00000306496	0	0	0	0	0.064	0.375	0	0.141	0.454
LCA5	PRPF31	9606.ENSP00000376686	9606.ENSP00000324122	0	0	0	0	0	0	0	0.447	0.447
LCA5	PCARE	9606.ENSP00000376686	9606.ENSP00000332809	0	0	0	0	0	0	0	0.463	0.463
LCA5	WHRN	9606.ENSP00000376686	9606.ENSP00000354623	0	0	0	0	0	0	0	0.617	0.617
LCA5	NMNAT1	9606.ENSP00000376686	9606.ENSP00000366410	0	0	0	0	0.044	0.099	0	0.474	0.507
LCA5	NPHP4	9606.ENSP00000376686	9606.ENSP00000367398	0	0	0	0	0	0	0	0.400	0.400
LCA5	NIN	9606.ENSP00000376686	9606.ENSP00000371472	0	0	0	0	0	0.128	0	0.601	0.637
LCA5	TRAPPC9	9606.ENSP00000376686	9606.ENSP00000373979	0	0	0	0	0	0.776	0	0.312	0.839
LCA5	TMEM237	9606.ENSP00000376686	9606.ENSP00000386264	0	0	0	0	0.060	0	0	0.396	0.407
LCA5	TTC8	9606.ENSP00000376686	9606.ENSP00000482306	0	0	0	0	0.064	0	0	0.396	0.410
LCA5	RPGRIP1L	9606.ENSP00000376686	9606.ENSP00000493946	0	0	0	0	0.070	0.089	0	0.600	0.631
LCA5	TRAPPC2L	9606.ENSP00000376686	9606.ENSP00000457728	0	0	0	0	0	0.785	0	0.304	0.843
LCA5	TRAPPC4	9606.ENSP00000376686	9606.ENSP00000436005	0	0	0	0	0.083	0.779	0	0.310	0.847
LCA5	SPATA7	9606.ENSP00000376686	9606.ENSP00000377176	0	0	0	0	0.144	0	0	0.868	0.883
LCA5	RPGRIP1	9606.ENSP00000376686	9606.ENSP00000382895	0	0	0	0	0	0	0	0.895	0.895
LDHD	MCEE	9606.ENSP00000300051	9606.ENSP00000244217	0	0	0	0	0.055	0	0.343	0.190	0.453
LDHD	YIPF5	9606.ENSP00000300051	9606.ENSP00000274496	0	0.402	0	0	0	0	0	0.219	0.513
LDHD	PMPCA	9606.ENSP00000300051	9606.ENSP00000360782	0	0	0	0	0	0	0.400	0.069	0.417
LDHD	PAM16	9606.ENSP00000300051	9606.ENSP00000315693	0	0	0	0	0	0	0.500	0	0.499
LDHD	TIMM22	9606.ENSP00000300051	9606.ENSP00000320236	0	0	0	0	0	0	0.500	0.065	0.512
LDHD	TIMM50	9606.ENSP00000300051	9606.ENSP00000445806	0	0	0	0	0	0.067	0.500	0	0.513
LDLRAP1	STN1	9606.ENSP00000363458	9606.ENSP00000224950	0	0	0	0	0.045	0.705	0	0.052	0.709
LDLRAP1	LMF1	9606.ENSP00000363458	9606.ENSP00000262301	0	0	0	0	0.042	0	0	0.512	0.513
LDLRAP1	PCSK9	9606.ENSP00000363458	9606.ENSP00000303208	0	0	0	0	0	0	0	0.808	0.808
LDLRAP1	PNPLA2	9606.ENSP00000363458	9606.ENSP00000337701	0	0	0	0	0.060	0	0	0.397	0.409
LDLRAP1	SYT2	9606.ENSP00000363458	9606.ENSP00000356237	0	0	0	0	0.049	0	0.500	0	0.504
LDLRAP1	SAR1B	9606.ENSP00000363458	9606.ENSP00000385432	0	0	0	0	0	0	0	0.435	0.435
LDLRAP1	MAPK8IP3	9606.ENSP00000363458	9606.ENSP00000481780	0	0	0	0	0.058	0.614	0	0	0.620
LEMD2	TUBB1	9606.ENSP00000293760	9606.ENSP00000217133	0	0	0	0	0	0.125	0.500	0.045	0.545
LEMD2	TUBB2B	9606.ENSP00000293760	9606.ENSP00000259818	0	0	0	0	0	0.125	0.500	0.045	0.545
LEMD2	LMNB2	9606.ENSP00000293760	9606.ENSP00000327054	0	0	0	0	0.068	0.067	0	0.438	0.468
LEMD2	TUBB6	9606.ENSP00000293760	9606.ENSP00000318697	0	0	0	0	0.042	0.125	0.500	0.045	0.546
LEMD2	TUBA8	9606.ENSP00000293760	9606.ENSP00000333326	0	0	0	0	0	0.127	0.500	0.046	0.547
LEMD2	TUBB8	9606.ENSP00000293760	9606.ENSP00000456206	0	0	0	0	0.044	0.125	0.500	0.045	0.547
LEMD2	LEMD3	9606.ENSP00000293760	9606.ENSP00000308369	0	0	0	0.745	0.113	0.046	0.400	0.232	0.558
LEMD3	NUP107	9606.ENSP00000308369	9606.ENSP00000229179	0	0	0	0	0.215	0	0	0.420	0.525
LEMD3	NUP133	9606.ENSP00000308369	9606.ENSP00000261396	0	0	0	0	0.156	0	0	0.330	0.410
LEMD3	NUP205	9606.ENSP00000308369	9606.ENSP00000285968	0	0	0	0	0.228	0	0	0.282	0.422
LEMD3	TOR1AIP1	9606.ENSP00000308369	9606.ENSP00000435365	0	0	0	0	0.107	0	0	0.359	0.403
LEMD3	PIGO	9606.ENSP00000308369	9606.ENSP00000367880	0	0	0	0	0.060	0	0	0.401	0.412
LEMD3	SYNE4	9606.ENSP00000308369	9606.ENSP00000316130	0	0	0	0	0	0.246	0	0.348	0.487
LEMD3	NUP160	9606.ENSP00000308369	9606.ENSP00000367721	0	0	0	0	0.130	0.325	0	0.238	0.514
LEMD3	PIGG	9606.ENSP00000308369	9606.ENSP00000415203	0	0	0	0	0.109	0	0	0.493	0.529
LEMD3	SYNE2	9606.ENSP00000308369	9606.ENSP00000350719	0	0	0	0	0.047	0	0	0.604	0.607
LEMD3	SYNE1	9606.ENSP00000308369	9606.ENSP00000356224	0	0	0	0	0.047	0	0	0.709	0.710
LEMD3	LMNB2	9606.ENSP00000308369	9606.ENSP00000327054	0	0	0	0	0.060	0.300	0	0.757	0.826
LEMD3	PIGN	9606.ENSP00000308369	9606.ENSP00000492233	0	0	0	0	0.074	0	0	0.957	0.958
LGI3	STX1B	9606.ENSP00000302297	9606.ENSP00000215095	0	0	0	0	0.141	0	0.500	0	0.552
LGR4	RSPO2	9606.ENSP00000368516	9606.ENSP00000276659	0	0	0	0	0.056	0.628	0.900	0.951	0.998
LGR4	WNT3A	9606.ENSP00000368516	9606.ENSP00000284523	0	0	0	0	0	0	0	0.580	0.580
LGR4	WNT4	9606.ENSP00000368516	9606.ENSP00000290167	0	0	0	0	0	0	0	0.430	0.430
LGR4	ZNF408	9606.ENSP00000368516	9606.ENSP00000309606	0	0	0	0	0	0.091	0	0.419	0.450
LGR4	RSPO1	9606.ENSP00000368516	9606.ENSP00000348944	0	0	0	0	0.056	0.977	0.900	0.996	0.999
LGR4	RNF43	9606.ENSP00000368516	9606.ENSP00000463069	0	0	0	0	0.044	0	0.500	0.986	0.992
LGR4	ZNRF3	9606.ENSP00000368516	9606.ENSP00000443824	0	0	0	0	0.074	0.782	0.500	0.994	0.999
LIN28B	SALL4	9606.ENSP00000344401	9606.ENSP00000217086	0	0	0	0	0.149	0	0	0.452	0.513
LIN28B	SBF2	9606.ENSP00000344401	9606.ENSP00000256190	0	0	0	0	0	0	0	0.649	0.649
LIN28B	TRIM71	9606.ENSP00000344401	9606.ENSP00000373272	0	0	0	0	0.329	0.360	0	0.475	0.754
LINGO1	WNK1	9606.ENSP00000347451	9606.ENSP00000341292	0	0	0	0	0	0.078	0	0.464	0.484
LINGO1	MYT1L	9606.ENSP00000347451	9606.ENSP00000497479	0	0	0	0	0.135	0	0	0.505	0.554
LMBRD1	MCEE	9606.ENSP00000497690	9606.ENSP00000244217	0	0	0	0	0.115	0	0	0.583	0.615
LMBRD1	MMACHC	9606.ENSP00000497690	9606.ENSP00000383840	0	0	0	0	0	0	0	0.972	0.972
LMBRD1	MMADHC	9606.ENSP00000497690	9606.ENSP00000389060	0	0	0	0	0.115	0	0	0.989	0.989
LMBRD1	MMAB	9606.ENSP00000497690	9606.ENSP00000445920	0	0	0	0	0	0	0	0.955	0.955
LMBRD1	MMAA	9606.ENSP00000497690	9606.ENSP00000497008	0	0	0	0	0.057	0	0	0.975	0.975
LMF1	PCSK9	9606.ENSP00000262301	9606.ENSP00000303208	0	0	0	0	0	0	0	0.419	0.418
LMF1	SAR1B	9606.ENSP00000262301	9606.ENSP00000385432	0	0	0	0	0	0	0	0.434	0.434
LMNB2	NUP107	9606.ENSP00000327054	9606.ENSP00000229179	0	0	0	0	0.108	0	0	0.390	0.433
LMNB2	NCAPH	9606.ENSP00000327054	9606.ENSP00000240423	0	0	0	0	0.223	0	0	0.369	0.489
LMNB2	NUP133	9606.ENSP00000327054	9606.ENSP00000261396	0	0	0	0	0.087	0	0	0.372	0.402
LMNB2	SEPTIN12	9606.ENSP00000327054	9606.ENSP00000268231	0	0	0	0	0.056	0	0	0.404	0.413
LMNB2	NUP205	9606.ENSP00000327054	9606.ENSP00000285968	0	0	0	0	0.224	0	0	0.598	0.674
LMNB2	LRRK2	9606.ENSP00000327054	9606.ENSP00000298910	0	0	0	0	0	0.515	0	0.047	0.518
LMNB2	TERB2	9606.ENSP00000327054	9606.ENSP00000340644	0	0	0	0	0	0	0	0.413	0.413
LMNB2	PHGDH	9606.ENSP00000327054	9606.ENSP00000493382	0	0	0	0	0.090	0	0	0.415	0.445
LMNB2	SIN3A	9606.ENSP00000327054	9606.ENSP00000378402	0	0	0	0	0.054	0	0	0.442	0.449
LMNB2	SYNE1	9606.ENSP00000327054	9606.ENSP00000356224	0	0	0	0	0.042	0.070	0	0.488	0.504
LMNB2	NCAPG2	9606.ENSP00000327054	9606.ENSP00000387007	0	0	0	0	0.232	0	0	0.410	0.527
LMNB2	NUP62	9606.ENSP00000327054	9606.ENSP00000471191	0	0	0	0	0.246	0	0	0.425	0.548
LMNB2	TOR1AIP1	9606.ENSP00000327054	9606.ENSP00000435365	0	0	0	0	0.044	0	0	0.555	0.556
LMNB2	SYNE2	9606.ENSP00000327054	9606.ENSP00000350719	0	0	0	0	0.042	0.070	0	0.545	0.559
LMOD1	SLC25A19	9606.ENSP00000356257	9606.ENSP00000385312	0	0	0	0	0	0	0	0.424	0.424
LPIN1	MLXIPL	9606.ENSP00000397908	9606.ENSP00000320886	0	0	0	0	0	0	0	0.475	0.475
LPIN1	PNPLA2	9606.ENSP00000397908	9606.ENSP00000337701	0	0	0	0	0	0	0.650	0.568	0.842
LPIN1	PLD3	9606.ENSP00000397908	9606.ENSP00000387050	0	0	0	0	0	0	0.650	0.077	0.663
LRIF1	SMCHD1	9606.ENSP00000358778	9606.ENSP00000326603	0	0	0	0	0.049	0.434	0	0.943	0.966
LRMDA	PRPF6	9606.ENSP00000480240	9606.ENSP00000266079	0	0	0	0	0	0.492	0	0	0.491
LRMDA	SLC45A2	9606.ENSP00000480240	9606.ENSP00000296589	0	0	0	0	0	0	0	0.704	0.704
LRMDA	SLC38A8	9606.ENSP00000480240	9606.ENSP00000299709	0	0	0	0	0	0	0	0.450	0.450
LRMDA	SNRNP200	9606.ENSP00000480240	9606.ENSP00000317123	0	0	0	0	0	0.773	0	0.210	0.813
LRMDA	PRPF31	9606.ENSP00000480240	9606.ENSP00000324122	0	0	0	0	0.121	0.418	0	0.051	0.472
LRMDA	SF3B1	9606.ENSP00000480240	9606.ENSP00000335321	0	0	0	0	0	0.756	0	0.274	0.815
LRMDA	RNPC3	9606.ENSP00000480240	9606.ENSP00000432886	0	0	0	0	0.055	0.397	0	0.066	0.421
LRRC56	ZMYND10	9606.ENSP00000270115	9606.ENSP00000231749	0	0	0	0	0.078	0.041	0	0.381	0.405
LRRC56	RSPH3	9606.ENSP00000270115	9606.ENSP00000252655	0	0	0	0	0.047	0.042	0	0.560	0.563
LRRC56	PIH1D3	9606.ENSP00000270115	9606.ENSP00000441930	0	0	0	0	0.047	0.045	0	0.451	0.457
LRRC56	SPEF2	9606.ENSP00000270115	9606.ENSP00000348314	0	0	0	0	0.056	0.094	0	0.429	0.469
LRRC8A	PANX1	9606.ENSP00000259324	9606.ENSP00000227638	0	0	0	0	0.047	0	0	0.470	0.473
LRRC8A	TRPV4	9606.ENSP00000259324	9606.ENSP00000406191	0	0	0	0	0	0	0	0.641	0.641
LRRK2	NUP107	9606.ENSP00000298910	9606.ENSP00000229179	0	0	0	0	0.051	0.510	0	0.048	0.518
LRRK2	NDUFS7	9606.ENSP00000298910	9606.ENSP00000233627	0	0	0	0	0	0.358	0.105	0.093	0.433
LRRK2	TARDBP	9606.ENSP00000298910	9606.ENSP00000240185	0	0	0	0	0.087	0.314	0	0.698	0.794
LRRK2	PTCD3	9606.ENSP00000298910	9606.ENSP00000254630	0	0	0	0	0	0.510	0	0	0.510
LRRK2	NUP133	9606.ENSP00000298910	9606.ENSP00000261396	0	0	0	0	0	0.609	0	0.047	0.611
LRRK2	PRPF6	9606.ENSP00000298910	9606.ENSP00000266079	0	0	0	0	0	0.510	0	0	0.510
LRRK2	RILPL1	9606.ENSP00000298910	9606.ENSP00000366070	0	0	0	0	0	0.071	0	0.390	0.409
LRRK2	MAPK8IP3	9606.ENSP00000298910	9606.ENSP00000481780	0	0	0	0	0.067	0.052	0	0.471	0.491
LRRK2	TOR1AIP1	9606.ENSP00000298910	9606.ENSP00000435365	0	0	0	0	0.056	0.510	0	0	0.517
LRRK2	SF3B1	9606.ENSP00000298910	9606.ENSP00000335321	0	0	0	0	0.057	0.510	0	0	0.518
LRRK2	NOD2	9606.ENSP00000298910	9606.ENSP00000300589	0	0	0	0	0.138	0	0	0.476	0.529
LRRK2	NUP160	9606.ENSP00000298910	9606.ENSP00000367721	0	0	0	0	0.042	0.513	0	0.116	0.552
LRRK2	VPS13C	9606.ENSP00000298910	9606.ENSP00000493560	0	0	0	0	0.072	0	0	0.604	0.617
LRRK2	TUBB6	9606.ENSP00000298910	9606.ENSP00000318697	0	0	0	0	0	0.522	0	0.483	0.742
LRRK2	TUBB	9606.ENSP00000298910	9606.ENSP00000339001	0	0	0	0	0	0.804	0	0.121	0.821
LRRK2	VPS35	9606.ENSP00000298910	9606.ENSP00000299138	0	0	0	0	0	0.331	0	0.862	0.904
LRRK2	PINK1	9606.ENSP00000298910	9606.ENSP00000364204	0	0	0	0	0.048	0.046	0	0.954	0.955
LRSAM1	SBF2	9606.ENSP00000322937	9606.ENSP00000256190	0	0	0	0	0.042	0	0	0.555	0.555
LRSAM1	VPS16	9606.ENSP00000322937	9606.ENSP00000369810	0	0	0	0	0.439	0	0	0	0.439
LRSAM1	TRIM2	9606.ENSP00000322937	9606.ENSP00000339659	0	0	0	0	0	0	0	0.449	0.449
LRSAM1	VPS33B	9606.ENSP00000322937	9606.ENSP00000327650	0	0	0	0	0.462	0	0	0	0.461
LRTOMT	UGT1A1	9606.ENSP00000305742	9606.ENSP00000304845	0	0	0	0	0	0.067	0.650	0.488	0.818
LYRM4	PALB2	9606.ENSP00000443900	9606.ENSP00000261584	0	0	0	0	0.059	0.322	0	0.270	0.493
LYRM4	SLC26A5	9606.ENSP00000443900	9606.ENSP00000304783	0	0	0	0	0	0.471	0	0.089	0.497
LYRM4	RAB33B	9606.ENSP00000443900	9606.ENSP00000306496	0	0	0	0	0.064	0.504	0	0.115	0.553
LYRM4	SLC26A9	9606.ENSP00000443900	9606.ENSP00000356102	0	0	0	0	0	0.471	0	0.089	0.497
LYRM4	SDHAF1	9606.ENSP00000443900	9606.ENSP00000368165	0	0	0	0	0.117	0	0	0.717	0.739
LYRM4	NFU1	9606.ENSP00000443900	9606.ENSP00000387219	0	0	0	0	0.075	0	0	0.811	0.817
LYRM4	WDR73	9606.ENSP00000443900	9606.ENSP00000387982	0	0	0	0	0.108	0	0	0.499	0.534
MAATS1	RSPH3	9606.ENSP00000273390	9606.ENSP00000252655	0	0	0	0	0.082	0.109	0	0.601	0.645
MAATS1	QRICH2	9606.ENSP00000273390	9606.ENSP00000262765	0	0	0	0	0.064	0.098	0	0.579	0.613
MAATS1	TTC21A	9606.ENSP00000273390	9606.ENSP00000398211	0	0	0	0	0.143	0	0	0.552	0.600
MAATS1	SPEF2	9606.ENSP00000273390	9606.ENSP00000348314	0	0	0	0	0.163	0.095	0	0.564	0.641
MAATS1	WDR66	9606.ENSP00000273390	9606.ENSP00000288912	0	0	0	0	0.075	0	0	0.817	0.823
MACF1	TNIK	9606.ENSP00000354573	9606.ENSP00000399511	0	0	0	0	0.084	0.342	0	0.174	0.458
MAFA	NEUROG3	9606.ENSP00000328364	9606.ENSP00000242462	0	0	0	0	0.045	0	0	0.785	0.785
MAFA	NKX6-2	9606.ENSP00000328364	9606.ENSP00000357581	0	0	0	0	0	0	0	0.575	0.575
MAGEL2	NSMCE2	9606.ENSP00000497810	9606.ENSP00000287437	0	0	0	0	0	0.403	0	0.215	0.511
MAGEL2	VPS35	9606.ENSP00000497810	9606.ENSP00000299138	0	0	0	0	0	0.292	0	0.562	0.676
MAGEL2	SMCHD1	9606.ENSP00000497810	9606.ENSP00000326603	0	0	0	0	0	0	0	0.428	0.428
MAGEL2	NIPA2	9606.ENSP00000497810	9606.ENSP00000337618	0	0	0	0	0	0	0	0.583	0.583
MAGEL2	SMC5	9606.ENSP00000497810	9606.ENSP00000354957	0	0	0	0	0.067	0.409	0	0.297	0.578
MAP11	NCAPH	9606.ENSP00000324741	9606.ENSP00000240423	0	0	0	0	0	0	0	0.538	0.538
MAP11	WDFY3	9606.ENSP00000324741	9606.ENSP00000295888	0	0	0	0	0	0	0	0.429	0.429
MAP11	MCPH1	9606.ENSP00000324741	9606.ENSP00000342924	0	0	0	0	0	0	0	0.418	0.418
MAP11	NCAPD3	9606.ENSP00000324741	9606.ENSP00000433681	0	0	0	0	0	0	0	0.506	0.506
MAP11	NUP37	9606.ENSP00000324741	9606.ENSP00000448054	0	0	0	0	0	0	0	0.520	0.520
MAP11	ZNF335	9606.ENSP00000324741	9606.ENSP00000325326	0	0	0	0	0.060	0	0	0.527	0.536
MAP11	TRAPPC9	9606.ENSP00000324741	9606.ENSP00000373979	0	0	0	0	0.042	0	0.720	0.275	0.788
MAP11	TRAPPC4	9606.ENSP00000324741	9606.ENSP00000436005	0	0	0	0	0	0	0.720	0.324	0.802
MAP11	TRAPPC2L	9606.ENSP00000324741	9606.ENSP00000457728	0	0	0	0	0	0.509	0.720	0.370	0.905
MAPK8IP3	MCOLN1	9606.ENSP00000481780	9606.ENSP00000264079	0	0	0	0	0.042	0	0	0.425	0.425
MAPK8IP3	SFXN4	9606.ENSP00000481780	9606.ENSP00000347924	0	0	0	0	0	0	0	0.409	0.409
MAPK8IP3	RILPL1	9606.ENSP00000481780	9606.ENSP00000366070	0	0	0	0	0	0	0	0.455	0.455
MARVELD2	NDUFAF1	9606.ENSP00000323264	9606.ENSP00000260361	0	0	0	0	0	0.460	0	0	0.459
MARVELD2	STRC	9606.ENSP00000323264	9606.ENSP00000401513	0	0	0	0	0	0.045	0	0.437	0.440
MARVELD2	MYO15A	9606.ENSP00000323264	9606.ENSP00000495481	0	0	0	0	0	0	0	0.447	0.447
MARVELD2	OTOA	9606.ENSP00000323264	9606.ENSP00000496564	0	0	0	0	0	0	0	0.447	0.447
MARVELD2	TMPRSS3	9606.ENSP00000323264	9606.ENSP00000411013	0	0	0	0	0.044	0	0	0.461	0.462
MARVELD2	TUBA8	9606.ENSP00000323264	9606.ENSP00000333326	0	0	0	0	0	0	0.900	0	0.900
MARVELD2	OCLN	9606.ENSP00000323264	9606.ENSP00000347379	0	0	0	0.583	0.251	0.132	0	0.989	0.992
MBOAT7	YIPF5	9606.ENSP00000245615	9606.ENSP00000274496	0	0	0	0	0.042	0.422	0	0	0.422
MBOAT7	TSEN34	9606.ENSP00000245615	9606.ENSP00000397402	0	0	0	0	0.334	0	0	0.349	0.548
MCEE	NFU1	9606.ENSP00000244217	9606.ENSP00000387219	0	0	0	0	0.324	0	0	0.167	0.413
MCEE	MMACHC	9606.ENSP00000244217	9606.ENSP00000383840	0	0	0	0	0.129	0.091	0	0.593	0.650
MCEE	MMAB	9606.ENSP00000244217	9606.ENSP00000445920	0.055	0	0	0	0.047	0	0	0.794	0.798
MCEE	MMADHC	9606.ENSP00000244217	9606.ENSP00000389060	0	0	0	0	0.092	0	0	0.801	0.811
MCEE	MMAA	9606.ENSP00000244217	9606.ENSP00000497008	0	0	0.419	0	0.105	0	0	0.911	0.949
MCFD2	YIPF5	9606.ENSP00000386651	9606.ENSP00000274496	0	0	0	0	0.114	0.191	0	0.313	0.465
MCFD2	TTC7A	9606.ENSP00000386651	9606.ENSP00000378320	0	0	0	0	0	0	0	0.419	0.419
MCFD2	SAR1B	9606.ENSP00000386651	9606.ENSP00000385432	0	0	0	0	0.109	0	0.500	0.303	0.662
MCFD2	NAPB	9606.ENSP00000386651	9606.ENSP00000482826	0	0	0	0	0	0	0.500	0	0.499
MCOLN1	TRPM4	9606.ENSP00000264079	9606.ENSP00000252826	0	0	0	0	0.058	0	0	0.755	0.760
MCOLN1	VAC14	9606.ENSP00000264079	9606.ENSP00000261776	0	0	0	0	0.060	0	0	0.479	0.489
MCOLN1	SLC17A5	9606.ENSP00000264079	9606.ENSP00000348019	0	0	0	0	0.049	0	0	0.411	0.416
MCOLN1	TRPM6	9606.ENSP00000264079	9606.ENSP00000354006	0	0	0	0	0.051	0	0	0.542	0.547
MCOLN1	TRPV6	9606.ENSP00000264079	9606.ENSP00000352358	0	0	0	0	0	0	0	0.571	0.571
MCOLN1	TRPV4	9606.ENSP00000264079	9606.ENSP00000406191	0	0	0	0	0.049	0	0	0.609	0.612
MCOLN1	TRPM3	9606.ENSP00000264079	9606.ENSP00000366314	0	0	0	0	0.054	0	0	0.622	0.627
MCOLN1	TRPM7	9606.ENSP00000264079	9606.ENSP00000495860	0	0	0	0	0.051	0	0	0.633	0.637
MCPH1	SLX4	9606.ENSP00000342924	9606.ENSP00000294008	0	0	0	0	0	0	0	0.532	0.532
MCPH1	ZNF335	9606.ENSP00000342924	9606.ENSP00000325326	0	0	0	0	0	0.047	0	0.650	0.652
MCPH1	SLC25A19	9606.ENSP00000342924	9606.ENSP00000385312	0	0	0	0	0	0	0	0.480	0.480
MCPH1	NCAPG2	9606.ENSP00000342924	9606.ENSP00000387007	0	0	0	0	0.118	0	0.500	0.677	0.845
MCPH1	NCAPD3	9606.ENSP00000342924	9606.ENSP00000433681	0	0	0	0	0.244	0	0.500	0.656	0.859
MED13L	TBL1XR1	9606.ENSP00000281928	9606.ENSP00000405574	0	0	0	0	0.111	0.071	0	0.341	0.409
MED13L	SPEN	9606.ENSP00000281928	9606.ENSP00000364912	0	0	0	0	0.308	0	0	0.196	0.420
MED13L	VPS13B	9606.ENSP00000281928	9606.ENSP00000351346	0	0	0	0	0.142	0	0	0.364	0.431
MED13L	TNRC6B	9606.ENSP00000281928	9606.ENSP00000401946	0	0	0	0	0.078	0	0	0.438	0.459
MED13L	SETD5	9606.ENSP00000281928	9606.ENSP00000385852	0	0	0	0	0.293	0	0	0.366	0.532
MED13L	WDR26	9606.ENSP00000281928	9606.ENSP00000498603	0	0	0	0	0.472	0	0	0.190	0.554
MED13L	WDFY3	9606.ENSP00000281928	9606.ENSP00000295888	0	0	0	0	0.129	0	0	0.534	0.577
MED13L	MED25	9606.ENSP00000281928	9606.ENSP00000326767	0	0	0	0	0.049	0	0.800	0.116	0.817
MED25	STN1	9606.ENSP00000326767	9606.ENSP00000224950	0	0	0	0	0	0.994	0	0.064	0.994
MED25	TAF8	9606.ENSP00000326767	9606.ENSP00000362068	0	0	0	0	0.049	0.800	0	0	0.801
MEGF10	WDR35	9606.ENSP00000423354	9606.ENSP00000314444	0	0	0	0	0.044	0	0	0.507	0.508
MEGF10	SELENON	9606.ENSP00000423354	9606.ENSP00000355141	0	0	0	0	0	0	0	0.488	0.488
MEI1	SEPTIN12	9606.ENSP00000384115	9606.ENSP00000268231	0	0	0	0	0	0	0	0.425	0.425
MEI1	REC114	9606.ENSP00000384115	9606.ENSP00000328423	0	0	0	0	0	0	0	0.906	0.906
MEI1	PMPCA	9606.ENSP00000384115	9606.ENSP00000360782	0	0	0	0	0	0.599	0	0	0.599
MEI1	SHOC1	9606.ENSP00000384115	9606.ENSP00000363405	0	0	0	0	0	0	0	0.404	0.404
MEI1	RNF212	9606.ENSP00000384115	9606.ENSP00000389709	0	0	0	0	0	0	0	0.436	0.436
MESD	P3H1	9606.ENSP00000261758	9606.ENSP00000236040	0	0	0	0	0.042	0	0	0.434	0.434
MESD	SOST	9606.ENSP00000261758	9606.ENSP00000301691	0	0	0	0	0	0	0	0.501	0.501
MESP2	WNT3A	9606.ENSP00000342392	9606.ENSP00000284523	0	0	0	0	0.055	0.067	0	0.425	0.449
MESP2	SOX17	9606.ENSP00000342392	9606.ENSP00000297316	0	0	0	0	0	0	0	0.674	0.674
MESP2	POFUT1	9606.ENSP00000342392	9606.ENSP00000364902	0	0	0	0	0	0	0	0.413	0.412
METTL27	TRMT5	9606.ENSP00000297873	9606.ENSP00000261249	0	0	0	0	0.202	0.079	0	0.270	0.417
METTL27	WDR36	9606.ENSP00000297873	9606.ENSP00000423067	0	0	0	0	0.400	0	0	0	0.400
METTL27	TSR2	9606.ENSP00000297873	9606.ENSP00000364293	0	0	0	0	0.393	0.094	0	0	0.426
METTL27	TBL2	9606.ENSP00000297873	9606.ENSP00000307260	0	0	0	0	0.057	0.091	0	0.456	0.493
METTL27	POLR1D	9606.ENSP00000297873	9606.ENSP00000302478	0	0	0	0	0.597	0	0	0.073	0.610
METTL27	TMEM270	9606.ENSP00000297873	9606.ENSP00000316775	0	0	0	0	0.122	0	0	0.585	0.620
MFRP	TMEM218	9606.ENSP00000481824	9606.ENSP00000436596	0	0	0	0	0	0	0	0.478	0.478
MFSD2A	ZNF335	9606.ENSP00000361895	9606.ENSP00000325326	0	0	0	0	0.047	0	0	0.680	0.682
MFSD2A	OCLN	9606.ENSP00000361895	9606.ENSP00000347379	0	0	0	0	0	0	0	0.500	0.500
MFSD2A	SLC19A3	9606.ENSP00000361895	9606.ENSP00000495385	0	0	0	0	0	0	0	0.412	0.412
MGME1	RRM2B	9606.ENSP00000366939	9606.ENSP00000251810	0	0	0	0	0.068	0	0	0.585	0.597
MGME1	SOST	9606.ENSP00000366939	9606.ENSP00000301691	0	0	0	0	0	0	0	0.526	0.526
MGME1	TWNK	9606.ENSP00000366939	9606.ENSP00000309595	0	0	0	0	0.049	0	0	0.855	0.857
MGME1	RNASEH1	9606.ENSP00000366939	9606.ENSP00000313350	0	0	0	0	0.064	0.071	0	0.647	0.667
MGME1	PNPT1	9606.ENSP00000366939	9606.ENSP00000400646	0	0	0	0	0.065	0	0	0.389	0.405
MIB1	TBK1	9606.ENSP00000261537	9606.ENSP00000329967	0	0	0	0	0.056	0.367	0	0.092	0.410
MICOS13	TIMM22	9606.ENSP00000468723	9606.ENSP00000320236	0	0	0	0	0.082	0	0	0.402	0.428
MICOS13	NDUFA11	9606.ENSP00000468723	9606.ENSP00000389160	0	0	0	0	0.641	0	0	0	0.641
MICOS13	NDUFA13	9606.ENSP00000468723	9606.ENSP00000423673	0	0	0	0	0.674	0	0	0.210	0.731
MIEF2	MSTO1	9606.ENSP00000379057	9606.ENSP00000245564	0	0	0	0	0	0	0	0.429	0.429
MIEF2	PINK1	9606.ENSP00000379057	9606.ENSP00000364204	0	0	0	0	0.056	0	0	0.580	0.586
MKS1	NEK9	9606.ENSP00000376827	9606.ENSP00000238616	0	0	0	0	0.062	0	0	0.539	0.550
MKS1	TTC21B	9606.ENSP00000376827	9606.ENSP00000243344	0	0	0	0	0.147	0	0	0.570	0.618
MKS1	TMEM231	9606.ENSP00000376827	9606.ENSP00000258173	0	0	0	0	0.055	0.473	0.720	0.889	0.982
MKS1	NEK8	9606.ENSP00000376827	9606.ENSP00000268766	0	0	0	0	0.044	0	0	0.576	0.577
MKS1	WDPCP	9606.ENSP00000376827	9606.ENSP00000272321	0	0	0	0	0.042	0	0	0.879	0.879
MKS1	TMEM138	9606.ENSP00000376827	9606.ENSP00000278826	0	0	0	0	0	0	0	0.708	0.708
MKS1	SCLT1	9606.ENSP00000376827	9606.ENSP00000281142	0	0	0	0	0	0.050	0	0.487	0.491
MKS1	POC1A	9606.ENSP00000376827	9606.ENSP00000296484	0	0	0	0	0.064	0.053	0	0.430	0.451
MKS1	TCTN2	9606.ENSP00000376827	9606.ENSP00000304941	0	0	0	0	0.062	0.196	0.800	0.930	0.988
MKS1	TMEM107	9606.ENSP00000376827	9606.ENSP00000314116	0	0	0	0	0	0.292	0.720	0.516	0.895
MKS1	WDR35	9606.ENSP00000376827	9606.ENSP00000314444	0	0	0	0	0.074	0	0	0.398	0.419
MKS1	TMEM216	9606.ENSP00000376827	9606.ENSP00000334844	0	0	0	0	0.049	0	0.800	0.938	0.987
MKS1	NPHP3	9606.ENSP00000376827	9606.ENSP00000338766	0	0	0	0	0.060	0	0	0.658	0.665
MKS1	SYNE2	9606.ENSP00000376827	9606.ENSP00000350719	0	0	0	0	0	0.292	0	0.521	0.646
MKS1	SUFU	9606.ENSP00000376827	9606.ENSP00000358918	0	0	0	0	0.060	0	0.400	0.119	0.459
MKS1	NPHP4	9606.ENSP00000376827	9606.ENSP00000367398	0	0	0	0	0.074	0	0	0.903	0.907
MKS1	WDR19	9606.ENSP00000376827	9606.ENSP00000382717	0	0	0	0	0.049	0	0	0.459	0.464
MKS1	TMEM218	9606.ENSP00000376827	9606.ENSP00000436596	0	0	0	0	0.067	0	0	0.610	0.620
MKS1	RPGRIP1	9606.ENSP00000376827	9606.ENSP00000382895	0	0	0	0	0	0	0	0.635	0.635
MKS1	TRIM32	9606.ENSP00000376827	9606.ENSP00000408292	0	0	0	0	0.080	0	0	0.776	0.785
MKS1	TMEM237	9606.ENSP00000376827	9606.ENSP00000386264	0	0	0	0	0.112	0	0	0.770	0.788
MKS1	TTC8	9606.ENSP00000376827	9606.ENSP00000482306	0	0	0	0	0.078	0	0	0.807	0.814
MKS1	RPGRIP1L	9606.ENSP00000376827	9606.ENSP00000493946	0	0	0	0	0.055	0	0	0.891	0.893
MKS1	TCTN3	9606.ENSP00000376827	9606.ENSP00000483364	0	0	0	0	0.118	0.065	0.800	0.890	0.979
MKS1	TCTN1	9606.ENSP00000376827	9606.ENSP00000380779	0	0	0	0	0.044	0.249	0.800	0.987	0.997
MKS1	TMEM67	9606.ENSP00000376827	9606.ENSP00000389998	0	0	0	0	0.049	0	0.800	0.986	0.997
MLH3	NEK9	9606.ENSP00000348020	9606.ENSP00000238616	0	0	0	0	0.078	0	0	0.380	0.405
MLH3	PALB2	9606.ENSP00000348020	9606.ENSP00000261584	0	0	0	0	0.060	0	0.540	0.419	0.727
MLH3	SLX4	9606.ENSP00000348020	9606.ENSP00000294008	0	0	0	0	0	0	0	0.455	0.455
MLH3	RNF212	9606.ENSP00000348020	9606.ENSP00000389709	0	0	0	0	0	0	0	0.546	0.546
MLH3	PHF21A	9606.ENSP00000348020	9606.ENSP00000398824	0.048	0	0	0	0	0.053	0.540	0.081	0.567
MLH3	NHEJ1	9606.ENSP00000348020	9606.ENSP00000349313	0	0	0	0	0.047	0	0.540	0.223	0.629
MLPH	SLC45A2	9606.ENSP00000264605	9606.ENSP00000296589	0	0	0	0	0.067	0	0	0.388	0.405
MLXIPL	PRKAG2	9606.ENSP00000320886	9606.ENSP00000287878	0	0	0	0	0	0	0.500	0.157	0.560
MLXIPL	TBL2	9606.ENSP00000320886	9606.ENSP00000307260	0	0.459	0	0	0.043	0	0	0.885	0.935
MLXIPL	MMAB	9606.ENSP00000320886	9606.ENSP00000445920	0	0	0	0	0.056	0	0	0.396	0.405
MLXIPL	SIN3A	9606.ENSP00000320886	9606.ENSP00000378402	0	0	0	0	0	0	0	0.481	0.481
MLXIPL	RFX6	9606.ENSP00000320886	9606.ENSP00000332208	0	0	0	0	0	0	0	0.484	0.484
MLXIPL	PNPLA2	9606.ENSP00000320886	9606.ENSP00000337701	0	0	0	0	0.082	0	0	0.573	0.591
MLYCD	PRKAG2	9606.ENSP00000262430	9606.ENSP00000287878	0	0	0	0	0.064	0	0.900	0.202	0.918
MMAA	MMACHC	9606.ENSP00000497008	9606.ENSP00000383840	0	0	0	0	0.052	0	0	0.946	0.947
MMAA	MMADHC	9606.ENSP00000497008	9606.ENSP00000389060	0	0	0	0	0	0	0	0.983	0.983
MMAA	MMAB	9606.ENSP00000497008	9606.ENSP00000445920	0	0	0	0	0.056	0	0	0.989	0.989
MMAB	MMACHC	9606.ENSP00000445920	9606.ENSP00000383840	0	0	0	0	0.060	0	0	0.946	0.948
MMAB	MMADHC	9606.ENSP00000445920	9606.ENSP00000389060	0	0	0	0	0	0	0	0.976	0.976
MMACHC	MMADHC	9606.ENSP00000383840	9606.ENSP00000389060	0	0	0	0	0	0.292	0.700	0.964	0.991
MMP21	PKD1L1	9606.ENSP00000357798	9606.ENSP00000289672	0	0	0.224	0	0.053	0	0	0.493	0.594
MOV10L1	TDRD7	9606.ENSP00000262794	9606.ENSP00000347444	0	0	0	0	0.058	0.141	0	0.432	0.500
MRM2	PNPT1	9606.ENSP00000242257	9606.ENSP00000400646	0	0	0	0	0.122	0.128	0	0.281	0.402
MRM2	MRPS22	9606.ENSP00000242257	9606.ENSP00000418008	0	0	0	0	0.163	0	0	0.319	0.405
MRM2	MTO1	9606.ENSP00000242257	9606.ENSP00000402038	0	0	0	0	0.096	0	0	0.385	0.420
MRM2	TRNT1	9606.ENSP00000242257	9606.ENSP00000251607	0.042	0	0	0	0.127	0	0	0.372	0.430
MRM2	TRMU	9606.ENSP00000242257	9606.ENSP00000496496	0	0	0	0	0.105	0	0	0.399	0.439
MRM2	MRPS7	9606.ENSP00000242257	9606.ENSP00000245539	0	0	0	0	0.171	0	0	0.357	0.444
MRM2	TRMT1	9606.ENSP00000242257	9606.ENSP00000466967	0.054	0	0	0	0.156	0.091	0	0.348	0.464
MRM2	TRMT5	9606.ENSP00000242257	9606.ENSP00000261249	0	0	0	0	0.174	0	0	0.507	0.575
MRM2	NSUN2	9606.ENSP00000242257	9606.ENSP00000264670	0.061	0	0	0	0.136	0.305	0	0.388	0.609
MRM2	TRMT10C	9606.ENSP00000242257	9606.ENSP00000312356	0	0	0	0	0.192	0	0	0.539	0.611
MRM2	PUS1	9606.ENSP00000242257	9606.ENSP00000365837	0	0	0	0	0.182	0.182	0	0.472	0.616
MRM2	TRIT1	9606.ENSP00000242257	9606.ENSP00000321810	0.042	0	0	0	0.584	0	0	0.532	0.797
MRPS22	MRPS7	9606.ENSP00000418008	9606.ENSP00000245539	0	0	0	0	0.354	0.887	0.900	0.480	0.995
MRPS22	MRPS25	9606.ENSP00000418008	9606.ENSP00000253686	0	0	0	0	0.285	0.985	0.800	0.447	0.998
MRPS22	PTCD3	9606.ENSP00000418008	9606.ENSP00000254630	0	0	0	0	0.255	0.998	0.800	0.441	0.999
MRPS22	TRMT10C	9606.ENSP00000418008	9606.ENSP00000312356	0	0	0	0	0.332	0	0	0.266	0.489
MRPS22	TMEM70	9606.ENSP00000418008	9606.ENSP00000312599	0	0	0	0	0.163	0.088	0	0.378	0.483
MRPS22	MRPS23	9606.ENSP00000418008	9606.ENSP00000320184	0	0	0	0	0.217	0.974	0.800	0.373	0.997
MRPS22	QRSL1	9606.ENSP00000418008	9606.ENSP00000358042	0	0	0	0	0.478	0	0	0.373	0.658
MRPS22	PUS1	9606.ENSP00000418008	9606.ENSP00000365837	0	0	0	0	0.083	0	0	0.472	0.495
MRPS22	PNPT1	9606.ENSP00000418008	9606.ENSP00000400646	0	0	0	0	0.311	0	0	0.305	0.501
MRPS22	MTO1	9606.ENSP00000418008	9606.ENSP00000402038	0	0	0	0	0.155	0	0	0.413	0.483
MRPS22	TRMU	9606.ENSP00000418008	9606.ENSP00000496496	0	0	0	0	0.067	0	0	0.490	0.504
MRPS23	MRPS7	9606.ENSP00000320184	9606.ENSP00000245539	0	0	0	0	0.405	0.921	0.800	0.488	0.994
MRPS23	MRPS25	9606.ENSP00000320184	9606.ENSP00000253686	0	0	0	0	0.223	0.932	0.800	0.444	0.993
MRPS23	PTCD3	9606.ENSP00000320184	9606.ENSP00000254630	0	0	0	0	0.083	0.974	0.800	0.324	0.996
MRPS23	SDHAF2	9606.ENSP00000320184	9606.ENSP00000301761	0	0	0	0	0.555	0	0	0	0.555
MRPS23	PTRH2	9606.ENSP00000320184	9606.ENSP00000387180	0	0	0	0	0.268	0	0	0.224	0.408
MRPS23	TIMM50	9606.ENSP00000320184	9606.ENSP00000445806	0	0	0	0	0.459	0	0	0	0.459
MRPS23	NAXE	9606.ENSP00000320184	9606.ENSP00000357218	0	0	0	0	0.125	0	0	0.541	0.581
MRPS25	MRPS7	9606.ENSP00000253686	9606.ENSP00000245539	0	0	0	0	0.403	0.969	0.800	0.537	0.998
MRPS25	NDUFAF2	9606.ENSP00000253686	9606.ENSP00000296597	0	0	0	0	0.248	0	0	0.272	0.429
MRPS25	SIL1	9606.ENSP00000253686	9606.ENSP00000265195	0	0	0	0	0.138	0.476	0	0.064	0.540
MRPS25	PTCD3	9606.ENSP00000253686	9606.ENSP00000254630	0	0	0	0	0.253	0.912	0.800	0.287	0.989
MRPS7	SEC61A1	9606.ENSP00000245539	9606.ENSP00000243253	0.102	0	0	0	0.681	0.443	0	0.240	0.862
MRPS7	TRAPPC2L	9606.ENSP00000245539	9606.ENSP00000457728	0	0	0	0	0.261	0	0	0.245	0.418
MRPS7	UGT1A1	9606.ENSP00000245539	9606.ENSP00000304845	0	0	0	0	0.055	0	0	0.410	0.418
MRPS7	SLC25A19	9606.ENSP00000245539	9606.ENSP00000385312	0	0	0	0	0.228	0.239	0	0.134	0.448
MRPS7	SBDS	9606.ENSP00000245539	9606.ENSP00000246868	0	0	0	0	0.175	0.401	0	0	0.485
MRPS7	NSDHL	9606.ENSP00000245539	9606.ENSP00000359297	0	0	0	0	0.118	0.402	0	0.102	0.485
MRPS7	SLCO1B3	9606.ENSP00000245539	9606.ENSP00000261196	0	0	0	0	0	0	0	0.507	0.507
MRPS7	TICAM1	9606.ENSP00000245539	9606.ENSP00000248244	0	0	0	0	0.133	0.522	0	0	0.567
MRPS7	PNPT1	9606.ENSP00000245539	9606.ENSP00000400646	0	0	0	0	0.580	0	0	0.138	0.622
MRPS7	WDR36	9606.ENSP00000245539	9606.ENSP00000423067	0	0	0	0	0.086	0.618	0	0	0.636
MRPS7	RARS2	9606.ENSP00000245539	9606.ENSP00000358549	0.048	0	0	0	0.532	0	0	0.280	0.651
MRPS7	NHP2	9606.ENSP00000245539	9606.ENSP00000274606	0.061	0	0	0	0.544	0.416	0	0.155	0.760
MRPS7	POLR1B	9606.ENSP00000245539	9606.ENSP00000444136	0.091	0	0	0	0.603	0.307	0	0.204	0.774
MRPS7	SIL1	9606.ENSP00000245539	9606.ENSP00000265195	0.070	0	0	0	0.537	0.453	0	0.166	0.777
MRPS7	POLR1A	9606.ENSP00000245539	9606.ENSP00000263857	0.102	0	0	0	0.621	0.307	0	0.240	0.796
MRPS7	PTCD3	9606.ENSP00000245539	9606.ENSP00000254630	0	0	0	0	0.121	0.855	0.800	0.657	0.990
MRTFA	SLC34A3	9606.ENSP00000498671	9606.ENSP00000442397	0.056	0	0	0	0.052	0.067	0.218	0.272	0.438
MRTFA	TRIM8	9606.ENSP00000498671	9606.ENSP00000496301	0	0	0	0	0.072	0	0	0.660	0.671
MSTO1	SLC25A19	9606.ENSP00000245564	9606.ENSP00000385312	0	0	0	0	0.066	0	0	0.446	0.461
MSTO1	TIMM50	9606.ENSP00000245564	9606.ENSP00000445806	0	0	0	0	0.101	0	0	0.445	0.479
MSTO1	TIMM22	9606.ENSP00000245564	9606.ENSP00000320236	0	0	0	0	0.056	0	0	0.501	0.508
MTO1	TRNT1	9606.ENSP00000402038	9606.ENSP00000251607	0.101	0	0	0	0.155	0	0	0.455	0.550
MTO1	TRMT5	9606.ENSP00000402038	9606.ENSP00000261249	0	0	0	0	0.080	0	0	0.543	0.562
MTO1	TRMT10C	9606.ENSP00000402038	9606.ENSP00000312356	0	0	0	0	0.118	0	0	0.443	0.488
MTO1	YARS2	9606.ENSP00000402038	9606.ENSP00000320658	0.047	0	0	0	0.118	0.075	0	0.479	0.541
MTO1	TRIT1	9606.ENSP00000402038	9606.ENSP00000321810	0	0	0	0	0.118	0	0	0.678	0.704
MTO1	RARS2	9606.ENSP00000402038	9606.ENSP00000358549	0.095	0	0	0	0.093	0	0	0.475	0.531
MTO1	TAF8	9606.ENSP00000402038	9606.ENSP00000362068	0	0	0	0	0.533	0	0	0	0.533
MTO1	PUS1	9606.ENSP00000402038	9606.ENSP00000365837	0.041	0	0	0	0.073	0	0	0.721	0.731
MTO1	TRMU	9606.ENSP00000402038	9606.ENSP00000496496	0.095	0	0	0	0.141	0.091	0.414	0.968	0.984
MTPAP	TRNT1	9606.ENSP00000263063	9606.ENSP00000251607	0	0	0	0	0.147	0	0	0.500	0.556
MTPAP	PTCD3	9606.ENSP00000263063	9606.ENSP00000254630	0	0	0	0	0.146	0	0	0.356	0.427
MTPAP	PUS1	9606.ENSP00000263063	9606.ENSP00000365837	0	0	0	0	0.091	0	0	0.370	0.403
MTPAP	RNF212	9606.ENSP00000263063	9606.ENSP00000389709	0	0	0	0	0	0	0	0.404	0.404
MTPAP	TRMU	9606.ENSP00000263063	9606.ENSP00000496496	0	0	0	0	0.092	0.125	0	0.380	0.464
MTPAP	NMNAT1	9606.ENSP00000263063	9606.ENSP00000366410	0	0.441	0	0	0.055	0	0	0.071	0.467
MTPAP	TRMT10C	9606.ENSP00000263063	9606.ENSP00000312356	0	0	0	0	0.130	0	0	0.513	0.559
MTPAP	PNPT1	9606.ENSP00000263063	9606.ENSP00000400646	0	0	0	0	0.130	0	0	0.708	0.736
MTSS2	VAC14	9606.ENSP00000341171	9606.ENSP00000261776	0	0.516	0	0	0.072	0.068	0	0.539	0.781
MUC5B	SCGB3A2	9606.ENSP00000436812	9606.ENSP00000296694	0	0	0	0	0.116	0	0	0.416	0.462
MUC5B	RTEL1	9606.ENSP00000436812	9606.ENSP00000353332	0	0	0	0	0.057	0	0	0.571	0.578
MUC5B	SFTPA1	9606.ENSP00000436812	9606.ENSP00000397082	0	0	0	0	0.102	0	0	0.480	0.514
MUC5B	NDUFA13	9606.ENSP00000436812	9606.ENSP00000423673	0	0	0	0	0	0	0	0.423	0.422
MYH14	USH1G	9606.ENSP00000493594	9606.ENSP00000480279	0	0	0	0	0.061	0.394	0	0.091	0.438
MYLK2	RSPO2	9606.ENSP00000365162	9606.ENSP00000276659	0	0	0	0	0.055	0.098	0	0.433	0.474
MYLK2	PRKAG2	9606.ENSP00000365162	9606.ENSP00000287878	0	0	0	0	0.111	0.075	0	0.681	0.714
MYLK2	NEXN	9606.ENSP00000365162	9606.ENSP00000333938	0	0	0	0	0	0	0	0.447	0.447
MYLK2	MYPN	9606.ENSP00000365162	9606.ENSP00000351790	0	0	0	0	0.185	0.062	0	0.517	0.599
MYMK	MYMX	9606.ENSP00000419712	9606.ENSP00000490143	0	0	0	0	0	0	0	0.961	0.961
MYO15A	SLC26A5	9606.ENSP00000495481	9606.ENSP00000304783	0	0	0	0	0	0	0	0.587	0.587
MYO15A	WHRN	9606.ENSP00000495481	9606.ENSP00000354623	0	0	0	0	0	0.926	0.800	0.998	0.999
MYO15A	TPRN	9606.ENSP00000495481	9606.ENSP00000387100	0	0	0	0	0.042	0	0.500	0.593	0.788
MYO15A	STRC	9606.ENSP00000495481	9606.ENSP00000401513	0	0	0	0	0.110	0	0	0.761	0.778
MYO15A	TMPRSS3	9606.ENSP00000495481	9606.ENSP00000411013	0	0	0	0	0.049	0	0	0.773	0.774
MYO15A	USH1G	9606.ENSP00000495481	9606.ENSP00000480279	0	0	0	0	0.075	0.492	0	0.827	0.911
MYO15A	PDZD7	9606.ENSP00000495481	9606.ENSP00000480489	0	0	0	0	0.279	0.078	0	0.606	0.715
MYO15A	OTOA	9606.ENSP00000495481	9606.ENSP00000496564	0	0	0	0	0.049	0	0	0.697	0.699
MYOF	SPRY4	9606.ENSP00000352208	9606.ENSP00000344967	0	0	0	0	0.063	0.472	0	0.055	0.491
MYPN	PRKAG2	9606.ENSP00000351790	9606.ENSP00000287878	0	0	0	0	0.116	0.070	0	0.477	0.532
MYPN	TMEM43	9606.ENSP00000351790	9606.ENSP00000303992	0	0	0	0	0	0	0	0.402	0.402
MYPN	OBSCN	9606.ENSP00000351790	9606.ENSP00000455507	0	0	0	0.554	0.126	0	0	0.352	0.409
MYPN	PALLD	9606.ENSP00000351790	9606.ENSP00000425556	0	0	0	0.887	0	0.610	0	0.128	0.645
MYSM1	SHPK	9606.ENSP00000418734	9606.ENSP00000225519	0	0	0	0	0.119	0.304	0	0.166	0.443
MYSM1	SLC35D1	9606.ENSP00000418734	9606.ENSP00000235345	0	0	0	0	0.087	0.069	0	0.401	0.447
MYSM1	PHIP	9606.ENSP00000418734	9606.ENSP00000275034	0	0	0	0	0.488	0.087	0	0.067	0.526
MYSM1	UBR1	9606.ENSP00000418734	9606.ENSP00000290650	0	0	0	0	0.450	0	0	0.115	0.492
MYSM1	WDR48	9606.ENSP00000418734	9606.ENSP00000307491	0	0	0	0	0.121	0.062	0	0.390	0.453
MYSM1	USP48	9606.ENSP00000418734	9606.ENSP00000309262	0	0	0	0	0.160	0	0	0.363	0.442
MYSM1	SMC5	9606.ENSP00000418734	9606.ENSP00000354957	0.042	0	0	0	0.611	0.089	0	0.089	0.649
MYSM1	PBRM1	9606.ENSP00000418734	9606.ENSP00000386593	0	0	0	0	0.527	0.762	0	0.300	0.914
MYT1L	NEUROG3	9606.ENSP00000497479	9606.ENSP00000242462	0	0	0	0	0.088	0	0	0.594	0.614
MYT1L	ZFP57	9606.ENSP00000497479	9606.ENSP00000418259	0	0	0	0	0	0	0	0.432	0.432
NAA20	RIN2	9606.ENSP00000335636	9606.ENSP00000255006	0	0.423	0	0	0	0	0	0.177	0.505
NACC1	SALL4	9606.ENSP00000292431	9606.ENSP00000217086	0	0	0	0	0	0.154	0	0.329	0.408
NACC1	TRAF7	9606.ENSP00000292431	9606.ENSP00000318944	0	0	0	0	0.419	0.091	0	0.065	0.463
NADK2	NNT	9606.ENSP00000371362	9606.ENSP00000264663	0	0	0	0	0.102	0	0.900	0.478	0.949
NADK2	NADSYN1	9606.ENSP00000371362	9606.ENSP00000326424	0	0	0	0	0.047	0	0.900	0.488	0.947
NADK2	NMNAT1	9606.ENSP00000371362	9606.ENSP00000366410	0	0	0	0	0.049	0	0.900	0.500	0.948
NADSYN1	NNT	9606.ENSP00000326424	9606.ENSP00000264663	0.042	0	0	0	0.058	0	0.900	0.123	0.910
NADSYN1	SLC45A2	9606.ENSP00000326424	9606.ENSP00000296589	0	0	0	0	0	0	0	0.496	0.496
NADSYN1	TMCO1	9606.ENSP00000326424	9606.ENSP00000480514	0	0	0	0	0.049	0	0	0.399	0.404
NADSYN1	NMNAT1	9606.ENSP00000326424	9606.ENSP00000366410	0.115	0	0	0	0.117	0	0.965	0.674	0.990
NAF1	WDR36	9606.ENSP00000274054	9606.ENSP00000423067	0	0	0	0	0.411	0	0	0	0.411
NAF1	RTEL1	9606.ENSP00000274054	9606.ENSP00000353332	0	0	0	0	0.081	0	0	0.448	0.471
NAF1	SHQ1	9606.ENSP00000274054	9606.ENSP00000315182	0	0	0	0	0.228	0.467	0	0.729	0.878
NAF1	NHP2	9606.ENSP00000274054	9606.ENSP00000274606	0	0	0	0	0.122	0.922	0.720	0.353	0.986
NAF1	NOP10	9606.ENSP00000274054	9606.ENSP00000332198	0	0	0	0	0.109	0.913	0.900	0.353	0.994
NAGS	PSAT1	9606.ENSP00000293404	9606.ENSP00000365773	0	0	0	0	0	0	0	0.426	0.426
NAGS	PHYKPL	9606.ENSP00000293404	9606.ENSP00000310978	0	0	0	0	0	0	0.417	0.155	0.486
NAGS	RARS2	9606.ENSP00000293404	9606.ENSP00000358549	0.050	0	0	0	0.205	0	0.789	0	0.826
NALCN	WDR35	9606.ENSP00000251127	9606.ENSP00000314444	0	0	0	0	0	0.401	0	0.073	0.420
NALCN	SIK3	9606.ENSP00000251127	9606.ENSP00000364449	0	0	0	0	0	0	0	0.533	0.533
NANOS1	TDRD7	9606.ENSP00000393275	9606.ENSP00000347444	0	0	0	0	0.057	0	0	0.715	0.719
NANOS1	SOHLH1	9606.ENSP00000393275	9606.ENSP00000404438	0	0	0	0	0	0	0	0.427	0.427
NAPB	STX1B	9606.ENSP00000482826	9606.ENSP00000215095	0	0	0	0	0.150	0.792	0.540	0.493	0.953
NAPB	RINT1	9606.ENSP00000482826	9606.ENSP00000257700	0	0	0	0	0.049	0	0.500	0.092	0.530
NAPB	NBAS	9606.ENSP00000482826	9606.ENSP00000281513	0	0	0	0	0.049	0	0.500	0.096	0.532
NAPB	VPS53	9606.ENSP00000482826	9606.ENSP00000401435	0	0	0	0	0.042	0	0.500	0	0.500
NAPB	SPTBN4	9606.ENSP00000482826	9606.ENSP00000469242	0	0	0	0	0.109	0	0.500	0.090	0.559
NAXD	PISD	9606.ENSP00000311984	9606.ENSP00000391739	0.231	0	0	0	0.262	0	0	0	0.408
NAXD	TRIT1	9606.ENSP00000311984	9606.ENSP00000321810	0.231	0	0	0	0.092	0	0	0.248	0.429
NAXD	NAXE	9606.ENSP00000311984	9606.ENSP00000357218	0.111	0	0	0	0.317	0	0.585	0.863	0.961
NAXE	NDUFS7	9606.ENSP00000357218	9606.ENSP00000233627	0.057	0	0	0	0.391	0	0	0.103	0.440
NBAS	RINT1	9606.ENSP00000281513	9606.ENSP00000257700	0	0	0	0	0.092	0.954	0.900	0.593	0.998
NBAS	SMG9	9606.ENSP00000281513	9606.ENSP00000270066	0	0	0	0	0.049	0	0	0.524	0.528
NBAS	TMEM165	9606.ENSP00000281513	9606.ENSP00000370736	0	0	0	0	0.105	0	0	0.375	0.417
NBAS	SMG8	9606.ENSP00000281513	9606.ENSP00000438748	0	0	0	0	0.049	0	0	0.489	0.493
NBAS	RACGAP1	9606.ENSP00000281513	9606.ENSP00000404190	0	0	0	0	0.042	0	0.500	0	0.500
NBEAL2	VAC14	9606.ENSP00000415034	9606.ENSP00000261776	0	0	0	0	0.080	0.292	0	0.270	0.483
NBEAL2	WDFY3	9606.ENSP00000415034	9606.ENSP00000295888	0	0	0	0.577	0.071	0	0	0.507	0.523
NBEAL2	VPS33B	9606.ENSP00000415034	9606.ENSP00000327650	0	0	0	0	0.049	0	0	0.642	0.644
NBEAL2	TUBB	9606.ENSP00000415034	9606.ENSP00000339001	0	0	0	0	0	0.292	0	0.244	0.442
NBEAL2	VIPAS39	9606.ENSP00000415034	9606.ENSP00000452181	0	0	0	0	0.049	0	0	0.704	0.707
NCAPD3	NCAPH	9606.ENSP00000433681	9606.ENSP00000240423	0	0	0	0	0.380	0.143	0.900	0.908	0.994
NCAPD3	NUP205	9606.ENSP00000433681	9606.ENSP00000285968	0	0	0	0	0.367	0	0	0.293	0.534
NCAPD3	ZNF335	9606.ENSP00000433681	9606.ENSP00000325326	0	0	0	0	0.049	0	0	0.436	0.441
NCAPD3	SMC5	9606.ENSP00000433681	9606.ENSP00000354957	0	0	0	0	0.122	0.171	0	0.519	0.620
NCAPD3	NCAPG2	9606.ENSP00000433681	9606.ENSP00000387007	0	0	0	0	0.609	0.859	0.800	0.999	0.999
NCAPD3	NUP37	9606.ENSP00000433681	9606.ENSP00000448054	0	0	0	0	0.110	0	0	0.385	0.429
NCAPG2	NCAPH	9606.ENSP00000387007	9606.ENSP00000240423	0	0	0	0	0.685	0.098	0.540	0.864	0.979
NCAPG2	NUP205	9606.ENSP00000387007	9606.ENSP00000285968	0	0	0	0	0.464	0	0	0	0.464
NCAPG2	SMC5	9606.ENSP00000387007	9606.ENSP00000354957	0	0	0	0	0.226	0.095	0	0.522	0.636
NCAPG2	WDR60	9606.ENSP00000387007	9606.ENSP00000384290	0	0	0	0	0.058	0	0	0.597	0.605
NCAPG2	RACGAP1	9606.ENSP00000387007	9606.ENSP00000404190	0	0	0	0	0.586	0	0	0.446	0.761
NCAPH	ZNF335	9606.ENSP00000240423	9606.ENSP00000325326	0	0	0	0	0	0.055	0	0.405	0.413
NCAPH	UBE2T	9606.ENSP00000240423	9606.ENSP00000494957	0	0	0	0	0.370	0.059	0	0.153	0.454
NCAPH	NUP37	9606.ENSP00000240423	9606.ENSP00000448054	0	0	0	0	0.165	0	0	0.413	0.489
NCAPH	POC1A	9606.ENSP00000240423	9606.ENSP00000296484	0	0	0	0	0.393	0.127	0	0.189	0.533
NCAPH	RACGAP1	9606.ENSP00000240423	9606.ENSP00000404190	0	0	0	0	0.495	0	0	0.354	0.660
NCAPH	SMC5	9606.ENSP00000240423	9606.ENSP00000354957	0	0	0	0	0.136	0.535	0	0.616	0.832
NCSTN	POFUT1	9606.ENSP00000294785	9606.ENSP00000364902	0	0	0	0	0.049	0	0	0.431	0.436
NDUFA11	TXN2	9606.ENSP00000389160	9606.ENSP00000216185	0	0	0	0	0.537	0	0	0.095	0.564
NDUFA11	NDUFS7	9606.ENSP00000389160	9606.ENSP00000233627	0	0	0	0	0.925	0.998	0.944	0.890	0.999
NDUFA11	TARDBP	9606.ENSP00000389160	9606.ENSP00000240185	0	0	0	0	0.042	0	0.650	0	0.650
NDUFA11	NDUFAF1	9606.ENSP00000389160	9606.ENSP00000260361	0	0	0	0	0.056	0	0.944	0.590	0.976
NDUFA11	PALB2	9606.ENSP00000389160	9606.ENSP00000261584	0	0	0	0	0.189	0.644	0.362	0.078	0.807
NDUFA11	NHP2	9606.ENSP00000389160	9606.ENSP00000274606	0	0	0	0	0.445	0	0	0	0.445
NDUFA11	NDUFAF2	9606.ENSP00000389160	9606.ENSP00000296597	0	0	0	0	0.151	0	0.722	0.730	0.930
NDUFA11	TMEM126B	9606.ENSP00000389160	9606.ENSP00000351737	0	0	0	0	0.054	0	0.500	0.579	0.783
NDUFA11	PINK1	9606.ENSP00000389160	9606.ENSP00000364204	0	0	0	0	0.045	0	0.650	0.055	0.656
NDUFA11	NDUFAF5	9606.ENSP00000389160	9606.ENSP00000367346	0	0	0	0	0.058	0	0.500	0.710	0.851
NDUFA11	NDUFAF6	9606.ENSP00000389160	9606.ENSP00000379430	0	0	0	0	0	0	0.500	0.330	0.650
NDUFA11	TIMMDC1	9606.ENSP00000389160	9606.ENSP00000418803	0	0	0	0	0.060	0	0.500	0.439	0.713
NDUFA11	NDUFA13	9606.ENSP00000389160	9606.ENSP00000423673	0	0	0	0	0.910	0.852	0.944	0.737	0.999
NDUFA13	TXN2	9606.ENSP00000423673	9606.ENSP00000216185	0	0	0	0	0.446	0	0	0.203	0.540
NDUFA13	NDUFS7	9606.ENSP00000423673	9606.ENSP00000233627	0	0	0	0	0.990	0.999	0.967	0.749	0.999
NDUFA13	TARDBP	9606.ENSP00000423673	9606.ENSP00000240185	0	0	0	0	0.044	0	0.650	0.045	0.652
NDUFA13	NDUFAF1	9606.ENSP00000423673	9606.ENSP00000260361	0	0	0	0	0.135	0.996	0.967	0.632	0.999
NDUFA13	PALB2	9606.ENSP00000423673	9606.ENSP00000261584	0	0	0	0	0.675	0.842	0.467	0.317	0.978
NDUFA13	NDUFAF2	9606.ENSP00000423673	9606.ENSP00000296597	0	0	0	0	0.110	0.507	0.838	0.444	0.955
NDUFA13	NOD2	9606.ENSP00000423673	9606.ENSP00000300589	0	0	0	0	0	0.292	0	0.565	0.678
NDUFA13	TIMM22	9606.ENSP00000423673	9606.ENSP00000320236	0	0	0	0	0.263	0.517	0	0.439	0.783
NDUFA13	TMEM126B	9606.ENSP00000423673	9606.ENSP00000351737	0	0	0	0	0.049	0.994	0.500	0.377	0.997
NDUFA13	PMPCA	9606.ENSP00000423673	9606.ENSP00000360782	0	0	0	0	0.235	0.456	0	0.049	0.569
NDUFA13	PINK1	9606.ENSP00000423673	9606.ENSP00000364204	0	0	0	0	0.042	0	0.650	0.176	0.699
NDUFA13	SLC22A12	9606.ENSP00000423673	9606.ENSP00000366797	0	0	0	0	0	0.629	0	0.068	0.639
NDUFA13	NDUFAF5	9606.ENSP00000423673	9606.ENSP00000367346	0	0	0	0	0.063	0	0.500	0.520	0.755
NDUFA13	NDUFAF6	9606.ENSP00000423673	9606.ENSP00000379430	0	0	0	0	0	0	0.500	0.325	0.648
NDUFA13	TIMMDC1	9606.ENSP00000423673	9606.ENSP00000418803	0	0	0	0	0.060	0.994	0.500	0.692	0.999
NDUFA13	TIMM50	9606.ENSP00000423673	9606.ENSP00000445806	0	0	0	0	0.152	0	0	0.452	0.516
NDUFAF1	NDUFS7	9606.ENSP00000260361	9606.ENSP00000233627	0	0	0	0	0.130	0.499	0.967	0.769	0.996
NDUFAF1	SDHAF1	9606.ENSP00000260361	9606.ENSP00000368165	0	0	0	0	0.049	0	0	0.396	0.401
NDUFAF1	NFU1	9606.ENSP00000260361	9606.ENSP00000387219	0	0	0	0	0.157	0	0	0.348	0.427
NDUFAF1	UQCC2	9606.ENSP00000260361	9606.ENSP00000476140	0	0	0	0	0.110	0	0	0.447	0.487
NDUFAF1	PALB2	9606.ENSP00000260361	9606.ENSP00000261584	0	0	0	0	0.093	0	0.467	0.164	0.560
NDUFAF1	TMEM70	9606.ENSP00000260361	9606.ENSP00000312599	0	0	0	0	0.060	0.095	0	0.622	0.650
NDUFAF1	NDUFAF5	9606.ENSP00000260361	9606.ENSP00000367346	0	0	0	0	0.148	0	0.500	0.795	0.905
NDUFAF1	NDUFAF6	9606.ENSP00000260361	9606.ENSP00000379430	0	0	0	0	0.111	0	0.500	0.913	0.958
NDUFAF1	NDUFAF2	9606.ENSP00000260361	9606.ENSP00000296597	0	0	0	0	0.060	0	0.838	0.754	0.959
NDUFAF1	TMEM126B	9606.ENSP00000260361	9606.ENSP00000351737	0	0	0	0	0.174	0.994	0.800	0.977	0.999
NDUFAF1	TIMMDC1	9606.ENSP00000260361	9606.ENSP00000418803	0	0	0	0	0.121	0.994	0.500	0.814	0.999
NDUFAF2	NDUFS7	9606.ENSP00000296597	9606.ENSP00000233627	0	0	0	0	0.108	0.487	0.838	0.830	0.985
NDUFAF2	PALB2	9606.ENSP00000296597	9606.ENSP00000261584	0	0	0	0	0.124	0.319	0.467	0.090	0.672
NDUFAF2	NUP188	9606.ENSP00000296597	9606.ENSP00000361658	0	0	0	0	0.056	0	0	0.405	0.414
NDUFAF2	SDHAF1	9606.ENSP00000296597	9606.ENSP00000368165	0	0	0	0	0.105	0	0	0.417	0.456
NDUFAF2	NDUFAF8	9606.ENSP00000296597	9606.ENSP00000400184	0	0	0	0	0.075	0	0	0.502	0.519
NDUFAF2	UQCC2	9606.ENSP00000296597	9606.ENSP00000476140	0	0	0	0	0.213	0	0	0.470	0.566
NDUFAF2	TIMMDC1	9606.ENSP00000296597	9606.ENSP00000418803	0	0	0	0	0.072	0	0.500	0.434	0.714
NDUFAF2	TMEM126B	9606.ENSP00000296597	9606.ENSP00000351737	0	0	0	0	0.187	0	0.500	0.523	0.789
NDUFAF2	NDUFAF6	9606.ENSP00000296597	9606.ENSP00000379430	0	0	0	0	0.057	0	0.500	0.831	0.913
NDUFAF2	NDUFAF5	9606.ENSP00000296597	9606.ENSP00000367346	0	0	0	0	0.132	0	0.500	0.889	0.947
NDUFAF5	NDUFS7	9606.ENSP00000367346	9606.ENSP00000233627	0	0	0	0	0.058	0.994	0.500	0.856	0.999
NDUFAF5	PNPLA8	9606.ENSP00000367346	9606.ENSP00000257694	0	0	0	0	0.072	0	0	0.409	0.428
NDUFAF5	TMEM70	9606.ENSP00000367346	9606.ENSP00000312599	0	0	0	0	0.070	0	0	0.417	0.434
NDUFAF5	TMEM126B	9606.ENSP00000367346	9606.ENSP00000351737	0	0	0	0	0.126	0	0.500	0.646	0.831
NDUFAF5	NFU1	9606.ENSP00000367346	9606.ENSP00000387219	0	0	0	0	0.156	0	0	0.422	0.491
NDUFAF5	TIMMDC1	9606.ENSP00000367346	9606.ENSP00000418803	0	0	0	0	0.054	0	0.500	0.651	0.820
NDUFAF5	NDUFAF8	9606.ENSP00000367346	9606.ENSP00000400184	0	0	0	0	0.093	0.629	0	0.858	0.948
NDUFAF5	NDUFAF6	9606.ENSP00000367346	9606.ENSP00000379430	0	0	0	0	0.138	0.158	0.800	0.929	0.988
NDUFAF6	NDUFS7	9606.ENSP00000379430	9606.ENSP00000233627	0	0	0	0	0.066	0	0.500	0.727	0.861
NDUFAF6	TMEM70	9606.ENSP00000379430	9606.ENSP00000312599	0	0	0	0	0.072	0	0	0.528	0.544
NDUFAF6	TMEM126B	9606.ENSP00000379430	9606.ENSP00000351737	0	0	0	0	0.059	0	0.500	0.697	0.845
NDUFAF6	PDSS2	9606.ENSP00000379430	9606.ENSP00000358033	0.061	0	0	0	0.349	0.091	0.269	0.216	0.623
NDUFAF6	NSDHL	9606.ENSP00000379430	9606.ENSP00000359297	0.047	0	0	0	0.092	0.292	0	0.138	0.401
NDUFAF6	PDSS1	9606.ENSP00000379430	9606.ENSP00000365388	0.061	0	0	0	0.306	0.091	0.269	0.251	0.616
NDUFAF6	TMEM67	9606.ENSP00000379430	9606.ENSP00000389998	0	0	0	0	0.110	0	0	0.429	0.470
NDUFAF6	NDUFAF8	9606.ENSP00000379430	9606.ENSP00000400184	0	0	0	0	0	0	0	0.557	0.557
NDUFAF6	TIMMDC1	9606.ENSP00000379430	9606.ENSP00000418803	0	0	0	0	0.049	0	0.500	0.528	0.755
NDUFAF8	NDUFS7	9606.ENSP00000400184	9606.ENSP00000233627	0	0	0	0	0.042	0	0	0.411	0.412
NDUFAF8	TMEM126B	9606.ENSP00000400184	9606.ENSP00000351737	0	0	0	0	0.049	0	0	0.544	0.548
NDUFAF8	TIMMDC1	9606.ENSP00000400184	9606.ENSP00000418803	0	0	0	0	0.044	0	0	0.542	0.543
NDUFS7	TXN2	9606.ENSP00000233627	9606.ENSP00000216185	0	0	0	0	0.554	0	0	0.121	0.591
NDUFS7	TIMM22	9606.ENSP00000233627	9606.ENSP00000320236	0	0	0	0	0.164	0.287	0	0.162	0.457
NDUFS7	PISD	9606.ENSP00000233627	9606.ENSP00000391739	0	0	0	0	0.049	0	0	0.485	0.489
NDUFS7	PMPCA	9606.ENSP00000233627	9606.ENSP00000360782	0	0	0	0	0.235	0.429	0.215	0.096	0.648
NDUFS7	TARDBP	9606.ENSP00000233627	9606.ENSP00000240185	0	0	0	0	0.060	0	0.650	0	0.657
NDUFS7	PINK1	9606.ENSP00000233627	9606.ENSP00000364204	0	0	0	0	0.090	0	0.650	0.159	0.709
NDUFS7	TMEM126B	9606.ENSP00000233627	9606.ENSP00000351737	0	0	0	0	0.044	0	0.500	0.460	0.719
NDUFS7	PALB2	9606.ENSP00000233627	9606.ENSP00000261584	0	0	0	0	0.399	0.842	0.467	0.166	0.952
NDUFS7	TIMMDC1	9606.ENSP00000233627	9606.ENSP00000418803	0	0	0	0	0.049	0.994	0.500	0.350	0.997
NECTIN4	PDSS1	9606.ENSP00000356991	9606.ENSP00000365388	0	0	0	0	0	0.462	0	0	0.461
NEDD4L	WNK4	9606.ENSP00000383199	9606.ENSP00000246914	0	0	0	0	0.077	0.294	0	0.705	0.791
NEDD4L	RSPH3	9606.ENSP00000383199	9606.ENSP00000252655	0	0	0	0	0	0	0	0.568	0.568
NEDD4L	UBR1	9606.ENSP00000383199	9606.ENSP00000290650	0	0	0	0	0.086	0	0	0.473	0.498
NEDD4L	VPS37D	9606.ENSP00000383199	9606.ENSP00000320416	0	0	0	0	0	0	0.500	0	0.499
NEDD4L	RNF168	9606.ENSP00000383199	9606.ENSP00000320898	0	0	0	0	0.049	0	0	0.480	0.484
NEDD4L	WNK1	9606.ENSP00000383199	9606.ENSP00000341292	0	0	0	0	0.054	0.598	0	0.686	0.870
NEDD4L	OCLN	9606.ENSP00000383199	9606.ENSP00000347379	0	0	0	0	0.047	0.429	0	0.114	0.476
NEDD4L	PINK1	9606.ENSP00000383199	9606.ENSP00000364204	0	0	0	0	0.074	0.292	0	0.582	0.702
NEDD4L	ORAI1	9606.ENSP00000383199	9606.ENSP00000482568	0	0	0	0	0	0.292	0	0.194	0.404
NEK10	TTC12	9606.ENSP00000343847	9606.ENSP00000419652	0	0	0	0	0.062	0.100	0	0.392	0.442
NEK8	TTC21B	9606.ENSP00000268766	9606.ENSP00000243344	0	0	0	0	0	0	0	0.621	0.621
NEK8	TMEM231	9606.ENSP00000268766	9606.ENSP00000258173	0	0	0	0	0.068	0	0	0.399	0.416
NEK8	TCTN1	9606.ENSP00000268766	9606.ENSP00000380779	0	0	0	0	0	0	0	0.410	0.410
NEK8	XPNPEP3	9606.ENSP00000268766	9606.ENSP00000349658	0	0	0	0	0.049	0	0	0.411	0.416
NEK8	TCTN2	9606.ENSP00000268766	9606.ENSP00000304941	0	0	0	0	0.049	0	0	0.423	0.428
NEK8	WHRN	9606.ENSP00000268766	9606.ENSP00000354623	0	0	0	0	0	0	0	0.431	0.431
NEK8	PPM1K	9606.ENSP00000268766	9606.ENSP00000477341	0	0	0	0	0.049	0	0	0.451	0.456
NEK8	WDR19	9606.ENSP00000268766	9606.ENSP00000382717	0	0	0	0	0	0	0	0.471	0.471
NEK8	TMEM216	9606.ENSP00000268766	9606.ENSP00000334844	0	0	0	0	0	0	0	0.545	0.545
NEK8	RPGRIP1	9606.ENSP00000268766	9606.ENSP00000382895	0	0	0	0	0	0	0	0.573	0.573
NEK8	RPGRIP1L	9606.ENSP00000268766	9606.ENSP00000493946	0	0	0	0	0.064	0	0	0.637	0.646
NEK8	TMEM67	9606.ENSP00000268766	9606.ENSP00000389998	0	0	0	0	0	0	0	0.649	0.649
NEK8	NPHP4	9606.ENSP00000268766	9606.ENSP00000367398	0	0	0	0	0.059	0	0	0.778	0.782
NEK8	NPHP3	9606.ENSP00000268766	9606.ENSP00000338766	0	0	0	0	0	0	0	0.991	0.991
NEK9	NUP107	9606.ENSP00000238616	9606.ENSP00000229179	0	0	0	0	0.112	0	0.400	0.090	0.473
NEK9	WDR19	9606.ENSP00000238616	9606.ENSP00000382717	0	0	0	0	0.049	0	0	0.417	0.422
NEK9	NUP160	9606.ENSP00000238616	9606.ENSP00000367721	0	0	0	0	0.060	0	0.400	0.063	0.425
NEK9	NUP37	9606.ENSP00000238616	9606.ENSP00000448054	0	0	0	0	0.044	0.055	0.400	0.065	0.426
NEK9	TCTN2	9606.ENSP00000238616	9606.ENSP00000304941	0	0	0	0	0.056	0.068	0	0.406	0.432
NEK9	NUP54	9606.ENSP00000238616	9606.ENSP00000264883	0	0	0	0	0.042	0.051	0.400	0.083	0.432
NEK9	NUP205	9606.ENSP00000238616	9606.ENSP00000285968	0	0	0	0	0.062	0	0.400	0.091	0.444
NEK9	NUP85	9606.ENSP00000238616	9606.ENSP00000245544	0	0	0	0	0.074	0	0.400	0.100	0.456
NEK9	TTC21B	9606.ENSP00000238616	9606.ENSP00000243344	0	0	0	0	0.060	0	0	0.447	0.457
NEK9	NUP62	9606.ENSP00000238616	9606.ENSP00000471191	0	0	0	0	0.077	0	0.400	0.097	0.457
NEK9	NUP133	9606.ENSP00000238616	9606.ENSP00000261396	0	0	0	0	0.126	0.053	0.400	0.072	0.477
NEK9	TMEM216	9606.ENSP00000238616	9606.ENSP00000334844	0	0	0	0	0	0	0	0.497	0.497
NEK9	NUP188	9606.ENSP00000238616	9606.ENSP00000361658	0	0	0	0	0.049	0	0.400	0.195	0.500
NEK9	TMEM67	9606.ENSP00000238616	9606.ENSP00000389998	0	0	0	0	0.044	0	0	0.590	0.592
NEK9	RPGRIP1L	9606.ENSP00000238616	9606.ENSP00000493946	0	0	0	0	0.054	0.062	0	0.595	0.610
NEK9	REC114	9606.ENSP00000238616	9606.ENSP00000328423	0	0	0	0	0.057	0	0	0.641	0.647
NEK9	NPHP4	9606.ENSP00000238616	9606.ENSP00000367398	0	0	0	0	0.068	0.053	0	0.675	0.688
NEK9	NPHP3	9606.ENSP00000238616	9606.ENSP00000338766	0	0	0	0	0.067	0.045	0	0.972	0.973
NEUROG3	WNT3A	9606.ENSP00000242462	9606.ENSP00000284523	0	0	0	0	0.063	0	0	0.393	0.407
NEUROG3	SLC30A8	9606.ENSP00000242462	9606.ENSP00000415011	0	0	0	0	0	0	0	0.452	0.452
NEUROG3	PTF1A	9606.ENSP00000242462	9606.ENSP00000365687	0	0	0	0.643	0.061	0.071	0	0.423	0.453
NEUROG3	SOHLH1	9606.ENSP00000242462	9606.ENSP00000404438	0	0	0	0	0	0	0	0.571	0.571
NEUROG3	SOX17	9606.ENSP00000242462	9606.ENSP00000297316	0	0	0	0	0.081	0.051	0	0.617	0.637
NEUROG3	NKX6-2	9606.ENSP00000242462	9606.ENSP00000357581	0	0	0	0	0.056	0	0	0.874	0.876
NEUROG3	RFX6	9606.ENSP00000242462	9606.ENSP00000332208	0	0	0	0	0.103	0.046	0	0.892	0.899
NEXN	PRKAG2	9606.ENSP00000333938	9606.ENSP00000287878	0	0	0	0	0.042	0	0	0.433	0.433
NFASC	SPTBN4	9606.ENSP00000344786	9606.ENSP00000469242	0	0	0	0	0.176	0	0.500	0.902	0.956
NFU1	NHLRC1	9606.ENSP00000387219	9606.ENSP00000345464	0	0	0	0	0.067	0	0	0.608	0.618
NFU1	SDHAF1	9606.ENSP00000387219	9606.ENSP00000368165	0	0	0	0	0.056	0	0	0.573	0.580
NHEJ1	PALB2	9606.ENSP00000349313	9606.ENSP00000261584	0	0	0	0	0.085	0	0.540	0.401	0.725
NHEJ1	RNF168	9606.ENSP00000349313	9606.ENSP00000320898	0	0	0	0	0	0	0	0.541	0.541
NHEJ1	WWOX	9606.ENSP00000349313	9606.ENSP00000457230	0	0	0	0	0	0.045	0	0.398	0.400
NHEJ1	PHF21A	9606.ENSP00000349313	9606.ENSP00000398824	0	0	0	0	0.067	0.051	0.900	0.051	0.904
NHLRC1	SNX14	9606.ENSP00000345464	9606.ENSP00000313121	0	0	0	0	0.103	0	0	0.373	0.413
NHLRC1	PRICKLE1	9606.ENSP00000345464	9606.ENSP00000345064	0	0	0	0	0	0.045	0	0.680	0.681
NHLRC1	TRAPPC9	9606.ENSP00000345464	9606.ENSP00000373979	0	0	0	0	0	0	0	0.412	0.412
NHP2	USB1	9606.ENSP00000274606	9606.ENSP00000219281	0	0	0	0	0	0	0	0.609	0.609
NHP2	SEC61A1	9606.ENSP00000274606	9606.ENSP00000243253	0.053	0	0	0	0.201	0.298	0	0.072	0.441
NHP2	SBDS	9606.ENSP00000274606	9606.ENSP00000246868	0	0	0	0	0.313	0.311	0	0.525	0.755
NHP2	POLR1A	9606.ENSP00000274606	9606.ENSP00000263857	0.071	0	0	0	0.537	0.071	0	0.198	0.637
NHP2	NSUN2	9606.ENSP00000274606	9606.ENSP00000264670	0	0	0	0	0.224	0.191	0	0.233	0.477
NHP2	SIL1	9606.ENSP00000274606	9606.ENSP00000265195	0.057	0	0	0	0.367	0.324	0	0.132	0.602
NHP2	PRPF6	9606.ENSP00000274606	9606.ENSP00000266079	0	0	0	0	0.179	0.289	0	0.164	0.470
NHP2	TINF2	9606.ENSP00000274606	9606.ENSP00000267415	0	0	0	0	0.048	0.091	0.500	0.890	0.946
NHP2	STT3B	9606.ENSP00000274606	9606.ENSP00000295770	0	0	0	0	0.044	0.405	0	0.180	0.493
NHP2	PRPF31	9606.ENSP00000274606	9606.ENSP00000324122	0	0	0	0	0.098	0.289	0	0.283	0.500
NHP2	SECISBP2	9606.ENSP00000274606	9606.ENSP00000364965	0	0	0	0	0.067	0.053	0	0.501	0.521
NHP2	POLR1B	9606.ENSP00000274606	9606.ENSP00000444136	0.061	0	0	0	0.370	0.105	0	0.228	0.537
NHP2	POLR3K	9606.ENSP00000274606	9606.ENSP00000293860	0	0	0	0	0.589	0.065	0	0.061	0.607
NHP2	PUS1	9606.ENSP00000274606	9606.ENSP00000365837	0	0	0	0	0.275	0.058	0	0.613	0.712
NHP2	TSR2	9606.ENSP00000274606	9606.ENSP00000364293	0	0	0	0	0.647	0	0	0.239	0.720
NHP2	TERF2IP	9606.ENSP00000274606	9606.ENSP00000300086	0	0	0	0	0.062	0	0.500	0.474	0.731
NHP2	PUS7	9606.ENSP00000274606	9606.ENSP00000417402	0.070	0	0	0	0.239	0.071	0	0.648	0.737
NHP2	POT1	9606.ENSP00000274606	9606.ENSP00000350249	0	0	0	0	0	0	0.500	0.564	0.773
NHP2	WDR36	9606.ENSP00000274606	9606.ENSP00000423067	0	0	0	0	0.534	0.641	0	0.257	0.865
NHP2	RTEL1	9606.ENSP00000274606	9606.ENSP00000353332	0	0	0	0	0.058	0	0.500	0.797	0.896
NHP2	POLR1D	9606.ENSP00000274606	9606.ENSP00000302478	0	0	0	0	0.907	0.076	0	0.182	0.923
NHP2	SHQ1	9606.ENSP00000274606	9606.ENSP00000315182	0	0	0	0	0.124	0.148	0	0.979	0.983
NHP2	WRAP53	9606.ENSP00000274606	9606.ENSP00000324203	0	0	0	0	0.059	0.900	0.900	0.997	0.999
NHP2	NOP10	9606.ENSP00000274606	9606.ENSP00000332198	0	0	0	0	0.926	0.996	0.900	0.999	0.999
NIN	NUP85	9606.ENSP00000371472	9606.ENSP00000245544	0	0	0	0	0.049	0	0	0.719	0.721
NIN	SCLT1	9606.ENSP00000371472	9606.ENSP00000281142	0	0	0	0	0.095	0.207	0.540	0.608	0.853
NIN	NPHP4	9606.ENSP00000371472	9606.ENSP00000367398	0	0	0	0	0.042	0	0	0.539	0.540
NIN	TNRC6B	9606.ENSP00000371472	9606.ENSP00000401946	0	0	0	0	0.054	0.396	0	0	0.405
NIPA2	TRPM7	9606.ENSP00000337618	9606.ENSP00000495860	0	0	0	0	0.053	0	0	0.416	0.423
NIPA2	TRPM6	9606.ENSP00000337618	9606.ENSP00000354006	0	0	0	0	0	0	0	0.529	0.529
NKX6-2	SOX17	9606.ENSP00000357581	9606.ENSP00000297316	0	0	0	0	0	0	0	0.605	0.605
NKX6-2	RFX6	9606.ENSP00000357581	9606.ENSP00000332208	0	0	0	0	0.067	0	0	0.752	0.759
NKX6-2	SLC30A8	9606.ENSP00000357581	9606.ENSP00000415011	0	0	0	0	0	0	0	0.495	0.495
NKX6-2	PTF1A	9606.ENSP00000357581	9606.ENSP00000365687	0	0	0	0	0	0	0	0.755	0.755
NLGN3	SLC32A1	9606.ENSP00000351591	9606.ENSP00000217420	0	0	0	0	0.164	0	0	0.489	0.555
NLGN3	TLE6	9606.ENSP00000351591	9606.ENSP00000246112	0	0	0	0	0.047	0	0	0.496	0.499
NLGN3	NXN	9606.ENSP00000351591	9606.ENSP00000337443	0	0	0	0	0	0	0	0.658	0.658
NLGN3	SLITRK1	9606.ENSP00000351591	9606.ENSP00000366288	0	0	0	0	0.143	0.045	0	0.349	0.420
NLGN3	SHANK3	9606.ENSP00000351591	9606.ENSP00000489407	0	0	0	0	0.055	0.071	0.500	0.987	0.993
NLRC4	PANX1	9606.ENSP00000385428	9606.ENSP00000227638	0	0	0	0	0	0	0	0.689	0.689
NLRC4	NOD2	9606.ENSP00000385428	9606.ENSP00000300589	0	0	0	0.548	0.243	0.510	0	0.806	0.921
NLRC4	TLR8	9606.ENSP00000385428	9606.ENSP00000312082	0	0	0	0	0.463	0	0	0.570	0.759
NLRC4	NLRP3	9606.ENSP00000385428	9606.ENSP00000337383	0	0	0	0	0.197	0.292	0.720	0.999	0.999
NLRC4	NT5C2	9606.ENSP00000385428	9606.ENSP00000339479	0	0	0	0	0.044	0	0	0.491	0.493
NLRC4	TLR7	9606.ENSP00000385428	9606.ENSP00000370034	0	0	0	0	0.109	0	0	0.608	0.636
NLRC4	NLRP5	9606.ENSP00000385428	9606.ENSP00000375063	0	0	0	0	0	0	0	0.402	0.402
NLRC4	NLRP12	9606.ENSP00000385428	9606.ENSP00000375653	0	0	0	0	0.258	0	0	0.995	0.996
NLRC4	NLRP2	9606.ENSP00000385428	9606.ENSP00000445135	0	0	0	0.548	0	0	0	0.974	0.974
NLRC4	NLRP7	9606.ENSP00000385428	9606.ENSP00000467123	0	0	0	0	0.042	0	0	0.995	0.995
NLRP12	NOD2	9606.ENSP00000375653	9606.ENSP00000300589	0	0	0	0.575	0.133	0	0	0.554	0.597
NLRP12	NLRP3	9606.ENSP00000375653	9606.ENSP00000337383	0	0	0.054	0.925	0.080	0	0	0.983	0.984
NLRP12	NLRP2	9606.ENSP00000375653	9606.ENSP00000445135	0	0	0	0.777	0	0	0	0.925	0.925
NLRP12	NLRP7	9606.ENSP00000375653	9606.ENSP00000467123	0	0	0	0.757	0	0	0	0.980	0.980
NLRP2	TLE6	9606.ENSP00000445135	9606.ENSP00000246112	0	0	0	0	0	0	0	0.813	0.813
NLRP2	NLRP3	9606.ENSP00000445135	9606.ENSP00000337383	0	0	0	0.784	0	0	0	0.810	0.810
NLRP2	NLRP5	9606.ENSP00000445135	9606.ENSP00000375063	0	0	0.082	0.755	0	0.402	0	0.478	0.689
NLRP2	ZFP57	9606.ENSP00000445135	9606.ENSP00000418259	0	0	0	0	0.048	0	0	0.541	0.544
NLRP2	PADI6	9606.ENSP00000445135	9606.ENSP00000483125	0	0	0	0	0	0	0	0.741	0.741
NLRP2	NLRP7	9606.ENSP00000445135	9606.ENSP00000467123	0	0	0.061	0.959	0.084	0	0	0.742	0.758
NLRP3	PANX1	9606.ENSP00000337383	9606.ENSP00000227638	0	0	0	0	0.048	0	0	0.530	0.533
NLRP3	NOD2	9606.ENSP00000337383	9606.ENSP00000300589	0	0	0	0.571	0.162	0	0	0.621	0.669
NLRP3	TLR8	9606.ENSP00000337383	9606.ENSP00000312082	0	0	0	0	0.210	0	0	0.507	0.593
NLRP3	TBK1	9606.ENSP00000337383	9606.ENSP00000329967	0	0	0	0	0	0.100	0	0.507	0.537
NLRP3	STING1	9606.ENSP00000337383	9606.ENSP00000498596	0	0	0	0	0.099	0	0	0.361	0.400
NLRP3	OCLN	9606.ENSP00000337383	9606.ENSP00000347379	0	0	0	0	0	0.088	0	0.372	0.402
NLRP3	PINK1	9606.ENSP00000337383	9606.ENSP00000364204	0	0	0	0	0.047	0.047	0	0.450	0.457
NLRP3	TRPV4	9606.ENSP00000337383	9606.ENSP00000406191	0	0	0	0	0	0	0	0.486	0.485
NLRP3	TLR7	9606.ENSP00000337383	9606.ENSP00000370034	0	0	0	0	0.102	0	0	0.608	0.632
NLRP3	NLRP7	9606.ENSP00000337383	9606.ENSP00000467123	0	0	0	0.749	0	0	0	0.984	0.984
NLRP5	TLE6	9606.ENSP00000375063	9606.ENSP00000246112	0	0	0	0	0.042	0.300	0.900	0.932	0.994
NLRP5	TBL1XR1	9606.ENSP00000375063	9606.ENSP00000405574	0	0	0	0	0	0.059	0	0.425	0.435
NLRP5	ZFP57	9606.ENSP00000375063	9606.ENSP00000418259	0	0	0	0	0	0.091	0	0.475	0.502
NLRP5	PADI6	9606.ENSP00000375063	9606.ENSP00000483125	0	0	0	0	0.137	0	0	0.859	0.873
NLRP7	PANX1	9606.ENSP00000467123	9606.ENSP00000227638	0	0	0	0	0	0	0	0.404	0.404
NLRP7	TLE6	9606.ENSP00000467123	9606.ENSP00000246112	0	0	0	0	0.042	0	0	0.539	0.539
NLRP7	ZFP57	9606.ENSP00000467123	9606.ENSP00000418259	0	0	0	0	0.049	0	0	0.520	0.524
NLRP7	PADI6	9606.ENSP00000467123	9606.ENSP00000483125	0	0	0	0	0	0	0	0.587	0.587
NMNAT1	NNT	9606.ENSP00000366410	9606.ENSP00000264663	0	0	0	0	0.051	0	0.900	0.325	0.930
NMNAT1	UPB1	9606.ENSP00000366410	9606.ENSP00000324343	0.061	0	0	0	0.087	0	0.284	0.160	0.415
NMNAT1	NT5C2	9606.ENSP00000366410	9606.ENSP00000339479	0	0	0	0	0.049	0	0.900	0.105	0.907
NMNAT1	SPATA7	9606.ENSP00000366410	9606.ENSP00000377176	0	0	0	0	0	0	0	0.533	0.533
NMNAT1	RPGRIP1	9606.ENSP00000366410	9606.ENSP00000382895	0	0	0	0	0.068	0	0	0.523	0.536
NOD2	TBX21	9606.ENSP00000300589	9606.ENSP00000177694	0	0	0	0	0.191	0	0	0.348	0.450
NOD2	TICAM1	9606.ENSP00000300589	9606.ENSP00000248244	0	0	0	0	0.141	0	0	0.352	0.419
NOD2	OTULIN	9606.ENSP00000300589	9606.ENSP00000284274	0	0	0	0	0.067	0	0	0.425	0.441
NOD2	WDFY3	9606.ENSP00000300589	9606.ENSP00000295888	0	0	0	0	0.106	0	0	0.384	0.425
NOD2	TRIM8	9606.ENSP00000300589	9606.ENSP00000496301	0	0	0	0	0.056	0.250	0	0.240	0.416
NOD2	PTPN22	9606.ENSP00000300589	9606.ENSP00000352833	0	0	0	0	0.163	0	0	0.447	0.517
NOD2	TBK1	9606.ENSP00000300589	9606.ENSP00000329967	0	0	0	0	0.126	0	0	0.511	0.555
NOD2	TLR7	9606.ENSP00000300589	9606.ENSP00000370034	0	0	0	0	0.169	0	0	0.669	0.714
NOD2	TAB2	9606.ENSP00000300589	9606.ENSP00000356426	0	0	0	0	0.049	0	0.500	0.565	0.775
NOD2	TLR8	9606.ENSP00000300589	9606.ENSP00000312082	0	0	0	0	0.358	0	0	0.743	0.828
NOP10	USB1	9606.ENSP00000332198	9606.ENSP00000219281	0	0	0	0	0.068	0	0	0.621	0.631
NOP10	SBDS	9606.ENSP00000332198	9606.ENSP00000246868	0	0	0	0	0.338	0	0	0.510	0.662
NOP10	TINF2	9606.ENSP00000332198	9606.ENSP00000267415	0	0	0	0	0.095	0	0.500	0.902	0.951
NOP10	TERF2IP	9606.ENSP00000332198	9606.ENSP00000300086	0	0	0	0	0.066	0	0.500	0.505	0.748
NOP10	POLR1D	9606.ENSP00000332198	9606.ENSP00000302478	0.113	0	0	0	0.896	0	0	0.153	0.915
NOP10	SHQ1	9606.ENSP00000332198	9606.ENSP00000315182	0	0	0	0	0.107	0.830	0	0.967	0.994
NOP10	WRAP53	9606.ENSP00000332198	9606.ENSP00000324203	0	0	0	0	0	0.821	0.900	0.998	0.999
NOP10	TSR2	9606.ENSP00000332198	9606.ENSP00000364293	0	0	0	0	0.306	0	0	0.243	0.453
NOP10	POLR1B	9606.ENSP00000332198	9606.ENSP00000444136	0	0	0	0	0.196	0	0	0.349	0.454
NOP10	WDR36	9606.ENSP00000332198	9606.ENSP00000423067	0	0	0	0	0.198	0.312	0	0.330	0.599
NOP10	PUS1	9606.ENSP00000332198	9606.ENSP00000365837	0	0	0	0	0.129	0	0	0.602	0.639
NOP10	PUS7	9606.ENSP00000332198	9606.ENSP00000417402	0	0	0	0	0.123	0	0	0.642	0.673
NOP10	NUTM1	9606.ENSP00000332198	9606.ENSP00000444896	0	0	0	0	0.050	0	0	0.733	0.735
NOP10	POT1	9606.ENSP00000332198	9606.ENSP00000350249	0	0	0	0	0	0	0.500	0.646	0.815
NOP10	RTEL1	9606.ENSP00000332198	9606.ENSP00000353332	0	0	0	0	0	0	0.500	0.745	0.867
NPHP3	TTC21B	9606.ENSP00000338766	9606.ENSP00000243344	0	0	0	0	0.067	0	0	0.577	0.588
NPHP3	TMEM231	9606.ENSP00000338766	9606.ENSP00000258173	0	0	0	0	0.049	0	0	0.653	0.656
NPHP3	TCTN2	9606.ENSP00000338766	9606.ENSP00000304941	0	0	0	0	0.064	0.114	0	0.612	0.650
NPHP3	TMEM107	9606.ENSP00000338766	9606.ENSP00000314116	0	0	0	0	0.056	0	0	0.521	0.528
NPHP3	TMEM216	9606.ENSP00000338766	9606.ENSP00000334844	0	0	0	0	0	0.056	0	0.728	0.732
NPHP3	UBA5	9606.ENSP00000338766	9606.ENSP00000348565	0	0	0	0	0.123	0.062	0	0.336	0.406
NPHP3	RPGRIP1	9606.ENSP00000338766	9606.ENSP00000382895	0	0	0	0	0	0.045	0	0.422	0.425
NPHP3	XPNPEP3	9606.ENSP00000338766	9606.ENSP00000349658	0	0	0	0	0.049	0.047	0	0.420	0.428
NPHP3	NUP160	9606.ENSP00000338766	9606.ENSP00000367721	0	0	0	0	0.072	0	0	0.449	0.467
NPHP3	TUBB	9606.ENSP00000338766	9606.ENSP00000339001	0	0	0	0	0	0.119	0	0.445	0.490
NPHP3	TCTN3	9606.ENSP00000338766	9606.ENSP00000483364	0	0	0	0	0	0	0	0.519	0.519
NPHP3	TCTN1	9606.ENSP00000338766	9606.ENSP00000380779	0	0	0	0	0.060	0	0	0.518	0.528
NPHP3	TMEM237	9606.ENSP00000338766	9606.ENSP00000386264	0	0	0	0	0.054	0.091	0.126	0.520	0.591
NPHP3	WDR19	9606.ENSP00000338766	9606.ENSP00000382717	0	0	0	0	0.180	0	0	0.532	0.600
NPHP3	TTC8	9606.ENSP00000338766	9606.ENSP00000482306	0	0	0	0	0.060	0	0	0.628	0.635
NPHP3	TMEM67	9606.ENSP00000338766	9606.ENSP00000389998	0	0	0	0	0.060	0	0	0.863	0.865
NPHP3	RPGRIP1L	9606.ENSP00000338766	9606.ENSP00000493946	0	0	0	0	0.060	0.045	0	0.939	0.941
NPHP3	NPHP4	9606.ENSP00000338766	9606.ENSP00000367398	0	0	0	0	0.047	0	0	0.983	0.983
NPHP4	TTC21B	9606.ENSP00000367398	9606.ENSP00000243344	0	0	0	0	0.049	0	0	0.651	0.654
NPHP4	TMEM231	9606.ENSP00000367398	9606.ENSP00000258173	0	0	0	0	0.049	0	0	0.834	0.836
NPHP4	TMEM138	9606.ENSP00000367398	9606.ENSP00000278826	0	0	0	0	0	0	0	0.586	0.586
NPHP4	POC1A	9606.ENSP00000367398	9606.ENSP00000296484	0	0	0	0	0.049	0	0	0.461	0.465
NPHP4	TCTN2	9606.ENSP00000367398	9606.ENSP00000304941	0	0	0	0	0.052	0	0	0.613	0.617
NPHP4	TMEM107	9606.ENSP00000367398	9606.ENSP00000314116	0	0	0	0	0.042	0	0	0.751	0.751
NPHP4	TMEM216	9606.ENSP00000367398	9606.ENSP00000334844	0	0	0	0	0	0	0	0.851	0.851
NPHP4	TRAF3IP1	9606.ENSP00000367398	9606.ENSP00000362424	0	0	0	0	0.049	0	0	0.506	0.510
NPHP4	TMEM218	9606.ENSP00000367398	9606.ENSP00000436596	0	0	0	0	0.049	0	0	0.439	0.444
NPHP4	TCTN3	9606.ENSP00000367398	9606.ENSP00000483364	0	0	0	0	0.049	0	0	0.578	0.582
NPHP4	WDR19	9606.ENSP00000367398	9606.ENSP00000382717	0	0	0	0	0.050	0	0	0.585	0.589
NPHP4	SPATA7	9606.ENSP00000367398	9606.ENSP00000377176	0	0	0	0	0.049	0.259	0	0.586	0.683
NPHP4	TCTN1	9606.ENSP00000367398	9606.ENSP00000380779	0	0	0	0	0	0	0	0.756	0.756
NPHP4	TMEM237	9606.ENSP00000367398	9606.ENSP00000386264	0	0	0	0	0.047	0	0	0.833	0.834
NPHP4	TMEM67	9606.ENSP00000367398	9606.ENSP00000389998	0	0	0	0	0.107	0	0	0.966	0.969
NPHP4	RPGRIP1	9606.ENSP00000367398	9606.ENSP00000382895	0	0	0	0	0.048	0.687	0	0.991	0.997
NPHP4	RPGRIP1L	9606.ENSP00000367398	9606.ENSP00000493946	0	0	0	0	0.045	0.767	0.800	0.997	0.999
NSD1	SUZ12	9606.ENSP00000395929	9606.ENSP00000316578	0	0	0	0	0.050	0.310	0	0.422	0.588
NSD1	SIN3A	9606.ENSP00000395929	9606.ENSP00000378402	0	0	0	0	0.282	0.069	0	0.177	0.402
NSD1	PBRM1	9606.ENSP00000395929	9606.ENSP00000386593	0	0	0	0	0.488	0.062	0	0.355	0.663
NSD1	SETD2	9606.ENSP00000395929	9606.ENSP00000386759	0	0	0	0.552	0.457	0	0	0.366	0.641
NSD1	TET2	9606.ENSP00000395929	9606.ENSP00000442788	0	0	0	0	0.162	0	0	0.348	0.430
NSD1	PHF21A	9606.ENSP00000395929	9606.ENSP00000398824	0	0	0	0	0.079	0.112	0	0.379	0.448
NSD1	SETBP1	9606.ENSP00000395929	9606.ENSP00000497406	0	0	0	0	0.094	0	0	0.663	0.682
NSMCE2	POC1A	9606.ENSP00000287437	9606.ENSP00000296484	0	0	0	0	0.053	0	0	0.436	0.443
NSMCE2	ZMIZ1	9606.ENSP00000287437	9606.ENSP00000334474	0	0	0	0	0	0.311	0	0.361	0.541
NSMCE2	SLX4	9606.ENSP00000287437	9606.ENSP00000294008	0	0	0	0	0	0.292	0	0.400	0.557
NSMCE2	SLF2	9606.ENSP00000287437	9606.ENSP00000359292	0	0	0	0	0.049	0.610	0.540	0.396	0.883
NSMCE2	SMC5	9606.ENSP00000287437	9606.ENSP00000354957	0	0	0	0	0	0.992	0.900	0.987	0.999
NSRP1	SF3B1	9606.ENSP00000247026	9606.ENSP00000335321	0	0	0	0	0.062	0.183	0.400	0	0.500
NSRP1	SNIP1	9606.ENSP00000247026	9606.ENSP00000296215	0	0	0	0	0.098	0.195	0.400	0	0.526
NSUN2	TRNT1	9606.ENSP00000264670	9606.ENSP00000251607	0.099	0	0	0	0.130	0	0	0.338	0.436
NSUN2	TRMT5	9606.ENSP00000264670	9606.ENSP00000261249	0.042	0	0	0	0.170	0	0	0.615	0.667
NSUN2	POLR1A	9606.ENSP00000264670	9606.ENSP00000263857	0.057	0	0	0	0.412	0.091	0	0.043	0.453
NSUN2	TRMU	9606.ENSP00000264670	9606.ENSP00000496496	0.059	0	0	0	0.117	0	0	0.350	0.413
NSUN2	TET2	9606.ENSP00000264670	9606.ENSP00000442788	0	0	0	0	0	0	0	0.422	0.422
NSUN2	TRIT1	9606.ENSP00000264670	9606.ENSP00000321810	0.082	0	0	0	0.139	0	0	0.465	0.540
NSUN2	TRMT10C	9606.ENSP00000264670	9606.ENSP00000312356	0	0	0	0	0.175	0	0	0.511	0.579
NSUN2	POLR1B	9606.ENSP00000264670	9606.ENSP00000444136	0.044	0	0	0	0.590	0.071	0	0.116	0.635
NSUN2	TRMT10A	9606.ENSP00000264670	9606.ENSP00000273962	0	0	0	0	0.135	0	0	0.682	0.713
NSUN2	PUS1	9606.ENSP00000264670	9606.ENSP00000365837	0	0	0	0	0.183	0.180	0	0.678	0.766
NSUN2	TRMT1	9606.ENSP00000264670	9606.ENSP00000466967	0	0	0	0	0.257	0.146	0	0.716	0.804
NSUN2	WDR36	9606.ENSP00000264670	9606.ENSP00000423067	0	0.674	0	0	0.561	0	0	0	0.851
NSUN2	PUS7	9606.ENSP00000264670	9606.ENSP00000417402	0	0	0	0	0.391	0.254	0	0.745	0.874
NT5C2	SPG11	9606.ENSP00000339479	9606.ENSP00000261866	0	0	0	0	0.184	0	0	0.307	0.410
NT5C2	PDE11A	9606.ENSP00000339479	9606.ENSP00000286063	0	0	0	0	0	0	0.650	0.115	0.677
NT5C2	SYNE1	9606.ENSP00000339479	9606.ENSP00000356224	0	0	0	0	0.056	0	0	0.448	0.457
NTNG2	SLC32A1	9606.ENSP00000376921	9606.ENSP00000217420	0	0	0	0	0.074	0	0	0.430	0.449
NUAK2	SIK1	9606.ENSP00000499251	9606.ENSP00000270162	0	0	0.148	0.725	0.087	0	0	0.474	0.555
NUAK2	SIK3	9606.ENSP00000499251	9606.ENSP00000364449	0	0	0	0.729	0.058	0	0	0.602	0.610
NUP107	SYNE1	9606.ENSP00000229179	9606.ENSP00000356224	0	0	0	0	0.047	0.325	0	0.182	0.428
NUP107	TARDBP	9606.ENSP00000229179	9606.ENSP00000240185	0	0	0	0	0.167	0	0	0.344	0.430
NUP107	THOC6	9606.ENSP00000229179	9606.ENSP00000326531	0	0	0	0	0.129	0	0.400	0.052	0.461
NUP107	TP53RK	9606.ENSP00000229179	9606.ENSP00000361186	0	0	0	0	0.099	0	0	0.478	0.510
NUP107	THOC2	9606.ENSP00000229179	9606.ENSP00000245838	0	0	0	0	0.164	0	0.400	0.161	0.542
NUP107	UPF3B	9606.ENSP00000229179	9606.ENSP00000276201	0	0	0	0	0.120	0	0.500	0.063	0.551
NUP107	WDR73	9606.ENSP00000229179	9606.ENSP00000387982	0	0	0	0	0.146	0.057	0	0.592	0.643
NUP107	NUP188	9606.ENSP00000229179	9606.ENSP00000361658	0	0	0	0	0.147	0.879	0.500	0.773	0.986
NUP107	NUP62	9606.ENSP00000229179	9606.ENSP00000471191	0	0	0	0	0.128	0.955	0.500	0.900	0.997
NUP107	NUP54	9606.ENSP00000229179	9606.ENSP00000264883	0	0	0	0	0.237	0.979	0.500	0.825	0.998
NUP107	NUP205	9606.ENSP00000229179	9606.ENSP00000285968	0	0	0	0	0.480	0.989	0.500	0.954	0.999
NUP107	NUP37	9606.ENSP00000229179	9606.ENSP00000448054	0	0	0	0	0.482	0.998	0.900	0.999	0.999
NUP107	NUP160	9606.ENSP00000229179	9606.ENSP00000367721	0	0	0	0	0.596	0.999	0.900	0.999	0.999
NUP107	NUP85	9606.ENSP00000229179	9606.ENSP00000245544	0	0	0	0	0.450	0.998	0.900	0.999	0.999
NUP107	NUP133	9606.ENSP00000229179	9606.ENSP00000261396	0	0	0	0	0.823	0.999	0.900	0.999	0.999
NUP133	NUP85	9606.ENSP00000261396	9606.ENSP00000245544	0	0	0	0	0.593	0.997	0.900	0.998	0.999
NUP133	THOC2	9606.ENSP00000261396	9606.ENSP00000245838	0	0	0	0	0.101	0	0.400	0.351	0.619
NUP133	THOC6	9606.ENSP00000261396	9606.ENSP00000326531	0	0	0	0	0.067	0	0.400	0	0.416
NUP133	SYNE2	9606.ENSP00000261396	9606.ENSP00000350719	0	0	0	0	0.049	0	0	0.448	0.453
NUP133	TP53RK	9606.ENSP00000261396	9606.ENSP00000361186	0	0	0	0	0.107	0	0	0.459	0.497
NUP133	WWOX	9606.ENSP00000261396	9606.ENSP00000457230	0	0	0	0	0.055	0.466	0	0.091	0.501
NUP133	UPF3B	9606.ENSP00000261396	9606.ENSP00000276201	0	0	0	0	0.087	0	0.500	0.093	0.550
NUP133	WDR73	9606.ENSP00000261396	9606.ENSP00000387982	0	0	0	0	0.127	0.095	0	0.571	0.632
NUP133	NUP188	9606.ENSP00000261396	9606.ENSP00000361658	0	0	0	0	0.203	0.800	0.500	0.742	0.976
NUP133	NUP62	9606.ENSP00000261396	9606.ENSP00000471191	0	0	0	0	0.145	0.949	0.500	0.797	0.995
NUP133	NUP54	9606.ENSP00000261396	9606.ENSP00000264883	0	0	0	0	0.302	0.969	0.500	0.736	0.996
NUP133	NUP205	9606.ENSP00000261396	9606.ENSP00000285968	0	0	0	0	0.419	0.965	0.500	0.811	0.997
NUP133	NUP37	9606.ENSP00000261396	9606.ENSP00000448054	0	0	0	0	0.189	0.998	0.900	0.997	0.999
NUP133	NUP160	9606.ENSP00000261396	9606.ENSP00000367721	0	0	0	0	0.367	0.984	0.900	0.999	0.999
NUP160	NUP85	9606.ENSP00000367721	9606.ENSP00000245544	0	0	0	0	0.274	0.974	0.900	0.998	0.999
NUP160	THOC2	9606.ENSP00000367721	9606.ENSP00000245838	0	0	0	0	0.075	0	0.400	0.205	0.520
NUP160	NUP54	9606.ENSP00000367721	9606.ENSP00000264883	0	0	0	0	0.290	0.800	0.500	0.765	0.981
NUP160	UPF3B	9606.ENSP00000367721	9606.ENSP00000276201	0	0	0	0	0.074	0	0.500	0	0.517
NUP160	NUP205	9606.ENSP00000367721	9606.ENSP00000285968	0	0	0	0	0.813	0.886	0.500	0.811	0.997
NUP160	THOC6	9606.ENSP00000367721	9606.ENSP00000326531	0	0	0	0	0.097	0	0.400	0.165	0.508
NUP160	SLC39A13	9606.ENSP00000367721	9606.ENSP00000354689	0	0	0	0	0	0	0	0.453	0.453
NUP160	NUP188	9606.ENSP00000367721	9606.ENSP00000361658	0	0	0	0	0.385	0.800	0.500	0.865	0.990
NUP160	NUP62	9606.ENSP00000367721	9606.ENSP00000471191	0	0	0	0	0.133	0.830	0.500	0.794	0.982
NUP160	NUP37	9606.ENSP00000367721	9606.ENSP00000448054	0	0	0	0	0.127	0.953	0.900	0.997	0.999
NUP188	NUP85	9606.ENSP00000361658	9606.ENSP00000245544	0	0	0	0	0.183	0.800	0.800	0.788	0.992
NUP188	THOC2	9606.ENSP00000361658	9606.ENSP00000245838	0	0	0	0	0.058	0	0.400	0.116	0.456
NUP188	NUP54	9606.ENSP00000361658	9606.ENSP00000264883	0	0	0	0	0.072	0.879	0.500	0.701	0.981
NUP188	UPF3B	9606.ENSP00000361658	9606.ENSP00000276201	0	0	0	0	0.054	0	0.500	0	0.506
NUP188	NUP205	9606.ENSP00000361658	9606.ENSP00000285968	0	0	0	0	0.582	0.914	0.800	0.994	0.999
NUP188	USP48	9606.ENSP00000361658	9606.ENSP00000309262	0	0	0	0	0.049	0.722	0	0	0.724
NUP188	THOC6	9606.ENSP00000361658	9606.ENSP00000326531	0	0	0	0	0.061	0	0.400	0.166	0.489
NUP188	RFWD3	9606.ENSP00000361658	9606.ENSP00000354361	0	0	0	0	0.445	0	0	0	0.445
NUP188	NUP62	9606.ENSP00000361658	9606.ENSP00000471191	0	0	0	0	0.074	0.825	0.500	0.820	0.983
NUP188	NUP37	9606.ENSP00000361658	9606.ENSP00000448054	0	0	0	0	0.063	0.800	0.500	0.844	0.983
NUP205	NUP85	9606.ENSP00000285968	9606.ENSP00000245544	0	0	0	0	0.219	0.968	0.800	0.807	0.998
NUP205	THOC2	9606.ENSP00000285968	9606.ENSP00000245838	0	0	0	0	0.143	0	0.400	0.208	0.557
NUP205	POLR1A	9606.ENSP00000285968	9606.ENSP00000263857	0	0	0	0	0.411	0	0	0.065	0.425
NUP205	NUP54	9606.ENSP00000285968	9606.ENSP00000264883	0	0	0	0	0.129	0.994	0.500	0.816	0.999
NUP205	SIK1	9606.ENSP00000285968	9606.ENSP00000270162	0	0	0	0	0	0	0	0.452	0.452
NUP205	UPF3B	9606.ENSP00000285968	9606.ENSP00000276201	0	0	0	0	0.068	0	0.500	0	0.514
NUP205	PHGDH	9606.ENSP00000285968	9606.ENSP00000493382	0	0	0	0	0.084	0	0	0.376	0.404
NUP205	THOC6	9606.ENSP00000285968	9606.ENSP00000326531	0	0	0	0	0.063	0	0.400	0	0.413
NUP205	NUP37	9606.ENSP00000285968	9606.ENSP00000448054	0	0	0	0	0.194	0.826	0.500	0.797	0.983
NUP205	NUP62	9606.ENSP00000285968	9606.ENSP00000471191	0	0	0	0	0.167	0.977	0.500	0.849	0.998
NUP37	NUP85	9606.ENSP00000448054	9606.ENSP00000245544	0	0	0	0	0.217	0.998	0.900	0.997	0.999
NUP37	THOC2	9606.ENSP00000448054	9606.ENSP00000245838	0	0	0	0	0.120	0.118	0.400	0.052	0.499
NUP37	NUP54	9606.ENSP00000448054	9606.ENSP00000264883	0	0	0	0	0.181	0.800	0.500	0.662	0.968
NUP37	UPF3B	9606.ENSP00000448054	9606.ENSP00000276201	0	0	0	0	0.068	0.062	0.500	0	0.524
NUP37	ZNF335	9606.ENSP00000448054	9606.ENSP00000325326	0	0	0	0	0	0.095	0	0.403	0.437
NUP37	THOC6	9606.ENSP00000448054	9606.ENSP00000326531	0	0	0	0	0.163	0	0.400	0	0.476
NUP37	NUP62	9606.ENSP00000448054	9606.ENSP00000471191	0	0	0	0	0.060	0.830	0.500	0.786	0.980
NUP54	NUP85	9606.ENSP00000264883	9606.ENSP00000245544	0	0	0	0	0.205	0.962	0.500	0.821	0.996
NUP54	THOC2	9606.ENSP00000264883	9606.ENSP00000245838	0	0	0	0	0.108	0	0.400	0.105	0.479
NUP54	THOC6	9606.ENSP00000264883	9606.ENSP00000326531	0	0	0	0	0.075	0	0.400	0	0.421
NUP54	TNPO2	9606.ENSP00000264883	9606.ENSP00000407182	0	0	0	0	0.065	0.286	0	0.304	0.495
NUP54	UPF3B	9606.ENSP00000264883	9606.ENSP00000276201	0	0	0	0	0.062	0	0.500	0	0.510
NUP54	NUP62	9606.ENSP00000264883	9606.ENSP00000471191	0	0	0	0	0.091	0.996	0.900	0.998	0.999
NUP62	TARDBP	9606.ENSP00000471191	9606.ENSP00000240185	0	0	0	0	0.099	0	0	0.372	0.410
NUP62	NUP85	9606.ENSP00000471191	9606.ENSP00000245544	0	0	0	0	0.298	0.935	0.500	0.805	0.995
NUP62	THOC2	9606.ENSP00000471191	9606.ENSP00000245838	0	0	0	0	0.120	0	0.400	0.242	0.565
NUP62	UPF3B	9606.ENSP00000471191	9606.ENSP00000276201	0	0	0	0	0.067	0	0.500	0.060	0.523
NUP62	SNIP1	9606.ENSP00000471191	9606.ENSP00000296215	0	0	0	0	0.063	0	0	0.397	0.410
NUP62	THOC6	9606.ENSP00000471191	9606.ENSP00000326531	0	0	0	0	0.060	0	0.400	0.268	0.551
NUP62	TNPO2	9606.ENSP00000471191	9606.ENSP00000407182	0	0	0	0	0.109	0	0	0.796	0.811
NUP62	PHGDH	9606.ENSP00000471191	9606.ENSP00000493382	0	0	0	0	0.104	0	0	0.410	0.449
NUP85	SIK1	9606.ENSP00000245544	9606.ENSP00000270162	0	0	0	0	0.052	0	0	0.440	0.446
NUP85	RPGRIP1L	9606.ENSP00000245544	9606.ENSP00000493946	0	0	0	0	0.055	0	0	0.450	0.458
NUP85	THOC6	9606.ENSP00000245544	9606.ENSP00000326531	0	0	0	0	0.074	0	0.400	0.141	0.481
NUP85	UPF3B	9606.ENSP00000245544	9606.ENSP00000276201	0	0	0	0	0.053	0	0.500	0	0.506
NUP85	THOC2	9606.ENSP00000245544	9606.ENSP00000245838	0	0	0	0	0.060	0	0.400	0.202	0.510
NXN	SIL1	9606.ENSP00000337443	9606.ENSP00000265195	0	0	0	0	0.047	0	0	0.452	0.456
NYX	ROBO4	9606.ENSP00000340328	9606.ENSP00000304945	0	0	0	0	0.106	0.406	0	0.181	0.527
OBSCN	SYNE2	9606.ENSP00000455507	9606.ENSP00000350719	0	0	0	0	0.083	0.071	0	0.387	0.432
OBSCN	SYNE1	9606.ENSP00000455507	9606.ENSP00000356224	0	0	0	0	0.083	0.071	0	0.590	0.621
OBSCN	RNF212	9606.ENSP00000455507	9606.ENSP00000389709	0	0	0	0	0.048	0	0	0.433	0.437
OCLN	SYNE4	9606.ENSP00000347379	9606.ENSP00000316130	0	0	0	0	0.059	0.410	0	0	0.421
OPA3	TMEM70	9606.ENSP00000319817	9606.ENSP00000312599	0	0	0	0	0	0	0	0.521	0.521
OPA3	PNPT1	9606.ENSP00000319817	9606.ENSP00000400646	0	0	0	0	0.060	0	0	0.389	0.401
OPA3	TIMM50	9606.ENSP00000319817	9606.ENSP00000445806	0	0	0	0	0.097	0.228	0	0.251	0.432
OPA3	SERAC1	9606.ENSP00000319817	9606.ENSP00000496731	0	0	0	0	0.085	0	0	0.581	0.600
ORAI1	TRPM4	9606.ENSP00000482568	9606.ENSP00000252826	0	0	0	0	0.047	0	0	0.484	0.488
ORAI1	TRPV6	9606.ENSP00000482568	9606.ENSP00000352358	0	0	0	0	0	0	0	0.587	0.587
ORAI1	TRPV4	9606.ENSP00000482568	9606.ENSP00000406191	0	0	0	0	0	0	0	0.493	0.493
ORAI1	TRPM7	9606.ENSP00000482568	9606.ENSP00000495860	0	0	0	0	0.047	0	0	0.598	0.601
OTOA	SLC26A5	9606.ENSP00000496564	9606.ENSP00000304783	0	0	0	0	0	0	0	0.506	0.506
OTOA	WHRN	9606.ENSP00000496564	9606.ENSP00000354623	0	0	0	0	0	0	0	0.515	0.515
OTOA	TPRN	9606.ENSP00000496564	9606.ENSP00000387100	0	0	0	0	0	0	0	0.545	0.545
OTOA	TMPRSS3	9606.ENSP00000496564	9606.ENSP00000411013	0	0	0	0	0	0	0	0.667	0.667
OTOA	USH1G	9606.ENSP00000496564	9606.ENSP00000480279	0	0	0	0	0	0	0	0.424	0.424
OTOA	PDZD7	9606.ENSP00000496564	9606.ENSP00000480489	0	0	0	0	0.042	0	0	0.449	0.450
OTULIN	TAB2	9606.ENSP00000284274	9606.ENSP00000356426	0	0	0	0	0.095	0	0	0.370	0.405
OTULIN	TRIM32	9606.ENSP00000284274	9606.ENSP00000408292	0	0	0	0	0.049	0.292	0	0.305	0.491
P2RX2	PANX1	9606.ENSP00000343339	9606.ENSP00000227638	0	0	0	0	0	0	0	0.705	0.705
P2RX2	P2RY12	9606.ENSP00000343339	9606.ENSP00000307259	0	0	0	0	0	0	0	0.679	0.679
P2RX2	SLC17A9	9606.ENSP00000343339	9606.ENSP00000359376	0	0	0	0	0.044	0	0	0.447	0.448
P2RX2	TRPV4	9606.ENSP00000343339	9606.ENSP00000406191	0	0	0	0	0.043	0	0	0.472	0.473
P2RY12	PANX1	9606.ENSP00000307259	9606.ENSP00000227638	0	0	0	0	0	0	0	0.489	0.489
P3H1	UQCC2	9606.ENSP00000236040	9606.ENSP00000476140	0	0	0	0	0.049	0.429	0	0	0.433
P3H1	VPS37D	9606.ENSP00000236040	9606.ENSP00000320416	0	0	0	0	0	0.448	0	0	0.448
P3H1	P3H2	9606.ENSP00000236040	9606.ENSP00000316881	0	0	0.058	0.930	0.056	0	0.400	0.103	0.457
P3H2	SLC39A5	9606.ENSP00000316881	9606.ENSP00000266980	0	0	0	0	0.057	0	0	0.627	0.634
P3H2	RBMX	9606.ENSP00000316881	9606.ENSP00000359645	0	0	0	0	0	0.424	0	0	0.424
PADI6	TLE6	9606.ENSP00000483125	9606.ENSP00000246112	0	0	0	0	0	0	0	0.950	0.950
PADI6	SLC45A2	9606.ENSP00000483125	9606.ENSP00000296589	0	0	0	0	0	0	0	0.441	0.441
PADI6	ZFP57	9606.ENSP00000483125	9606.ENSP00000418259	0	0	0	0	0	0	0	0.400	0.400
PADI6	TUBB8	9606.ENSP00000483125	9606.ENSP00000456206	0	0	0	0	0.062	0	0	0.418	0.430
PALB2	STN1	9606.ENSP00000261584	9606.ENSP00000224950	0	0	0	0	0	0	0	0.600	0.600
PALB2	RINT1	9606.ENSP00000261584	9606.ENSP00000257700	0	0	0	0	0.098	0	0	0.474	0.505
PALB2	RNF43	9606.ENSP00000261584	9606.ENSP00000463069	0	0	0	0	0.044	0	0	0.400	0.402
PALB2	RNASEH1	9606.ENSP00000261584	9606.ENSP00000313350	0.086	0	0	0	0.111	0	0	0.331	0.409
PALB2	RABL3	9606.ENSP00000261584	9606.ENSP00000273375	0	0	0	0	0.062	0.297	0	0.186	0.417
PALB2	WWOX	9606.ENSP00000261584	9606.ENSP00000457230	0.053	0	0	0	0.157	0	0.215	0.184	0.420
PALB2	SMARCAL1	9606.ENSP00000261584	9606.ENSP00000349823	0	0	0	0	0.082	0	0	0.484	0.507
PALB2	PHF21A	9606.ENSP00000261584	9606.ENSP00000398824	0	0	0	0	0	0	0.540	0	0.540
PALB2	RAD54B	9606.ENSP00000261584	9606.ENSP00000336606	0	0	0	0	0.174	0	0	0.481	0.553
PALB2	RFWD3	9606.ENSP00000261584	9606.ENSP00000354361	0	0	0	0	0.097	0	0	0.541	0.567
PALB2	PUS7	9606.ENSP00000261584	9606.ENSP00000417402	0	0	0	0	0.108	0.584	0	0	0.613
PALB2	PALLD	9606.ENSP00000261584	9606.ENSP00000425556	0	0	0	0	0	0	0	0.614	0.614
PALB2	RTEL1	9606.ENSP00000261584	9606.ENSP00000353332	0	0	0	0	0.116	0	0.400	0.342	0.621
PALB2	UBE2T	9606.ENSP00000261584	9606.ENSP00000494957	0	0	0	0	0.145	0	0	0.581	0.626
PALB2	PMPCA	9606.ENSP00000261584	9606.ENSP00000360782	0	0	0	0	0.129	0.643	0	0.139	0.709
PALB2	SLX4	9606.ENSP00000261584	9606.ENSP00000294008	0.056	0	0	0	0.078	0	0.500	0.732	0.868
PALB2	RNF168	9606.ENSP00000261584	9606.ENSP00000320898	0	0	0	0	0.044	0.292	0	0.889	0.918
PALLD	SASH1	9606.ENSP00000425556	9606.ENSP00000356437	0	0	0	0	0.097	0	0	0.473	0.503
PAM16	PMPCA	9606.ENSP00000315693	9606.ENSP00000360782	0	0	0	0	0.114	0.132	0.400	0.472	0.724
PAM16	TIMM22	9606.ENSP00000315693	9606.ENSP00000320236	0	0	0	0	0.145	0	0.500	0.572	0.801
PAM16	TIMM50	9606.ENSP00000315693	9606.ENSP00000445806	0	0	0	0	0.136	0.498	0.540	0.879	0.972
PANK4	TNIK	9606.ENSP00000498888	9606.ENSP00000399511	0	0	0	0	0.042	0	0	0.475	0.476
PANX1	SLC17A9	9606.ENSP00000227638	9606.ENSP00000359376	0	0	0	0	0	0	0	0.479	0.479
PANX1	TRPV4	9606.ENSP00000227638	9606.ENSP00000406191	0	0	0	0	0	0	0	0.514	0.514
PBRM1	PHIP	9606.ENSP00000386593	9606.ENSP00000275034	0	0	0	0.547	0.375	0.314	0	0.088	0.575
PBRM1	SETD2	9606.ENSP00000386593	9606.ENSP00000386759	0	0	0	0	0.333	0.091	0	0.857	0.906
PCARE	PRPF6	9606.ENSP00000332809	9606.ENSP00000266079	0	0	0	0	0	0	0	0.447	0.447
PCARE	SNRNP200	9606.ENSP00000332809	9606.ENSP00000317123	0	0	0	0	0	0	0	0.702	0.702
PCARE	PRPF31	9606.ENSP00000332809	9606.ENSP00000324122	0	0	0	0	0	0	0	0.749	0.749
PCARE	WHRN	9606.ENSP00000332809	9606.ENSP00000354623	0	0	0	0	0	0	0	0.412	0.412
PCARE	USH1G	9606.ENSP00000332809	9606.ENSP00000480279	0	0	0	0	0.044	0	0	0.449	0.451
PCARE	PDZD7	9606.ENSP00000332809	9606.ENSP00000480489	0	0	0	0	0	0	0	0.474	0.474
PCARE	RPGRIP1	9606.ENSP00000332809	9606.ENSP00000382895	0	0	0	0	0.103	0	0	0.447	0.482
PCARE	SPATA7	9606.ENSP00000332809	9606.ENSP00000377176	0	0	0	0	0	0	0	0.670	0.670
PCARE	SEMA4A	9606.ENSP00000332809	9606.ENSP00000357265	0	0	0	0	0	0	0	0.688	0.688
PCARE	TTC8	9606.ENSP00000332809	9606.ENSP00000482306	0	0	0	0	0	0	0	0.746	0.746
PCARE	PRCD	9606.ENSP00000332809	9606.ENSP00000467661	0	0	0	0	0.044	0	0	0.832	0.832
PCDH19	PLCB1	9606.ENSP00000362125	9606.ENSP00000338185	0	0	0	0	0.066	0	0	0.704	0.711
PCDH19	PRICKLE1	9606.ENSP00000362125	9606.ENSP00000345064	0	0	0	0	0.076	0.092	0	0.360	0.416
PCDH19	SRPX2	9606.ENSP00000362125	9606.ENSP00000362095	0	0	0	0	0.084	0	0	0.392	0.420
PCDH19	SHANK3	9606.ENSP00000362125	9606.ENSP00000489407	0	0	0	0	0.083	0.046	0	0.522	0.546
PCDH19	PRRT2	9606.ENSP00000362125	9606.ENSP00000456226	0	0	0	0	0.082	0	0	0.643	0.658
PDP1	TMEM67	9606.ENSP00000379503	9606.ENSP00000389998	0	0.408	0	0	0.045	0	0	0	0.411
PDP1	PPM1K	9606.ENSP00000379503	9606.ENSP00000477341	0	0	0	0	0.048	0.065	0	0.545	0.559
PDSS1	PDSS2	9606.ENSP00000365388	9606.ENSP00000358033	0	0	0.147	0.619	0.060	0	0.900	0.799	0.981
PDSS1	UBIAD1	9606.ENSP00000365388	9606.ENSP00000366006	0.099	0	0	0	0.049	0	0.429	0.346	0.637
PDSS2	TRIT1	9606.ENSP00000358033	9606.ENSP00000321810	0.099	0	0	0	0.235	0	0.152	0.233	0.492
PDSS2	SMARCAL1	9606.ENSP00000358033	9606.ENSP00000349823	0	0	0	0	0.190	0.053	0	0.529	0.607
PDSS2	SQOR	9606.ENSP00000358033	9606.ENSP00000456019	0	0	0	0	0.108	0	0	0.391	0.433
PDSS2	QRSL1	9606.ENSP00000358033	9606.ENSP00000358042	0	0	0	0	0.321	0	0	0.314	0.514
PDSS2	WDR73	9606.ENSP00000358033	9606.ENSP00000387982	0	0	0	0	0.060	0	0	0.507	0.516
PDSS2	PLCE1	9606.ENSP00000358033	9606.ENSP00000360431	0	0	0	0	0	0	0	0.571	0.571
PDSS2	UBIAD1	9606.ENSP00000358033	9606.ENSP00000366006	0.099	0	0	0	0.139	0	0.429	0.335	0.666
PDZD7	WHRN	9606.ENSP00000480489	9606.ENSP00000354623	0	0	0	0.599	0	0	0.720	0.816	0.946
PDZD7	TPRN	9606.ENSP00000480489	9606.ENSP00000387100	0	0	0	0	0	0.111	0	0.483	0.521
PDZD7	STRC	9606.ENSP00000480489	9606.ENSP00000401513	0	0	0	0	0.072	0.085	0	0.611	0.640
PDZD7	USH1G	9606.ENSP00000480489	9606.ENSP00000480279	0	0	0	0	0	0.099	0	0.965	0.968
PERP	PIDD1	9606.ENSP00000397157	9606.ENSP00000337797	0	0	0	0	0	0	0	0.448	0.448
PGAP2	PIGU	9606.ENSP00000278243	9606.ENSP00000217446	0	0	0	0	0.192	0.102	0	0.411	0.535
PGAP2	VPS13B	9606.ENSP00000278243	9606.ENSP00000351346	0	0	0	0	0.064	0	0	0.473	0.486
PGAP2	PIGG	9606.ENSP00000278243	9606.ENSP00000415203	0	0	0	0	0.049	0	0	0.682	0.685
PGAP2	PIGN	9606.ENSP00000278243	9606.ENSP00000492233	0	0	0	0	0.060	0	0	0.712	0.718
PGAP2	PIGW	9606.ENSP00000278243	9606.ENSP00000482202	0	0	0	0	0.059	0.067	0	0.816	0.825
PGAP2	PIGO	9606.ENSP00000278243	9606.ENSP00000367880	0	0	0	0	0.103	0	0	0.854	0.863
PGAP2	PGAP3	9606.ENSP00000278243	9606.ENSP00000300658	0	0	0	0	0.140	0.110	0	0.858	0.882
PGAP2	PIGV	9606.ENSP00000278243	9606.ENSP00000363260	0	0	0	0	0.255	0.085	0	0.844	0.884
PGAP3	PIGN	9606.ENSP00000300658	9606.ENSP00000492233	0	0	0	0	0.049	0.053	0	0.430	0.442
PGAP3	PIGG	9606.ENSP00000300658	9606.ENSP00000415203	0	0	0	0	0.067	0.053	0	0.617	0.632
PGAP3	PIGO	9606.ENSP00000300658	9606.ENSP00000367880	0	0	0	0	0.138	0.053	0	0.735	0.765
PGAP3	PIGV	9606.ENSP00000300658	9606.ENSP00000363260	0	0	0	0	0.140	0	0	0.739	0.766
PGAP3	PIGW	9606.ENSP00000300658	9606.ENSP00000482202	0	0	0	0	0	0	0	0.772	0.772
PHF21A	SIN3B	9606.ENSP00000398824	9606.ENSP00000369131	0	0	0	0	0.074	0.114	0	0.432	0.494
PHF21A	SETD1B	9606.ENSP00000398824	9606.ENSP00000474253	0	0	0	0	0.161	0.112	0	0.263	0.403
PHF6	PHIP	9606.ENSP00000329097	9606.ENSP00000275034	0	0	0	0	0.147	0.329	0	0.129	0.459
PHF6	SUZ12	9606.ENSP00000329097	9606.ENSP00000316578	0	0	0	0	0.156	0.310	0	0.490	0.677
PHF6	SETD2	9606.ENSP00000329097	9606.ENSP00000386759	0	0	0	0	0.133	0	0	0.369	0.429
PHF6	TET2	9606.ENSP00000329097	9606.ENSP00000442788	0	0	0	0	0.081	0	0	0.694	0.706
PHF6	SETBP1	9606.ENSP00000329097	9606.ENSP00000497406	0	0	0	0	0	0.109	0	0.717	0.737
PHGDH	TARDBP	9606.ENSP00000493382	9606.ENSP00000240185	0	0	0	0	0.052	0.137	0	0.491	0.548
PHGDH	SIL1	9606.ENSP00000493382	9606.ENSP00000265195	0	0	0	0	0.146	0.272	0	0.159	0.431
PHGDH	PSAT1	9606.ENSP00000493382	9606.ENSP00000365773	0.115	0.409	0	0	0.946	0.225	0.979	0.892	0.999
PHGDH	RACGAP1	9606.ENSP00000493382	9606.ENSP00000404190	0	0	0	0	0.142	0	0	0.341	0.410
PHIP	THOC2	9606.ENSP00000275034	9606.ENSP00000245838	0	0	0	0	0.619	0	0	0	0.619
PHIP	TNRC6A	9606.ENSP00000275034	9606.ENSP00000379144	0	0	0	0	0.123	0.421	0	0	0.471
PHIP	UBR1	9606.ENSP00000275034	9606.ENSP00000290650	0	0	0	0	0.467	0.100	0	0.047	0.503
PHIP	SMCHD1	9606.ENSP00000275034	9606.ENSP00000326603	0	0	0	0	0.567	0	0	0.046	0.570
PHIP	RHOBTB2	9606.ENSP00000275034	9606.ENSP00000427926	0	0	0	0	0	0.213	0.500	0	0.590
PHYKPL	SPG21	9606.ENSP00000310978	9606.ENSP00000204566	0	0	0	0	0.055	0	0	0.487	0.495
PHYKPL	UPB1	9606.ENSP00000310978	9606.ENSP00000324343	0.058	0	0	0	0.189	0	0.218	0.137	0.416
PHYKPL	SEPSECS	9606.ENSP00000310978	9606.ENSP00000371535	0.057	0	0	0	0.122	0.092	0.259	0.137	0.432
PIDD1	TRIM32	9606.ENSP00000337797	9606.ENSP00000408292	0	0	0	0	0	0.124	0	0.418	0.468
PIEZO2	TRPM4	9606.ENSP00000421377	9606.ENSP00000252826	0	0	0	0	0	0	0	0.418	0.418
PIEZO2	TRPM3	9606.ENSP00000421377	9606.ENSP00000366314	0	0	0	0	0.044	0	0	0.405	0.407
PIEZO2	TRPV4	9606.ENSP00000421377	9606.ENSP00000406191	0	0	0	0	0	0	0	0.692	0.692
PIEZO2	TRPM7	9606.ENSP00000421377	9606.ENSP00000495860	0	0	0	0	0	0	0	0.402	0.402
PIGG	PIGU	9606.ENSP00000415203	9606.ENSP00000217446	0	0	0	0	0.085	0.107	0	0.375	0.445
PIGG	PIGV	9606.ENSP00000415203	9606.ENSP00000363260	0	0	0	0	0.135	0.087	0	0.774	0.806
PIGG	PIGO	9606.ENSP00000415203	9606.ENSP00000367880	0	0	0	0.614	0.334	0.091	0	0.447	0.636
PIGG	UVSSA	9606.ENSP00000415203	9606.ENSP00000425130	0	0	0	0	0.160	0	0	0.334	0.417
PIGG	PIGN	9606.ENSP00000415203	9606.ENSP00000492233	0	0	0	0.550	0.095	0	0	0.571	0.595
PIGG	PIGW	9606.ENSP00000415203	9606.ENSP00000482202	0	0	0	0	0	0	0	0.737	0.737
PIGN	PIGU	9606.ENSP00000492233	9606.ENSP00000217446	0	0	0	0	0.085	0.182	0	0.329	0.454
PIGN	TXNDC15	9606.ENSP00000492233	9606.ENSP00000351157	0	0	0	0	0.060	0.534	0	0	0.543
PIGN	PIGV	9606.ENSP00000492233	9606.ENSP00000363260	0	0	0	0	0.174	0.067	0.900	0.732	0.976
PIGN	PIGO	9606.ENSP00000492233	9606.ENSP00000367880	0	0	0	0.549	0.085	0.088	0	0.546	0.588
PIGN	PIGW	9606.ENSP00000492233	9606.ENSP00000482202	0	0	0	0	0.042	0	0	0.773	0.774
PIGO	PIGU	9606.ENSP00000367880	9606.ENSP00000217446	0	0	0	0	0.187	0.090	0.900	0.537	0.961
PIGO	PIGV	9606.ENSP00000367880	9606.ENSP00000363260	0	0	0	0	0.200	0.069	0	0.913	0.930
PIGO	TMEM165	9606.ENSP00000367880	9606.ENSP00000370736	0	0	0	0	0.060	0	0	0.513	0.522
PIGO	PIGW	9606.ENSP00000367880	9606.ENSP00000482202	0	0	0	0	0.042	0	0	0.836	0.837
PIGU	PIGW	9606.ENSP00000217446	9606.ENSP00000482202	0	0	0	0	0.058	0	0	0.564	0.571
PIGU	PIGV	9606.ENSP00000217446	9606.ENSP00000363260	0	0	0	0	0.107	0.070	0	0.663	0.696
PIGV	PIGW	9606.ENSP00000363260	9606.ENSP00000482202	0	0	0	0	0	0	0	0.878	0.878
PIGW	WLS	9606.ENSP00000482202	9606.ENSP00000346829	0	0	0	0	0	0.450	0	0	0.450
PIH1D3	ZMYND10	9606.ENSP00000441930	9606.ENSP00000231749	0	0	0	0	0.234	0	0	0.702	0.762
PIH1D3	RSPH3	9606.ENSP00000441930	9606.ENSP00000252655	0	0	0	0	0.092	0.065	0	0.540	0.575
PIH1D3	RSPH1	9606.ENSP00000441930	9606.ENSP00000291536	0	0	0	0	0.161	0	0	0.545	0.602
PIH1D3	RSPH9	9606.ENSP00000441930	9606.ENSP00000361238	0	0	0	0	0.181	0	0	0.446	0.526
PIK3R5	VAC14	9606.ENSP00000392812	9606.ENSP00000261776	0	0	0	0	0.050	0	0.540	0	0.544
PINK1	TARDBP	9606.ENSP00000364204	9606.ENSP00000240185	0	0	0	0	0	0	0	0.609	0.609
PINK1	SPG11	9606.ENSP00000364204	9606.ENSP00000261866	0	0	0	0	0.043	0	0	0.561	0.562
PINK1	WIPI2	9606.ENSP00000364204	9606.ENSP00000288828	0	0	0	0	0.158	0.073	0	0.443	0.527
PINK1	VPS35	9606.ENSP00000364204	9606.ENSP00000299138	0	0	0	0	0.042	0.088	0	0.846	0.854
PINK1	TBK1	9606.ENSP00000364204	9606.ENSP00000329967	0	0	0	0	0	0.046	0	0.564	0.566
PINK1	TIMM50	9606.ENSP00000364204	9606.ENSP00000445806	0	0	0	0	0	0.292	0	0.215	0.420
PINK1	VPS13C	9606.ENSP00000364204	9606.ENSP00000493560	0	0	0	0	0	0	0	0.654	0.654
PIP5K1C	PTPN23	9606.ENSP00000466363	9606.ENSP00000265562	0	0	0	0	0.393	0	0	0.078	0.416
PIP5K1C	PLCZ1	9606.ENSP00000466363	9606.ENSP00000266505	0	0	0	0	0.057	0.086	0.697	0.121	0.740
PIP5K1C	PLCB1	9606.ENSP00000466363	9606.ENSP00000338185	0	0	0	0	0	0	0.697	0.221	0.754
PIP5K1C	PLCH1	9606.ENSP00000466363	9606.ENSP00000345988	0	0	0	0	0.057	0.086	0.697	0.101	0.734
PIP5K1C	PLCE1	9606.ENSP00000466363	9606.ENSP00000360431	0	0	0	0	0.057	0.086	0.697	0.160	0.751
PISD	PLD3	9606.ENSP00000391739	9606.ENSP00000387050	0	0	0	0	0.049	0	0.900	0.145	0.911
PITPNM3	RPGRIP1	9606.ENSP00000262483	9606.ENSP00000382895	0	0	0	0	0	0.066	0	0.716	0.723
PITPNM3	SEMA4A	9606.ENSP00000262483	9606.ENSP00000357265	0	0	0	0	0	0	0	0.767	0.767
PITPNM3	RIMS1	9606.ENSP00000262483	9606.ENSP00000428417	0	0	0	0	0.097	0	0	0.776	0.790
PLCB1	PROKR2	9606.ENSP00000338185	9606.ENSP00000217270	0	0	0	0	0	0	0.500	0.046	0.502
PLCB1	PLCZ1	9606.ENSP00000338185	9606.ENSP00000266505	0	0	0.084	0.809	0.056	0	0.650	0.150	0.708
PLCB1	PROK2	9606.ENSP00000338185	9606.ENSP00000295619	0	0	0	0	0	0	0.500	0	0.499
PLCB1	RIMS1	9606.ENSP00000338185	9606.ENSP00000428417	0	0	0	0	0.080	0	0	0.442	0.465
PLCB1	PLCE1	9606.ENSP00000338185	9606.ENSP00000360431	0	0	0	0.625	0.069	0	0.650	0.168	0.705
PLCB1	TRPM7	9606.ENSP00000338185	9606.ENSP00000495860	0	0	0	0	0.055	0.294	0	0.713	0.792
PLCE1	PLCZ1	9606.ENSP00000360431	9606.ENSP00000266505	0	0	0	0.761	0	0	0.650	0.086	0.666
PLCE1	PLCH1	9606.ENSP00000360431	9606.ENSP00000345988	0	0	0	0.593	0.063	0	0.500	0.173	0.579
PLCE1	SMARCAL1	9606.ENSP00000360431	9606.ENSP00000349823	0	0	0	0	0	0.054	0	0.498	0.505
PLCE1	WDR73	9606.ENSP00000360431	9606.ENSP00000387982	0	0	0	0	0	0	0	0.433	0.433
PLCE1	SLC52A3	9606.ENSP00000360431	9606.ENSP00000494009	0	0	0	0	0	0	0	0.855	0.855
PLCZ1	SERPINA12	9606.ENSP00000266505	9606.ENSP00000342109	0	0	0	0	0.055	0.424	0	0	0.433
PLEKHG4	VANGL1	9606.ENSP00000353646	9606.ENSP00000347672	0	0	0	0	0.073	0	0.400	0	0.420
PLVAP	VWA1	9606.ENSP00000252590	9606.ENSP00000417185	0	0	0	0	0.083	0.091	0	0.364	0.424
PLVAP	SOX18	9606.ENSP00000252590	9606.ENSP00000341815	0	0	0	0	0.254	0.050	0	0.256	0.427
PLVAP	ROBO4	9606.ENSP00000252590	9606.ENSP00000304945	0	0	0	0	0.364	0	0	0.157	0.441
PLXND1	ROBO4	9606.ENSP00000317128	9606.ENSP00000304945	0	0	0	0	0.086	0	0	0.469	0.494
PLXND1	SEMA4A	9606.ENSP00000317128	9606.ENSP00000357265	0	0	0	0	0	0.494	0.900	0.936	0.996
PMFBP1	TTC21A	9606.ENSP00000237353	9606.ENSP00000398211	0	0	0	0	0	0.066	0	0.434	0.449
PMPCA	TIMM22	9606.ENSP00000360782	9606.ENSP00000320236	0	0	0	0	0.085	0.305	0	0.219	0.460
PMPCA	SH2B1	9606.ENSP00000360782	9606.ENSP00000321221	0	0	0	0	0.056	0	0	0.396	0.406
PMPCA	XPNPEP3	9606.ENSP00000360782	9606.ENSP00000349658	0.057	0	0	0	0.049	0.059	0	0.646	0.661
PMPCA	TIMM50	9606.ENSP00000360782	9606.ENSP00000445806	0	0	0	0	0.133	0.105	0.400	0.451	0.710
PMPCA	PNPT1	9606.ENSP00000360782	9606.ENSP00000400646	0.095	0	0	0	0.153	0.625	0	0.120	0.713
PNKD	PRRT2	9606.ENSP00000273077	9606.ENSP00000456226	0	0	0	0	0	0	0	0.963	0.963
PNPLA2	RETN	9606.ENSP00000337701	9606.ENSP00000221515	0	0	0	0	0.049	0	0	0.451	0.456
PNPLA2	PNPLA8	9606.ENSP00000337701	9606.ENSP00000257694	0	0	0	0	0.042	0	0	0.571	0.572
PNPLA2	PRDM16	9606.ENSP00000337701	9606.ENSP00000270722	0	0	0	0	0.047	0	0	0.588	0.591
PNPLA8	WNK4	9606.ENSP00000257694	9606.ENSP00000246914	0	0	0	0	0	0.381	0	0.184	0.473
PNPLA8	WNK1	9606.ENSP00000257694	9606.ENSP00000341292	0	0	0	0	0	0.381	0	0.184	0.473
PNPT1	SEC61A1	9606.ENSP00000400646	9606.ENSP00000243253	0	0	0	0	0.598	0	0	0.091	0.619
PNPT1	TRNT1	9606.ENSP00000400646	9606.ENSP00000251607	0.053	0	0	0	0.180	0.407	0.238	0.558	0.816
PNPT1	PTCD3	9606.ENSP00000400646	9606.ENSP00000254630	0	0	0	0	0.377	0	0	0.249	0.512
PNPT1	POLR1A	9606.ENSP00000400646	9606.ENSP00000263857	0.046	0	0	0	0.472	0	0	0.487	0.719
PNPT1	SIL1	9606.ENSP00000400646	9606.ENSP00000265195	0	0	0	0	0.405	0	0	0.136	0.464
PNPT1	TWNK	9606.ENSP00000400646	9606.ENSP00000309595	0	0	0	0	0.124	0	0	0.345	0.402
PNPT1	TRMT10C	9606.ENSP00000400646	9606.ENSP00000312356	0	0	0	0	0.235	0	0	0.552	0.643
PNPT1	RNASEH1	9606.ENSP00000400646	9606.ENSP00000313350	0.042	0	0	0	0.120	0	0	0.451	0.497
PNPT1	YARS2	9606.ENSP00000400646	9606.ENSP00000320658	0.076	0	0	0	0.184	0.137	0	0.212	0.419
PNPT1	TRIT1	9606.ENSP00000400646	9606.ENSP00000321810	0.104	0	0	0	0.072	0	0	0.457	0.509
PNPT1	RARS2	9606.ENSP00000400646	9606.ENSP00000358549	0.044	0	0	0	0.435	0	0	0.154	0.503
PNPT1	PUS1	9606.ENSP00000400646	9606.ENSP00000365837	0.074	0	0	0	0.132	0	0	0.403	0.479
PNPT1	POLR1B	9606.ENSP00000400646	9606.ENSP00000444136	0.047	0	0	0	0.646	0	0	0.460	0.802
POC1A	SIL1	9606.ENSP00000296484	9606.ENSP00000265195	0	0	0	0	0.056	0.457	0	0.210	0.560
POC1A	UBE2T	9606.ENSP00000296484	9606.ENSP00000494957	0	0	0	0	0.456	0.071	0	0.049	0.477
POC1A	SETD1B	9606.ENSP00000296484	9606.ENSP00000474253	0	0	0	0	0.058	0.430	0	0.166	0.513
POFUT1	POMT2	9606.ENSP00000364902	9606.ENSP00000261534	0	0	0	0	0.187	0	0	0.391	0.484
POFUT1	POGLUT1	9606.ENSP00000364902	9606.ENSP00000295588	0	0	0	0	0.147	0.126	0	0.860	0.886
POFUT1	TBL2	9606.ENSP00000364902	9606.ENSP00000307260	0	0	0	0	0.766	0	0	0	0.766
POFUT1	SLC35C1	9606.ENSP00000364902	9606.ENSP00000313318	0	0	0	0	0.092	0	0	0.463	0.492
POGLUT1	TIMMDC1	9606.ENSP00000295588	9606.ENSP00000418803	0	0.417	0	0	0.058	0	0	0.418	0.652
POGZ	QRICH1	9606.ENSP00000271715	9606.ENSP00000378830	0	0	0	0	0.311	0.230	0	0	0.446
POLR1A	SEC61A1	9606.ENSP00000263857	9606.ENSP00000243253	0.111	0	0	0	0.691	0	0	0.281	0.785
POLR1A	TRMT1	9606.ENSP00000263857	9606.ENSP00000466967	0	0	0	0	0.418	0	0	0.051	0.424
POLR1A	PUS1	9606.ENSP00000263857	9606.ENSP00000365837	0.074	0	0	0	0.337	0	0	0.184	0.455
POLR1A	TNPO2	9606.ENSP00000263857	9606.ENSP00000407182	0	0	0	0	0.468	0	0	0	0.468
POLR1A	VARS2	9606.ENSP00000263857	9606.ENSP00000441000	0.042	0	0	0	0.311	0	0	0.281	0.484
POLR1A	SF3B1	9606.ENSP00000263857	9606.ENSP00000335321	0	0	0	0	0.146	0	0.500	0.054	0.560
POLR1A	PUS7	9606.ENSP00000263857	9606.ENSP00000417402	0	0	0	0	0.559	0	0	0.074	0.574
POLR1A	RARS2	9606.ENSP00000263857	9606.ENSP00000358549	0	0	0	0	0.597	0	0	0.281	0.698
POLR1A	SIL1	9606.ENSP00000263857	9606.ENSP00000265195	0.086	0	0	0	0.596	0.295	0	0.120	0.740
POLR1A	POLR3K	9606.ENSP00000263857	9606.ENSP00000293860	0	0	0	0	0.143	0.582	0	0.416	0.773
POLR1A	WDR36	9606.ENSP00000263857	9606.ENSP00000423067	0	0	0	0	0.926	0	0	0	0.926
POLR1A	POLR3H	9606.ENSP00000263857	9606.ENSP00000347345	0	0	0	0	0.220	0.884	0	0.348	0.936
POLR1A	POLR1B	9606.ENSP00000263857	9606.ENSP00000444136	0.102	0	0	0	0.956	0.997	0.800	0.888	0.999
POLR1A	POLR1D	9606.ENSP00000263857	9606.ENSP00000302478	0	0	0	0	0.402	0.997	0.800	0.816	0.999
POLR1B	SEC61A1	9606.ENSP00000444136	9606.ENSP00000243253	0.102	0	0	0	0.634	0	0	0.240	0.728
POLR1B	SLC7A6OS	9606.ENSP00000444136	9606.ENSP00000263997	0	0	0	0	0.060	0.304	0	0.239	0.459
POLR1B	SIL1	9606.ENSP00000444136	9606.ENSP00000265195	0.070	0	0	0	0.534	0.310	0	0.166	0.717
POLR1B	POLR3K	9606.ENSP00000444136	9606.ENSP00000293860	0	0	0	0	0.149	0.580	0	0.549	0.825
POLR1B	POLR1D	9606.ENSP00000444136	9606.ENSP00000302478	0	0	0	0	0.199	0.997	0.800	0.728	0.999
POLR1B	YARS2	9606.ENSP00000444136	9606.ENSP00000320658	0.101	0	0	0	0.382	0	0	0.240	0.541
POLR1B	SF3B1	9606.ENSP00000444136	9606.ENSP00000335321	0	0	0	0	0.146	0	0.500	0.110	0.586
POLR1B	TUBB	9606.ENSP00000444136	9606.ENSP00000339001	0	0	0	0	0.059	0	0	0.467	0.477
POLR1B	POLR3H	9606.ENSP00000444136	9606.ENSP00000347345	0	0	0	0	0.157	0.844	0	0.348	0.906
POLR1B	RARS2	9606.ENSP00000444136	9606.ENSP00000358549	0.042	0	0	0	0.349	0	0	0.240	0.484
POLR1B	YRDC	9606.ENSP00000444136	9606.ENSP00000362135	0.097	0	0	0	0.138	0	0	0.414	0.504
POLR1B	QRICH1	9606.ENSP00000444136	9606.ENSP00000378830	0	0	0	0	0.385	0	0	0.155	0.458
POLR1B	PUS7	9606.ENSP00000444136	9606.ENSP00000417402	0	0	0	0	0.607	0	0	0.513	0.801
POLR1B	WDR36	9606.ENSP00000444136	9606.ENSP00000423067	0	0	0	0	0.932	0.235	0	0.136	0.951
POLR1B	VARS2	9606.ENSP00000444136	9606.ENSP00000441000	0.042	0	0	0	0.382	0	0	0.240	0.511
POLR1D	SBDS	9606.ENSP00000302478	9606.ENSP00000246868	0	0	0	0	0.203	0	0	0.464	0.554
POLR1D	POLR3K	9606.ENSP00000302478	9606.ENSP00000293860	0.091	0	0	0	0.252	0.964	0.800	0.796	0.998
POLR1D	YRDC	9606.ENSP00000302478	9606.ENSP00000362135	0	0	0	0	0.144	0	0	0.372	0.439
POLR1D	SF3B1	9606.ENSP00000302478	9606.ENSP00000335321	0	0	0	0	0.049	0	0.500	0	0.504
POLR1D	WDR36	9606.ENSP00000302478	9606.ENSP00000423067	0	0	0	0	0.545	0	0	0	0.545
POLR1D	PUS7	9606.ENSP00000302478	9606.ENSP00000417402	0.120	0	0	0	0.583	0	0	0.060	0.625
POLR1D	TSR2	9606.ENSP00000302478	9606.ENSP00000364293	0	0	0	0	0.691	0	0	0.186	0.738
POLR1D	POLR3H	9606.ENSP00000302478	9606.ENSP00000347345	0.042	0	0	0	0.572	0.997	0.540	0.720	0.999
POLR3H	TRMT10A	9606.ENSP00000347345	9606.ENSP00000273962	0	0	0	0	0.299	0	0	0.178	0.400
POLR3H	POLR3K	9606.ENSP00000347345	9606.ENSP00000293860	0	0	0	0	0.135	0.954	0.540	0.781	0.995
POLR3H	TBL1XR1	9606.ENSP00000347345	9606.ENSP00000405574	0	0	0	0	0.103	0	0	0.578	0.605
POLR3K	TRMT1	9606.ENSP00000293860	9606.ENSP00000466967	0	0	0	0	0.115	0	0	0.396	0.442
POLR3K	YRDC	9606.ENSP00000293860	9606.ENSP00000362135	0	0.503	0	0	0.099	0	0	0.090	0.557
POMGNT1	POMT2	9606.ENSP00000361060	9606.ENSP00000261534	0	0	0	0	0.128	0	0.900	0.987	0.998
POMGNT1	POMGNT2	9606.ENSP00000361060	9606.ENSP00000344125	0	0	0	0	0	0	0.900	0.863	0.985
POMGNT1	SELENON	9606.ENSP00000361060	9606.ENSP00000355141	0	0	0	0	0.066	0	0	0.416	0.432
POMGNT1	TRIM32	9606.ENSP00000361060	9606.ENSP00000408292	0	0	0	0	0.049	0.045	0	0.600	0.605
POMGNT2	POMT2	9606.ENSP00000344125	9606.ENSP00000261534	0	0	0	0	0.056	0	0.900	0.872	0.986
POMT2	SRD5A3	9606.ENSP00000261534	9606.ENSP00000264228	0	0	0	0	0.060	0	0	0.388	0.401
POMT2	SELENON	9606.ENSP00000261534	9606.ENSP00000355141	0	0	0	0	0.056	0	0	0.470	0.478
POMT2	TRIM32	9606.ENSP00000261534	9606.ENSP00000408292	0	0	0	0	0.049	0	0	0.632	0.635
PORCN	WNT10A	9606.ENSP00000322304	9606.ENSP00000258411	0	0	0	0	0	0.306	0.900	0.455	0.958
PORCN	RSPO2	9606.ENSP00000322304	9606.ENSP00000276659	0	0	0	0	0	0	0	0.470	0.470
PORCN	WNT3A	9606.ENSP00000322304	9606.ENSP00000284523	0	0	0	0	0	0.602	0.900	0.595	0.982
PORCN	WNT4	9606.ENSP00000322304	9606.ENSP00000290167	0	0	0	0	0	0.334	0.900	0.435	0.959
PORCN	RSPO1	9606.ENSP00000322304	9606.ENSP00000348944	0	0	0	0	0	0	0	0.516	0.516
PORCN	ZNRF3	9606.ENSP00000322304	9606.ENSP00000443824	0	0	0	0	0	0	0	0.560	0.560
PORCN	RNF43	9606.ENSP00000322304	9606.ENSP00000463069	0	0	0	0	0	0	0	0.608	0.608
PORCN	WLS	9606.ENSP00000322304	9606.ENSP00000346829	0	0	0	0	0	0.292	0	0.709	0.785
POT1	STN1	9606.ENSP00000350249	9606.ENSP00000224950	0	0	0	0	0.057	0.249	0.720	0.451	0.876
POT1	TINF2	9606.ENSP00000350249	9606.ENSP00000267415	0	0	0	0	0	0.994	0.800	0.999	0.999
POT1	TERF2IP	9606.ENSP00000350249	9606.ENSP00000300086	0	0	0	0	0	0.870	0.800	0.969	0.999
POT1	WRAP53	9606.ENSP00000350249	9606.ENSP00000324203	0	0	0	0	0.049	0	0.500	0.501	0.742
POT1	RTEL1	9606.ENSP00000350249	9606.ENSP00000353332	0	0	0	0	0	0	0.500	0.480	0.729
PRCD	PRPF6	9606.ENSP00000467661	9606.ENSP00000266079	0	0	0	0	0	0	0	0.447	0.447
PRCD	SNRNP200	9606.ENSP00000467661	9606.ENSP00000317123	0	0	0	0	0	0	0	0.694	0.694
PRCD	PRPF31	9606.ENSP00000467661	9606.ENSP00000324122	0	0	0	0	0	0	0	0.722	0.722
PRCD	SEMA4A	9606.ENSP00000467661	9606.ENSP00000357265	0	0	0	0	0	0	0	0.691	0.691
PRCD	SPATA7	9606.ENSP00000467661	9606.ENSP00000377176	0	0	0	0	0	0	0	0.671	0.671
PRCD	RPGRIP1	9606.ENSP00000467661	9606.ENSP00000382895	0	0	0	0	0	0	0	0.553	0.553
PRCD	TTC8	9606.ENSP00000467661	9606.ENSP00000482306	0	0	0	0	0	0	0	0.749	0.749
PRDM16	RETN	9606.ENSP00000270722	9606.ENSP00000221515	0	0	0	0	0	0	0	0.434	0.434
PRDM16	SLC25A19	9606.ENSP00000270722	9606.ENSP00000385312	0	0	0	0	0	0	0	0.479	0.479
PRDM16	SETBP1	9606.ENSP00000270722	9606.ENSP00000497406	0	0	0	0	0.067	0.095	0	0.673	0.700
PRICKLE1	WDPCP	9606.ENSP00000345064	9606.ENSP00000272321	0	0	0	0	0.043	0	0	0.412	0.413
PRICKLE1	SH3PXD2B	9606.ENSP00000345064	9606.ENSP00000309714	0	0	0	0	0.078	0.099	0	0.352	0.415
PRICKLE1	VANGL1	9606.ENSP00000345064	9606.ENSP00000347672	0	0	0	0	0	0.301	0.900	0.906	0.992
PRICKLE1	VANGL2	9606.ENSP00000345064	9606.ENSP00000357040	0	0	0	0	0.047	0.301	0.900	0.980	0.998
PRKAG2	RRAGD	9606.ENSP00000287878	9606.ENSP00000358423	0	0	0	0	0.058	0	0.500	0.149	0.565
PRKAG2	TMEM43	9606.ENSP00000287878	9606.ENSP00000303992	0	0	0	0	0	0	0	0.567	0.567
PRMT7	UBIAD1	9606.ENSP00000343103	9606.ENSP00000366006	0	0	0	0	0.224	0	0.270	0.091	0.440
PROK2	PROKR2	9606.ENSP00000295619	9606.ENSP00000217270	0	0	0	0	0.049	0	0.500	0.999	0.999
PROK2	SPRY4	9606.ENSP00000295619	9606.ENSP00000344967	0	0	0	0	0	0	0	0.443	0.443
PROKR2	SPRY4	9606.ENSP00000217270	9606.ENSP00000344967	0	0	0	0	0	0	0	0.521	0.521
PRPF31	WBP11	9606.ENSP00000324122	9606.ENSP00000261167	0	0	0	0	0.099	0	0.400	0.049	0.441
PRPF31	PRPF6	9606.ENSP00000324122	9606.ENSP00000266079	0	0	0	0	0.178	0.999	0.900	0.996	0.999
PRPF31	SNIP1	9606.ENSP00000324122	9606.ENSP00000296215	0	0	0	0	0.142	0.507	0.900	0.067	0.955
PRPF31	SNRNP200	9606.ENSP00000324122	9606.ENSP00000317123	0	0	0	0	0.065	0.995	0.900	0.954	0.999
PRPF31	RNPC3	9606.ENSP00000324122	9606.ENSP00000432886	0	0	0	0	0	0.314	0	0.267	0.476
PRPF31	SPATA7	9606.ENSP00000324122	9606.ENSP00000377176	0	0	0	0	0	0	0	0.510	0.510
PRPF31	RBMX	9606.ENSP00000324122	9606.ENSP00000359645	0	0	0	0	0.110	0.464	0	0.074	0.520
PRPF31	RPGRIP1	9606.ENSP00000324122	9606.ENSP00000382895	0	0	0	0	0	0	0	0.544	0.544
PRPF31	TTC8	9606.ENSP00000324122	9606.ENSP00000482306	0	0	0	0	0	0	0	0.629	0.629
PRPF31	SEMA4A	9606.ENSP00000324122	9606.ENSP00000357265	0	0	0	0	0	0	0	0.659	0.659
PRPF31	SF3B1	9606.ENSP00000324122	9606.ENSP00000335321	0	0	0	0	0.061	0.958	0.900	0.476	0.997
PRPF6	TARDBP	9606.ENSP00000266079	9606.ENSP00000240185	0	0	0	0	0.287	0.142	0	0.155	0.438
PRPF6	WBP11	9606.ENSP00000266079	9606.ENSP00000261167	0	0	0	0	0.098	0	0.800	0	0.811
PRPF6	SPATA7	9606.ENSP00000266079	9606.ENSP00000377176	0	0	0	0	0	0	0	0.468	0.468
PRPF6	RNPC3	9606.ENSP00000266079	9606.ENSP00000432886	0	0	0	0	0.074	0.640	0	0.290	0.743
PRPF6	SNIP1	9606.ENSP00000266079	9606.ENSP00000296215	0	0	0	0	0.062	0.635	0.900	0.102	0.965
PRPF6	SNRNP200	9606.ENSP00000266079	9606.ENSP00000317123	0	0	0	0	0.375	0.999	0.900	0.968	0.999
PRPF6	SF3B1	9606.ENSP00000266079	9606.ENSP00000335321	0	0	0	0	0.141	0.991	0.900	0.558	0.999
PRRT2	STX1B	9606.ENSP00000456226	9606.ENSP00000215095	0	0	0	0	0.178	0.089	0	0.622	0.692
PRRT2	SCLT1	9606.ENSP00000456226	9606.ENSP00000281142	0	0	0	0	0.047	0.091	0	0.393	0.428
PRRT2	SYT2	9606.ENSP00000456226	9606.ENSP00000356237	0	0	0	0	0.124	0.046	0	0.552	0.593
PRX	SBF2	9606.ENSP00000326018	9606.ENSP00000256190	0	0	0	0	0	0	0	0.540	0.540
PSAT1	PYCR2	9606.ENSP00000365773	9606.ENSP00000342502	0.080	0	0	0	0.076	0	0	0.420	0.464
PSMC3IP	SOHLH1	9606.ENSP00000377384	9606.ENSP00000404438	0	0	0	0	0	0	0	0.412	0.412
PTF1A	SOX17	9606.ENSP00000365687	9606.ENSP00000297316	0	0	0	0	0	0	0	0.488	0.488
PTF1A	RFX6	9606.ENSP00000365687	9606.ENSP00000332208	0	0	0	0	0.048	0	0	0.723	0.725
PTF1A	ZFP57	9606.ENSP00000365687	9606.ENSP00000418259	0	0	0	0	0.059	0.070	0	0.395	0.424
PTPN22	TLR8	9606.ENSP00000352833	9606.ENSP00000312082	0	0	0	0	0.229	0.113	0	0.220	0.421
PTPN22	PXK	9606.ENSP00000352833	9606.ENSP00000348472	0	0	0	0	0.066	0	0	0.691	0.699
PTPN22	SLC30A10	9606.ENSP00000352833	9606.ENSP00000355893	0	0	0	0	0	0	0	0.445	0.445
PTPN22	SLC30A8	9606.ENSP00000352833	9606.ENSP00000415011	0	0	0	0	0	0	0	0.471	0.471
PTPN22	TLR7	9606.ENSP00000352833	9606.ENSP00000370034	0	0	0	0	0.178	0.113	0	0.348	0.483
PTPN22	ZFAT	9606.ENSP00000352833	9606.ENSP00000367069	0	0	0	0	0	0.045	0	0.521	0.522
PTPN23	ZFYVE19	9606.ENSP00000265562	9606.ENSP00000347498	0	0	0	0	0.143	0.092	0	0.325	0.429
PTPN23	SETD1B	9606.ENSP00000265562	9606.ENSP00000474253	0	0	0	0	0.450	0.045	0	0.041	0.452
PTRH2	QRSL1	9606.ENSP00000387180	9606.ENSP00000358042	0	0	0	0	0.082	0	0.449	0	0.472
PUS1	TRNT1	9606.ENSP00000365837	9606.ENSP00000251607	0.045	0	0	0	0.157	0	0	0.604	0.653
PUS1	TRMT5	9606.ENSP00000365837	9606.ENSP00000261249	0	0	0	0	0.145	0	0	0.678	0.712
PUS1	TRMT10A	9606.ENSP00000365837	9606.ENSP00000273962	0	0	0	0	0.185	0.135	0	0.636	0.721
PUS1	TWNK	9606.ENSP00000365837	9606.ENSP00000309595	0	0	0	0	0.259	0	0	0.242	0.414
PUS1	TRMT10C	9606.ENSP00000365837	9606.ENSP00000312356	0	0	0	0	0.153	0.130	0	0.615	0.691
PUS1	YARS2	9606.ENSP00000365837	9606.ENSP00000320658	0	0	0	0	0.162	0.187	0	0.941	0.956
PUS1	TRIT1	9606.ENSP00000365837	9606.ENSP00000321810	0.080	0	0	0	0.076	0.071	0	0.700	0.732
PUS1	RARS2	9606.ENSP00000365837	9606.ENSP00000358549	0	0	0	0	0.112	0	0	0.432	0.475
PUS1	YRDC	9606.ENSP00000365837	9606.ENSP00000362135	0.106	0	0	0	0.159	0	0	0.368	0.484
PUS1	SLC25A38	9606.ENSP00000365837	9606.ENSP00000497532	0	0	0	0	0.045	0	0	0.605	0.607
PUS1	TRMT1	9606.ENSP00000365837	9606.ENSP00000466967	0	0	0	0	0.249	0.073	0	0.623	0.715
PUS1	TRMU	9606.ENSP00000365837	9606.ENSP00000496496	0	0	0	0	0.103	0	0	0.717	0.736
PUS1	PUS7	9606.ENSP00000365837	9606.ENSP00000417402	0	0	0	0	0.346	0.070	0	0.879	0.920
PUS7	SBDS	9606.ENSP00000417402	9606.ENSP00000246868	0	0	0	0	0.146	0	0	0.362	0.432
PUS7	TRNT1	9606.ENSP00000417402	9606.ENSP00000251607	0	0	0	0	0.149	0	0	0.420	0.486
PUS7	RINT1	9606.ENSP00000417402	9606.ENSP00000257700	0	0.634	0	0	0.202	0	0	0.157	0.732
PUS7	TRMT5	9606.ENSP00000417402	9606.ENSP00000261249	0	0	0	0	0.284	0	0	0.412	0.561
PUS7	TRMT10A	9606.ENSP00000417402	9606.ENSP00000273962	0	0	0	0	0.250	0	0	0.532	0.634
PUS7	SLC25A32	9606.ENSP00000417402	9606.ENSP00000297578	0	0	0	0	0.126	0	0	0.358	0.415
PUS7	TRMT10C	9606.ENSP00000417402	9606.ENSP00000312356	0	0	0	0	0.177	0	0	0.405	0.489
PUS7	SHQ1	9606.ENSP00000417402	9606.ENSP00000315182	0	0	0	0	0.192	0	0	0.303	0.413
PUS7	TRIT1	9606.ENSP00000417402	9606.ENSP00000321810	0	0	0	0	0.188	0.088	0	0.519	0.613
PUS7	YRDC	9606.ENSP00000417402	9606.ENSP00000362135	0	0	0	0	0.072	0	0	0.398	0.418
PUS7	WDR36	9606.ENSP00000417402	9606.ENSP00000423067	0	0	0	0	0.633	0	0	0.095	0.653
PUS7	TRMT1	9606.ENSP00000417402	9606.ENSP00000466967	0.049	0	0	0	0.369	0.079	0	0.462	0.663
PXK	STN1	9606.ENSP00000348472	9606.ENSP00000224950	0	0	0	0	0	0	0	0.446	0.446
PXK	WNK4	9606.ENSP00000348472	9606.ENSP00000246914	0	0	0	0	0	0	0	0.425	0.425
PXK	USP48	9606.ENSP00000348472	9606.ENSP00000309262	0	0	0	0	0.060	0.537	0	0	0.546
PXK	SPRED2	9606.ENSP00000348472	9606.ENSP00000348753	0	0	0	0	0	0	0	0.474	0.474
PYCR2	RRM2B	9606.ENSP00000342502	9606.ENSP00000251810	0.060	0	0	0	0.044	0	0	0.655	0.663
QRICH1	QRICH2	9606.ENSP00000378830	9606.ENSP00000262765	0	0	0	0	0	0.058	0	0.734	0.739
QRICH2	WDR19	9606.ENSP00000262765	9606.ENSP00000382717	0	0	0	0	0.049	0	0	0.544	0.547
QRICH2	SPEF2	9606.ENSP00000262765	9606.ENSP00000348314	0	0	0	0	0.052	0.091	0	0.583	0.609
QRICH2	WDR66	9606.ENSP00000262765	9606.ENSP00000288912	0	0	0	0	0.064	0.098	0	0.639	0.669
QRICH2	TTC21A	9606.ENSP00000262765	9606.ENSP00000398211	0	0	0	0	0.094	0.061	0	0.669	0.694
QRSL1	TRNT1	9606.ENSP00000358042	9606.ENSP00000251607	0	0	0	0	0.298	0	0	0.339	0.516
QRSL1	SLX4	9606.ENSP00000358042	9606.ENSP00000294008	0.079	0	0	0	0.049	0.336	0.352	0.181	0.635
QRSL1	YARS2	9606.ENSP00000358042	9606.ENSP00000320658	0.052	0	0	0	0.219	0.191	0	0.271	0.505
QRSL1	VARS2	9606.ENSP00000358042	9606.ENSP00000441000	0.059	0	0	0	0.216	0	0	0.360	0.486
QRSL1	TRMU	9606.ENSP00000358042	9606.ENSP00000496496	0.102	0	0	0	0.067	0	0	0.440	0.489
RAB23	TTC21B	9606.ENSP00000417610	9606.ENSP00000243344	0	0	0	0	0.049	0	0	0.803	0.804
RAB23	WDR35	9606.ENSP00000417610	9606.ENSP00000314444	0	0	0	0	0.061	0	0	0.440	0.452
RAB23	SUFU	9606.ENSP00000417610	9606.ENSP00000358918	0	0	0	0	0.060	0	0	0.837	0.840
RAB23	TCTN1	9606.ENSP00000417610	9606.ENSP00000380779	0	0	0	0	0.042	0	0	0.784	0.784
RAB33B	VPS33A	9606.ENSP00000306496	9606.ENSP00000267199	0	0	0	0	0.053	0.426	0	0.230	0.545
RAB33B	WWOX	9606.ENSP00000306496	9606.ENSP00000457230	0	0	0	0	0	0.385	0	0.069	0.403
RAB33B	VPS33B	9606.ENSP00000306496	9606.ENSP00000327650	0	0	0	0	0.054	0.426	0	0.134	0.488
RAB33B	TRAPPC4	9606.ENSP00000306496	9606.ENSP00000436005	0	0	0	0	0.082	0.450	0	0.252	0.589
RAB5IF	TMCO1	9606.ENSP00000341213	9606.ENSP00000480514	0	0	0	0	0.212	0.626	0	0.222	0.750
RACGAP1	RINT1	9606.ENSP00000404190	9606.ENSP00000257700	0	0	0	0	0.092	0	0.500	0	0.526
RACGAP1	UBE2T	9606.ENSP00000404190	9606.ENSP00000494957	0	0	0	0	0.453	0	0	0.151	0.516
RAD54B	VAC14	9606.ENSP00000336606	9606.ENSP00000261776	0	0.780	0	0	0	0.067	0	0	0.786
RAD54B	SLX4	9606.ENSP00000336606	9606.ENSP00000294008	0	0	0	0	0.056	0.053	0	0.406	0.423
RAD54B	RTEL1	9606.ENSP00000336606	9606.ENSP00000353332	0	0	0	0	0.139	0.071	0	0.326	0.414
RAD54B	SMC5	9606.ENSP00000336606	9606.ENSP00000354957	0.044	0	0	0	0.048	0.079	0	0.389	0.419
RAD54B	UBE2T	9606.ENSP00000336606	9606.ENSP00000494957	0	0	0	0	0.242	0.099	0	0.277	0.463
RALGAPA1	VANGL1	9606.ENSP00000490119	9606.ENSP00000347672	0	0	0	0	0	0	0.400	0	0.400
RANGRF	TRPM4	9606.ENSP00000226105	9606.ENSP00000252826	0	0	0	0	0	0	0	0.621	0.621
RARS2	TRNT1	9606.ENSP00000358549	9606.ENSP00000251607	0.061	0	0	0	0.229	0	0	0.409	0.535
RARS2	TRMT5	9606.ENSP00000358549	9606.ENSP00000261249	0	0	0	0	0.226	0	0	0.359	0.482
RARS2	TSEN2	9606.ENSP00000358549	9606.ENSP00000284995	0	0	0	0	0.049	0	0	0.743	0.745
RARS2	SLX4	9606.ENSP00000358549	9606.ENSP00000294008	0	0	0	0	0.195	0.127	0	0.304	0.468
RARS2	YARS2	9606.ENSP00000358549	9606.ENSP00000320658	0.110	0	0	0	0.451	0.081	0	0.852	0.925
RARS2	TRIT1	9606.ENSP00000358549	9606.ENSP00000321810	0.057	0	0	0	0.095	0	0	0.379	0.423
RARS2	TSEN54	9606.ENSP00000358549	9606.ENSP00000327487	0	0	0	0	0.049	0	0	0.952	0.952
RARS2	TRMU	9606.ENSP00000358549	9606.ENSP00000496496	0.111	0	0	0	0.145	0	0	0.368	0.478
RARS2	SEPSECS	9606.ENSP00000358549	9606.ENSP00000371535	0	0	0	0	0.049	0	0	0.513	0.517
RARS2	TOE1	9606.ENSP00000358549	9606.ENSP00000361162	0	0	0	0	0.049	0	0	0.529	0.532
RARS2	TSEN34	9606.ENSP00000358549	9606.ENSP00000397402	0	0	0	0	0.047	0	0	0.775	0.776
RARS2	VARS2	9606.ENSP00000358549	9606.ENSP00000441000	0.109	0	0	0	0.421	0	0	0.884	0.935
RBMX	TARDBP	9606.ENSP00000359645	9606.ENSP00000240185	0	0	0	0	0.772	0.208	0	0.562	0.914
RBMX	THOC2	9606.ENSP00000359645	9606.ENSP00000245838	0	0	0	0	0.439	0.127	0	0.151	0.548
RBMX	TWNK	9606.ENSP00000359645	9606.ENSP00000309595	0	0	0	0	0.042	0.422	0	0.079	0.445
RBMX	SNRNP200	9606.ENSP00000359645	9606.ENSP00000317123	0	0	0	0	0.354	0.268	0	0.246	0.612
RBMX	YARS2	9606.ENSP00000359645	9606.ENSP00000320658	0	0	0	0	0.054	0.494	0	0.044	0.502
RBMX	SF3B1	9606.ENSP00000359645	9606.ENSP00000335321	0	0	0	0	0.202	0.332	0	0.425	0.667
RBMX	RHOBTB2	9606.ENSP00000359645	9606.ENSP00000427926	0	0	0	0	0.058	0.179	0.500	0.064	0.590
RCBTB1	ZNF408	9606.ENSP00000367552	9606.ENSP00000309606	0	0	0	0	0.049	0.049	0	0.599	0.605
RCBTB1	RSPRY1	9606.ENSP00000367552	9606.ENSP00000443176	0	0	0	0	0.049	0.045	0	0.414	0.421
REC114	RNF212	9606.ENSP00000328423	9606.ENSP00000389709	0	0	0	0	0.047	0.065	0	0.526	0.541
REEP2	SPG21	9606.ENSP00000367590	9606.ENSP00000204566	0	0	0	0	0	0	0	0.491	0.491
REEP2	ZFYVE26	9606.ENSP00000367590	9606.ENSP00000251119	0	0	0	0	0	0	0	0.566	0.566
REEP2	SPG11	9606.ENSP00000367590	9606.ENSP00000261866	0	0	0	0	0	0	0	0.554	0.554
REEP2	ZFYVE27	9606.ENSP00000367590	9606.ENSP00000409594	0	0	0	0	0	0	0	0.566	0.566
RELT	WDR72	9606.ENSP00000064780	9606.ENSP00000379619	0	0	0	0	0.053	0.095	0	0.409	0.449
RELT	SERAC1	9606.ENSP00000064780	9606.ENSP00000496731	0	0	0	0	0	0	0	0.554	0.554
RETN	TXN2	9606.ENSP00000221515	9606.ENSP00000216185	0	0	0	0	0	0	0	0.407	0.407
RETN	SERPINA12	9606.ENSP00000221515	9606.ENSP00000342109	0	0	0	0	0	0	0	0.720	0.720
RFWD3	SLX4	9606.ENSP00000354361	9606.ENSP00000294008	0	0	0	0	0.067	0	0	0.609	0.619
RFWD3	RNF168	9606.ENSP00000354361	9606.ENSP00000320898	0	0	0	0	0	0	0	0.424	0.424
RFWD3	SMARCAL1	9606.ENSP00000354361	9606.ENSP00000349823	0	0	0	0	0.095	0.260	0	0.511	0.644
RFWD3	UBE2T	9606.ENSP00000354361	9606.ENSP00000494957	0	0	0	0	0.100	0	0	0.631	0.654
RFX6	SLC30A8	9606.ENSP00000332208	9606.ENSP00000415011	0	0	0	0	0.084	0	0	0.432	0.457
RFX6	RFX7	9606.ENSP00000332208	9606.ENSP00000501317	0	0	0	0.550	0	0	0	0.494	0.494
RFX6	ZFP57	9606.ENSP00000332208	9606.ENSP00000418259	0	0	0	0	0	0.064	0	0.482	0.494
RHBDF2	UBAC2	9606.ENSP00000322775	9606.ENSP00000383911	0	0	0	0	0.088	0	0	0.405	0.434
RILPL1	RINT1	9606.ENSP00000366070	9606.ENSP00000257700	0	0	0	0	0	0	0	0.487	0.487
RIMS1	STX1B	9606.ENSP00000428417	9606.ENSP00000215095	0	0	0	0	0.147	0	0	0.419	0.484
RIMS1	SLC32A1	9606.ENSP00000428417	9606.ENSP00000217420	0	0	0	0	0.168	0	0.500	0.408	0.732
RIMS1	TRPM6	9606.ENSP00000428417	9606.ENSP00000354006	0	0	0	0	0	0	0	0.409	0.408
RIMS1	SEMA4A	9606.ENSP00000428417	9606.ENSP00000357265	0	0	0	0	0	0	0	0.650	0.650
RIMS1	RPGRIP1	9606.ENSP00000428417	9606.ENSP00000382895	0	0	0	0	0	0	0	0.621	0.621
RIMS1	UNC13A	9606.ENSP00000428417	9606.ENSP00000429562	0	0	0	0	0.109	0.509	0	0.959	0.980
RINT1	VPS13A	9606.ENSP00000257700	9606.ENSP00000353422	0	0	0	0	0.056	0	0	0.479	0.487
RINT1	VPS53	9606.ENSP00000257700	9606.ENSP00000401435	0	0	0	0	0.062	0	0	0.603	0.611
RIPK4	TUBB6	9606.ENSP00000332454	9606.ENSP00000318697	0	0	0	0	0.057	0.497	0	0.083	0.528
RIPK4	TRAF7	9606.ENSP00000332454	9606.ENSP00000318944	0	0	0	0	0.057	0.355	0	0.115	0.415
RIPK4	TUBA8	9606.ENSP00000332454	9606.ENSP00000333326	0	0	0	0	0.063	0.400	0	0.055	0.422
RIPK4	TUBB	9606.ENSP00000332454	9606.ENSP00000339001	0	0	0	0	0.060	0.497	0	0.085	0.531
RLIM	SMCHD1	9606.ENSP00000328059	9606.ENSP00000326603	0	0	0	0	0.125	0	0	0.377	0.432
RLIM	SPEN	9606.ENSP00000328059	9606.ENSP00000364912	0	0	0	0	0.060	0	0	0.410	0.421
RLIM	SIN3A	9606.ENSP00000328059	9606.ENSP00000378402	0	0	0	0	0.074	0.292	0	0.577	0.698
RNASEH1	SETX	9606.ENSP00000313350	9606.ENSP00000224140	0	0	0	0	0.049	0.088	0	0.775	0.788
RNASEH1	STN1	9606.ENSP00000313350	9606.ENSP00000224950	0	0	0	0	0	0	0	0.419	0.418
RNASEH1	THOC2	9606.ENSP00000313350	9606.ENSP00000245838	0	0	0	0	0.094	0	0	0.373	0.408
RNASEH1	TRNT1	9606.ENSP00000313350	9606.ENSP00000251607	0.227	0	0	0	0.145	0	0	0.333	0.521
RNASEH1	RRM2B	9606.ENSP00000313350	9606.ENSP00000251810	0	0	0	0	0.049	0	0	0.435	0.439
RNASEH1	TWNK	9606.ENSP00000313350	9606.ENSP00000309595	0	0	0	0	0.068	0	0	0.866	0.869
RNASEH1	SMARCAL1	9606.ENSP00000313350	9606.ENSP00000349823	0	0	0	0	0.049	0.062	0	0.390	0.408
RNASEH1	TRMU	9606.ENSP00000313350	9606.ENSP00000496496	0.120	0	0	0	0.056	0	0	0.348	0.411
RNASEH1	RTEL1	9606.ENSP00000313350	9606.ENSP00000353332	0.059	0	0	0	0	0	0	0.405	0.416
RNASEH2C	STING1	9606.ENSP00000308193	9606.ENSP00000498596	0	0	0	0	0.042	0	0	0.475	0.475
RNF135	SUZ12	9606.ENSP00000328340	9606.ENSP00000316578	0	0	0	0	0.053	0.060	0	0.615	0.627
RNF135	RNF216	9606.ENSP00000328340	9606.ENSP00000374552	0	0	0	0	0	0	0.400	0.124	0.451
RNF135	TKFC	9606.ENSP00000328340	9606.ENSP00000378360	0	0	0	0	0.043	0	0.500	0.125	0.544
RNF135	TBK1	9606.ENSP00000328340	9606.ENSP00000329967	0	0	0	0	0.057	0.053	0.500	0.550	0.772
RNF168	SLX4	9606.ENSP00000320898	9606.ENSP00000294008	0	0	0	0	0	0.073	0	0.383	0.403
RNF168	VPS35	9606.ENSP00000320898	9606.ENSP00000299138	0	0	0	0	0	0	0	0.524	0.524
RNF168	SMC5	9606.ENSP00000320898	9606.ENSP00000354957	0	0	0	0	0.121	0.074	0	0.354	0.429
RNF168	YIF1B	9606.ENSP00000320898	9606.ENSP00000343435	0	0	0	0	0.043	0	0	0.431	0.432
RNF168	SMARCAL1	9606.ENSP00000320898	9606.ENSP00000349823	0	0	0	0	0.060	0	0	0.457	0.467
RNF168	WRAP53	9606.ENSP00000320898	9606.ENSP00000324203	0	0	0	0	0	0	0	0.519	0.519
RNF212	SLX4	9606.ENSP00000389709	9606.ENSP00000294008	0	0	0	0	0	0	0	0.428	0.428
RNF212	SHOC1	9606.ENSP00000389709	9606.ENSP00000363405	0	0	0	0	0	0	0	0.713	0.713
RNF213	THSD1	9606.ENSP00000464087	9606.ENSP00000258613	0	0	0	0	0	0	0	0.408	0.408
RNF213	SAMD9L	9606.ENSP00000464087	9606.ENSP00000326247	0	0	0	0	0.494	0	0	0.137	0.545
RNF213	SYNE2	9606.ENSP00000464087	9606.ENSP00000350719	0	0	0	0	0.116	0.053	0	0.434	0.485
RNF213	ZNFX1	9606.ENSP00000464087	9606.ENSP00000360817	0	0	0	0.546	0.365	0	0	0.190	0.464
RNF216	TICAM1	9606.ENSP00000374552	9606.ENSP00000248244	0	0	0	0	0.042	0.292	0	0.487	0.621
RNF216	UBE3B	9606.ENSP00000374552	9606.ENSP00000340596	0	0	0	0	0.108	0	0	0.412	0.453
RNF43	RSPO2	9606.ENSP00000463069	9606.ENSP00000276659	0	0	0	0	0.055	0.376	0.900	0.876	0.991
RNF43	WNT3A	9606.ENSP00000463069	9606.ENSP00000284523	0	0	0	0	0	0	0.500	0.642	0.813
RNF43	RSPO1	9606.ENSP00000463069	9606.ENSP00000348944	0	0	0	0	0.055	0.954	0.900	0.981	0.999
RNF43	VANGL2	9606.ENSP00000463069	9606.ENSP00000357040	0	0	0	0	0.042	0.292	0	0.462	0.603
RNF43	ZNRF3	9606.ENSP00000463069	9606.ENSP00000443824	0	0	0	0.702	0.062	0	0.500	0.759	0.877
RNPC3	TMEM63C	9606.ENSP00000432886	9606.ENSP00000298351	0	0	0	0	0	0	0	0.433	0.433
RNPC3	SNRNP200	9606.ENSP00000432886	9606.ENSP00000317123	0	0	0	0	0.055	0.745	0	0.196	0.789
RNPC3	SF3B1	9606.ENSP00000432886	9606.ENSP00000335321	0	0	0	0	0.214	0.595	0.900	0.353	0.976
ROBO3	SALL4	9606.ENSP00000380903	9606.ENSP00000217086	0	0	0	0	0	0	0	0.700	0.700
ROBO3	UPF3B	9606.ENSP00000380903	9606.ENSP00000276201	0	0	0	0	0.054	0	0.500	0.212	0.594
ROBO3	ROBO4	9606.ENSP00000380903	9606.ENSP00000304945	0	0	0	0.590	0.088	0.122	0	0.326	0.413
ROBO3	TUBA8	9606.ENSP00000380903	9606.ENSP00000333326	0	0	0	0	0.045	0	0	0.764	0.764
ROBO4	SOX18	9606.ENSP00000304945	9606.ENSP00000341815	0	0	0	0	0.629	0	0	0.421	0.776
ROGDI	WDR72	9606.ENSP00000322832	9606.ENSP00000379619	0	0	0	0	0	0	0	0.507	0.507
RPGRIP1	TTC21B	9606.ENSP00000382895	9606.ENSP00000243344	0	0	0	0	0	0	0	0.531	0.531
RPGRIP1	TMEM231	9606.ENSP00000382895	9606.ENSP00000258173	0	0	0	0	0	0	0	0.561	0.561
RPGRIP1	TCTN2	9606.ENSP00000382895	9606.ENSP00000304941	0	0	0	0	0	0.045	0	0.427	0.430
RPGRIP1	TMEM107	9606.ENSP00000382895	9606.ENSP00000314116	0	0	0	0	0	0	0	0.442	0.442
RPGRIP1	TMEM216	9606.ENSP00000382895	9606.ENSP00000334844	0	0	0	0	0.082	0	0	0.505	0.526
RPGRIP1	WHRN	9606.ENSP00000382895	9606.ENSP00000354623	0	0	0	0	0	0.045	0	0.729	0.730
RPGRIP1	SEMA4A	9606.ENSP00000382895	9606.ENSP00000357265	0	0	0	0	0.044	0	0	0.640	0.641
RPGRIP1	SPATA7	9606.ENSP00000382895	9606.ENSP00000377176	0	0	0	0	0.060	0.259	0	0.935	0.951
RPGRIP1	TCTN1	9606.ENSP00000382895	9606.ENSP00000380779	0	0	0	0	0.049	0	0	0.467	0.472
RPGRIP1	TTC8	9606.ENSP00000382895	9606.ENSP00000482306	0	0	0	0	0	0.045	0	0.406	0.409
RPGRIP1	RPGRIP1L	9606.ENSP00000382895	9606.ENSP00000493946	0	0	0.123	0.784	0	0.095	0	0.457	0.531
RPGRIP1	TMEM237	9606.ENSP00000382895	9606.ENSP00000386264	0	0	0	0	0.106	0.069	0	0.614	0.650
RPGRIP1	TMEM67	9606.ENSP00000382895	9606.ENSP00000389998	0	0	0	0	0.069	0	0	0.657	0.667
RPGRIP1L	TTC21B	9606.ENSP00000493946	9606.ENSP00000243344	0	0	0	0	0.118	0	0	0.674	0.701
RPGRIP1L	TMEM231	9606.ENSP00000493946	9606.ENSP00000258173	0	0	0	0	0.138	0	0	0.879	0.891
RPGRIP1L	TMEM138	9606.ENSP00000493946	9606.ENSP00000278826	0	0	0	0	0	0	0	0.621	0.621
RPGRIP1L	TCTN2	9606.ENSP00000493946	9606.ENSP00000304941	0	0	0	0	0.085	0.045	0	0.828	0.836
RPGRIP1L	TMEM107	9606.ENSP00000493946	9606.ENSP00000314116	0	0	0	0	0.049	0	0	0.644	0.647
RPGRIP1L	WDR35	9606.ENSP00000493946	9606.ENSP00000314444	0	0	0	0	0.137	0	0	0.379	0.441
RPGRIP1L	TMEM216	9606.ENSP00000493946	9606.ENSP00000334844	0	0	0	0	0.082	0	0	0.957	0.959
RPGRIP1L	XPNPEP3	9606.ENSP00000493946	9606.ENSP00000349658	0	0	0	0	0.067	0	0	0.388	0.404
RPGRIP1L	WHRN	9606.ENSP00000493946	9606.ENSP00000354623	0	0	0	0	0	0.045	0	0.572	0.574
RPGRIP1L	SUFU	9606.ENSP00000493946	9606.ENSP00000358918	0	0	0	0	0	0	0.400	0.255	0.534
RPGRIP1L	TRAF3IP1	9606.ENSP00000493946	9606.ENSP00000362424	0	0	0	0	0.108	0	0	0.356	0.401
RPGRIP1L	SPATA7	9606.ENSP00000493946	9606.ENSP00000377176	0	0	0	0	0.135	0.215	0	0.478	0.615
RPGRIP1L	TCTN1	9606.ENSP00000493946	9606.ENSP00000380779	0	0	0	0	0.060	0	0	0.802	0.806
RPGRIP1L	WDR19	9606.ENSP00000493946	9606.ENSP00000382717	0	0	0	0	0.307	0	0	0.586	0.701
RPGRIP1L	TMEM237	9606.ENSP00000493946	9606.ENSP00000386264	0	0	0	0	0.086	0.069	0	0.866	0.876
RPGRIP1L	TMEM67	9606.ENSP00000493946	9606.ENSP00000389998	0	0	0	0	0.191	0	0	0.970	0.975
RPGRIP1L	TMEM218	9606.ENSP00000493946	9606.ENSP00000436596	0	0	0	0	0.042	0	0	0.573	0.573
RPGRIP1L	TCTN3	9606.ENSP00000493946	9606.ENSP00000483364	0	0	0	0	0.049	0	0	0.692	0.695
RRAGD	TBK1	9606.ENSP00000358423	9606.ENSP00000329967	0	0	0	0	0.068	0.497	0	0.102	0.542
RRAGD	SZT2	9606.ENSP00000358423	9606.ENSP00000457168	0	0	0	0	0	0	0.500	0.419	0.697
RRM2B	WDR73	9606.ENSP00000251810	9606.ENSP00000387982	0	0	0	0	0.140	0.291	0	0.135	0.426
RRM2B	SLC25A42	9606.ENSP00000251810	9606.ENSP00000326693	0	0	0	0	0.394	0	0	0.101	0.431
RRM2B	TWNK	9606.ENSP00000251810	9606.ENSP00000309595	0	0	0	0	0	0	0	0.880	0.880
RSPH1	ZMYND10	9606.ENSP00000291536	9606.ENSP00000231749	0	0	0	0	0.265	0.144	0	0.772	0.844
RSPH1	RSPH3	9606.ENSP00000291536	9606.ENSP00000252655	0	0	0	0	0.128	0.139	0	0.794	0.832
RSPH1	TTC12	9606.ENSP00000291536	9606.ENSP00000419652	0	0	0	0	0.086	0.072	0	0.357	0.406
RSPH1	SPEF2	9606.ENSP00000291536	9606.ENSP00000348314	0	0	0	0	0.078	0.093	0	0.500	0.545
RSPH1	STK36	9606.ENSP00000291536	9606.ENSP00000295709	0	0	0	0	0.057	0	0	0.543	0.550
RSPH1	RSPH9	9606.ENSP00000291536	9606.ENSP00000361238	0	0	0	0	0.135	0.797	0	0.906	0.982
RSPH3	SHPK	9606.ENSP00000252655	9606.ENSP00000225519	0.046	0	0	0	0.313	0.049	0.187	0.115	0.470
RSPH3	ZMYND10	9606.ENSP00000252655	9606.ENSP00000231749	0	0	0	0	0.049	0	0	0.559	0.562
RSPH3	STK36	9606.ENSP00000252655	9606.ENSP00000295709	0	0	0	0	0.056	0	0	0.400	0.410
RSPH3	SPEF2	9606.ENSP00000252655	9606.ENSP00000348314	0	0	0	0	0.108	0.093	0	0.451	0.517
RSPH3	WDR66	9606.ENSP00000252655	9606.ENSP00000288912	0	0	0	0	0.094	0.109	0	0.456	0.522
RSPH3	RSPH9	9606.ENSP00000252655	9606.ENSP00000361238	0	0	0	0	0.100	0.300	0	0.810	0.870
RSPH9	ZMYND10	9606.ENSP00000361238	9606.ENSP00000231749	0	0	0	0	0.107	0	0	0.720	0.739
RSPH9	STK36	9606.ENSP00000361238	9606.ENSP00000295709	0	0	0	0	0	0	0	0.544	0.544
RSPH9	SPEF2	9606.ENSP00000361238	9606.ENSP00000348314	0	0	0	0	0.056	0.091	0	0.478	0.513
RSPO1	RSPO2	9606.ENSP00000348944	9606.ENSP00000276659	0	0	0.073	0.896	0.062	0	0.500	0.129	0.570
RSPO1	WNT3A	9606.ENSP00000348944	9606.ENSP00000284523	0	0	0	0	0.062	0.045	0	0.900	0.903
RSPO1	WNT4	9606.ENSP00000348944	9606.ENSP00000290167	0	0	0	0	0.077	0.045	0	0.919	0.923
RSPO1	ZNRF3	9606.ENSP00000348944	9606.ENSP00000443824	0	0	0	0	0.055	0.856	0.900	0.988	0.999
RSPO2	WNT4	9606.ENSP00000276659	9606.ENSP00000290167	0	0	0	0	0.060	0.061	0	0.451	0.473
RSPO2	WNT3A	9606.ENSP00000276659	9606.ENSP00000284523	0	0	0	0	0.060	0.061	0	0.594	0.611
RSPO2	ZNRF3	9606.ENSP00000276659	9606.ENSP00000443824	0	0	0	0	0.055	0.979	0.900	0.880	0.999
RSPRY1	SLC17A5	9606.ENSP00000443176	9606.ENSP00000348019	0	0	0	0	0.060	0	0	0.448	0.458
RSPRY1	SETD5	9606.ENSP00000443176	9606.ENSP00000385852	0	0	0	0	0.082	0	0	0.455	0.478
RTEL1	USB1	9606.ENSP00000353332	9606.ENSP00000219281	0	0	0	0	0.049	0	0	0.477	0.482
RTEL1	STN1	9606.ENSP00000353332	9606.ENSP00000224950	0	0	0	0	0	0	0	0.688	0.688
RTEL1	SBDS	9606.ENSP00000353332	9606.ENSP00000246868	0	0	0	0	0	0	0	0.511	0.511
RTEL1	TINF2	9606.ENSP00000353332	9606.ENSP00000267415	0	0	0	0	0	0	0.500	0.883	0.939
RTEL1	SLX4	9606.ENSP00000353332	9606.ENSP00000294008	0.069	0	0	0	0.160	0.510	0	0.898	0.955
RTEL1	TERF2IP	9606.ENSP00000353332	9606.ENSP00000300086	0	0	0	0	0	0	0.500	0.524	0.751
RTEL1	WRAP53	9606.ENSP00000353332	9606.ENSP00000324203	0	0	0	0	0.119	0	0.500	0.809	0.908
RTEL1	SMARCAL1	9606.ENSP00000353332	9606.ENSP00000349823	0	0	0	0	0.133	0.071	0	0.440	0.510
RTL1	ZFP57	9606.ENSP00000497482	9606.ENSP00000418259	0	0	0	0	0	0.050	0.098	0.358	0.401
SALL4	TRIM71	9606.ENSP00000217086	9606.ENSP00000373272	0	0	0	0	0.240	0	0	0.323	0.464
SALL4	SOX17	9606.ENSP00000217086	9606.ENSP00000297316	0	0	0	0	0.042	0.069	0	0.546	0.560
SALL4	TET2	9606.ENSP00000217086	9606.ENSP00000442788	0	0	0	0	0	0	0	0.583	0.583
SALL4	SOHLH1	9606.ENSP00000217086	9606.ENSP00000404438	0	0	0	0	0.048	0	0	0.592	0.595
SALL4	SUZ12	9606.ENSP00000217086	9606.ENSP00000316578	0	0	0	0	0.044	0.044	0.500	0.349	0.662
SALL4	SETD2	9606.ENSP00000217086	9606.ENSP00000386759	0	0	0	0	0	0.052	0	0.688	0.691
SAMD12	YEATS2	9606.ENSP00000314173	9606.ENSP00000306983	0	0	0	0	0.055	0	0	0.666	0.670
SAMD12	TNRC6A	9606.ENSP00000314173	9606.ENSP00000379144	0	0	0	0	0.044	0	0	0.542	0.543
SAMD9	SAMD9L	9606.ENSP00000369292	9606.ENSP00000326247	0	0	0.060	0.960	0.781	0	0	0.079	0.794
SAMD9	TDRD7	9606.ENSP00000369292	9606.ENSP00000347444	0	0	0	0	0.437	0	0	0.083	0.462
SAMD9	ZNFX1	9606.ENSP00000369292	9606.ENSP00000360817	0	0	0	0	0.214	0	0	0.311	0.435
SAMD9L	ZNFX1	9606.ENSP00000326247	9606.ENSP00000360817	0	0	0	0	0.391	0	0	0.101	0.429
SAMD9L	TDRD7	9606.ENSP00000326247	9606.ENSP00000347444	0	0	0	0	0.393	0	0	0.151	0.463
SAR1B	SIL1	9606.ENSP00000385432	9606.ENSP00000265195	0	0	0	0	0.099	0	0	0.808	0.819
SAR1B	TRAPPC9	9606.ENSP00000385432	9606.ENSP00000373979	0	0	0	0	0.067	0	0.500	0.296	0.643
SAR1B	TRAPPC2L	9606.ENSP00000385432	9606.ENSP00000457728	0	0	0	0	0.063	0	0.500	0.054	0.518
SAR1B	TRAPPC4	9606.ENSP00000385432	9606.ENSP00000436005	0	0	0	0	0.062	0	0.500	0.168	0.576
SASH3	TMC8	9606.ENSP00000349359	9606.ENSP00000325561	0	0	0	0	0.332	0.045	0	0.349	0.549
SATB2	SIN3A	9606.ENSP00000401112	9606.ENSP00000378402	0	0	0	0	0	0.053	0	0.425	0.432
SBDS	TINF2	9606.ENSP00000246868	9606.ENSP00000267415	0	0	0	0	0	0	0	0.476	0.476
SBDS	WRAP53	9606.ENSP00000246868	9606.ENSP00000324203	0	0	0	0	0	0	0	0.478	0.478
SBDS	SIL1	9606.ENSP00000246868	9606.ENSP00000265195	0	0	0	0	0.123	0.403	0	0.125	0.501
SCGB3A2	SFTPA1	9606.ENSP00000296694	9606.ENSP00000397082	0	0	0	0	0.662	0	0	0.725	0.903
SDHAF1	TMEM127	9606.ENSP00000368165	9606.ENSP00000258439	0	0	0	0	0	0	0	0.511	0.511
SDHAF1	SDHAF2	9606.ENSP00000368165	9606.ENSP00000301761	0	0	0	0	0.060	0	0	0.927	0.928
SDHAF2	TMEM127	9606.ENSP00000301761	9606.ENSP00000258439	0	0	0	0	0.076	0	0	0.886	0.890
SEC61A1	TUBB2B	9606.ENSP00000243253	9606.ENSP00000259818	0	0	0	0	0.113	0	0	0.372	0.419
SEC61A1	TBK1	9606.ENSP00000243253	9606.ENSP00000329967	0	0	0	0	0.047	0	0	0.417	0.421
SEC61A1	STING1	9606.ENSP00000243253	9606.ENSP00000498596	0	0	0	0	0.054	0.191	0	0.547	0.623
SEC61A1	SIL1	9606.ENSP00000243253	9606.ENSP00000265195	0.086	0	0	0	0.637	0.461	0	0.540	0.906
SEC61A1	STT3B	9606.ENSP00000243253	9606.ENSP00000295770	0	0	0	0	0.267	0.749	0	0.676	0.935
SEC61A1	TMCO1	9606.ENSP00000243253	9606.ENSP00000480514	0	0	0	0	0.060	0.863	0	0.560	0.938
SECISBP2	SELENON	9606.ENSP00000364965	9606.ENSP00000355141	0	0	0	0	0	0	0	0.861	0.861
SECISBP2	SEPSECS	9606.ENSP00000364965	9606.ENSP00000371535	0	0	0	0	0.060	0	0	0.866	0.869
SELENON	SETBP1	9606.ENSP00000355141	9606.ENSP00000497406	0	0	0	0	0.044	0	0	0.541	0.542
SELENON	SEPSECS	9606.ENSP00000355141	9606.ENSP00000371535	0	0	0	0	0	0	0	0.585	0.585
SEMA4A	SNRNP200	9606.ENSP00000357265	9606.ENSP00000317123	0	0	0	0	0	0	0	0.641	0.641
SEMA4A	SPATA7	9606.ENSP00000357265	9606.ENSP00000377176	0	0	0	0	0	0	0	0.446	0.446
SEMA4A	TTC8	9606.ENSP00000357265	9606.ENSP00000482306	0	0	0	0	0	0.048	0	0.593	0.595
SEPSECS	TSEN2	9606.ENSP00000371535	9606.ENSP00000284995	0	0	0	0	0.060	0	0	0.679	0.685
SEPSECS	TSEN54	9606.ENSP00000371535	9606.ENSP00000327487	0	0	0	0	0	0	0	0.614	0.614
SEPSECS	TSEN34	9606.ENSP00000371535	9606.ENSP00000397402	0	0	0	0	0	0	0	0.703	0.703
SEPTIN12	TEX14	9606.ENSP00000268231	9606.ENSP00000240361	0	0.015	0	0	0.055	0.408	0	0.115	0.462
SEPTIN12	TERB2	9606.ENSP00000268231	9606.ENSP00000340644	0	0	0	0	0.063	0	0	0.389	0.403
SERAC1	TMEM70	9606.ENSP00000496731	9606.ENSP00000312599	0	0	0	0	0	0	0	0.542	0.542
SETBP1	SUZ12	9606.ENSP00000497406	9606.ENSP00000316578	0	0	0	0	0	0.310	0	0.379	0.553
SETBP1	SF3B1	9606.ENSP00000497406	9606.ENSP00000335321	0	0	0	0	0.135	0	0	0.401	0.459
SETBP1	SETD2	9606.ENSP00000497406	9606.ENSP00000386759	0	0	0	0	0.276	0	0	0.500	0.623
SETBP1	TET2	9606.ENSP00000497406	9606.ENSP00000442788	0	0	0	0	0.112	0	0	0.728	0.748
SETD1B	SUZ12	9606.ENSP00000474253	9606.ENSP00000316578	0	0	0	0	0.062	0.310	0	0.327	0.526
SETD1B	SIN3B	9606.ENSP00000474253	9606.ENSP00000369131	0	0	0	0	0.088	0.069	0.500	0.090	0.562
SETD1B	SIN3A	9606.ENSP00000474253	9606.ENSP00000378402	0	0	0	0	0.088	0.069	0.500	0.236	0.632
SETD1B	TNRC6A	9606.ENSP00000474253	9606.ENSP00000379144	0	0	0	0	0.081	0	0.400	0	0.425
SETD1B	SETD2	9606.ENSP00000474253	9606.ENSP00000386759	0	0	0	0.548	0.133	0.410	0	0.490	0.716
SETD1B	TNRC6B	9606.ENSP00000474253	9606.ENSP00000401946	0	0	0	0	0.064	0.069	0.400	0.057	0.440
SETD2	SETX	9606.ENSP00000386759	9606.ENSP00000224140	0	0	0	0	0.386	0.046	0	0.348	0.584
SETD2	SUZ12	9606.ENSP00000386759	9606.ENSP00000316578	0	0	0	0	0.057	0.310	0	0.489	0.638
SETD2	SPEN	9606.ENSP00000386759	9606.ENSP00000364912	0	0	0	0	0.344	0.045	0	0.253	0.491
SETD2	SIN3A	9606.ENSP00000386759	9606.ENSP00000378402	0	0	0	0	0.289	0.094	0	0.257	0.480
SETD2	SETD5	9606.ENSP00000386759	9606.ENSP00000385852	0	0	0	0.548	0.486	0	0	0.251	0.599
SETD2	TET2	9606.ENSP00000386759	9606.ENSP00000442788	0	0	0	0	0.170	0	0	0.507	0.573
SETD5	TBL1XR1	9606.ENSP00000385852	9606.ENSP00000405574	0	0	0	0	0.064	0.129	0	0.338	0.414
SETX	UNC13A	9606.ENSP00000224140	9606.ENSP00000429562	0	0	0	0	0	0	0	0.446	0.446
SETX	SIN3A	9606.ENSP00000224140	9606.ENSP00000378402	0	0	0	0	0.122	0.292	0	0.180	0.446
SETX	TBK1	9606.ENSP00000224140	9606.ENSP00000329967	0	0	0	0	0.083	0	0	0.424	0.449
SETX	THOC2	9606.ENSP00000224140	9606.ENSP00000245838	0	0	0	0	0.250	0	0	0.410	0.539
SETX	SIL1	9606.ENSP00000224140	9606.ENSP00000265195	0	0	0	0	0.049	0	0	0.577	0.580
SETX	TSEN2	9606.ENSP00000224140	9606.ENSP00000284995	0	0	0	0	0	0	0	0.680	0.680
SETX	SPG11	9606.ENSP00000224140	9606.ENSP00000261866	0	0	0	0	0.208	0	0	0.737	0.783
SETX	TARDBP	9606.ENSP00000224140	9606.ENSP00000240185	0	0	0	0	0.067	0.125	0	0.845	0.862
SF3B1	TARDBP	9606.ENSP00000335321	9606.ENSP00000240185	0	0	0	0	0.343	0.321	0	0.150	0.587
SF3B1	THOC2	9606.ENSP00000335321	9606.ENSP00000245838	0	0	0	0	0.206	0.319	0	0.284	0.579
SF3B1	WBP11	9606.ENSP00000335321	9606.ENSP00000261167	0	0	0	0	0.213	0.800	0	0	0.835
SF3B1	UPF3B	9606.ENSP00000335321	9606.ENSP00000276201	0	0	0	0	0.118	0	0.400	0.166	0.520
SF3B1	SNIP1	9606.ENSP00000335321	9606.ENSP00000296215	0	0	0	0	0.068	0.983	0.900	0.707	0.999
SF3B1	SNRNP200	9606.ENSP00000335321	9606.ENSP00000317123	0	0	0	0	0.366	0.997	0.900	0.808	0.999
SF3B1	TET2	9606.ENSP00000335321	9606.ENSP00000442788	0	0	0	0	0.110	0	0	0.360	0.407
SFXN4	TIMM22	9606.ENSP00000347924	9606.ENSP00000320236	0	0	0	0	0.299	0	0	0.335	0.514
SHANK3	SLC32A1	9606.ENSP00000489407	9606.ENSP00000217420	0	0	0	0	0.055	0.046	0	0.420	0.431
SHOC1	TERB2	9606.ENSP00000363405	9606.ENSP00000340644	0	0	0	0	0.056	0	0	0.430	0.439
SHQ1	WRAP53	9606.ENSP00000315182	9606.ENSP00000324203	0	0	0	0	0.049	0	0	0.812	0.813
SIK1	SIK3	9606.ENSP00000270162	9606.ENSP00000364449	0	0	0	0.830	0.042	0.330	0	0.458	0.621
SIK3	TAB2	9606.ENSP00000364449	9606.ENSP00000356426	0	0	0	0	0.257	0.292	0	0.105	0.488
SIL1	STT3B	9606.ENSP00000265195	9606.ENSP00000295770	0	0	0	0	0.044	0.453	0	0.162	0.523
SIN3A	SUZ12	9606.ENSP00000378402	9606.ENSP00000316578	0	0	0	0	0.171	0.329	0	0.422	0.650
SIN3A	ZBTB7A	9606.ENSP00000378402	9606.ENSP00000323670	0	0	0	0	0.049	0.335	0	0.598	0.724
SIN3A	YY1AP1	9606.ENSP00000378402	9606.ENSP00000357323	0	0	0	0	0.134	0.126	0	0.280	0.407
SIN3A	SIN3B	9606.ENSP00000378402	9606.ENSP00000369131	0	0	0.068	0.941	0.139	0.787	0.540	0.927	0.993
SIN3A	TNRC6A	9606.ENSP00000378402	9606.ENSP00000379144	0	0	0	0	0.062	0	0.400	0	0.413
SIN3A	TNRC6B	9606.ENSP00000378402	9606.ENSP00000401946	0	0	0	0	0.081	0.096	0.400	0	0.458
SIN3A	ZCCHC8	9606.ENSP00000378402	9606.ENSP00000438993	0	0	0	0	0.194	0	0	0.365	0.467
SIN3A	WDR73	9606.ENSP00000378402	9606.ENSP00000387982	0	0	0	0	0.068	0.404	0	0.166	0.496
SIN3A	WDR26	9606.ENSP00000378402	9606.ENSP00000498603	0	0	0	0	0.074	0.428	0	0.243	0.564
SIN3A	TET2	9606.ENSP00000378402	9606.ENSP00000442788	0	0	0	0	0.060	0.095	0	0.640	0.667
SIN3A	SP6	9606.ENSP00000378402	9606.ENSP00000438209	0	0	0	0	0	0.335	0	0.526	0.671
SIN3A	TBL1XR1	9606.ENSP00000378402	9606.ENSP00000405574	0	0	0	0	0.077	0.071	0.500	0.396	0.706
SIN3B	SUZ12	9606.ENSP00000369131	9606.ENSP00000316578	0	0	0	0	0.130	0	0	0.447	0.498
SIN3B	TUBB6	9606.ENSP00000369131	9606.ENSP00000318697	0	0.004	0	0	0.042	0.077	0	0.411	0.434
SIN3B	TNRC6A	9606.ENSP00000369131	9606.ENSP00000379144	0	0	0	0	0.067	0	0.400	0	0.416
SIN3B	TNRC6B	9606.ENSP00000369131	9606.ENSP00000401946	0	0	0	0	0.044	0.096	0.400	0	0.436
SIN3B	WDR73	9606.ENSP00000369131	9606.ENSP00000387982	0	0	0	0	0.062	0.404	0	0.166	0.493
SIN3B	WDR26	9606.ENSP00000369131	9606.ENSP00000498603	0	0	0	0	0.049	0.428	0	0.197	0.525
SIN3B	TBL1XR1	9606.ENSP00000369131	9606.ENSP00000405574	0	0	0	0	0.073	0.071	0.500	0.143	0.582
SLC12A5	SLC32A1	9606.ENSP00000387694	9606.ENSP00000217420	0	0	0	0	0.257	0.045	0	0.620	0.707
SLC12A5	WNK4	9606.ENSP00000387694	9606.ENSP00000246914	0	0	0	0	0	0.071	0	0.777	0.784
SLC12A5	WNK1	9606.ENSP00000387694	9606.ENSP00000341292	0	0	0	0	0	0.071	0	0.820	0.825
SLC17A9	SLC32A1	9606.ENSP00000359376	9606.ENSP00000217420	0	0	0	0	0	0	0	0.451	0.451
SLC17A9	VPS33A	9606.ENSP00000359376	9606.ENSP00000267199	0	0	0	0	0	0	0	0.418	0.418
SLC19A3	SLC6A17	9606.ENSP00000495385	9606.ENSP00000330199	0	0	0	0	0	0	0	0.425	0.425
SLC19A3	SLC25A19	9606.ENSP00000495385	9606.ENSP00000385312	0	0	0	0	0	0	0	0.746	0.746
SLC19A3	SLC52A3	9606.ENSP00000495385	9606.ENSP00000494009	0	0	0	0	0.055	0	0	0.428	0.436
SLC19A3	SLC52A2	9606.ENSP00000495385	9606.ENSP00000496184	0	0	0	0	0.055	0	0	0.428	0.436
SLC22A12	SLC2A9	9606.ENSP00000366797	9606.ENSP00000264784	0	0	0	0	0.070	0.065	0	0.996	0.996
SLC22A12	SLC34A3	9606.ENSP00000366797	9606.ENSP00000442397	0	0	0	0	0.138	0.062	0	0.321	0.403
SLC25A32	SLC52A3	9606.ENSP00000297578	9606.ENSP00000494009	0	0	0	0	0	0	0	0.592	0.592
SLC25A32	SLC52A2	9606.ENSP00000297578	9606.ENSP00000496184	0	0	0	0	0.049	0	0	0.595	0.598
SLC25A32	SLC52A1	9606.ENSP00000297578	9606.ENSP00000399979	0	0	0	0	0	0	0	0.637	0.637
SLC25A38	TRNT1	9606.ENSP00000497532	9606.ENSP00000251607	0	0	0	0	0.060	0	0	0.446	0.456
SLC25A38	TIMM22	9606.ENSP00000497532	9606.ENSP00000320236	0	0	0	0	0.086	0	0	0.375	0.404
SLC25A38	YARS2	9606.ENSP00000497532	9606.ENSP00000320658	0	0	0	0	0.098	0	0	0.460	0.492
SLC25A38	STEAP3	9606.ENSP00000497532	9606.ENSP00000376822	0	0	0	0	0	0	0	0.481	0.481
SLC26A5	TPRN	9606.ENSP00000304783	9606.ENSP00000387100	0	0	0	0	0	0	0	0.420	0.420
SLC26A5	WHRN	9606.ENSP00000304783	9606.ENSP00000354623	0	0	0	0	0	0	0	0.424	0.424
SLC26A5	SLC52A3	9606.ENSP00000304783	9606.ENSP00000494009	0	0	0	0	0	0	0	0.426	0.426
SLC26A5	TMPRSS3	9606.ENSP00000304783	9606.ENSP00000411013	0	0	0	0	0	0	0	0.459	0.459
SLC26A5	STRC	9606.ENSP00000304783	9606.ENSP00000401513	0	0	0	0	0	0.053	0	0.572	0.577
SLC26A9	WNK4	9606.ENSP00000356102	9606.ENSP00000246914	0	0	0	0	0	0	0	0.433	0.433
SLC26A9	WNK1	9606.ENSP00000356102	9606.ENSP00000341292	0	0	0	0	0	0	0	0.429	0.429
SLC29A3	SLC6A19	9606.ENSP00000362285	9606.ENSP00000305302	0	0	0	0	0.055	0	0	0.423	0.432
SLC29A3	SLC6A17	9606.ENSP00000362285	9606.ENSP00000330199	0	0	0	0	0.060	0	0	0.450	0.462
SLC30A10	SLC39A5	9606.ENSP00000355893	9606.ENSP00000266980	0.054	0	0	0	0.080	0.092	0	0.673	0.707
SLC30A10	SLC39A4	9606.ENSP00000355893	9606.ENSP00000301305	0.054	0	0	0	0.057	0.092	0	0.530	0.569
SLC30A10	SLC39A13	9606.ENSP00000355893	9606.ENSP00000354689	0.054	0	0	0	0	0.092	0	0.676	0.698
SLC30A10	SLC39A8	9606.ENSP00000355893	9606.ENSP00000378310	0.054	0	0	0	0.057	0.092	0	0.758	0.777
SLC30A10	SLC39A14	9606.ENSP00000355893	9606.ENSP00000370635	0.054	0	0	0	0.057	0.092	0	0.800	0.816
SLC30A8	SLC39A5	9606.ENSP00000415011	9606.ENSP00000266980	0.054	0	0	0	0	0.095	0	0.565	0.595
SLC30A8	SLC39A4	9606.ENSP00000415011	9606.ENSP00000301305	0.054	0	0	0	0	0.092	0	0.454	0.490
SLC30A8	SLC39A13	9606.ENSP00000415011	9606.ENSP00000354689	0.054	0	0	0	0	0.092	0	0.589	0.616
SLC30A8	SLC39A14	9606.ENSP00000415011	9606.ENSP00000370635	0.054	0	0	0	0	0.092	0	0.570	0.598
SLC30A8	SLC39A8	9606.ENSP00000415011	9606.ENSP00000378310	0.054	0	0	0	0	0.092	0	0.570	0.598
SLC30A8	SP6	9606.ENSP00000415011	9606.ENSP00000438209	0	0	0	0	0	0	0	0.448	0.448
SLC32A1	SLC6A17	9606.ENSP00000217420	9606.ENSP00000330199	0	0	0	0	0.200	0	0	0.341	0.450
SLC32A1	SYT2	9606.ENSP00000217420	9606.ENSP00000356237	0	0	0	0	0.181	0	0	0.462	0.541
SLC34A3	TRPV6	9606.ENSP00000442397	9606.ENSP00000352358	0	0	0	0	0.052	0	0	0.484	0.490
SLC35A3	SLC35D1	9606.ENSP00000359172	9606.ENSP00000235345	0	0	0	0	0.099	0	0	0.933	0.937
SLC35A3	SLC35C1	9606.ENSP00000359172	9606.ENSP00000313318	0	0	0	0	0.067	0	0	0.390	0.407
SLC35B2	XYLT2	9606.ENSP00000377401	9606.ENSP00000017003	0	0	0	0	0.050	0	0	0.584	0.588
SLC35B2	SLC35D1	9606.ENSP00000377401	9606.ENSP00000235345	0	0	0	0	0.081	0	0	0.873	0.879
SLC35B2	SLC35C1	9606.ENSP00000377401	9606.ENSP00000313318	0	0	0	0	0.201	0	0	0.508	0.590
SLC35B2	WDR81	9606.ENSP00000377401	9606.ENSP00000386609	0	0	0	0	0.067	0	0	0.394	0.411
SLC35C1	SLC7A14	9606.ENSP00000313318	9606.ENSP00000231706	0	0	0	0	0	0	0	0.407	0.407
SLC35C1	SLC35D1	9606.ENSP00000313318	9606.ENSP00000235345	0	0	0	0.573	0.126	0	0	0.538	0.579
SLC35D1	TMEM165	9606.ENSP00000235345	9606.ENSP00000370736	0	0	0	0	0.105	0	0	0.410	0.450
SLC39A13	SLC39A5	9606.ENSP00000354689	9606.ENSP00000266980	0	0	0.215	0.638	0	0.071	0	0.323	0.463
SLC39A13	SLC39A4	9606.ENSP00000354689	9606.ENSP00000301305	0	0	0.183	0.670	0.044	0.069	0	0.314	0.435
SLC39A13	SLC39A14	9606.ENSP00000354689	9606.ENSP00000370635	0	0	0.203	0.616	0	0.069	0	0.324	0.454
SLC39A13	SLC39A8	9606.ENSP00000354689	9606.ENSP00000378310	0	0	0.231	0.599	0	0.069	0	0.316	0.468
SLC39A13	ZNF469	9606.ENSP00000354689	9606.ENSP00000456500	0	0	0	0	0.087	0	0	0.540	0.562
SLC39A14	SLC40A1	9606.ENSP00000370635	9606.ENSP00000261024	0	0	0	0	0.055	0	0	0.785	0.788
SLC39A14	STEAP3	9606.ENSP00000370635	9606.ENSP00000376822	0	0	0	0	0.074	0	0	0.607	0.621
SLC39A14	SLC39A8	9606.ENSP00000370635	9606.ENSP00000378310	0	0	0.074	0.930	0.065	0	0.900	0.100	0.911
SLC39A8	SLC40A1	9606.ENSP00000378310	9606.ENSP00000261024	0	0	0	0	0.060	0	0	0.519	0.529
SLC39A8	STEAP3	9606.ENSP00000378310	9606.ENSP00000376822	0	0	0	0	0	0	0	0.513	0.513
SLC40A1	TMPRSS6	9606.ENSP00000261024	9606.ENSP00000384964	0	0	0	0	0	0	0	0.608	0.608
SLC40A1	STEAP3	9606.ENSP00000261024	9606.ENSP00000376822	0	0	0	0	0	0	0	0.690	0.690
SLC44A4	SLC52A1	9606.ENSP00000229729	9606.ENSP00000399979	0	0	0	0	0	0	0	0.406	0.406
SLC45A1	WWOX	9606.ENSP00000418096	9606.ENSP00000457230	0	0	0	0	0.103	0	0	0.391	0.430
SLC4A11	UBIAD1	9606.ENSP00000369399	9606.ENSP00000366006	0	0	0	0	0	0	0	0.482	0.482
SLC4A11	ZNF469	9606.ENSP00000369399	9606.ENSP00000456500	0	0	0	0	0	0	0	0.447	0.447
SLC51A	SLCO1B3	9606.ENSP00000296327	9606.ENSP00000261196	0	0	0	0	0.079	0	0	0.594	0.610
SLC51A	SLC51B	9606.ENSP00000296327	9606.ENSP00000335292	0	0	0	0	0.146	0	0.900	0.999	0.999
SLC51B	SLCO1B3	9606.ENSP00000335292	9606.ENSP00000261196	0	0	0	0	0	0	0	0.501	0.501
SLC52A2	TMEM237	9606.ENSP00000496184	9606.ENSP00000386264	0	0	0	0	0	0	0	0.455	0.455
SLC6A18	XYLT2	9606.ENSP00000323549	9606.ENSP00000017003	0	0	0	0	0.055	0	0	0.497	0.504
SLC6A19	XYLT2	9606.ENSP00000305302	9606.ENSP00000017003	0	0	0	0	0.055	0	0	0.497	0.504
SLCO1B3	UGT1A1	9606.ENSP00000261196	9606.ENSP00000304845	0	0	0	0	0.093	0	0	0.870	0.877
SLF2	TWNK	9606.ENSP00000359292	9606.ENSP00000309595	0	0	0	0	0	0	0	0.764	0.764
SLF2	SMC5	9606.ENSP00000359292	9606.ENSP00000354957	0	0	0	0	0.162	0.695	0.540	0.755	0.967
SLX4	TINF2	9606.ENSP00000294008	9606.ENSP00000267415	0	0	0	0	0.042	0	0	0.585	0.585
SLX4	VARS2	9606.ENSP00000294008	9606.ENSP00000441000	0.046	0	0	0	0.253	0	0	0.250	0.419
SLX4	SMC5	9606.ENSP00000294008	9606.ENSP00000354957	0.047	0	0	0	0.081	0.046	0	0.415	0.446
SLX4	YARS2	9606.ENSP00000294008	9606.ENSP00000320658	0.057	0	0	0	0.298	0	0	0.311	0.504
SLX4	WDR48	9606.ENSP00000294008	9606.ENSP00000307491	0	0	0	0	0.067	0	0.400	0.450	0.665
SLX4	SMARCAL1	9606.ENSP00000294008	9606.ENSP00000349823	0	0	0	0	0.196	0.053	0	0.637	0.700
SLX4	UBE2T	9606.ENSP00000294008	9606.ENSP00000494957	0	0	0	0	0.047	0	0.500	0.717	0.853
SLX4	TERF2IP	9606.ENSP00000294008	9606.ENSP00000300086	0	0	0	0	0	0.735	0	0.814	0.948
SMARCAL1	STN1	9606.ENSP00000349823	9606.ENSP00000224950	0	0	0	0	0.100	0.045	0	0.925	0.930
SMARCAL1	WDR73	9606.ENSP00000349823	9606.ENSP00000387982	0	0	0	0	0.092	0.145	0	0.486	0.566
SMC5	STN1	9606.ENSP00000354957	9606.ENSP00000224950	0	0	0	0	0.060	0.687	0	0.118	0.718
SMC5	THOC2	9606.ENSP00000354957	9606.ENSP00000245838	0	0	0	0	0.439	0.071	0	0.060	0.467
SMCHD1	SUZ12	9606.ENSP00000326603	9606.ENSP00000316578	0	0	0	0	0.236	0	0	0.264	0.414
SMCHD1	SPEN	9606.ENSP00000326603	9606.ENSP00000364912	0	0	0	0	0.064	0	0	0.403	0.417
SMG8	SMG9	9606.ENSP00000438748	9606.ENSP00000270066	0	0	0	0	0.055	0.991	0.800	0.999	0.999
SMG8	UPF3B	9606.ENSP00000438748	9606.ENSP00000276201	0	0	0	0	0.063	0	0	0.837	0.841
SMG9	UPF3B	9606.ENSP00000270066	9606.ENSP00000276201	0	0	0	0	0.058	0	0	0.770	0.774
SNIP1	THOC2	9606.ENSP00000296215	9606.ENSP00000245838	0	0	0	0	0.067	0.319	0	0.186	0.437
SNIP1	WBP11	9606.ENSP00000296215	9606.ENSP00000261167	0	0	0	0	0.180	0.800	0	0.078	0.835
SNIP1	UPF3B	9606.ENSP00000296215	9606.ENSP00000276201	0	0	0	0	0.063	0	0.400	0	0.413
SNIP1	TET2	9606.ENSP00000296215	9606.ENSP00000442788	0	0	0	0	0	0.292	0	0.705	0.782
SNIP1	SNRNP200	9606.ENSP00000296215	9606.ENSP00000317123	0	0	0	0	0.111	0.992	0.900	0.324	0.999
SNRNP200	TARDBP	9606.ENSP00000317123	9606.ENSP00000240185	0	0	0	0	0.345	0.341	0	0.463	0.748
SNRNP200	THOC2	9606.ENSP00000317123	9606.ENSP00000245838	0	0	0	0	0.174	0.319	0	0.499	0.693
SNRNP200	WBP11	9606.ENSP00000317123	9606.ENSP00000261167	0	0	0	0	0.101	0.800	0	0.186	0.840
SNRNP200	TTC8	9606.ENSP00000317123	9606.ENSP00000482306	0	0	0	0	0	0.045	0	0.561	0.562
SNRNP200	SPATA7	9606.ENSP00000317123	9606.ENSP00000377176	0	0	0	0	0	0	0	0.562	0.562
SNRNP200	TBK1	9606.ENSP00000317123	9606.ENSP00000329967	0	0	0	0	0.055	0.048	0	0.795	0.799
SNX14	SPG11	9606.ENSP00000313121	9606.ENSP00000261866	0	0	0	0	0.247	0	0	0.298	0.448
SNX14	VPS13A	9606.ENSP00000313121	9606.ENSP00000353422	0	0	0	0	0.124	0	0	0.346	0.403
SNX14	TOE1	9606.ENSP00000313121	9606.ENSP00000361162	0	0	0	0	0	0	0	0.428	0.428
SOST	WNT3A	9606.ENSP00000301691	9606.ENSP00000284523	0	0	0	0	0.042	0.071	0.400	0.774	0.863
SOST	WNT4	9606.ENSP00000301691	9606.ENSP00000290167	0	0	0	0	0	0.071	0	0.400	0.419
SOX17	WNT3A	9606.ENSP00000297316	9606.ENSP00000284523	0	0	0	0	0.069	0.091	0	0.749	0.769
SOX17	SOX18	9606.ENSP00000297316	9606.ENSP00000341815	0	0	0.067	0.838	0.322	0	0	0.460	0.629
SOX6	WNT4	9606.ENSP00000379644	9606.ENSP00000290167	0	0	0	0	0.055	0	0	0.422	0.430
SP6	TRAF7	9606.ENSP00000438209	9606.ENSP00000318944	0	0	0	0	0.062	0.396	0	0.050	0.414
SPATA7	TTC8	9606.ENSP00000377176	9606.ENSP00000482306	0	0	0	0	0.245	0	0	0.679	0.747
SPEF2	WDR66	9606.ENSP00000348314	9606.ENSP00000288912	0	0	0	0	0.062	0.095	0	0.589	0.621
SPEF2	STK36	9606.ENSP00000348314	9606.ENSP00000295709	0	0	0	0	0.060	0.091	0	0.446	0.486
SPEF2	WDR19	9606.ENSP00000348314	9606.ENSP00000382717	0	0	0	0	0.056	0	0	0.486	0.494
SPEF2	TTC21A	9606.ENSP00000348314	9606.ENSP00000398211	0	0	0	0	0.101	0	0	0.679	0.699
SPEN	THOC2	9606.ENSP00000364912	9606.ENSP00000245838	0	0	0	0	0.083	0.264	0	0.193	0.408
SPEN	TBL1XR1	9606.ENSP00000364912	9606.ENSP00000405574	0	0	0	0	0.044	0	0	0.573	0.574
SPG11	SPG21	9606.ENSP00000261866	9606.ENSP00000204566	0	0	0	0	0.060	0	0	0.948	0.949
SPG11	TARDBP	9606.ENSP00000261866	9606.ENSP00000240185	0	0	0	0	0.060	0	0	0.594	0.602
SPG11	ZFYVE26	9606.ENSP00000261866	9606.ENSP00000251119	0	0	0	0	0.441	0.087	0	0.983	0.990
SPG11	UNC13A	9606.ENSP00000261866	9606.ENSP00000429562	0	0	0	0	0	0	0	0.433	0.433
SPG11	TBK1	9606.ENSP00000261866	9606.ENSP00000329967	0	0	0	0	0.135	0	0	0.388	0.448
SPG11	ZFYVE27	9606.ENSP00000261866	9606.ENSP00000409594	0	0	0	0	0.049	0	0	0.447	0.451
SPG11	VPS35	9606.ENSP00000261866	9606.ENSP00000299138	0	0	0	0	0.085	0	0	0.587	0.606
SPG11	VPS13B	9606.ENSP00000261866	9606.ENSP00000351346	0	0	0	0	0.554	0	0	0.214	0.635
SPG11	VPS13C	9606.ENSP00000261866	9606.ENSP00000493560	0	0	0	0	0.284	0	0	0.547	0.662
SPG21	ZFR	9606.ENSP00000204566	9606.ENSP00000265069	0	0	0	0	0.082	0	0	0.445	0.468
SPG21	ZFYVE27	9606.ENSP00000204566	9606.ENSP00000409594	0	0	0	0	0.049	0	0	0.545	0.548
SPG21	ZFYVE26	9606.ENSP00000204566	9606.ENSP00000251119	0	0	0	0	0.072	0	0	0.694	0.704
SPRED2	SPRY4	9606.ENSP00000348753	9606.ENSP00000344967	0	0	0	0	0.123	0	0	0.682	0.709
SPTBN4	TRAF3IP1	9606.ENSP00000469242	9606.ENSP00000362424	0	0	0	0	0	0	0	0.588	0.588
SRD5A3	UGT1A1	9606.ENSP00000264228	9606.ENSP00000304845	0	0	0	0	0	0	0.650	0.104	0.673
SRD5A3	TMEM165	9606.ENSP00000264228	9606.ENSP00000370736	0	0.421	0	0	0.060	0	0	0.480	0.692
SRD5A3	TECRL	9606.ENSP00000264228	9606.ENSP00000370607	0	0	0	0	0	0.079	0	0.919	0.922
SRGAP1	TSEN2	9606.ENSP00000347198	9606.ENSP00000284995	0	0	0	0	0	0.476	0	0	0.476
SRPX2	TLE6	9606.ENSP00000362095	9606.ENSP00000246112	0	0	0	0	0.049	0	0	0.668	0.670
STEAP3	VANGL1	9606.ENSP00000376822	9606.ENSP00000347672	0	0	0	0	0.084	0	0.400	0	0.426
STEAP3	TMPRSS6	9606.ENSP00000376822	9606.ENSP00000384964	0	0	0	0	0.086	0	0	0.386	0.414
STEAP3	TOR1AIP1	9606.ENSP00000376822	9606.ENSP00000435365	0	0	0	0	0	0	0.400	0.081	0.425
STING1	TICAM1	9606.ENSP00000498596	9606.ENSP00000248244	0	0	0	0	0.128	0	0	0.398	0.453
STING1	TBK1	9606.ENSP00000498596	9606.ENSP00000329967	0	0	0	0	0.083	0.991	0.900	0.979	0.999
STING1	TLR7	9606.ENSP00000498596	9606.ENSP00000370034	0	0	0	0	0.075	0	0	0.427	0.448
STING1	TRIM32	9606.ENSP00000498596	9606.ENSP00000408292	0	0	0	0	0.053	0.510	0.700	0.270	0.884
STK36	WDR19	9606.ENSP00000295709	9606.ENSP00000382717	0	0	0	0	0.149	0	0	0.353	0.426
STK36	SUFU	9606.ENSP00000295709	9606.ENSP00000358918	0	0	0	0	0.113	0.980	0	0.892	0.998
STN1	WRAP53	9606.ENSP00000224950	9606.ENSP00000324203	0	0	0	0	0	0	0	0.409	0.408
STN1	TERF2IP	9606.ENSP00000224950	9606.ENSP00000300086	0	0	0	0	0	0.191	0.720	0.348	0.839
STN1	TINF2	9606.ENSP00000224950	9606.ENSP00000267415	0	0	0	0	0.072	0.056	0.720	0.625	0.895
STRC	WHRN	9606.ENSP00000401513	9606.ENSP00000354623	0	0	0	0	0	0.085	0	0.638	0.655
STRC	TPRN	9606.ENSP00000401513	9606.ENSP00000387100	0	0	0	0	0	0	0	0.505	0.505
STRC	USH1G	9606.ENSP00000401513	9606.ENSP00000480279	0	0	0	0	0.064	0.098	0	0.602	0.635
STRC	TMPRSS3	9606.ENSP00000401513	9606.ENSP00000411013	0	0	0	0	0	0.094	0	0.665	0.683
STT3B	TMEM43	9606.ENSP00000295770	9606.ENSP00000303992	0	0	0	0	0.058	0	0	0.421	0.432
STX1B	SYT2	9606.ENSP00000215095	9606.ENSP00000356237	0	0	0	0	0.186	0.122	0	0.557	0.655
STX1B	UNC13A	9606.ENSP00000215095	9606.ENSP00000429562	0	0	0	0	0.138	0.121	0	0.689	0.744
SUFU	TTC21B	9606.ENSP00000358918	9606.ENSP00000243344	0	0	0	0	0	0	0.500	0.659	0.822
SUFU	TRAF7	9606.ENSP00000358918	9606.ENSP00000318944	0	0	0	0	0.114	0	0	0.447	0.489
SUZ12	TNRC6A	9606.ENSP00000316578	9606.ENSP00000379144	0	0	0	0	0.042	0.044	0.500	0	0.502
SUZ12	TNRC6B	9606.ENSP00000316578	9606.ENSP00000401946	0	0	0	0	0.060	0.065	0.500	0	0.522
SUZ12	TBL1XR1	9606.ENSP00000316578	9606.ENSP00000405574	0	0	0	0	0.111	0	0.400	0.184	0.526
SUZ12	TET2	9606.ENSP00000316578	9606.ENSP00000442788	0	0	0	0	0	0	0	0.661	0.661
SUZ12	WDR73	9606.ENSP00000316578	9606.ENSP00000387982	0	0	0	0	0	0.777	0	0.310	0.839
SYNE1	TMEM43	9606.ENSP00000356224	9606.ENSP00000303992	0	0	0	0	0.042	0	0	0.522	0.522
SYNE1	SYNE4	9606.ENSP00000356224	9606.ENSP00000316130	0	0	0	0	0	0	0.360	0.869	0.912
SYNE1	TERB2	9606.ENSP00000356224	9606.ENSP00000340644	0	0	0	0	0.042	0	0	0.399	0.400
SYNE1	SYNE2	9606.ENSP00000356224	9606.ENSP00000350719	0	0	0	0.702	0.111	0	0.900	0.655	0.966
SYNE1	TMEM67	9606.ENSP00000356224	9606.ENSP00000389998	0	0	0	0	0	0	0	0.472	0.472
SYNE2	WDR66	9606.ENSP00000350719	9606.ENSP00000288912	0	0	0	0	0	0.070	0	0.382	0.401
SYNE2	TMEM43	9606.ENSP00000350719	9606.ENSP00000303992	0	0	0	0	0.042	0	0	0.591	0.591
SYNE2	SYNE4	9606.ENSP00000350719	9606.ENSP00000316130	0	0	0	0.570	0	0	0.360	0.668	0.778
SYNE2	TMEM67	9606.ENSP00000350719	9606.ENSP00000389998	0	0	0	0	0	0.292	0	0.910	0.933
SYNE4	WNK4	9606.ENSP00000316130	9606.ENSP00000246914	0	0	0	0	0.057	0	0	0.410	0.419
SYT2	WNK4	9606.ENSP00000356237	9606.ENSP00000246914	0	0	0	0	0	0.090	0	0.477	0.503
SYT2	TUBB	9606.ENSP00000356237	9606.ENSP00000339001	0	0	0	0	0.055	0	0	0.432	0.440
SYT2	WNK1	9606.ENSP00000356237	9606.ENSP00000341292	0	0	0	0	0	0.098	0	0.700	0.717
SYT2	UNC13A	9606.ENSP00000356237	9606.ENSP00000429562	0	0	0	0	0.191	0	0	0.559	0.628
TAB2	TICAM1	9606.ENSP00000356426	9606.ENSP00000248244	0	0	0	0	0.045	0	0.500	0.397	0.687
TAB2	TLR8	9606.ENSP00000356426	9606.ENSP00000312082	0	0	0	0	0.043	0.288	0	0.320	0.496
TAB2	TBK1	9606.ENSP00000356426	9606.ENSP00000329967	0	0	0	0	0.056	0.086	0	0.691	0.710
TAB2	TRIM8	9606.ENSP00000356426	9606.ENSP00000496301	0	0	0	0	0.067	0.053	0	0.389	0.413
TAB2	TLR7	9606.ENSP00000356426	9606.ENSP00000370034	0	0	0	0	0	0.288	0	0.406	0.559
TAB2	WDR34	9606.ENSP00000356426	9606.ENSP00000361800	0	0	0	0	0	0.292	0	0.480	0.616
TAB2	TBL1XR1	9606.ENSP00000356426	9606.ENSP00000405574	0	0	0	0	0.082	0.143	0	0.555	0.619
TAF8	YEATS2	9606.ENSP00000362068	9606.ENSP00000306983	0	0	0	0	0.067	0.417	0	0.152	0.498
TARDBP	VPS35	9606.ENSP00000240185	9606.ENSP00000299138	0	0	0	0	0.179	0	0	0.388	0.476
TARDBP	TUBB	9606.ENSP00000240185	9606.ENSP00000339001	0	0	0	0	0.085	0.140	0	0.429	0.512
TARDBP	WWOX	9606.ENSP00000240185	9606.ENSP00000457230	0	0	0	0	0	0.516	0	0.050	0.520
TARDBP	UNC13A	9606.ENSP00000240185	9606.ENSP00000429562	0	0	0	0	0	0	0	0.545	0.545
TARDBP	UPF3B	9606.ENSP00000240185	9606.ENSP00000276201	0	0	0	0	0.097	0.062	0	0.521	0.559
TARDBP	THOC2	9606.ENSP00000240185	9606.ENSP00000245838	0	0	0	0	0.453	0.127	0	0.188	0.579
TARDBP	TBK1	9606.ENSP00000240185	9606.ENSP00000329967	0	0	0	0	0.075	0.071	0	0.711	0.730
TBC1D8B	WDPCP	9606.ENSP00000349781	9606.ENSP00000272321	0	0	0	0	0.498	0	0	0	0.497
TBK1	UNC93B1	9606.ENSP00000329967	9606.ENSP00000227471	0	0	0	0	0	0	0	0.715	0.715
TBK1	TICAM1	9606.ENSP00000329967	9606.ENSP00000248244	0	0	0	0	0.099	0.854	0.500	0.764	0.982
TBK1	WIPI2	9606.ENSP00000329967	9606.ENSP00000288828	0	0	0	0	0.075	0	0	0.766	0.775
TBK1	TLR8	9606.ENSP00000329967	9606.ENSP00000312082	0	0	0	0	0.118	0.100	0	0.606	0.660
TBK1	TRIM32	9606.ENSP00000329967	9606.ENSP00000408292	0	0	0	0	0.050	0.053	0	0.462	0.474
TBK1	TLR7	9606.ENSP00000329967	9606.ENSP00000370034	0	0	0	0	0.104	0.100	0	0.692	0.730
TBL1XR1	WDFY3	9606.ENSP00000405574	9606.ENSP00000295888	0	0	0	0	0.049	0	0	0.429	0.433
TBL2	UBIAD1	9606.ENSP00000307260	9606.ENSP00000366006	0	0	0	0	0.210	0	0	0.482	0.573
TBL2	TMEM270	9606.ENSP00000307260	9606.ENSP00000316775	0	0	0	0	0.050	0	0	0.582	0.585
TBX21	TLR7	9606.ENSP00000177694	9606.ENSP00000370034	0	0	0	0	0.097	0	0	0.483	0.513
TCTN1	TTC21B	9606.ENSP00000380779	9606.ENSP00000243344	0	0	0	0	0.049	0	0	0.576	0.579
TCTN1	TMEM231	9606.ENSP00000380779	9606.ENSP00000258173	0	0	0	0	0.180	0.499	0.720	0.964	0.995
TCTN1	WDPCP	9606.ENSP00000380779	9606.ENSP00000272321	0	0	0	0	0.074	0	0	0.399	0.420
TCTN1	TMEM138	9606.ENSP00000380779	9606.ENSP00000278826	0	0	0	0	0.056	0	0	0.624	0.629
TCTN1	TCTN2	9606.ENSP00000380779	9606.ENSP00000304941	0	0	0	0.563	0.126	0.441	0.800	0.975	0.997
TCTN1	TMEM70	9606.ENSP00000380779	9606.ENSP00000312599	0	0	0	0	0	0	0	0.405	0.405
TCTN1	TMEM107	9606.ENSP00000380779	9606.ENSP00000314116	0	0	0	0	0.047	0	0.720	0.703	0.914
TCTN1	TMEM216	9606.ENSP00000380779	9606.ENSP00000334844	0	0	0	0	0.050	0	0.800	0.976	0.995
TCTN1	WDR34	9606.ENSP00000380779	9606.ENSP00000361800	0	0	0	0	0.043	0	0	0.420	0.421
TCTN1	WDR19	9606.ENSP00000380779	9606.ENSP00000382717	0	0	0	0	0.329	0	0	0.321	0.524
TCTN1	TMEM237	9606.ENSP00000380779	9606.ENSP00000386264	0	0	0	0	0.047	0	0	0.861	0.862
TCTN1	TMEM67	9606.ENSP00000380779	9606.ENSP00000389998	0	0	0	0	0.166	0	0.800	0.968	0.994
TCTN1	TCTN3	9606.ENSP00000380779	9606.ENSP00000483364	0	0	0.126	0.662	0.083	0.476	0.800	0.960	0.996
TCTN2	TTC21B	9606.ENSP00000304941	9606.ENSP00000243344	0	0	0	0	0.043	0.080	0	0.512	0.533
TCTN2	TMEM231	9606.ENSP00000304941	9606.ENSP00000258173	0	0	0	0	0.106	0.363	0.720	0.954	0.991
TCTN2	TMEM138	9606.ENSP00000304941	9606.ENSP00000278826	0	0	0	0	0.049	0	0	0.644	0.646
TCTN2	TTC26	9606.ENSP00000304941	9606.ENSP00000419279	0	0	0	0	0.120	0.191	0	0.237	0.410
TCTN2	WDR19	9606.ENSP00000304941	9606.ENSP00000382717	0	0	0	0	0.067	0	0	0.448	0.463
TCTN2	TRAF3IP1	9606.ENSP00000304941	9606.ENSP00000362424	0	0	0	0	0.049	0.291	0	0.281	0.473
TCTN2	TMEM237	9606.ENSP00000304941	9606.ENSP00000386264	0	0	0	0	0.049	0.099	0	0.818	0.831
TCTN2	TMEM107	9606.ENSP00000304941	9606.ENSP00000314116	0	0	0	0	0.056	0	0.720	0.696	0.912
TCTN2	TMEM216	9606.ENSP00000304941	9606.ENSP00000334844	0	0	0	0	0.054	0	0.800	0.905	0.980
TCTN2	TCTN3	9606.ENSP00000304941	9606.ENSP00000483364	0	0	0	0.588	0.054	0.421	0.800	0.937	0.992
TCTN2	TMEM67	9606.ENSP00000304941	9606.ENSP00000389998	0	0	0	0	0.183	0.212	0.800	0.968	0.995
TCTN3	TTC21B	9606.ENSP00000483364	9606.ENSP00000243344	0	0	0	0	0.049	0	0	0.520	0.524
TCTN3	TMEM231	9606.ENSP00000483364	9606.ENSP00000258173	0	0	0	0	0.055	0	0	0.878	0.880
TCTN3	TMEM138	9606.ENSP00000483364	9606.ENSP00000278826	0	0	0	0	0.075	0	0	0.713	0.723
TCTN3	TMEM107	9606.ENSP00000483364	9606.ENSP00000314116	0	0	0	0	0	0	0	0.743	0.743
TCTN3	TMEM216	9606.ENSP00000483364	9606.ENSP00000334844	0	0	0	0	0.060	0	0.800	0.942	0.988
TCTN3	WDR34	9606.ENSP00000483364	9606.ENSP00000361800	0	0	0	0	0.042	0	0	0.419	0.419
TCTN3	WDR60	9606.ENSP00000483364	9606.ENSP00000384290	0	0	0	0	0.055	0	0	0.395	0.404
TCTN3	TMEM237	9606.ENSP00000483364	9606.ENSP00000386264	0	0	0	0	0.082	0	0	0.829	0.836
TCTN3	TMEM67	9606.ENSP00000483364	9606.ENSP00000389998	0	0	0	0	0.042	0	0.800	0.925	0.984
TERB2	TINF2	9606.ENSP00000340644	9606.ENSP00000267415	0	0	0	0	0	0	0	0.512	0.512
TERB2	WRAP53	9606.ENSP00000340644	9606.ENSP00000324203	0	0	0	0	0	0	0	0.407	0.407
TERF2IP	TINF2	9606.ENSP00000300086	9606.ENSP00000267415	0	0	0	0	0.062	0.881	0.800	0.998	0.999
TERF2IP	WRAP53	9606.ENSP00000300086	9606.ENSP00000324203	0	0	0	0	0	0	0.500	0.405	0.690
THOC2	UPF3B	9606.ENSP00000245838	9606.ENSP00000276201	0	0	0	0	0.270	0	0.500	0.121	0.651
THOC2	THOC6	9606.ENSP00000245838	9606.ENSP00000326531	0	0	0	0	0.127	0.976	0.900	0.997	0.999
THOC6	UPF3B	9606.ENSP00000326531	9606.ENSP00000276201	0	0	0	0	0.063	0	0.500	0	0.511
TICAM1	UNC93B1	9606.ENSP00000248244	9606.ENSP00000227471	0	0	0	0	0.147	0	0	0.570	0.617
TICAM1	ZNF469	9606.ENSP00000248244	9606.ENSP00000456500	0	0	0.414	0	0.083	0	0	0	0.439
TICAM1	VPS11	9606.ENSP00000248244	9606.ENSP00000481126	0	0	0	0	0.056	0.428	0	0.059	0.447
TICAM1	TLR8	9606.ENSP00000248244	9606.ENSP00000312082	0	0	0	0	0.102	0.136	0	0.561	0.630
TICAM1	TLR7	9606.ENSP00000248244	9606.ENSP00000370034	0	0	0	0	0.099	0.136	0	0.599	0.661
TIMM22	TIMM50	9606.ENSP00000320236	9606.ENSP00000445806	0	0	0	0	0.097	0	0.500	0.814	0.908
TIMM50	TUBB6	9606.ENSP00000445806	9606.ENSP00000318697	0	0	0	0	0.135	0.069	0	0.332	0.415
TIMMDC1	TMEM70	9606.ENSP00000418803	9606.ENSP00000312599	0	0	0	0	0.056	0	0	0.625	0.631
TIMMDC1	TMEM126B	9606.ENSP00000418803	9606.ENSP00000351737	0	0	0	0	0.107	0.994	0.500	0.895	0.999
TINF2	USB1	9606.ENSP00000267415	9606.ENSP00000219281	0	0	0	0	0.057	0	0	0.574	0.581
TINF2	WRAP53	9606.ENSP00000267415	9606.ENSP00000324203	0	0	0	0	0	0	0.500	0.810	0.900
TLE6	TUBB8	9606.ENSP00000246112	9606.ENSP00000456206	0	0	0	0	0	0	0	0.591	0.591
TLR7	UNC93B1	9606.ENSP00000370034	9606.ENSP00000227471	0	0	0	0	0.075	0.905	0.500	0.955	0.997
TLR7	TNFRSF13B	9606.ENSP00000370034	9606.ENSP00000261652	0	0	0	0	0.067	0	0	0.626	0.636
TLR7	TLR8	9606.ENSP00000370034	9606.ENSP00000312082	0	0	0.081	0.901	0.268	0.292	0.900	0.962	0.997
TLR8	UNC93B1	9606.ENSP00000312082	9606.ENSP00000227471	0	0	0	0	0.084	0.632	0.500	0.800	0.961
TMCO1	WDR36	9606.ENSP00000480514	9606.ENSP00000423067	0	0	0	0	0.063	0	0	0.628	0.636
TMEM107	TMEM231	9606.ENSP00000314116	9606.ENSP00000258173	0	0	0	0	0.092	0.292	0.720	0.823	0.963
TMEM107	TMEM138	9606.ENSP00000314116	9606.ENSP00000278826	0	0	0	0	0	0	0	0.446	0.446
TMEM107	TMEM218	9606.ENSP00000314116	9606.ENSP00000436596	0	0	0	0	0.056	0	0	0.595	0.601
TMEM107	TMEM237	9606.ENSP00000314116	9606.ENSP00000386264	0	0	0	0	0.087	0.321	0	0.794	0.861
TMEM107	TMEM67	9606.ENSP00000314116	9606.ENSP00000389998	0	0	0	0	0.049	0	0.720	0.643	0.896
TMEM107	TMEM216	9606.ENSP00000314116	9606.ENSP00000334844	0	0	0	0	0.087	0.292	0.720	0.837	0.966
TMEM126B	TMEM70	9606.ENSP00000351737	9606.ENSP00000312599	0	0	0	0	0.129	0	0	0.580	0.619
TMEM138	TTC21B	9606.ENSP00000278826	9606.ENSP00000243344	0	0	0	0	0	0	0	0.520	0.520
TMEM138	TMEM231	9606.ENSP00000278826	9606.ENSP00000258173	0	0	0	0	0.049	0	0	0.768	0.770
TMEM138	TMEM67	9606.ENSP00000278826	9606.ENSP00000389998	0	0	0	0	0	0	0	0.668	0.668
TMEM138	TMEM237	9606.ENSP00000278826	9606.ENSP00000386264	0	0	0	0	0	0.070	0	0.782	0.788
TMEM138	TMEM216	9606.ENSP00000278826	9606.ENSP00000334844	0	0.778	0	0	0.074	0	0	0.714	0.936
TMEM199	VPS33A	9606.ENSP00000292114	9606.ENSP00000267199	0	0	0	0	0.498	0	0	0	0.497
TMEM216	TTC21B	9606.ENSP00000334844	9606.ENSP00000243344	0	0	0	0	0.056	0	0	0.624	0.630
TMEM216	TMEM231	9606.ENSP00000334844	9606.ENSP00000258173	0	0	0	0	0.074	0	0.720	0.955	0.987
TMEM216	WDR35	9606.ENSP00000334844	9606.ENSP00000314444	0	0	0	0	0.049	0	0	0.409	0.414
TMEM216	WDR19	9606.ENSP00000334844	9606.ENSP00000382717	0	0	0	0	0.044	0	0	0.512	0.514
TMEM216	TMEM218	9606.ENSP00000334844	9606.ENSP00000436596	0	0	0	0	0.060	0	0	0.605	0.612
TMEM216	TMEM237	9606.ENSP00000334844	9606.ENSP00000386264	0	0	0	0	0.060	0	0	0.869	0.872
TMEM216	TMEM67	9606.ENSP00000334844	9606.ENSP00000389998	0	0	0	0	0.087	0	0.800	0.993	0.998
TMEM218	TMEM231	9606.ENSP00000436596	9606.ENSP00000258173	0	0	0	0	0.049	0.202	0	0.674	0.730
TMEM218	TMEM237	9606.ENSP00000436596	9606.ENSP00000386264	0	0	0	0	0.049	0	0	0.514	0.518
TMEM218	TMEM67	9606.ENSP00000436596	9606.ENSP00000389998	0	0	0	0	0.056	0	0	0.599	0.605
TMEM231	TTC21B	9606.ENSP00000258173	9606.ENSP00000243344	0	0	0	0	0	0	0	0.518	0.518
TMEM231	WDR19	9606.ENSP00000258173	9606.ENSP00000382717	0	0	0	0	0.067	0	0	0.438	0.454
TMEM231	TMEM237	9606.ENSP00000258173	9606.ENSP00000386264	0	0	0	0	0.049	0	0	0.924	0.925
TMEM231	TMEM67	9606.ENSP00000258173	9606.ENSP00000389998	0	0	0	0	0.224	0	0.720	0.972	0.993
TMEM237	TTC21B	9606.ENSP00000386264	9606.ENSP00000243344	0	0	0	0	0.083	0.066	0	0.570	0.600
TMEM237	WDR19	9606.ENSP00000386264	9606.ENSP00000382717	0	0	0	0	0.049	0	0	0.447	0.451
TMEM237	TMEM67	9606.ENSP00000386264	9606.ENSP00000389998	0	0	0	0	0.114	0	0	0.939	0.943
TMEM270	VPS37D	9606.ENSP00000316775	9606.ENSP00000320416	0	0	0	0	0.060	0	0	0.426	0.437
TMEM43	UBAC2	9606.ENSP00000303992	9606.ENSP00000383911	0	0	0	0	0.060	0.616	0	0.181	0.678
TMEM67	TTC21B	9606.ENSP00000389998	9606.ENSP00000243344	0	0	0	0	0.104	0	0	0.682	0.702
TMEM67	WDPCP	9606.ENSP00000389998	9606.ENSP00000272321	0	0	0	0	0.120	0	0	0.740	0.761
TMEM67	WDR35	9606.ENSP00000389998	9606.ENSP00000314444	0	0	0	0	0.205	0	0	0.401	0.504
TMEM67	XPNPEP3	9606.ENSP00000389998	9606.ENSP00000349658	0	0	0	0	0.062	0	0	0.420	0.433
TMEM67	TXNDC15	9606.ENSP00000389998	9606.ENSP00000351157	0	0	0	0	0.049	0	0	0.399	0.404
TMEM67	WDR19	9606.ENSP00000389998	9606.ENSP00000382717	0	0	0	0	0.233	0	0	0.566	0.653
TMEM67	TRIM32	9606.ENSP00000389998	9606.ENSP00000408292	0	0	0	0	0.044	0	0	0.601	0.602
TMEM67	TTC8	9606.ENSP00000389998	9606.ENSP00000482306	0	0	0	0	0.139	0	0	0.641	0.678
TMPRSS3	WHRN	9606.ENSP00000411013	9606.ENSP00000354623	0	0	0	0	0.055	0	0	0.478	0.486
TMPRSS3	TPRN	9606.ENSP00000411013	9606.ENSP00000387100	0	0	0	0	0	0	0	0.629	0.629
TNRC6A	TNRC6B	9606.ENSP00000379144	9606.ENSP00000401946	0	0	0	0.814	0.092	0.165	0.400	0.715	0.853
TNRC6B	WDFY3	9606.ENSP00000401946	9606.ENSP00000295888	0	0	0	0	0.075	0	0	0.409	0.431
TOE1	TSEN2	9606.ENSP00000361162	9606.ENSP00000284995	0	0	0	0	0.049	0	0	0.469	0.473
TOE1	WRAP53	9606.ENSP00000361162	9606.ENSP00000324203	0	0	0	0	0.295	0	0	0.287	0.477
TOE1	TSEN54	9606.ENSP00000361162	9606.ENSP00000327487	0	0	0	0	0.148	0	0	0.673	0.710
TOE1	TSEN34	9606.ENSP00000361162	9606.ENSP00000397402	0	0	0	0	0.062	0	0	0.472	0.483
TOR1AIP1	VANGL1	9606.ENSP00000435365	9606.ENSP00000347672	0	0	0	0	0	0	0.400	0	0.400
TP53RK	UBA5	9606.ENSP00000361186	9606.ENSP00000348565	0	0	0	0	0.138	0.224	0	0.300	0.491
TP53RK	WDR73	9606.ENSP00000361186	9606.ENSP00000387982	0	0	0	0	0.050	0	0	0.709	0.712
TP53RK	YRDC	9606.ENSP00000361186	9606.ENSP00000362135	0	0	0	0	0.087	0	0	0.839	0.847
TPRN	WHRN	9606.ENSP00000387100	9606.ENSP00000354623	0	0	0	0	0.042	0.810	0.500	0.597	0.958
TPRN	USH1G	9606.ENSP00000387100	9606.ENSP00000480279	0	0	0	0	0	0	0	0.403	0.403
TRAF3IP1	TTC21B	9606.ENSP00000362424	9606.ENSP00000243344	0	0	0	0	0.060	0	0.540	0.588	0.806
TRAF3IP1	WDR35	9606.ENSP00000362424	9606.ENSP00000314444	0	0	0	0	0.113	0	0.540	0.718	0.874
TRAF3IP1	WDR34	9606.ENSP00000362424	9606.ENSP00000361800	0	0	0	0	0.055	0	0	0.487	0.495
TRAF3IP1	WDR60	9606.ENSP00000362424	9606.ENSP00000384290	0	0	0	0	0.092	0	0	0.397	0.430
TRAF3IP1	TTC21A	9606.ENSP00000362424	9606.ENSP00000398211	0	0	0	0	0.042	0	0.540	0.088	0.563
TRAF3IP1	WDR19	9606.ENSP00000362424	9606.ENSP00000382717	0	0	0	0	0.093	0	0.540	0.753	0.888
TRAF3IP1	TTC26	9606.ENSP00000362424	9606.ENSP00000419279	0	0	0	0	0.060	0.507	0.800	0.920	0.991
TRAPPC2L	TRAPPC9	9606.ENSP00000457728	9606.ENSP00000373979	0	0	0	0	0.047	0.966	0.900	0.813	0.999
TRAPPC2L	TRAPPC4	9606.ENSP00000457728	9606.ENSP00000436005	0	0	0	0	0.215	0.981	0.900	0.718	0.999
TRAPPC4	TRAPPC9	9606.ENSP00000436005	9606.ENSP00000373979	0	0	0	0	0.153	0.903	0.900	0.881	0.998
TRAPPC4	VPS53	9606.ENSP00000436005	9606.ENSP00000401435	0	0	0	0	0.108	0	0	0.451	0.489
TRAPPC9	UBA5	9606.ENSP00000373979	9606.ENSP00000348565	0	0	0	0	0.091	0	0	0.377	0.410
TRAPPC9	VPS11	9606.ENSP00000373979	9606.ENSP00000481126	0	0	0	0	0.129	0	0	0.362	0.421
TRIM2	TRIM44	9606.ENSP00000339659	9606.ENSP00000299413	0	0	0	0	0	0	0	0.572	0.572
TRIM32	WDPCP	9606.ENSP00000408292	9606.ENSP00000272321	0	0	0	0	0	0	0	0.802	0.802
TRIM32	TRIM44	9606.ENSP00000408292	9606.ENSP00000299413	0	0	0	0	0.049	0	0	0.487	0.491
TRIM32	TRIM71	9606.ENSP00000408292	9606.ENSP00000373272	0	0	0	0.564	0	0	0	0.431	0.431
TRIM32	TRIM8	9606.ENSP00000408292	9606.ENSP00000496301	0	0	0	0	0.049	0	0	0.619	0.622
TRIM32	TTC8	9606.ENSP00000408292	9606.ENSP00000482306	0	0	0	0	0.060	0	0	0.751	0.756
TRIM44	TRIM8	9606.ENSP00000299413	9606.ENSP00000496301	0	0	0	0	0.098	0	0	0.425	0.459
TRIT1	TRNT1	9606.ENSP00000321810	9606.ENSP00000251607	0.229	0	0	0	0.106	0	0	0.621	0.716
TRIT1	TRMT5	9606.ENSP00000321810	9606.ENSP00000261249	0	0	0	0	0.337	0	0	0.773	0.843
TRIT1	TRMT10A	9606.ENSP00000321810	9606.ENSP00000273962	0	0	0	0	0.236	0	0	0.615	0.693
TRIT1	TRMT10C	9606.ENSP00000321810	9606.ENSP00000312356	0	0	0	0	0.135	0	0	0.564	0.607
TRIT1	YARS2	9606.ENSP00000321810	9606.ENSP00000320658	0	0	0	0	0.202	0	0	0.532	0.610
TRIT1	YRDC	9606.ENSP00000321810	9606.ENSP00000362135	0.112	0	0	0	0.083	0	0	0.693	0.728
TRIT1	TRMT1	9606.ENSP00000321810	9606.ENSP00000466967	0	0	0	0	0.060	0.115	0	0.706	0.734
TRIT1	TRMU	9606.ENSP00000321810	9606.ENSP00000496496	0.120	0	0	0	0.154	0	0	0.712	0.767
TRMT1	TRNT1	9606.ENSP00000466967	9606.ENSP00000251607	0	0	0	0	0.098	0	0	0.463	0.495
TRMT1	TRMT5	9606.ENSP00000466967	9606.ENSP00000261249	0	0	0	0	0.141	0	0	0.609	0.650
TRMT1	TRMT10A	9606.ENSP00000466967	9606.ENSP00000273962	0	0	0	0	0.127	0.078	0	0.689	0.728
TRMT10A	TRMT5	9606.ENSP00000273962	9606.ENSP00000261249	0	0	0	0	0.280	0	0	0.791	0.843
TRMT10C	TRNT1	9606.ENSP00000312356	9606.ENSP00000251607	0	0	0	0	0.239	0.164	0	0.426	0.603
TRMT10C	TRMT5	9606.ENSP00000312356	9606.ENSP00000261249	0	0	0	0	0.211	0	0	0.683	0.740
TRMT10C	TSEN2	9606.ENSP00000312356	9606.ENSP00000284995	0	0	0	0	0.059	0	0.540	0	0.548
TRMT10C	TRMU	9606.ENSP00000312356	9606.ENSP00000496496	0	0	0	0	0	0	0	0.478	0.478
TRMT10C	TSEN54	9606.ENSP00000312356	9606.ENSP00000327487	0	0	0	0	0	0	0.540	0	0.540
TRMT5	TRNT1	9606.ENSP00000261249	9606.ENSP00000251607	0	0	0	0	0.216	0	0	0.444	0.545
TRMT5	TRMU	9606.ENSP00000261249	9606.ENSP00000496496	0	0	0	0	0.106	0	0	0.634	0.660
TRMT5	YRDC	9606.ENSP00000261249	9606.ENSP00000362135	0	0	0	0	0.049	0	0	0.665	0.668
TRMU	TRNT1	9606.ENSP00000496496	9606.ENSP00000251607	0.118	0	0	0	0.203	0	0	0.398	0.540
TRMU	TWNK	9606.ENSP00000496496	9606.ENSP00000309595	0	0	0	0	0.126	0	0	0.388	0.443
TRMU	YARS2	9606.ENSP00000496496	9606.ENSP00000320658	0.058	0	0	0	0.106	0	0	0.489	0.532
TRMU	YRDC	9606.ENSP00000496496	9606.ENSP00000362135	0	0	0	0	0.047	0	0	0.479	0.482
TRNT1	YRDC	9606.ENSP00000251607	9606.ENSP00000362135	0.231	0	0	0	0.049	0	0	0.414	0.534
TRNT1	YARS2	9606.ENSP00000251607	9606.ENSP00000320658	0.114	0	0	0	0.176	0	0	0.550	0.643
TRPM3	TRPV4	9606.ENSP00000366314	9606.ENSP00000406191	0	0	0	0	0.081	0	0	0.783	0.792
TRPM4	TRPV6	9606.ENSP00000252826	9606.ENSP00000352358	0	0	0	0	0.064	0	0	0.743	0.749
TRPM4	TRPV4	9606.ENSP00000252826	9606.ENSP00000406191	0	0	0	0	0.057	0	0	0.844	0.846
TRPM6	TRPV6	9606.ENSP00000354006	9606.ENSP00000352358	0	0	0	0	0.057	0	0	0.738	0.743
TRPM6	TRPV4	9606.ENSP00000354006	9606.ENSP00000406191	0	0	0	0	0.057	0	0	0.653	0.659
TRPM6	TRPM7	9606.ENSP00000354006	9606.ENSP00000495860	0	0	0.059	0.946	0	0.087	0.900	0.741	0.974
TRPM7	TRPV6	9606.ENSP00000495860	9606.ENSP00000352358	0	0	0	0	0.057	0	0	0.743	0.747
TRPM7	TRPV4	9606.ENSP00000495860	9606.ENSP00000406191	0	0	0	0	0.057	0	0	0.750	0.754
TRPV4	WNK4	9606.ENSP00000406191	9606.ENSP00000246914	0	0	0	0	0	0.091	0	0.582	0.603
TRPV4	UBE3B	9606.ENSP00000406191	9606.ENSP00000340596	0	0	0	0	0	0	0	0.797	0.797
TRPV4	TRPV6	9606.ENSP00000406191	9606.ENSP00000352358	0	0	0	0.713	0.082	0	0	0.543	0.562
TSEN2	VPS53	9606.ENSP00000284995	9606.ENSP00000401435	0	0	0	0	0.042	0	0	0.442	0.443
TSEN2	TSEN34	9606.ENSP00000284995	9606.ENSP00000397402	0	0	0	0	0	0.840	0.800	0.999	0.999
TSEN2	TSEN54	9606.ENSP00000284995	9606.ENSP00000327487	0	0	0	0	0.049	0.905	0.800	0.999	0.999
TSEN34	TSEN54	9606.ENSP00000397402	9606.ENSP00000327487	0	0	0	0	0.296	0.331	0.800	0.999	0.999
TSEN34	VPS53	9606.ENSP00000397402	9606.ENSP00000401435	0	0	0	0	0.067	0	0	0.450	0.465
TSR2	WDR36	9606.ENSP00000364293	9606.ENSP00000423067	0	0	0	0	0.653	0	0	0	0.653
TTC12	ZMYND10	9606.ENSP00000419652	9606.ENSP00000231749	0	0	0	0	0.093	0	0	0.531	0.556
TTC21A	ZMYND10	9606.ENSP00000398211	9606.ENSP00000231749	0	0	0	0	0.083	0	0	0.404	0.430
TTC21A	TTC21B	9606.ENSP00000398211	9606.ENSP00000243344	0	0	0.066	0.948	0	0	0.540	0.054	0.558
TTC21A	WDR66	9606.ENSP00000398211	9606.ENSP00000288912	0	0	0	0	0.056	0	0	0.634	0.639
TTC21A	WDR35	9606.ENSP00000398211	9606.ENSP00000314444	0	0	0	0	0.071	0.401	0.540	0.329	0.805
TTC21A	WDR19	9606.ENSP00000398211	9606.ENSP00000382717	0	0	0	0	0.092	0.317	0.540	0.546	0.853
TTC21A	TTC26	9606.ENSP00000398211	9606.ENSP00000419279	0	0	0.209	0	0.090	0	0.540	0.066	0.649
TTC21B	WDR73	9606.ENSP00000243344	9606.ENSP00000387982	0	0	0	0	0.049	0	0	0.408	0.413
TTC21B	XPNPEP3	9606.ENSP00000243344	9606.ENSP00000349658	0	0	0	0	0.049	0	0	0.412	0.417
TTC21B	WHRN	9606.ENSP00000243344	9606.ENSP00000354623	0	0	0	0	0.074	0.080	0	0.451	0.491
TTC21B	WDR34	9606.ENSP00000243344	9606.ENSP00000361800	0	0	0	0	0	0.049	0	0.688	0.691
TTC21B	WDR60	9606.ENSP00000243344	9606.ENSP00000384290	0	0	0	0	0.044	0.049	0	0.714	0.717
TTC21B	TTC26	9606.ENSP00000243344	9606.ENSP00000419279	0	0	0.211	0	0.083	0	0.540	0.581	0.842
TTC21B	WDR35	9606.ENSP00000243344	9606.ENSP00000314444	0	0	0	0	0.162	0.974	0.900	0.996	0.999
TTC21B	WDR19	9606.ENSP00000243344	9606.ENSP00000382717	0	0	0	0	0.203	0.941	0.900	0.994	0.999
TTC26	WDR35	9606.ENSP00000419279	9606.ENSP00000314444	0	0	0.217	0	0.127	0	0.540	0.729	0.903
TTC26	WDR19	9606.ENSP00000419279	9606.ENSP00000382717	0	0	0	0	0.163	0	0.540	0.770	0.903
TTC8	WDPCP	9606.ENSP00000482306	9606.ENSP00000272321	0	0	0	0	0.072	0	0	0.819	0.825
TTC8	WDR19	9606.ENSP00000482306	9606.ENSP00000382717	0	0	0	0	0.060	0	0	0.412	0.423
TUBA8	TUBB1	9606.ENSP00000333326	9606.ENSP00000217133	0	0	0.076	0.904	0.313	0.287	0.650	0.806	0.963
TUBA8	TUBB2B	9606.ENSP00000333326	9606.ENSP00000259818	0	0	0.071	0.912	0.304	0.287	0.650	0.806	0.963
TUBA8	TUBB6	9606.ENSP00000333326	9606.ENSP00000318697	0	0	0.072	0.912	0.304	0.287	0.650	0.811	0.964
TUBA8	UBAC2	9606.ENSP00000333326	9606.ENSP00000383911	0	0	0	0	0.070	0.616	0	0.085	0.644
TUBA8	TUBB8	9606.ENSP00000333326	9606.ENSP00000456206	0	0	0.072	0.911	0.304	0.287	0.650	0.806	0.963
TUBA8	TUBB	9606.ENSP00000333326	9606.ENSP00000339001	0	0	0.069	0.915	0.304	0.287	0.650	0.885	0.978
TUBB	TUBB8	9606.ENSP00000339001	9606.ENSP00000456206	0	0	0.048	0.985	0.324	0.165	0	0.046	0.419
TUBB	WWOX	9606.ENSP00000339001	9606.ENSP00000457230	0	0	0	0	0.055	0.050	0	0.419	0.433
TUBB1	WWOX	9606.ENSP00000217133	9606.ENSP00000457230	0	0	0	0	0.055	0.050	0	0.387	0.401
TUBB1	TUBB8	9606.ENSP00000217133	9606.ENSP00000456206	0	0	0.051	0.979	0	0	0.400	0.048	0.410
TUBB1	TUBB6	9606.ENSP00000217133	9606.ENSP00000318697	0	0	0.051	0.979	0.046	0	0.400	0.048	0.413
TUBB1	TUBB2B	9606.ENSP00000217133	9606.ENSP00000259818	0	0	0.050	0.980	0	0.231	0.400	0.049	0.527
TUBB2B	TUBB6	9606.ENSP00000259818	9606.ENSP00000318697	0	0	0.048	0.985	0.078	0	0.400	0.049	0.432
TUBB2B	TUBB8	9606.ENSP00000259818	9606.ENSP00000456206	0	0	0.048	0.984	0.042	0.166	0.400	0.046	0.485
TUBB6	TUBB8	9606.ENSP00000318697	9606.ENSP00000456206	0	0	0.049	0.983	0.053	0	0.400	0.046	0.416
TUBGCP6	ZNF335	9606.ENSP00000248846	9606.ENSP00000325326	0	0	0	0	0.231	0.049	0	0.292	0.438
TUBGCP6	WBP11	9606.ENSP00000248846	9606.ENSP00000261167	0	0	0	0	0.084	0	0	0.433	0.459
UBA5	UFM1	9606.ENSP00000348565	9606.ENSP00000368970	0	0	0	0	0.091	0.986	0	0.994	0.999
UBA5	UFC1	9606.ENSP00000348565	9606.ENSP00000356982	0	0	0.300	0	0.049	0.979	0	0.989	0.999
UBE2T	UBR1	9606.ENSP00000494957	9606.ENSP00000290650	0	0	0	0	0.060	0.187	0	0.469	0.559
UBE2T	WDR48	9606.ENSP00000494957	9606.ENSP00000307491	0	0	0	0	0.047	0.048	0	0.594	0.600
UBIAD1	YARS2	9606.ENSP00000366006	9606.ENSP00000320658	0	0	0	0	0.511	0	0	0	0.511
UBIAD1	VKORC1	9606.ENSP00000366006	9606.ENSP00000378426	0	0	0	0	0	0	0	0.483	0.483
UBR1	UBR7	9606.ENSP00000290650	9606.ENSP00000013070	0	0	0	0	0.047	0	0	0.660	0.662
UFC1	ZFYVE19	9606.ENSP00000356982	9606.ENSP00000347498	0	0	0	0	0.044	0.424	0	0	0.425
UFC1	UFM1	9606.ENSP00000356982	9606.ENSP00000368970	0	0	0.218	0	0.196	0.830	0	0.991	0.998
UFM1	YIPF5	9606.ENSP00000368970	9606.ENSP00000274496	0	0	0	0	0.453	0	0	0.158	0.520
UFM1	ZFYVE19	9606.ENSP00000368970	9606.ENSP00000347498	0	0	0	0	0	0.424	0	0	0.424
UGT1A1	VKORC1	9606.ENSP00000304845	9606.ENSP00000378426	0	0	0	0	0	0	0	0.658	0.658
UQCC2	UQCC3	9606.ENSP00000476140	9606.ENSP00000432692	0	0	0	0	0.109	0	0	0.677	0.700
USB1	WRAP53	9606.ENSP00000219281	9606.ENSP00000324203	0	0	0	0	0.060	0	0	0.593	0.601
USH1G	WHRN	9606.ENSP00000480279	9606.ENSP00000354623	0	0	0	0	0	0.099	0	0.991	0.992
USP48	ZFR	9606.ENSP00000309262	9606.ENSP00000265069	0	0	0	0	0.095	0.454	0	0	0.484
USP48	VPS35	9606.ENSP00000309262	9606.ENSP00000299138	0	0	0	0	0.123	0.534	0	0	0.574
USP48	USP53	9606.ENSP00000309262	9606.ENSP00000409906	0	0	0	0	0.053	0	0	0.497	0.504
VAC14	WRAP53	9606.ENSP00000261776	9606.ENSP00000324203	0	0	0	0	0.067	0.143	0	0.353	0.437
VAC14	WIPI2	9606.ENSP00000261776	9606.ENSP00000288828	0	0	0	0	0.056	0.309	0	0.502	0.647
VANGL1	WNT3A	9606.ENSP00000347672	9606.ENSP00000284523	0	0	0	0	0	0.062	0	0.398	0.411
VANGL1	VANGL2	9606.ENSP00000347672	9606.ENSP00000357040	0	0	0.053	0.975	0	0.522	0.900	0.388	0.968
VANGL2	WDPCP	9606.ENSP00000357040	9606.ENSP00000272321	0	0	0	0	0	0	0	0.417	0.417
VANGL2	WNT3A	9606.ENSP00000357040	9606.ENSP00000284523	0	0	0	0	0	0.062	0	0.617	0.625
VANGL2	WNT4	9606.ENSP00000357040	9606.ENSP00000290167	0	0	0	0	0.042	0.062	0	0.781	0.786
VARS2	YARS2	9606.ENSP00000441000	9606.ENSP00000320658	0.110	0	0	0	0.328	0.131	0	0.815	0.891
VIPAS39	VPS33A	9606.ENSP00000452181	9606.ENSP00000267199	0	0	0	0	0.146	0.369	0	0.963	0.978
VIPAS39	VPS33B	9606.ENSP00000452181	9606.ENSP00000327650	0	0	0	0	0.367	0.909	0	0.999	0.999
VIPAS39	VPS16	9606.ENSP00000452181	9606.ENSP00000369810	0	0	0	0	0.630	0	0	0.709	0.887
VIPAS39	VPS53	9606.ENSP00000452181	9606.ENSP00000401435	0	0	0	0	0.148	0	0	0.353	0.425
VIPAS39	VPS11	9606.ENSP00000452181	9606.ENSP00000481126	0	0	0	0	0.154	0	0	0.620	0.665
VPS11	VPS33A	9606.ENSP00000481126	9606.ENSP00000267199	0	0	0	0	0.197	0.977	0.900	0.994	0.999
VPS11	VPS33B	9606.ENSP00000481126	9606.ENSP00000327650	0	0	0	0	0.141	0.841	0.900	0.758	0.996
VPS11	VPS16	9606.ENSP00000481126	9606.ENSP00000369810	0	0	0	0	0.100	0.997	0.900	0.998	0.999
VPS11	WDR81	9606.ENSP00000481126	9606.ENSP00000386609	0	0	0	0	0.113	0	0	0.376	0.423
VPS11	VPS53	9606.ENSP00000481126	9606.ENSP00000401435	0	0	0	0	0.151	0	0	0.451	0.514
VPS13A	WIPI2	9606.ENSP00000353422	9606.ENSP00000288828	0	0	0	0	0.121	0.091	0	0.335	0.423
VPS13A	VPS35	9606.ENSP00000353422	9606.ENSP00000299138	0	0	0	0	0.118	0.301	0	0.469	0.644
VPS13A	VPS13B	9606.ENSP00000353422	9606.ENSP00000351346	0	0	0	0.547	0.318	0	0	0.531	0.667
VPS13A	VPS13D	9606.ENSP00000353422	9606.ENSP00000478104	0	0	0	0.551	0.126	0	0	0.512	0.556
VPS13B	VPS13D	9606.ENSP00000351346	9606.ENSP00000478104	0	0	0	0.546	0.195	0	0	0.491	0.573
VPS13B	VPS13C	9606.ENSP00000351346	9606.ENSP00000493560	0	0	0	0.546	0.377	0	0	0.429	0.629
VPS13C	ZFYVE26	9606.ENSP00000493560	9606.ENSP00000251119	0	0	0	0	0.133	0	0	0.356	0.418
VPS13C	VPS35	9606.ENSP00000493560	9606.ENSP00000299138	0	0	0	0	0.118	0.125	0	0.751	0.791
VPS13C	VPS13D	9606.ENSP00000493560	9606.ENSP00000478104	0	0	0	0.554	0.136	0	0	0.403	0.462
VPS16	VPS33A	9606.ENSP00000369810	9606.ENSP00000267199	0	0	0	0	0.639	0.999	0.900	0.997	0.999
VPS16	VPS35	9606.ENSP00000369810	9606.ENSP00000299138	0	0	0	0	0.056	0	0	0.490	0.498
VPS16	VPS33B	9606.ENSP00000369810	9606.ENSP00000327650	0	0	0	0	0.339	0.831	0.900	0.673	0.995
VPS16	VPS53	9606.ENSP00000369810	9606.ENSP00000401435	0	0	0	0	0.055	0	0	0.427	0.436
VPS16	WDR81	9606.ENSP00000369810	9606.ENSP00000386609	0	0	0	0	0.166	0	0	0.354	0.439
VPS33A	WDR81	9606.ENSP00000267199	9606.ENSP00000386609	0	0	0	0	0.049	0	0	0.429	0.434
VPS33A	VPS53	9606.ENSP00000267199	9606.ENSP00000401435	0	0	0	0	0.122	0	0	0.450	0.497
VPS33A	VPS33B	9606.ENSP00000267199	9606.ENSP00000327650	0	0	0	0.797	0.180	0.098	0.900	0.281	0.939
VPS33B	VPS35	9606.ENSP00000327650	9606.ENSP00000299138	0	0	0	0	0.099	0.220	0	0.231	0.413
VPS33B	ZFYVE19	9606.ENSP00000327650	9606.ENSP00000347498	0	0	0	0	0.450	0	0	0.130	0.501
VPS33B	VPS53	9606.ENSP00000327650	9606.ENSP00000401435	0	0	0	0	0.109	0.292	0	0.443	0.618
VPS35	WDR81	9606.ENSP00000299138	9606.ENSP00000386609	0	0	0	0	0.136	0	0	0.343	0.409
VPS35	VPS53	9606.ENSP00000299138	9606.ENSP00000401435	0	0	0	0	0.131	0	0	0.516	0.562
VPS35	WLS	9606.ENSP00000299138	9606.ENSP00000346829	0	0	0	0	0.047	0.095	0.500	0.698	0.852
WDFY3	WIPI2	9606.ENSP00000295888	9606.ENSP00000288828	0	0	0	0	0	0	0	0.432	0.432
WDPCP	WDR19	9606.ENSP00000272321	9606.ENSP00000382717	0	0	0	0	0.096	0	0	0.397	0.431
WDR19	ZMYND10	9606.ENSP00000382717	9606.ENSP00000231749	0	0	0	0	0.060	0.317	0	0.245	0.473
WDR19	WDR35	9606.ENSP00000382717	9606.ENSP00000314444	0	0	0.204	0	0.139	0.986	0.900	0.997	0.999
WDR19	WDR34	9606.ENSP00000382717	9606.ENSP00000361800	0	0	0	0	0	0	0	0.756	0.756
WDR19	WDR60	9606.ENSP00000382717	9606.ENSP00000384290	0	0	0	0	0.185	0	0	0.720	0.762
WDR26	ZNF687	9606.ENSP00000498603	9606.ENSP00000319829	0	0	0	0	0.060	0.593	0	0.164	0.652
WDR34	WDR35	9606.ENSP00000361800	9606.ENSP00000314444	0	0	0	0	0	0	0	0.750	0.750
WDR34	WDR60	9606.ENSP00000361800	9606.ENSP00000384290	0	0	0	0.558	0	0.982	0.900	0.705	0.999
WDR35	ZMYND10	9606.ENSP00000314444	9606.ENSP00000231749	0	0	0	0	0.044	0.401	0	0.091	0.434
WDR35	WDR60	9606.ENSP00000314444	9606.ENSP00000384290	0	0	0	0	0.049	0	0	0.697	0.700
WDR45B	WIPI2	9606.ENSP00000376139	9606.ENSP00000288828	0	0	0	0.716	0.135	0.097	0	0.548	0.616
WDR48	WRAP53	9606.ENSP00000307491	9606.ENSP00000324203	0	0.448	0	0	0	0	0	0.105	0.485
WDR73	YRDC	9606.ENSP00000387982	9606.ENSP00000362135	0	0	0	0	0.100	0	0	0.371	0.409
WLS	WNT10A	9606.ENSP00000346829	9606.ENSP00000258411	0	0	0	0	0	0.292	0.500	0.516	0.814
WLS	WNT3A	9606.ENSP00000346829	9606.ENSP00000284523	0	0	0	0	0	0.975	0.500	0.585	0.994
WLS	WNT4	9606.ENSP00000346829	9606.ENSP00000290167	0	0	0	0	0.042	0.713	0.500	0.584	0.935
WNT10A	WNT3A	9606.ENSP00000258411	9606.ENSP00000284523	0	0	0	0.889	0.073	0	0.500	0.110	0.551
WNT10A	WNT4	9606.ENSP00000258411	9606.ENSP00000290167	0	0	0	0.897	0.107	0	0.500	0.133	0.579
WNT3A	WNT4	9606.ENSP00000284523	9606.ENSP00000290167	0	0	0.060	0.932	0.064	0	0.500	0.416	0.708
WNT3A	ZNRF3	9606.ENSP00000284523	9606.ENSP00000443824	0	0	0	0	0	0	0.500	0.519	0.749
YEATS2	YRDC	9606.ENSP00000306983	9606.ENSP00000362135	0	0	0	0	0.049	0	0	0.412	0.417
YIF1B	YIPF5	9606.ENSP00000343435	9606.ENSP00000274496	0	0	0	0	0.077	0.746	0	0.583	0.894
ZFR	ZFYVE27	9606.ENSP00000265069	9606.ENSP00000409594	0	0	0.203	0	0	0	0	0.283	0.404
ZFYVE26	ZFYVE27	9606.ENSP00000251119	9606.ENSP00000409594	0	0	0	0	0.049	0	0	0.540	0.543
