0,0
0,1
0,2
0,3
0,4
0,5
0,6
0,7
0,8
0,9
0,10
0,11
0,12
0,13
0,14
0,15
0,16
0,17
0,18
0,19
0,20
0,21
0,22
0,23
0,24
0,25
0,26
0,27
0,28
0,29
0,30
0,31
0,32
0,33
0,34
0,35
0,36
0,37
0,38
0,39
0,40
0,41
0,42
0,43
0,44
0,45
0,46
0,47
0,48
0,49
1,50
1,51
1,52
1,53
1,54
1,55
1,56
1,57
1,58
1,59
2,60
2,3
2,61
2,61
2,62
2,63
2,63
2,64
2,64
2,65
2,66
2,67
2,68
2,69
2,70
2,71
2,20
2,20
2,72
2,72
2,73
2,73
2,74
2,74
2,75
2,76
2,77
2,77
2,78
2,79
2,80
2,81
2,82
2,83
2,84
2,85
2,86
2,86
3,87
3,88
3,47
3,89
3,90
4,91
4,92
4,93
4,94
4,95
4,96
4,97
4,98
4,3
4,99
4,100
4,101
4,102
4,103
4,104
4,105
4,105
4,106
4,107
4,108
4,109
4,110
4,65
4,65
4,111
4,112
4,112
4,113
4,114
4,115
4,116
4,117
4,52
4,118
4,119
4,120
4,121
4,122
4,123
4,124
4,125
4,125
4,126
4,127
4,128
4,129
4,130
4,35
4,131
4,132
4,133
4,134
4,54
4,54
4,55
4,57
4,135
4,135
4,136
4,137
4,138
4,139
4,140
4,141
4,142
4,143
5,144
5,144
5,100
5,100
5,145
5,61
5,61
5,146
5,147
5,63
5,63
5,65
5,67
5,67
5,68
5,68
5,148
5,20
5,20
5,88
5,35
5,149
5,149
5,150
5,82
5,132
5,55
5,151
5,152
5,153
5,154
5,155
5,156
5,156
6,157
6,158
6,159
6,100
6,145
6,160
6,161
6,87
6,162
6,163
6,164
6,165
6,166
6,167
6,168
6,169
6,170
6,171
6,131
7,172
7,157
7,157
7,173
7,159
7,100
7,100
7,145
7,174
7,175
7,176
7,177
7,178
7,179
7,63
7,180
7,110
7,181
7,65
7,65
7,182
7,183
7,10
7,10
7,184
7,185
7,186
7,187
7,187
7,188
7,165
7,189
7,121
7,190
7,191
7,192
7,193
7,194
7,195
7,195
7,196
7,197
7,198
7,199
7,131
7,131
7,131
7,200
7,201
7,202
7,203
7,204
7,205
7,206
7,207
7,208
7,209
7,210
7,211
7,211
7,211
7,211
7,212
7,213
7,214
7,215
7,216
7,217
7,218
7,219
7,219
7,220
7,220
7,221
7,154
7,138
7,138
7,222
7,223
7,223
7,141
7,224
7,225
7,226
7,227
8,37
8,228
8,229
8,230
8,231
9,232
9,87
9,233
9,211
10,234
10,235
10,236
10,177
10,65
10,10
10,237
10,238
10,88
10,132
11,239
11,240
11,241
11,242
11,243
11,243
11,244
11,245
11,246
11,247
11,158
11,248
11,173
11,249
11,159
11,100
11,145
11,62
11,160
11,250
11,147
11,251
11,252
11,253
11,161
11,254
11,65
11,255
11,10
11,256
11,257
11,257
11,184
11,184
11,258
11,259
11,260
11,261
11,262
11,263
11,264
11,265
11,13
11,266
11,267
11,268
11,269
11,270
11,271
11,165
11,272
11,273
11,193
11,274
11,275
11,276
11,277
11,278
11,279
11,280
11,170
11,281
11,282
11,283
11,284
11,131
11,285
11,286
11,287
11,288
11,289
11,290
11,291
11,292
11,293
11,294
11,295
11,296
11,297
11,298
11,298
11,299
11,300
11,301
11,302
11,303
11,304
11,304
11,305
11,306
11,306
11,211
11,211
11,213
11,307
11,308
11,215
11,309
11,218
11,310
11,311
11,312
11,59
11,313
11,314
11,315
11,316
11,317
12,318
12,319
12,319
12,320
12,239
12,321
12,322
12,323
12,173
12,173
12,144
12,3
12,159
12,159
12,324
12,324
12,325
12,100
12,100
12,326
12,145
12,145
12,103
12,327
12,328
12,329
12,109
12,330
12,178
12,331
12,179
12,110
12,332
12,161
12,161
12,333
12,87
12,10
12,10
12,334
12,112
12,335
12,336
12,337
12,237
12,338
12,339
12,263
12,263
12,264
12,264
12,13
12,13
12,268
12,268
12,340
12,341
12,342
12,343
12,165
12,344
12,119
12,345
12,346
12,190
12,191
12,123
12,347
12,193
12,276
12,348
12,349
12,350
12,351
12,280
12,352
12,353
12,195
12,33
12,35
12,354
12,149
12,355
12,356
12,357
12,131
12,53
12,358
12,359
12,360
12,361
12,362
12,362
12,363
12,363
12,203
12,364
12,365
12,291
12,133
12,366
12,206
12,367
12,368
12,369
12,370
12,371
12,372
12,373
12,374
12,375
12,375
12,376
12,208
12,377
12,378
12,379
12,380
12,42
12,211
12,211
12,381
12,212
12,213
12,308
12,135
12,135
12,136
12,218
12,137
12,382
12,383
12,384
12,384
12,220
12,385
12,386
12,387
12,388
12,389
12,310
12,390
12,391
12,391
12,392
12,59
12,393
12,394
12,394
12,395
12,396
12,396
12,154
12,397
12,138
12,398
12,398
12,399
12,400
12,316
12,317
12,401
12,222
12,402
12,403
12,404
12,404
12,405
12,141
12,406
12,407
12,408
12,230
12,409
12,226
12,410
12,411
12,412
13,318
13,413
13,323
13,158
13,158
13,414
13,414
13,173
13,173
13,144
13,159
13,159
13,100
13,415
13,145
13,145
13,62
13,416
13,417
13,418
13,418
13,419
13,107
13,251
13,251
13,252
13,8
13,87
13,87
13,259
13,420
13,148
13,421
13,121
13,422
13,422
13,423
13,424
13,425
13,426
13,427
13,282
13,282
13,428
13,429
13,131
13,430
13,363
13,431
13,431
13,432
13,296
13,433
13,434
13,375
13,435
13,435
13,211
13,213
13,213
13,436
13,436
13,214
13,214
13,214
13,215
13,437
13,218
13,218
13,219
13,219
13,384
13,438
13,439
13,59
13,394
13,396
13,440
13,441
14,100
14,103
14,63
14,442
14,87
14,112
14,443
14,444
14,35
14,149
14,445
14,37
14,446
14,228
14,447
14,448
14,56
14,449
14,229
14,450
14,135
14,451
14,59
14,394
14,316
14,404
14,406
14,452
14,142
14,230
14,230
14,225
14,453
14,454
15,455
15,87
15,456
15,457
15,458
15,459
15,460
15,461
15,462
15,463
15,464
15,465
15,466
15,467
15,468
15,469
15,470
15,471
15,472
15,473
15,474
15,439
15,475
15,476
15,476
15,477
16,62
16,478
16,479
16,480
16,481
16,458
16,482
16,483
16,484
16,485
16,486
16,287
16,290
16,487
16,488
16,55
16,489
16,490
16,491
16,492
16,46
16,493
16,494
17,318
17,318
17,319
17,322
17,158
17,144
17,324
17,145
17,145
17,495
17,495
17,327
17,496
17,496
17,497
17,179
17,110
17,110
17,498
17,87
17,499
17,500
17,501
17,264
17,268
17,14
17,148
17,148
17,502
17,503
17,504
17,74
17,505
17,192
17,277
17,506
17,506
17,195
17,195
17,507
17,507
17,508
17,508
17,171
17,171
17,357
17,357
17,131
17,509
17,363
17,363
17,510
17,511
17,304
17,304
17,381
17,212
17,212
17,512
17,513
17,385
17,514
17,154
17,154
17,138
17,138
17,316
17,316
17,515
17,516
17,516
17,404
17,404
17,517
17,518
17,518
17,519
17,519
17,520
17,520
17,521
17,521
18,522
18,523
18,524
18,173
18,159
18,324
18,325
18,100
18,145
18,87
18,501
18,525
18,526
18,166
18,276
18,527
18,528
18,195
18,529
18,357
18,363
18,203
18,365
18,204
18,530
18,531
18,373
18,532
18,533
18,534
18,535
18,536
18,218
18,382
18,384
18,220
18,537
18,389
18,221
18,313
18,538
18,316
18,401
18,402
18,404
18,539
18,226
19,540
19,100
19,541
19,542
19,87
19,543
19,166
19,544
19,424
19,545
19,82
19,546
19,547
19,548
19,549
19,550
20,100
20,326
20,145
20,542
20,87
20,551
20,335
20,552
20,543
20,525
20,166
20,424
20,509
20,363
20,553
20,203
20,365
20,554
20,306
20,135
20,555
20,404
21,100
21,65
21,556
21,166
21,276
21,363
21,487
22,557
22,557
22,558
22,558
22,558
22,559
22,560
22,560
22,560
22,561
22,248
22,562
22,3
22,99
22,99
22,325
22,101
22,563
22,415
22,61
22,479
22,564
22,63
22,565
22,565
22,65
22,333
22,87
22,10
22,566
22,567
22,567
22,13
22,13
22,15
22,568
22,569
22,70
22,19
22,19
22,342
22,20
22,20
22,20
22,72
22,570
22,74
22,571
22,572
22,573
22,574
22,575
22,576
22,77
22,77
22,238
22,577
22,578
22,578
22,128
22,579
22,580
22,88
22,581
22,582
22,80
22,583
22,584
22,585
22,585
22,35
22,171
22,171
22,586
22,587
22,588
22,132
22,589
22,590
22,54
22,54
22,55
22,591
22,592
22,154
22,154
22,405
22,405
22,593
23,158
23,248
23,159
23,100
23,101
23,101
23,145
23,145
23,594
23,594
23,595
23,595
23,596
23,596
23,597
23,597
23,565
23,65
23,10
23,10
23,598
23,599
23,600
23,600
23,148
23,552
23,552
23,601
23,273
23,273
23,602
23,238
23,280
23,603
23,603
23,149
23,149
23,428
23,604
23,363
23,363
23,605
23,208
23,208
23,377
23,377
23,606
23,607
23,607
23,437
23,220
23,220
23,385
23,389
23,389
23,608
23,608
23,154
23,398
23,398
23,609
23,610
23,142
23,611
23,611
23,612
23,156
23,156
24,318
24,232
24,145
24,87
24,613
24,270
24,601
24,614
24,615
24,287
24,363
24,365
24,616
24,617
24,618
24,549
24,619
24,138
24,620
24,411
25,65
25,621
26,558
26,622
26,623
26,624
26,1
26,99
26,325
26,101
26,625
26,626
26,627
26,628
26,629
26,630
26,631
26,333
26,87
26,87
26,632
26,633
26,9
26,634
26,635
26,636
26,459
26,637
26,638
26,639
26,640
26,641
26,642
26,643
26,644
26,70
26,72
26,645
26,646
26,647
26,648
26,649
26,650
26,651
26,652
26,653
26,654
26,654
26,655
26,656
26,657
26,126
26,658
26,77
26,659
26,128
26,30
26,660
26,78
26,661
26,662
26,663
26,664
26,665
26,666
26,667
26,668
26,669
26,360
26,670
26,671
26,134
26,672
26,673
26,674
26,308
26,675
26,491
26,83
26,44
26,676
26,677
26,394
26,678
26,405
26,679
26,680
26,681
26,682
26,683
26,477
26,477
27,248
27,232
27,232
27,159
27,684
27,685
27,686
27,65
27,687
27,688
27,599
27,15
27,165
27,601
27,345
27,689
27,690
27,691
27,149
27,692
27,693
27,694
27,695
27,365
27,696
27,697
27,82
27,698
27,699
27,151
27,700
27,376
27,304
27,607
27,135
27,701
27,702
27,703
27,704
27,705
27,706
27,154
27,707
27,708
27,517
27,227
27,611
28,524
28,159
28,324
28,100
28,145
28,495
28,497
28,709
28,110
28,87
28,600
28,525
28,276
28,363
28,365
28,369
28,304
28,211
28,212
28,136
28,220
28,710
28,711
28,138
29,712
29,713
29,248
29,159
29,324
29,325
29,101
29,415
29,145
29,63
29,65
29,632
29,714
29,715
29,716
29,184
29,717
29,718
29,719
29,20
29,720
29,721
29,277
29,426
29,509
29,722
29,287
29,203
29,206
29,723
29,211
29,724
29,308
29,220
29,385
29,404
29,141
30,100
30,87
30,187
30,725
30,121
30,726
30,727
30,356
30,131
30,201
30,728
30,729
30,378
30,730
30,731
30,213
30,437
30,732
30,218
30,733
30,734
30,735
30,220
30,736
30,736
30,737
30,738
30,739
30,388
30,389
30,310
30,390
30,677
30,740
30,741
30,517
31,319
31,742
31,172
31,158
31,248
31,144
31,232
31,159
31,324
31,100
31,100
31,145
31,145
31,105
31,743
31,743
31,744
31,744
31,709
31,332
31,542
31,161
31,87
31,745
31,746
31,256
31,334
31,747
31,184
31,260
31,748
31,749
31,501
31,501
31,750
31,263
31,263
31,264
31,265
31,340
31,148
31,148
31,552
31,343
31,504
31,504
31,751
31,166
31,121
31,191
31,191
31,274
31,277
31,277
31,424
31,424
31,752
31,602
31,753
31,280
31,754
31,755
31,756
31,35
31,603
31,149
31,445
31,757
31,757
31,758
31,759
31,428
31,131
31,131
31,693
31,693
31,760
31,761
31,286
31,287
31,362
31,362
31,363
31,363
31,203
31,203
31,365
31,365
31,204
31,762
31,762
31,532
31,763
31,533
31,533
31,764
31,764
31,211
31,211
31,381
31,381
31,212
31,213
31,213
31,765
31,766
31,766
31,308
31,214
31,135
31,135
31,767
31,768
31,769
31,769
31,536
31,536
31,218
31,734
31,220
31,385
31,385
31,386
31,389
31,389
31,514
31,311
31,391
31,391
31,770
31,703
31,59
31,59
31,396
31,396
31,608
31,608
31,154
31,154
31,138
31,515
31,771
31,772
31,772
31,140
31,140
31,773
31,774
31,452
31,452
31,142
31,230
31,230
31,226
31,519
31,612
31,612
31,156
31,156
32,319
32,775
32,144
32,324
32,102
32,776
32,776
32,777
32,778
32,779
32,332
32,65
32,746
32,184
32,780
32,13
32,781
32,782
32,783
32,784
32,785
32,166
32,121
32,786
32,126
32,194
32,787
32,788
32,789
32,789
32,790
32,195
32,33
32,446
32,791
32,428
32,792
32,793
32,794
32,795
32,796
32,364
32,797
32,798
32,799
32,800
32,801
32,802
32,803
32,804
32,55
32,805
32,806
32,807
32,808
32,809
32,810
32,375
32,57
32,811
32,812
32,213
32,813
32,814
32,214
32,214
32,815
32,816
32,817
32,136
32,218
32,818
32,818
32,819
32,220
32,820
32,386
32,738
32,738
32,821
32,821
32,739
32,388
32,310
32,311
32,822
32,390
32,770
32,823
32,824
32,825
32,826
32,827
32,828
32,314
32,154
32,829
32,155
32,830
32,517
32,230
33,831
33,832
33,144
33,324
33,145
33,833
33,497
33,110
33,87
33,256
33,834
33,335
33,166
33,424
33,835
33,349
33,195
33,693
33,796
33,363
33,365
33,836
33,375
33,376
33,616
33,730
33,837
33,537
33,703
33,313
33,396
33,154
33,397
33,141
33,708
33,519
33,521
33,611
34,838
34,144
34,159
34,839
34,65
34,714
34,613
34,501
34,263
34,268
34,483
34,276
34,666
34,840
34,841
34,842
34,287
34,843
34,447
34,531
34,844
34,845
34,375
34,378
34,846
34,42
34,211
34,213
34,847
34,218
34,220
34,386
34,738
34,710
34,848
34,849
34,222
34,741
34,402
34,850
34,621
34,851
34,852
35,853
35,172
35,157
35,173
35,173
35,159
35,145
35,145
35,62
35,174
35,854
35,177
35,63
35,110
35,65
35,183
35,746
35,186
35,165
35,121
35,193
35,855
35,835
35,353
35,429
35,131
35,131
35,856
35,205
35,153
35,211
35,212
35,215
35,219
35,219
35,220
35,708
35,517
35,225
35,226
36,857
36,858
36,859
36,65
36,860
36,457
36,861
36,862
36,166
36,82
36,215
36,863
36,864
36,865
36,866
37,867
37,239
37,144
37,324
37,100
37,145
37,87
37,632
37,10
37,270
37,568
37,543
37,166
37,276
37,424
37,690
37,426
37,88
37,868
37,693
37,869
37,870
37,287
37,362
37,363
37,365
37,82
37,871
37,872
37,549
37,738
37,873
37,222
38,65
38,687
38,37
38,228
38,874
38,450
38,451
38,143
38,875
38,876
38,454
39,248
39,324
39,325
39,100
39,145
39,62
39,877
39,160
39,87
39,10
39,163
39,334
39,878
39,263
39,50
39,148
39,552
39,879
39,166
39,880
39,273
39,169
39,881
39,195
39,35
39,882
39,199
39,357
39,131
39,509
39,487
39,365
39,204
39,82
39,883
39,373
39,884
39,885
39,616
39,378
39,42
39,886
39,211
39,212
39,213
39,887
39,135
39,888
39,218
39,384
39,220
39,385
39,537
39,389
39,154
39,398
39,316
39,515
39,401
39,850
39,141
39,226
39,411
40,234
40,234
40,889
40,890
40,890
40,628
40,65
40,459
40,891
40,892
40,29
40,893
40,894
40,665
40,587
40,286
40,895
40,896
40,897
40,898
40,899
41,319
41,900
41,901
41,902
41,110
41,903
41,903
41,65
41,184
41,184
41,904
41,905
41,906
41,907
41,340
41,908
41,908
41,909
41,910
41,911
41,912
41,913
41,914
41,915
41,916
41,917
41,293
41,918
41,918
41,919
41,919
41,920
41,921
41,922
41,923
41,924
41,924
41,925
41,925
41,926
41,926
41,927
41,928
41,304
41,304
41,764
41,764
41,730
41,929
41,929
41,930
41,931
41,932
41,933
41,934
41,140
41,140
41,555
41,518
42,935
42,96
42,99
42,101
42,936
42,235
42,8
42,8
42,65
42,566
42,937
42,937
42,938
42,939
42,940
42,941
42,484
42,942
42,943
42,943
42,119
42,944
42,945
42,946
42,577
42,947
42,948
42,88
42,949
42,665
42,665
42,950
42,950
42,82
42,54
42,951
42,729
42,952
42,46
42,953
42,473
42,954
42,955
42,956
42,957
42,958
43,959
43,145
43,327
43,960
43,903
43,65
43,745
43,961
43,962
43,963
43,340
43,525
43,527
43,363
43,918
43,964
43,532
43,208
43,211
43,381
43,213
43,965
43,214
43,536
43,218
43,48
43,391
43,703
43,966
43,402
43,520
44,234
44,235
44,967
44,87
44,968
44,969
44,237
44,970
44,971
44,972
44,972
44,973
44,648
44,974
44,975
44,88
44,976
44,976
44,893
44,132
44,671
44,977
44,134
44,134
44,978
44,979
44,980
44,981
44,982
44,983
44,740
44,984
44,985
44,986
44,494
45,557
45,987
45,158
45,248
45,324
45,324
45,325
45,325
45,100
45,100
45,101
45,415
45,415
45,145
45,145
45,62
45,62
45,988
45,839
45,63
45,8
45,65
45,333
45,333
45,714
45,714
45,163
45,188
45,15
45,15
45,569
45,989
45,989
45,990
45,166
45,991
45,274
45,992
45,169
45,78
45,993
45,755
45,581
45,581
45,585
45,585
45,35
45,446
45,171
45,131
45,131
45,509
45,509
45,363
45,363
45,994
45,222
45,405
46,144
46,232
46,159
46,325
46,62
46,995
46,996
46,65
46,166
46,997
46,304
47,65
47,998
47,999
47,1000
47,1001
47,1002
47,1003
47,1004
47,238
47,1005
47,1006
47,1006
47,1007
47,864
47,864
47,1008
47,1008
47,1009
47,1009
47,1010
47,1011
47,852
47,852
48,319
48,1012
48,1013
48,838
48,158
48,1014
48,1015
48,99
48,159
48,159
48,324
48,325
48,100
48,100
48,101
48,101
48,563
48,145
48,145
48,62
48,1016
48,1017
48,1018
48,597
48,542
48,333
48,87
48,632
48,632
48,183
48,10
48,566
48,599
48,185
48,263
48,263
48,13
48,270
48,15
48,1019
48,568
48,552
48,552
48,165
48,1020
48,1021
48,504
48,23
48,190
48,721
48,274
48,276
48,277
48,349
48,690
48,690
48,753
48,577
48,169
48,1022
48,1023
48,1023
48,527
48,1024
48,881
48,353
48,35
48,149
48,791
48,199
48,357
48,131
48,1025
48,1026
48,1027
48,841
48,362
48,363
48,1028
48,364
48,291
48,1029
48,531
48,211
48,213
48,607
48,1030
48,724
48,724
48,766
48,308
48,1031
48,1032
48,548
48,1033
48,220
48,549
48,1034
48,1035
48,396
48,154
48,538
48,138
48,609
48,609
48,1036
48,771
48,772
48,517
48,409
48,1037
48,1038
48,611
48,876
48,1039
49,1040
49,1041
49,159
49,324
49,100
49,145
49,160
49,327
49,597
49,565
49,161
49,87
49,163
49,613
49,148
49,568
49,343
49,165
49,1020
49,504
49,1042
49,166
49,191
49,690
49,1043
49,426
49,508
49,362
49,82
49,510
49,375
49,377
49,730
49,211
49,212
49,384
49,220
49,1044
49,313
49,396
49,398
49,316
49,772
49,407
49,411
50,1045
50,98
50,3
50,324
50,100
50,105
50,1046
50,331
50,87
50,10
50,566
50,113
50,938
50,1047
50,1048
50,1049
50,50
50,1050
50,1051
50,1052
50,718
50,1053
50,118
50,462
50,124
50,125
50,1054
50,1054
50,127
50,129
50,88
50,796
50,82
50,1055
50,133
50,133
50,1056
50,1057
50,54
50,54
50,1058
50,729
50,1059
50,42
50,1060
50,135
50,44
50,1061
50,1062
50,1063
50,1064
50,387
50,1034
50,1065
50,1066
50,1067
50,1068
50,517
51,172
51,713
51,713
51,145
51,174
51,174
51,859
51,1069
51,1070
51,270
51,556
51,556
51,166
51,121
51,544
51,544
51,424
51,424
51,690
51,690
51,1071
51,1072
51,82
51,1073
51,1073
51,1074
51,548
52,1075
52,1076
52,1077
52,558
52,240
52,1078
52,1040
52,713
52,1015
52,1079
52,99
52,159
52,159
52,101
52,415
52,415
52,1080
52,1080
52,1081
52,106
52,1082
52,1083
52,1084
52,1085
52,1086
52,684
52,565
52,65
52,566
52,1087
52,1087
52,1088
52,1089
52,1090
52,937
52,1091
52,13
52,13
52,270
52,1092
52,568
52,643
52,1093
52,70
52,343
52,1094
52,1095
52,991
52,880
52,191
52,1096
52,76
52,77
52,752
52,659
52,238
52,1097
52,1097
52,1098
52,1024
52,1099
52,353
52,1100
52,1101
52,1102
52,1102
52,1103
52,1104
52,1105
52,1106
52,1107
52,430
52,1108
52,1025
52,1109
52,1110
52,1111
52,693
52,1112
52,1113
52,1114
52,761
52,202
52,286
52,287
52,287
52,1115
52,1116
52,289
52,290
52,203
52,203
52,487
52,487
52,1117
52,204
52,1118
52,291
52,133
52,54
52,54
52,55
52,1119
52,1120
52,84
52,387
52,1121
52,1122
52,1123
52,1124
52,864
52,405
52,1125
52,477
53,713
53,1014
53,324
53,62
53,1017
53,541
53,160
53,1018
53,1018
53,1018
53,63
53,65
53,632
53,10
53,599
53,188
53,270
53,270
53,552
53,166
53,544
53,424
53,690
53,690
53,690
53,1126
53,1127
53,790
53,1128
53,1107
53,895
53,1129
53,369
53,211
53,308
53,1130
53,1130
53,548
53,549
53,538
53,515
53,1131
53,230
54,1132
54,1013
54,838
54,158
54,1014
54,1015
54,159
54,159
54,324
54,325
54,100
54,100
54,101
54,145
54,145
54,62
54,1017
54,541
54,1018
54,597
54,110
54,333
54,87
54,632
54,162
54,566
54,335
54,501
54,263
54,270
54,1019
54,552
54,1133
54,1020
54,1020
54,1134
54,166
54,190
54,544
54,274
54,276
54,277
54,690
54,577
54,169
54,1022
54,1023
54,1071
54,426
54,195
54,35
54,35
54,149
54,666
54,1135
54,508
54,199
54,357
54,131
54,1025
54,509
54,362
54,363
54,363
54,364
54,365
54,291
54,1029
54,376
54,211
54,212
54,813
54,724
54,308
54,548
54,1033
54,1136
54,549
54,385
54,310
54,770
54,1137
54,608
54,154
54,138
54,138
54,609
54,1036
54,404
54,517
54,409
54,1038
54,612
54,876
54,156
54,1138
55,1139
55,158
55,3
55,159
55,324
55,325
55,100
55,145
55,145
55,1140
55,327
55,1141
55,332
55,65
55,333
55,162
55,162
55,10
55,184
55,258
55,262
55,1142
55,268
55,906
55,1143
55,271
55,1021
55,1144
55,1145
55,121
55,1146
55,35
55,35
55,757
55,171
55,131
55,53
55,1147
55,297
55,1148
55,300
55,378
55,306
55,1149
55,1150
55,1151
55,218
55,385
55,154
55,316
55,316
55,141
55,408
55,517
55,517
56,1152
56,1153
56,1154
56,99
56,159
56,145
56,858
56,1155
56,147
56,1156
56,542
56,87
56,87
56,1157
56,263
56,552
56,1158
56,70
56,165
56,72
56,1159
56,1160
56,1161
56,1162
56,690
56,238
56,426
56,88
56,1163
56,1164
56,82
56,132
56,370
56,1165
56,211
56,1166
56,1167
56,59
56,406
57,3
57,100
57,100
57,415
57,415
57,145
57,145
57,61
57,61
57,936
57,7
57,63
57,65
57,1168
57,1169
57,264
57,13
57,13
57,14
57,1019
57,67
57,148
57,148
57,20
57,1170
57,238
57,758
57,1171
57,131
57,131
57,1172
57,1173
57,82
57,1174
57,1174
57,1175
57,213
57,213
57,1060
57,1176
57,154
57,154
57,405
57,708
58,157
58,145
58,1017
58,65
58,163
58,148
58,343
58,166
58,121
58,168
58,1177
58,82
58,293
58,208
58,812
58,211
58,213
58,218
58,384
58,549
58,1178
59,146
59,65
59,687
59,121
59,1179
59,1180
59,406
59,519
60,234
60,889
60,890
60,890
60,628
60,628
60,65
60,459
60,891
60,892
60,238
60,29
60,88
60,1181
60,893
60,894
60,665
60,587
60,286
60,895
60,896
60,897
60,898
60,899
61,319
61,158
61,713
61,144
61,100
61,1182
61,1183
61,709
61,87
61,1184
61,148
61,190
61,1185
61,191
61,1108
61,869
61,362
61,363
61,203
61,365
61,1186
61,1187
61,208
61,930
61,1188
61,220
61,738
61,514
61,703
61,154
61,1189
61,1190
61,224
61,851
61,156
62,232
62,159
62,1191
62,1192
62,497
62,834
62,187
62,165
62,1193
62,1194
62,428
62,150
62,1116
62,365
62,204
62,295
62,434
62,846
62,136
62,1195
63,172
63,173
63,159
63,145
63,174
63,597
63,177
63,63
63,65
63,183
63,186
63,165
63,166
63,193
63,1196
63,131
63,131
63,205
63,211
63,211
63,212
63,436
63,215
63,219
63,226
64,1197
64,867
64,867
64,239
64,1198
64,172
64,172
64,172
64,713
64,159
64,159
64,159
64,324
64,324
64,324
64,100
64,100
64,326
64,145
64,145
64,145
64,145
64,877
64,1199
64,1200
64,1200
64,1191
64,1201
64,1192
64,1141
64,497
64,709
64,110
64,1202
64,1202
64,332
64,332
64,1203
64,161
64,161
64,87
64,1204
64,256
64,834
64,834
64,334
64,334
64,334
64,184
64,184
64,184
64,184
64,962
64,260
64,1205
64,263
64,265
64,13
64,1206
64,268
64,268
64,340
64,341
64,270
64,68
64,1133
64,1133
64,1144
64,1207
64,166
64,121
64,1193
64,1193
64,276
64,276
64,277
64,1208
64,752
64,752
64,753
64,233
64,881
64,353
64,353
64,195
64,195
64,195
64,1209
64,1210
64,1211
64,1212
64,692
64,1213
64,356
64,356
64,356
64,198
64,198
64,791
64,1214
64,759
64,759
64,759
64,428
64,428
64,131
64,131
64,201
64,693
64,1215
64,287
64,363
64,363
64,553
64,203
64,203
64,203
64,364
64,487
64,1216
64,1216
64,365
64,291
64,291
64,1217
64,920
64,295
64,1218
64,1219
64,1220
64,1220
64,1221
64,1222
64,728
64,1223
64,1224
64,1224
64,1225
64,532
64,532
64,532
64,533
64,304
64,210
64,378
64,378
64,378
64,764
64,1226
64,1227
64,211
64,211
64,211
64,381
64,212
64,213
64,213
64,213
64,213
64,607
64,765
64,766
64,1228
64,1228
64,215
64,215
64,1229
64,1230
64,1231
64,769
64,536
64,218
64,218
64,218
64,384
64,384
64,384
64,384
64,734
64,1033
64,1033
64,1033
64,220
64,220
64,220
64,220
64,1232
64,1044
64,1044
64,389
64,221
64,221
64,221
64,310
64,1035
64,154
64,154
64,315
64,138
64,138
64,138
64,398
64,398
64,316
64,316
64,1233
64,515
64,772
64,140
64,401
64,401
64,1234
64,223
64,223
64,1235
64,555
64,402
64,155
64,155
64,155
64,141
64,141
64,141
64,620
64,407
64,409
64,1236
64,521
64,612
64,1237
65,99
65,324
65,160
65,8
65,65
65,1238
65,1239
65,718
65,643
65,70
65,1133
65,72
65,166
65,509
65,1240
65,590
65,153
65,44
65,155
65,405
66,1241
66,91
66,91
66,91
66,91
66,1139
66,234
66,234
66,1242
66,1242
66,1242
66,158
66,158
66,173
66,1014
66,3
66,3
66,159
66,159
66,324
66,324
66,325
66,325
66,325
66,325
66,100
66,100
66,145
66,145
66,145
66,1140
66,1140
66,1243
66,327
66,327
66,1244
66,235
66,235
66,235
66,236
66,236
66,1245
66,1246
66,1247
66,1248
66,1249
66,1250
66,709
66,63
66,110
66,332
66,65
66,65
66,65
66,111
66,111
66,333
66,333
66,255
66,162
66,162
66,10
66,10
66,10
66,1251
66,1251
66,184
66,184
66,184
66,262
66,262
66,1252
66,780
66,1253
66,1253
66,237
66,237
66,1254
66,1255
66,1256
66,1256
66,1143
66,1143
66,1143
66,1257
66,1021
66,1144
66,1144
66,166
66,1145
66,121
66,880
66,1146
66,1258
66,277
66,168
66,233
66,1259
66,1259
66,1260
66,427
66,35
66,35
66,35
66,149
66,1261
66,757
66,757
66,666
66,171
66,171
66,171
66,171
66,53
66,53
66,365
66,1147
66,1147
66,1148
66,1148
66,801
66,1262
66,1263
66,616
66,304
66,378
66,378
66,306
66,306
66,306
66,470
66,211
66,1264
66,1149
66,1265
66,887
66,307
66,1150
66,1150
66,1266
66,1267
66,1268
66,473
66,1269
66,1269
66,1151
66,218
66,137
66,137
66,219
66,220
66,385
66,1270
66,1271
66,984
66,154
66,154
66,154
66,1272
66,316
66,316
66,317
66,1273
66,1274
66,864
66,141
66,141
66,1275
66,406
66,1276
66,517
66,517
66,517
66,517
66,230
66,1277
66,1277
66,1278
66,1279
66,851
66,851
66,1280
66,1281
66,1282
67,159
67,324
67,325
67,100
67,145
67,1283
67,1017
67,1284
67,1018
67,1285
67,497
67,110
67,161
67,87
67,10
67,334
67,184
67,599
67,339
67,263
67,1184
67,148
67,1286
67,543
67,1021
67,504
67,525
67,1287
67,1288
67,166
67,121
67,273
67,1289
67,1290
67,1291
67,193
67,277
67,1292
67,170
67,426
67,727
67,195
67,356
67,1293
67,1294
67,363
67,920
67,1295
67,1223
67,378
67,730
67,153
67,1228
67,308
67,1296
67,220
67,385
67,386
67,537
67,739
67,388
67,310
67,1297
67,1298
67,59
67,538
67,398
67,316
67,155
67,1299
67,1009
67,454
67,156
68,1300
68,65
68,87
68,1301
68,1302
68,166
68,166
68,1303
68,1304
68,1305
68,835
68,1306
68,372
68,1307
68,1308
68,1309
68,1310
68,593
69,1311
69,1013
69,838
69,158
69,1014
69,1015
69,159
69,324
69,325
69,100
69,101
69,101
69,145
69,62
69,1017
69,541
69,327
69,1018
69,597
69,161
69,65
69,333
69,632
69,566
69,263
69,1019
69,552
69,543
69,1020
69,879
69,166
69,190
69,544
69,276
69,277
69,167
69,690
69,577
69,280
69,169
69,1022
69,1023
69,35
69,149
69,199
69,131
69,1025
69,1312
69,363
69,364
69,291
69,1029
69,211
69,1265
69,929
69,724
69,308
69,548
69,1033
69,1033
69,739
69,770
69,138
69,138
69,609
69,1036
69,517
69,517
69,409
69,1038
69,876
70,1313
70,853
70,853
70,1045
70,1076
70,1314
70,559
70,98
70,98
70,158
70,248
70,248
70,562
70,144
70,144
70,3
70,3
70,99
70,324
70,324
70,325
70,100
70,100
70,100
70,101
70,101
70,415
70,415
70,62
70,62
70,1315
70,936
70,160
70,105
70,1192
70,1046
70,147
70,331
70,7
70,63
70,110
70,110
70,1202
70,65
70,65
70,87
70,714
70,714
70,10
70,10
70,10
70,10
70,10
70,551
70,566
70,566
70,113
70,938
70,1047
70,1048
70,1316
70,1091
70,963
70,1049
70,50
70,1050
70,1051
70,1052
70,1317
70,1318
70,15
70,68
70,69
70,116
70,116
70,569
70,1319
70,70
70,1053
70,20
70,118
70,1094
70,462
70,525
70,1320
70,124
70,125
70,1321
70,1322
70,27
70,1054
70,238
70,127
70,128
70,129
70,528
70,1323
70,35
70,149
70,1324
70,509
70,796
70,1116
70,292
70,1325
70,1325
70,82
70,293
70,1326
70,1055
70,133
70,1056
70,1057
70,1327
70,1327
70,54
70,54
70,55
70,1328
70,1058
70,1329
70,378
70,1330
70,1059
70,1331
70,42
70,42
70,42
70,42
70,812
70,812
70,211
70,929
70,724
70,724
70,724
70,436
70,436
70,1060
70,135
70,1332
70,44
70,1333
70,1061
70,136
70,1062
70,384
70,84
70,1063
70,1064
70,387
70,1034
70,1065
70,1334
70,313
70,396
70,154
70,154
70,154
70,154
70,957
70,1067
70,555
70,555
70,155
70,405
70,405
70,1335
70,620
70,1068
70,517
70,517
70,517
70,1336
70,1337
70,612
71,1338
71,242
71,92
71,100
71,103
71,1339
71,1340
71,777
71,1141
71,179
71,709
71,709
71,110
71,110
71,87
71,256
71,1341
71,184
71,184
71,112
71,1342
71,258
71,1343
71,1344
71,50
71,340
71,51
71,1345
71,52
71,1320
71,126
71,1054
71,1179
71,445
71,757
71,1346
71,667
71,1347
71,1214
71,1348
71,357
71,1349
71,53
71,842
71,1350
71,1351
71,54
71,1221
71,55
71,56
71,57
71,213
71,437
71,136
71,385
71,1352
71,58
71,59
71,394
71,1353
71,1353
71,1354
71,1355
71,1356
71,1357
71,406
71,406
71,1276
71,1236
71,1358
71,851
71,851
71,1359
72,1360
72,100
72,103
72,63
72,442
72,65
72,112
72,443
72,687
72,444
72,35
72,149
72,445
72,37
72,446
72,228
72,132
72,1361
72,1362
72,447
72,448
72,56
72,229
72,135
72,59
72,394
72,316
72,404
72,406
72,142
72,230
72,225
72,453
72,454
73,831
73,319
73,1363
73,623
73,624
73,145
73,102
73,327
73,327
73,1364
73,1365
73,1365
73,1366
73,110
73,1367
73,87
73,87
73,968
73,499
73,184
73,1368
73,268
73,781
73,1369
73,121
73,121
73,855
73,881
73,1370
73,195
73,356
73,1371
73,131
73,796
73,287
73,365
73,1372
73,1373
73,920
73,920
73,1374
73,1374
73,1375
73,729
73,381
73,212
73,765
73,813
73,930
73,1376
73,1376
73,1150
73,1266
73,1377
73,218
73,384
73,384
73,1378
73,1378
73,220
73,385
73,385
73,386
73,537
73,310
73,310
73,390
73,770
73,770
73,396
73,154
73,138
73,138
73,316
73,1379
73,404
73,404
73,141
73,1299
73,517
73,1380
73,226
73,1236
73,521
73,521
73,1381
73,411
73,851
74,87
74,448
74,1382
75,319
75,1383
75,159
75,145
75,1384
75,1385
75,1386
75,1387
75,65
75,1388
75,750
75,264
75,1184
75,268
75,1389
75,1390
75,121
75,277
75,1391
75,195
75,1392
75,1393
75,917
75,796
75,363
75,1394
75,1395
75,1295
75,1006
75,1396
75,153
75,306
75,213
75,1397
75,385
75,386
75,770
75,393
75,1398
76,1197
76,832
76,239
76,239
76,158
76,144
76,144
76,324
76,325
76,325
76,415
76,145
76,145
76,960
76,960
76,110
76,110
76,253
76,87
76,746
76,746
76,1399
76,1399
76,335
76,335
76,1400
76,749
76,501
76,268
76,340
76,166
76,1401
76,233
76,233
76,280
76,1402
76,1126
76,755
76,508
76,131
76,1403
76,693
76,760
76,363
76,203
76,364
76,364
76,1216
76,488
76,365
76,291
76,920
76,1404
76,375
76,377
76,846
76,846
76,381
76,381
76,213
76,813
76,930
76,1229
76,1405
76,136
76,218
76,218
76,382
76,382
76,818
76,734
76,385
76,385
76,537
76,537
76,710
76,710
76,514
76,514
76,310
76,311
76,703
76,313
76,313
76,396
76,396
76,154
76,140
76,140
76,402
76,402
76,85
76,155
76,404
76,517
76,226
76,226
76,410
76,1236
76,521
76,612
76,156
77,318
77,319
77,1406
77,1407
77,1408
77,322
77,322
77,323
77,1013
77,1040
77,713
77,144
77,159
77,159
77,324
77,100
77,326
77,326
77,145
77,145
77,1409
77,596
77,744
77,744
77,709
77,7
77,960
77,110
77,110
77,967
77,967
77,161
77,87
77,10
77,613
77,613
77,499
77,499
77,335
77,1410
77,260
77,1316
77,336
77,1368
77,1368
77,1142
77,970
77,263
77,263
77,264
77,1184
77,861
77,13
77,266
77,50
77,340
77,1411
77,148
77,552
77,117
77,117
77,165
77,165
77,119
77,990
77,1412
77,166
77,121
77,273
77,192
77,721
77,1413
77,1414
77,1415
77,276
77,276
77,277
77,126
77,752
77,690
77,351
77,1416
77,881
77,426
77,88
77,195
77,354
77,1179
77,757
77,1417
77,1418
77,1418
77,1211
77,1211
77,692
77,1419
77,1196
77,197
77,198
77,791
77,1420
77,508
77,1421
77,759
77,131
77,131
77,1108
77,53
77,841
77,693
77,796
77,286
77,287
77,287
77,362
77,1422
77,1422
77,363
77,203
77,364
77,365
77,365
77,204
77,204
77,292
77,920
77,368
77,300
77,1423
77,1220
77,531
77,1223
77,373
77,1424
77,375
77,1425
77,376
77,1426
77,378
77,1427
77,1073
77,211
77,381
77,212
77,212
77,765
77,813
77,887
77,930
77,308
77,1031
77,214
77,135
77,1188
77,952
77,536
77,218
77,218
77,384
77,548
77,1044
77,1044
77,385
77,873
77,1428
77,1429
77,311
77,770
77,740
77,1430
77,1035
77,396
77,608
77,608
77,154
77,154
77,138
77,316
77,771
77,772
77,1431
77,440
77,222
77,1432
77,1433
77,850
77,404
77,224
77,224
77,517
77,230
77,226
77,519
77,521
77,612
77,612
78,144
78,159
78,104
78,1434
78,65
78,65
78,1435
78,184
78,1436
78,971
78,188
78,1437
78,718
78,15
78,1438
78,1439
78,1440
78,1441
78,121
78,280
78,1442
78,1443
78,1444
78,1445
78,666
78,792
78,587
78,671
78,1350
78,994
78,1446
78,1447
78,1448
78,1375
78,134
78,41
78,1265
78,1449
78,1450
78,436
78,214
78,135
78,1451
78,1452
78,386
78,310
78,1453
78,89
78,154
78,934
78,852
79,419
79,65
79,718
79,55
79,1454
79,812
80,65
80,121
80,233
80,211
80,436
80,219
81,1455
81,1406
81,1076
81,1314
81,560
81,560
81,560
81,561
81,1456
81,1456
81,713
81,713
81,248
81,248
81,1015
81,1015
81,1457
81,3
81,3
81,3
81,249
81,232
81,159
81,325
81,325
81,415
81,415
81,415
81,415
81,415
81,61
81,61
81,62
81,1458
81,1459
81,1459
81,1460
81,1460
81,1081
81,854
81,988
81,1082
81,1086
81,7
81,839
81,63
81,63
81,63
81,565
81,565
81,565
81,8
81,1461
81,1462
81,65
81,65
81,333
81,333
81,632
81,632
81,632
81,1087
81,1087
81,1087
81,1168
81,1463
81,1464
81,1464
81,1465
81,13
81,13
81,482
81,1466
81,188
81,188
81,1092
81,1092
81,1092
81,1092
81,15
81,1019
81,1019
81,1019
81,69
81,148
81,16
81,70
81,70
81,20
81,20
81,20
81,20
81,20
81,1467
81,343
81,343
81,343
81,571
81,1468
81,1468
81,1469
81,1320
81,75
81,1470
81,1292
81,1471
81,27
81,1472
81,1473
81,1474
81,577
81,577
81,1475
81,1098
81,1476
81,1023
81,1477
81,1478
81,88
81,35
81,35
81,1101
81,665
81,1479
81,1479
81,1479
81,1479
81,1480
81,1294
81,1481
81,1481
81,1481
81,1116
81,289
81,290
81,203
81,203
81,1117
81,1117
81,1117
81,1117
81,1482
81,132
81,1483
81,1351
81,55
81,57
81,491
81,491
81,491
81,83
81,83
81,1176
81,1484
81,154
81,1353
81,1485
81,85
81,405
81,405
81,1125
81,1125
81,1486
82,145
82,1487
82,709
82,1488
82,1489
82,1489
82,87
82,87
82,1490
82,635
82,970
82,1491
82,1302
82,1302
82,268
82,1492
82,1492
82,1492
82,121
82,1493
82,1494
82,1495
82,1496
82,1497
82,663
82,796
82,364
82,1374
82,1498
82,1499
82,1500
82,845
82,1501
82,304
82,1502
82,42
82,1074
82,1503
82,1504
82,1505
82,1506
82,930
82,931
82,1507
82,220
82,385
82,396
82,316
82,1508
82,1509
82,1510
83,158
83,159
83,324
83,100
83,145
83,65
83,183
83,715
83,1511
83,264
83,459
83,638
83,266
83,504
83,1512
83,1513
83,1514
83,1444
83,131
83,994
83,1515
83,387
83,771
84,65
84,406
85,159
85,100
85,145
85,1516
85,103
85,626
85,110
85,65
85,87
85,635
85,1517
85,1513
85,131
85,1350
85,296
85,1148
85,1518
85,370
85,1519
85,1505
85,814
85,308
86,558
86,1520
86,742
86,98
86,1521
86,1522
86,101
86,415
86,415
86,62
86,62
86,478
86,479
86,479
86,8
86,87
86,1087
86,480
86,481
86,1049
86,458
86,13
86,13
86,482
86,483
86,484
86,16
86,1319
86,1523
86,1523
86,485
86,20
86,20
86,1524
86,1525
86,486
86,990
86,1526
86,1527
86,975
86,1528
86,1529
86,1471
86,1322
86,576
86,1475
86,1530
86,1531
86,1532
86,1479
86,1481
86,287
86,1115
86,1115
86,362
86,289
86,289
86,290
86,290
86,487
86,487
86,488
86,291
86,55
86,55
86,489
86,490
86,491
86,492
86,46
86,493
86,1533
86,517
86,494
87,65
87,1534
87,1535
87,59
88,172
88,158
88,232
88,100
88,145
88,1536
88,178
88,65
88,10
88,10
88,543
88,543
88,345
88,121
88,233
88,1537
88,1537
88,365
88,365
88,293
88,305
88,305
88,812
88,211
88,1297
88,1538
88,678
89,1539
89,900
89,1540
89,1541
89,1542
89,1543
89,1544
89,1545
89,1546
89,1436
89,635
89,1547
89,880
89,1548
89,1549
89,1550
89,1551
89,1552
89,1553
89,1554
89,1555
89,1556
89,1557
89,1558
89,1559
89,1560
89,1361
89,1561
89,1562
89,672
89,1007
89,1007
89,677
89,848
89,1563
89,864
89,1564
89,1009
89,1565
89,1358
89,1566
89,1567
89,1568
89,1569
89,852
89,1570
89,1138
90,1571
90,172
90,713
90,159
90,1572
90,324
90,100
90,833
90,1573
90,103
90,1243
90,327
90,235
90,1340
90,177
90,178
90,331
90,179
90,110
90,332
90,1574
90,1575
90,111
90,1576
90,1577
90,184
90,1578
90,1579
90,1580
90,1581
90,187
90,501
90,339
90,263
90,343
90,165
90,1582
90,119
90,526
90,123
90,1583
90,276
90,752
90,78
90,881
90,195
90,35
90,1418
90,1584
90,1585
90,1586
90,508
90,1587
90,357
90,131
90,53
90,1588
90,360
90,796
90,287
90,364
90,204
90,762
90,1350
90,920
90,1519
90,803
90,1589
90,1590
90,1591
90,377
90,1592
90,305
90,211
90,381
90,213
90,765
90,1593
90,1309
90,308
90,214
90,137
90,384
90,220
90,933
90,1594
90,310
90,438
90,770
90,826
90,59
90,394
90,313
90,396
90,154
90,1272
90,316
90,140
90,1595
90,401
90,1354
90,1355
90,406
90,407
90,517
90,225
90,411
90,1282
90,156
91,867
91,1596
91,107
91,709
91,10
91,1597
91,968
91,1598
91,336
91,1599
91,1600
91,1601
91,1602
91,1603
91,1604
91,1605
91,653
91,1606
91,1607
91,1608
91,1609
91,976
91,1610
91,1611
91,134
91,1006
91,1591
91,208
91,1612
91,1166
91,1613
91,1614
91,737
91,385
91,386
91,739
91,822
91,1615
91,1616
91,222
91,1617
92,1618
92,1619
92,329
92,1575
92,65
92,1620
92,1620
92,87
92,1621
92,1622
92,457
92,457
92,1623
92,1624
92,1624
92,750
92,600
92,638
92,1625
92,1626
92,1318
92,1627
92,1159
92,1159
92,1628
92,880
92,721
92,1629
92,1630
92,1631
92,1632
92,1633
92,1634
92,1635
92,381
92,1636
92,1637
92,1637
92,1397
92,1638
92,1639
92,863
92,473
92,1640
92,1640
92,1641
92,711
92,1642
92,864
92,864
92,1643
92,1644
92,1645
92,1646
92,866
92,1647
93,100
93,145
93,1183
93,177
93,65
93,256
93,1341
93,1648
93,1649
93,502
93,121
93,131
93,793
93,1650
93,1651
93,1652
93,211
93,1231
93,1653
93,736
93,770
93,59
93,1654
93,1282
94,1077
94,522
94,172
94,172
94,159
94,324
94,145
94,62
94,62
94,1243
94,1384
94,542
94,1461
94,161
94,1655
94,87
94,183
94,183
94,162
94,599
94,748
94,13
94,13
94,270
94,148
94,1656
94,166
94,273
94,273
94,277
94,424
94,168
94,88
94,758
94,131
94,1025
94,1025
94,509
94,362
94,82
94,1129
94,1657
94,375
94,305
94,211
94,218
94,549
94,549
94,385
94,221
94,310
94,1658
94,1659
94,396
94,154
94,154
94,538
94,538
95,557
95,1076
95,3
95,159
95,325
95,100
95,100
95,415
95,415
95,61
95,61
95,62
95,936
95,1192
95,1660
95,7
95,63
95,253
95,8
95,1462
95,65
95,1661
95,1662
95,1662
95,1168
95,687
95,1464
95,1663
95,188
95,67
95,68
95,68
95,148
95,148
95,1319
95,70
95,70
95,1523
95,20
95,20
95,1664
95,74
95,1665
95,1666
95,27
95,77
95,77
95,1667
95,238
95,1668
95,1669
95,35
95,35
95,1670
95,1172
95,487
95,1117
95,1118
95,291
95,468
95,1671
95,592
95,1122
95,405
95,405
95,230
95,143
95,876
96,1197
96,900
96,1085
96,1672
96,1673
96,87
96,1674
96,1675
96,1676
96,1677
96,1304
96,1678
96,855
96,835
96,1679
96,1680
96,1681
96,1682
96,1683
96,1684
96,1684
96,1685
96,1686
96,1382
96,1687
96,1688
96,1689
96,400
96,1690
96,1691
97,327
97,1692
97,65
97,1580
97,148
97,165
97,504
97,280
97,856
97,1693
97,1694
97,375
97,208
97,846
97,1073
97,490
97,213
97,724
97,1150
97,436
97,214
97,1229
97,218
97,382
97,1430
97,140
97,223
97,404
97,1695
97,539
97,621
97,1178
97,1696
97,1697
97,851
98,1698
98,1698
98,158
98,713
98,173
98,100
98,100
98,145
98,145
98,62
98,900
98,102
98,103
98,107
98,107
98,331
98,709
98,110
98,110
98,332
98,87
98,10
98,1699
98,1021
98,345
98,1193
98,1700
98,759
98,914
98,914
98,53
98,201
98,1701
98,511
98,1702
98,1590
98,928
98,208
98,304
98,304
98,846
98,1703
98,1074
98,1704
98,930
98,1229
98,701
98,137
98,384
98,734
98,1705
98,220
98,385
98,385
98,537
98,537
98,703
98,313
98,138
98,138
98,774
98,155
98,405
98,224
98,1706
98,518
98,1707
98,1708
98,521
99,1709
99,239
99,240
99,1710
99,1711
99,248
99,248
99,3
99,324
99,100
99,100
99,145
99,145
99,62
99,62
99,160
99,106
99,1083
99,1083
99,839
99,63
99,63
99,565
99,565
99,161
99,65
99,333
99,333
99,87
99,10
99,10
99,1087
99,1087
99,687
99,599
99,1092
99,1092
99,552
99,552
99,20
99,20
99,1712
99,166
99,1713
99,1713
99,126
99,25
99,1473
99,690
99,690
99,1714
99,238
99,29
99,1551
99,1023
99,528
99,88
99,507
99,149
99,283
99,286
99,132
99,1326
99,1326
99,1715
99,1716
99,1351
99,1717
99,54
99,1718
99,1719
99,1719
99,1720
99,1721
99,304
99,1454
99,606
99,211
99,1060
99,952
99,47
99,1176
99,1176
99,1563
99,59
99,1353
99,1067
99,1722
99,1723
99,1723
99,610
99,1299
100,319
100,172
100,158
100,173
100,173
100,144
100,159
100,159
100,324
100,324
100,324
100,100
100,100
100,145
100,145
100,145
100,1724
100,175
100,175
100,1725
100,1726
100,1727
100,1727
100,1141
100,179
100,110
100,110
100,110
100,110
100,1728
100,542
100,253
100,111
100,111
100,87
100,87
100,183
100,10
100,256
100,1341
100,184
100,1580
100,1729
100,337
100,337
100,1730
100,600
100,263
100,1731
100,13
100,781
100,781
100,1732
100,1733
100,1734
100,1144
100,345
100,166
100,1193
100,192
100,192
100,721
100,1735
100,277
100,277
100,277
100,277
100,1162
100,1736
100,1737
100,170
100,195
100,529
100,1738
100,1739
100,1586
100,1586
100,791
100,131
100,201
100,841
100,1740
100,363
100,1741
100,1742
100,1742
100,1218
100,370
100,370
100,370
100,1743
100,1743
100,927
100,376
100,376
100,208
100,435
100,435
100,1744
100,1744
100,812
100,153
100,153
100,211
100,211
100,211
100,211
100,212
100,1704
100,929
100,929
100,308
100,512
100,215
100,1231
100,136
100,136
100,136
100,536
100,536
100,218
100,218
100,218
100,219
100,384
100,1296
100,1296
100,220
100,220
100,220
100,220
100,385
100,386
100,1594
100,1594
100,387
100,310
100,310
100,770
100,770
100,770
100,1745
100,396
100,138
100,741
100,741
100,741
100,1235
100,1235
100,402
100,402
100,155
100,155
100,404
100,141
100,141
100,1746
100,227
100,227
100,1747
101,713
101,159
101,1748
101,1749
101,1750
101,147
101,65
101,10
101,334
101,1184
101,188
101,718
101,1751
101,345
101,1752
101,277
101,277
101,580
101,1720
101,1753
101,616
101,846
101,42
101,213
101,213
101,814
101,1230
101,888
101,384
101,220
101,1064
101,1453
101,1334
101,316
101,1235
101,850
102,1754
102,159
102,100
102,625
102,1755
102,1756
102,107
102,110
102,110
102,1757
102,1758
102,1758
102,967
102,65
102,1759
102,1760
102,1761
102,1761
102,1762
102,749
102,264
102,638
102,266
102,460
102,1763
102,1763
102,943
102,943
102,751
102,1764
102,1765
102,1513
102,1766
102,1767
102,1768
102,1769
102,1769
102,1770
102,369
102,369
102,1771
102,1772
102,308
102,308
102,1773
102,1774
102,1774
102,1640
102,1065
102,475
102,477
103,557
103,560
103,248
103,99
103,99
103,325
103,325
103,101
103,563
103,415
103,565
103,8
103,65
103,714
103,567
103,567
103,13
103,70
103,19
103,342
103,20
103,571
103,77
103,1775
103,238
103,578
103,580
103,88
103,581
103,585
103,35
103,171
103,171
103,587
103,589
103,54
103,592
103,83
103,154
103,90
103,1125
104,239
104,1776
104,1776
104,158
104,1777
104,144
104,144
104,159
104,159
104,324
104,324
104,100
104,100
104,145
104,145
104,62
104,1778
104,1779
104,1780
104,1781
104,1782
104,1783
104,1783
104,1783
104,1784
104,1784
104,1726
104,1726
104,1726
104,1726
104,497
104,497
104,709
104,709
104,709
104,709
104,684
104,110
104,110
104,1202
104,1202
104,1785
104,332
104,1786
104,1367
104,1367
104,1787
104,1787
104,1655
104,65
104,65
104,255
104,255
104,255
104,183
104,183
104,162
104,10
104,10
104,163
104,745
104,745
104,334
104,1788
104,1788
104,1788
104,260
104,260
104,1205
104,1205
104,963
104,1789
104,268
104,340
104,1625
104,1625
104,16
104,1790
104,1020
104,1021
104,1021
104,601
104,121
104,1791
104,1791
104,1792
104,1793
104,1794
104,1795
104,1795
104,277
104,1054
104,1796
104,1797
104,1798
104,1799
104,1799
104,1586
104,1586
104,791
104,1800
104,1421
104,1421
104,1421
104,1421
104,131
104,131
104,131
104,796
104,796
104,363
104,363
104,363
104,1117
104,1055
104,1055
104,1055
104,1801
104,1741
104,1802
104,1240
104,1240
104,920
104,920
104,1803
104,1803
104,1803
104,1803
104,1804
104,1804
104,1804
104,1693
104,1224
104,1224
104,532
104,532
104,532
104,375
104,375
104,1501
104,1501
104,379
104,764
104,764
104,1805
104,1805
104,42
104,606
104,606
104,606
104,211
104,211
104,1703
104,1703
104,1703
104,213
104,213
104,213
104,213
104,930
104,930
104,308
104,308
104,308
104,308
104,214
104,214
104,214
104,214
104,1806
104,1807
104,1807
104,1808
104,1808
104,218
104,218
104,218
104,218
104,384
104,384
104,384
104,384
104,1044
104,1044
104,1044
104,385
104,385
104,385
104,1297
104,1809
104,1810
104,1810
104,154
104,154
104,138
104,138
104,138
104,138
104,316
104,316
104,772
104,772
104,1431
104,1431
104,1811
104,222
104,222
104,222
104,155
104,404
104,1643
104,1195
104,520
104,1812
104,1812
104,156
105,318
105,319
105,1813
105,1571
105,1814
105,1814
105,323
105,158
105,248
105,248
105,173
105,159
105,159
105,159
105,324
105,100
105,100
105,101
105,101
105,563
105,145
105,145
105,62
105,1573
105,1300
105,1815
105,1816
105,564
105,177
105,177
105,1249
105,1817
105,179
105,63
105,63
105,1366
105,1366
105,110
105,332
105,1818
105,161
105,65
105,111
105,333
105,333
105,255
105,968
105,1819
105,1820
105,746
105,257
105,334
105,184
105,184
105,335
105,335
105,113
105,567
105,337
105,337
105,337
105,1821
105,1730
105,1730
105,600
105,600
105,600
105,1822
105,263
105,263
105,263
105,13
105,268
105,482
105,781
105,781
105,1437
105,148
105,552
105,343
105,165
105,165
105,1823
105,1824
105,1825
105,1826
105,1826
105,121
105,1146
105,1827
105,1828
105,1829
105,527
105,527
105,881
105,1830
105,1831
105,195
105,1832
105,35
105,35
105,1179
105,1179
105,692
105,692
105,1833
105,357
105,1834
105,918
105,918
105,762
105,762
105,920
105,920
105,1835
105,1836
105,1375
105,1837
105,1838
105,151
105,1839
105,375
105,375
105,376
105,376
105,376
105,616
105,304
105,435
105,212
105,213
105,213
105,213
105,607
105,929
105,929
105,765
105,1840
105,1376
105,1507
105,1188
105,1841
105,1841
105,1842
105,536
105,218
105,137
105,382
105,383
105,384
105,384
105,734
105,819
105,1843
105,1844
105,220
105,220
105,1845
105,1044
105,385
105,385
105,385
105,386
105,386
105,514
105,312
105,1297
105,390
105,770
105,770
105,823
105,1430
105,826
105,396
105,154
105,316
105,316
105,316
105,515
105,1846
105,140
105,140
105,401
105,404
105,405
105,1847
105,1848
105,1037
105,1037
105,1849
105,226
105,851
105,611
105,1812
106,100
106,1850
106,103
106,63
106,442
106,65
106,112
106,443
106,687
106,1851
106,749
106,444
106,1159
106,426
106,35
106,149
106,445
106,37
106,446
106,132
106,447
106,448
106,1852
106,56
106,229
106,1853
106,980
106,135
106,1151
106,59
106,394
106,316
106,1854
106,404
106,406
106,452
106,142
106,230
106,225
106,453
106,454
107,65
107,1855
108,87
108,10
108,834
108,1856
108,1857
108,88
108,131
108,1858
108,82
108,132
108,1686
108,1224
108,729
108,1859
108,736
108,225
109,1860
109,99
109,232
109,65
109,1437
109,1439
109,1861
109,78
109,149
109,82
109,304
109,1862
109,1863
109,135
109,136
109,739
109,1429
110,1864
110,832
110,1865
110,232
110,324
110,145
110,1573
110,1866
110,1867
110,1868
110,1183
110,1364
110,1869
110,109
110,1750
110,147
110,331
110,331
110,253
110,333
110,87
110,9
110,10
110,10
110,184
110,1870
110,1871
110,1871
110,501
110,268
110,341
110,14
110,1872
110,1873
110,1874
110,1875
110,121
110,1876
110,1877
110,1878
110,1879
110,1880
110,1880
110,1880
110,1391
110,195
110,1881
110,1882
110,1210
110,1883
110,1884
110,199
110,357
110,131
110,1885
110,363
110,1129
110,205
110,1886
110,468
110,299
110,134
110,1887
110,55
110,1888
110,1889
110,1890
110,728
110,1891
110,1635
110,1892
110,211
110,765
110,308
110,214
110,701
110,1893
110,220
110,385
110,710
110,1640
110,311
110,1894
110,398
110,1235
110,403
110,141
110,411
111,1895
111,1896
111,838
111,1041
111,1015
111,159
111,159
111,325
111,325
111,415
111,62
111,1897
111,1897
111,1017
111,1898
111,1899
111,329
111,1900
111,63
111,253
111,65
111,65
111,333
111,333
111,1901
111,1902
111,112
111,1903
111,1904
111,444
111,717
111,1905
111,1905
111,1906
111,1907
111,1908
111,1020
111,1909
111,1910
111,880
111,1911
111,1912
111,1912
111,1913
111,1914
111,1915
111,580
111,580
111,426
111,1916
111,1106
111,1113
111,290
111,290
111,132
111,1917
111,54
111,1918
111,308
111,1919
111,1920
111,473
111,473
111,1921
111,406
111,406
111,452
111,230
111,143
111,143
112,234
112,889
112,235
112,890
112,890
112,628
112,628
112,459
112,891
112,892
112,29
112,893
112,894
112,665
112,587
112,286
112,895
112,671
112,134
112,896
112,897
112,899
113,1922
113,1923
113,713
113,3
113,1924
113,232
113,325
113,100
113,563
113,563
113,415
113,62
113,62
113,1925
113,936
113,106
113,146
113,63
113,565
113,565
113,65
113,632
113,1926
113,260
113,263
113,13
113,13
113,15
113,1019
113,20
113,1664
113,119
113,166
113,1527
113,1927
113,1775
113,690
113,690
113,149
113,149
113,1103
113,1928
113,363
113,82
113,1129
113,308
113,308
113,1929
113,1930
114,1931
114,1573
114,1932
114,65
114,715
114,261
114,1933
114,1851
114,1206
114,1934
114,1934
114,165
114,1159
114,1159
114,1935
114,1936
114,721
114,1937
114,1938
114,892
114,1939
114,1940
114,53
114,363
114,295
114,1941
114,1942
114,1943
114,1944
114,1945
114,1945
114,1946
114,1947
114,1948
114,1949
114,1950
114,306
114,1951
114,490
114,1952
114,1638
114,1953
114,1151
114,1151
114,136
114,818
114,311
114,824
114,711
114,711
114,394
114,314
114,1954
114,1642
114,1273
114,1955
114,1854
114,1643
114,1956
114,452
115,1957
115,248
115,415
115,87
115,714
115,15
115,69
115,569
115,1320
115,128
115,35
115,1328
115,1125
116,1958
116,1959
116,1199
116,235
116,1960
116,1961
116,147
116,178
116,709
116,1574
116,65
116,1901
116,747
116,1962
116,1254
116,165
116,1963
116,1964
116,282
116,666
116,131
116,1965
116,1966
116,304
116,812
116,1967
116,1968
116,1033
116,1969
116,1970
117,1895
117,1971
117,159
117,324
117,100
117,145
117,1850
117,146
117,65
117,65
117,87
117,87
117,1926
117,687
117,1070
117,1143
117,1145
117,1972
117,35
117,445
117,37
117,228
117,228
117,228
117,359
117,1973
117,229
117,229
117,451
117,136
117,1974
117,406
117,452
117,142
117,230
117,453
117,453
117,231
117,1975
117,454
118,100
118,145
118,1976
118,65
118,10
118,131
118,450
118,211
118,1977
118,1978
118,59
118,876
118,454
119,1979
119,159
119,900
119,1980
119,332
119,967
119,65
119,1981
119,1982
119,1983
119,1962
119,1984
119,749
119,338
119,1985
119,1986
119,1626
119,1602
119,721
119,721
119,1987
119,1988
119,1989
119,1990
119,79
119,1991
119,1992
119,1993
119,196
119,1632
119,1994
119,1995
119,1163
119,671
119,1685
119,871
119,728
119,1396
119,1686
119,1426
119,1996
119,1997
119,1998
119,1637
119,711
119,315
119,1999
119,1642
119,2000
119,409
120,3
120,159
120,324
120,325
120,415
120,1200
120,103
120,2001
120,777
120,1141
120,110
120,8
120,2002
120,182
120,333
120,87
120,2003
120,184
120,2004
120,258
120,11
120,2005
120,187
120,1665
120,194
120,2006
120,88
120,35
120,53
120,2007
120,842
120,1350
120,1351
120,1351
120,2008
120,2009
120,2010
120,1519
120,1519
120,41
120,1224
120,1058
120,1998
120,135
120,817
120,136
120,59
120,1353
120,222
120,405
120,517
120,230
120,231
121,415
121,10
121,2011
121,2012
121,1319
121,643
121,70
121,525
121,2013
121,556
121,75
121,2014
121,77
121,577
121,35
121,149
121,1720
121,1454
121,405
121,454
122,2015
122,87
122,1911
122,2016
122,280
122,1481
123,100
123,1070
123,270
123,543
123,428
123,363
124,1814
124,159
124,100
124,145
124,613
124,1070
124,525
124,166
124,1911
124,233
124,354
124,355
124,287
124,363
124,203
124,364
124,82
124,313
124,396
125,2017
125,87
125,2018
125,2019
125,1935
125,1935
125,2020
125,2021
125,2022
126,1895
126,100
126,103
126,63
126,442
126,87
126,112
126,443
126,687
126,444
126,35
126,149
126,445
126,37
126,446
126,228
126,132
126,447
126,448
126,56
126,449
126,229
126,1853
126,450
126,135
126,451
126,2023
126,59
126,394
126,316
126,404
126,406
126,452
126,142
126,230
126,230
126,225
126,453
126,454
127,234
127,232
127,159
127,61
127,61
127,936
127,105
127,626
127,106
127,1183
127,1869
127,177
127,2024
127,63
127,63
127,65
127,87
127,10
127,1168
127,186
127,963
127,67
127,20
127,2025
127,121
127,2026
127,1054
127,602
127,602
127,2027
127,2027
127,78
127,2028
127,131
127,2029
127,82
127,208
127,210
127,305
127,211
127,220
128,1620
128,87
128,635
128,663
128,2030
128,2031
128,2032
128,2033
129,1573
129,65
129,2034
129,121
129,1827
129,2035
129,2036
129,1852
129,1638
129,1151
129,1954
129,2037
129,1955
130,624
130,248
130,2038
130,632
130,2039
130,343
130,2040
130,577
130,2041
130,578
130,169
130,2042
130,2043
130,1059
130,2044
130,676
130,1485
131,100
131,103
131,63
131,442
131,87
131,112
131,443
131,444
131,35
131,149
131,149
131,445
131,37
131,446
131,228
131,447
131,448
131,56
131,229
131,450
131,135
131,451
131,59
131,394
131,316
131,404
131,406
131,452
131,142
131,230
131,230
131,225
131,453
131,2045
132,2046
132,2047
132,2047
132,1573
132,419
132,1817
132,1817
132,2048
132,2048
132,110
132,65
132,111
132,337
132,458
132,2049
132,2050
132,53
132,2051
132,2051
132,293
132,2052
132,2052
132,929
132,929
132,814
132,930
132,1376
132,768
132,311
133,2053
133,560
133,2054
133,158
133,248
133,248
133,562
133,159
133,101
133,415
133,415
133,626
133,7
133,63
133,63
133,1462
133,1462
133,87
133,714
133,714
133,13
133,717
133,1092
133,15
133,15
133,68
133,719
133,719
133,16
133,16
133,569
133,1319
133,342
133,20
133,20
133,1020
133,879
133,2055
133,2055
133,648
133,424
133,752
133,169
133,1023
133,755
133,585
133,35
133,35
133,722
133,289
133,290
133,290
133,203
133,1117
133,132
133,1331
133,1331
133,2056
133,83
133,704
133,1538
134,239
134,159
134,324
134,145
134,62
134,565
134,65
134,2057
134,1439
134,2058
134,166
134,121
134,2059
134,277
134,149
134,1513
134,1444
134,2060
134,994
134,1265
134,1449
134,308
134,436
134,214
134,2061
134,2062
134,822
134,1065
135,2063
135,2063
135,2064
135,2064
135,245
135,245
135,2065
135,158
135,248
135,159
135,2066
135,145
135,62
135,2067
135,565
135,65
135,270
135,1439
135,1439
135,2058
135,2058
135,2068
135,2068
135,504
135,486
135,166
135,121
135,1528
135,1528
135,277
135,2069
135,238
135,78
135,149
135,692
135,692
135,856
135,590
135,590
135,2070
135,605
135,211
135,2071
135,2071
135,84
135,139
135,139
135,515
136,1814
136,144
136,159
136,325
136,325
136,145
136,145
136,145
136,1782
136,1782
136,597
136,597
136,1899
136,1248
136,1248
136,63
136,63
136,1202
136,161
136,161
136,2072
136,65
136,87
136,599
136,599
136,1316
136,1142
136,456
136,861
136,268
136,2073
136,2073
136,2074
136,14
136,148
136,148
136,552
136,165
136,1627
136,1627
136,645
136,2075
136,2076
136,166
136,121
136,880
136,463
136,721
136,277
136,277
136,2077
136,881
136,2078
136,529
136,2079
136,2079
136,35
136,35
136,2080
136,228
136,428
136,131
136,131
136,2081
136,2082
136,2083
136,796
136,2084
136,286
136,286
136,363
136,589
136,921
136,921
136,1395
136,1395
136,2085
136,2085
136,2086
136,2087
136,2088
136,1501
136,764
136,2089
136,2090
136,211
136,211
136,211
136,1636
136,308
136,214
136,215
136,2091
136,2092
136,473
136,473
136,136
136,2093
136,219
136,220
136,2094
136,2094
136,2095
136,1809
136,59
136,223
136,223
136,2096
136,2096
136,864
136,155
136,155
136,406
136,406
136,1299
136,1299
136,520
136,521
136,852
136,1138
137,2097
137,325
137,1243
137,65
137,65
137,747
137,343
137,121
137,1911
137,35
137,196
137,791
137,228
137,228
137,1421
137,1481
137,287
137,290
137,2098
137,2099
137,2100
137,136
137,2101
137,59
137,59
137,1722
137,406
137,452
137,142
137,2102
137,1358
137,156
138,2103
138,323
138,1536
138,87
138,184
138,500
138,340
138,121
138,2104
138,2105
138,429
138,131
138,131
138,841
138,920
138,2106
138,2107
138,208
138,211
138,383
138,220
138,2108
138,385
138,386
138,702
138,2109
138,313
138,315
138,138
138,1354
138,404
138,141
138,409
138,2110
139,319
139,1814
139,323
139,158
139,324
139,145
139,2111
139,105
139,2112
139,2113
139,65
139,1388
139,834
139,1207
139,189
139,690
139,881
139,2078
139,2114
139,2080
139,2115
139,2008
139,468
139,2116
139,1224
139,532
139,304
139,378
139,846
139,211
139,308
139,436
139,215
139,536
139,218
139,384
139,1033
139,385
139,710
139,2117
139,391
139,703
139,398
139,399
139,772
139,401
139,741
139,521
140,1076
140,3
140,99
140,325
140,415
140,69
140,1095
140,2118
140,2119
140,1476
140,579
140,78
141,2120
141,1865
141,160
141,2121
141,626
141,859
141,7
141,161
141,65
141,87
141,1301
141,11
141,1319
141,2122
141,1320
141,2123
141,277
141,2124
141,2125
141,372
141,2126
141,2127
141,471
141,471
141,214
141,139
141,2031
142,558
142,60
142,2128
142,160
142,2129
142,8
142,87
142,2130
142,2011
142,2131
142,2132
142,2132
142,263
142,69
142,640
142,342
142,272
142,2133
142,2118
142,76
142,2134
142,77
142,2135
142,2136
142,2137
142,79
142,1857
142,2138
142,88
142,667
142,2139
142,586
142,1163
142,132
142,2140
142,1686
142,1686
142,2141
142,2141
142,83
142,136
142,707
143,1923
143,838
143,713
143,62
143,1018
143,65
143,599
143,2142
143,265
143,148
143,758
143,1108
143,1312
143,292
143,211
143,548
143,549
143,1969
143,1538
143,538
144,2143
144,319
144,319
144,867
144,2144
144,2145
144,2146
144,322
144,322
144,524
144,172
144,623
144,144
144,232
144,232
144,159
144,159
144,324
144,324
144,100
144,100
144,145
144,145
144,1191
144,1284
144,1192
144,744
144,744
144,497
144,179
144,179
144,709
144,110
144,1202
144,332
144,87
144,10
144,10
144,613
144,613
144,746
144,834
144,834
144,334
144,334
144,500
144,336
144,187
144,187
144,749
144,600
144,263
144,264
144,268
144,444
144,148
144,2147
144,2148
144,165
144,165
144,1582
144,1582
144,504
144,2149
144,2150
144,2075
144,166
144,991
144,121
144,1193
144,1193
144,1291
144,276
144,277
144,277
144,1194
144,2151
144,2152
144,690
144,881
144,881
144,2153
144,506
144,130
144,426
144,195
144,529
144,35
144,35
144,757
144,428
144,150
144,150
144,131
144,131
144,795
144,841
144,2154
144,693
144,1215
144,287
144,1116
144,363
144,203
144,364
144,365
144,365
144,204
144,291
144,82
144,762
144,762
144,920
144,295
144,554
144,300
144,300
144,2155
144,1396
144,434
144,375
144,375
144,210
144,378
144,378
144,846
144,846
144,846
144,42
144,211
144,211
144,212
144,213
144,929
144,308
144,436
144,436
144,214
144,215
144,135
144,135
144,491
144,1188
144,2156
144,136
144,136
144,136
144,769
144,2157
144,384
144,384
144,734
144,1033
144,1044
144,1044
144,385
144,385
144,389
144,710
144,221
144,221
144,311
144,1297
144,391
144,59
144,313
144,396
144,396
144,154
144,154
144,138
144,138
144,398
144,2158
144,316
144,2159
144,1595
144,401
144,2160
144,2161
144,2161
144,1432
144,1235
144,850
144,2162
144,404
144,2163
144,141
144,141
144,406
144,2164
144,1195
144,1195
144,2165
144,1970
144,1236
144,521
144,851
144,612
145,1075
145,2166
145,563
145,415
145,331
145,565
145,87
145,2167
145,13
145,482
145,483
145,1019
145,568
145,119
145,1042
145,166
145,2168
145,1023
145,2169
145,1025
145,82
145,2170
145,2171
145,1485
145,1485
146,867
146,1139
146,144
146,232
146,159
146,159
146,100
146,100
146,563
146,326
146,145
146,145
146,2172
146,1191
146,628
146,109
146,177
146,180
146,1386
146,565
146,253
146,111
146,10
146,551
146,334
146,184
146,2005
146,339
146,263
146,340
146,14
146,1905
146,503
146,2173
146,165
146,974
146,1146
146,274
146,276
146,276
146,277
146,25
146,2169
146,756
146,2174
146,893
146,2175
146,2175
146,428
146,131
146,2176
146,2177
146,362
146,1422
146,1422
146,363
146,363
146,363
146,203
146,364
146,365
146,365
146,291
146,762
146,366
146,447
146,377
146,304
146,42
146,308
146,135
146,135
146,135
146,837
146,473
146,734
146,220
146,1136
146,385
146,2178
146,311
146,392
146,770
146,59
146,394
146,771
146,141
146,452
146,1279
147,2179
147,2180
147,838
147,1596
147,158
147,2181
147,1015
147,1457
147,249
147,249
147,159
147,159
147,324
147,324
147,325
147,100
147,100
147,145
147,2182
147,235
147,235
147,628
147,332
147,65
147,333
147,2183
147,1511
147,1511
147,687
147,1253
147,2184
147,2184
147,1411
147,1437
147,1319
147,2185
147,552
147,2186
147,343
147,119
147,2187
147,2187
147,166
147,2188
147,2189
147,2190
147,277
147,690
147,1913
147,2124
147,2191
147,2191
147,80
147,2192
147,2192
147,35
147,35
147,149
147,2193
147,1513
147,1444
147,1444
147,2194
147,2194
147,2060
147,428
147,1112
147,1117
147,1117
147,1118
147,291
147,895
147,671
147,1129
147,2195
147,2196
147,2197
147,2198
147,2199
147,2200
147,2201
147,1174
147,2202
147,2203
147,469
147,378
147,378
147,306
147,306
147,211
147,211
147,2204
147,308
147,308
147,214
147,215
147,2205
147,2206
147,2207
147,2207
147,218
147,218
147,1033
147,1033
147,1044
147,1044
147,387
147,311
147,313
147,2208
147,538
147,2209
147,440
147,230
147,230
147,143
147,143
147,2210
147,2210
147,876
147,852
147,852
147,1138
147,1138
148,1314
148,239
148,1520
148,1520
148,1922
148,1922
148,1922
148,2211
148,1596
148,1015
148,1015
148,3
148,3
148,62
148,478
148,479
148,2212
148,1192
148,1192
148,7
148,63
148,63
148,565
148,87
148,632
148,1087
148,480
148,481
148,458
148,482
148,483
148,270
148,484
148,1019
148,1319
148,1319
148,1523
148,1523
148,1523
148,485
148,20
148,343
148,1525
148,2213
148,486
148,119
148,1412
148,2214
148,2214
148,2215
148,2215
148,2215
148,2216
148,2216
148,648
148,1322
148,2217
148,2217
148,2217
148,576
148,2218
148,2218
148,1913
148,1913
148,1913
148,2219
148,1531
148,1531
148,1531
148,1099
148,2079
148,2079
148,2220
148,2220
148,2221
148,2221
148,2222
148,2223
148,2224
148,2224
148,1112
148,1112
148,1112
148,286
148,287
148,287
148,1115
148,1115
148,362
148,362
148,289
148,289
148,2225
148,2226
148,2226
148,290
148,290
148,203
148,203
148,487
148,1216
148,1216
148,1216
148,488
148,2227
148,2227
148,1117
148,2228
148,1118
148,291
148,291
148,2229
148,2230
148,55
148,2231
148,489
148,490
148,491
148,492
148,46
148,493
148,2232
148,2233
148,1533
148,1533
148,2234
148,609
148,1846
148,1846
148,2235
148,2235
148,2236
148,494
149,91
149,91
149,2237
149,172
149,157
149,1242
149,1242
149,158
149,324
149,100
149,145
149,145
149,2238
149,2238
149,2239
149,2240
149,2240
149,1141
149,251
149,110
149,161
149,254
149,254
149,65
149,255
149,255
149,162
149,163
149,2241
149,2241
149,2242
149,184
149,184
149,258
149,2243
149,2243
149,1256
149,148
149,148
149,1021
149,2244
149,989
149,2150
149,121
149,2245
149,2246
149,170
149,170
149,2247
149,2248
149,1211
149,1211
149,1371
149,428
149,292
149,919
149,2249
149,2249
149,2250
149,1073
149,1073
149,211
149,211
149,1704
149,2251
149,2251
149,536
149,218
149,137
149,219
149,220
149,386
149,386
149,310
149,310
149,1297
149,1297
149,770
149,2252
149,2252
149,1036
149,140
149,1189
149,402
149,708
149,708
149,1277
149,2253
149,226
149,226
149,1278
150,2254
150,144
150,145
150,328
150,65
150,163
150,861
150,1133
150,504
150,880
150,35
150,2255
150,430
150,587
150,363
150,133
150,994
150,994
150,1636
150,387
150,1065
150,2256
150,2257
150,154
150,406
150,406
150,142
150,225
150,851
150,156
151,323
151,144
151,159
151,324
151,100
151,180
151,87
151,2258
151,268
151,166
151,191
151,276
151,357
151,363
151,203
151,365
151,204
151,375
151,1188
151,536
151,218
151,220
151,389
151,395
151,141
151,226
152,91
152,2259
152,2260
152,1198
152,172
152,1814
152,1814
152,2261
152,713
152,713
152,144
152,144
152,232
152,159
152,159
152,159
152,159
152,324
152,100
152,100
152,145
152,62
152,833
152,1201
152,1018
152,1018
152,2262
152,1340
152,2263
152,1817
152,2264
152,2265
152,1727
152,1141
152,1141
152,178
152,179
152,179
152,709
152,1385
152,1385
152,110
152,1202
152,161
152,1489
152,87
152,87
152,10
152,745
152,745
152,2266
152,961
152,746
152,334
152,1399
152,1399
152,2267
152,335
152,337
152,337
152,237
152,963
152,13
152,268
152,268
152,50
152,340
152,340
152,781
152,1411
152,148
152,148
152,552
152,1535
152,271
152,343
152,165
152,165
152,601
152,879
152,1287
152,1712
152,2268
152,2269
152,166
152,1146
152,191
152,347
152,276
152,2270
152,25
152,2271
152,2217
152,753
152,233
152,351
152,280
152,2272
152,2272
152,1531
152,1211
152,1585
152,1585
152,1586
152,356
152,428
152,357
152,841
152,2273
152,693
152,693
152,1312
152,2274
152,287
152,363
152,363
152,203
152,365
152,292
152,1129
152,977
152,2275
152,2275
152,920
152,920
152,2276
152,2277
152,2278
152,2279
152,2280
152,2281
152,2281
152,1375
152,1423
152,2282
152,511
152,836
152,531
152,2283
152,302
152,376
152,376
152,208
152,1501
152,378
152,378
152,764
152,2284
152,2285
152,381
152,2286
152,2286
152,212
152,213
152,213
152,1704
152,2287
152,1636
152,930
152,308
152,135
152,1130
152,1229
152,1377
152,863
152,1230
152,44
152,1231
152,136
152,769
152,2288
152,218
152,218
152,218
152,218
152,382
152,219
152,384
152,2289
152,734
152,1033
152,220
152,1232
152,1232
152,385
152,385
152,385
152,1594
152,2290
152,2290
152,389
152,311
152,391
152,770
152,2291
152,2292
152,2293
152,393
152,396
152,608
152,154
152,397
152,138
152,398
152,2158
152,316
152,772
152,140
152,140
152,2294
152,2295
152,2295
152,1235
152,155
152,405
152,2296
152,2164
152,224
152,1299
152,2297
152,517
152,230
152,230
152,1970
152,1970
152,521
152,612
152,156
153,2298
153,2298
153,524
153,158
153,158
153,713
153,713
153,159
153,100
153,100
153,145
153,145
153,62
153,2299
153,327
153,327
153,709
153,709
153,63
153,110
153,332
153,2300
153,2300
153,253
153,87
153,10
153,10
153,334
153,334
153,499
153,335
153,1699
153,2301
153,166
153,276
153,277
153,426
153,195
153,2302
153,428
153,131
153,131
153,841
153,841
153,693
153,693
153,869
153,869
153,362
153,363
153,363
153,365
153,365
153,204
153,1186
153,2303
153,1396
153,375
153,375
153,208
153,42
153,42
153,2304
153,812
153,812
153,211
153,211
153,381
153,930
153,930
153,436
153,436
153,214
153,218
153,218
153,220
153,220
153,385
153,385
153,389
153,389
153,311
153,770
153,395
153,395
153,396
153,154
153,154
153,397
153,138
153,316
153,316
153,440
153,85
153,404
153,404
153,1299
153,1299
153,517
153,226
153,226
153,411
154,1015
154,1459
154,1459
154,565
154,87
154,1087
154,13
154,1092
154,1092
154,484
154,1019
154,1019
154,343
154,990
154,1468
154,1468
154,190
154,1911
154,1472
154,2305
154,752
154,1775
154,1098
154,1098
154,1023
154,1478
154,2306
154,36
154,2307
154,289
154,290
154,488
154,1117
154,1351
154,2230
154,2308
154,1176
154,2309
154,771
154,477
155,2310
155,109
155,2311
155,87
155,261
155,1253
155,237
155,2312
155,648
155,2313
155,2314
155,2315
155,2316
155,868
155,2317
155,2177
155,132
155,2318
155,2319
155,468
155,2320
155,2321
155,2322
155,2322
155,2323
155,2324
155,2325
155,1863
155,1507
155,214
155,135
155,439
155,139
156,248
156,325
156,101
156,415
156,62
156,63
156,65
156,714
156,717
156,20
156,77
156,128
156,580
156,1668
156,88
156,35
156,149
156,722
156,82
156,132
156,83
156,59
156,1067
156,405
156,406
156,452
156,2326
157,558
157,2327
157,8
157,65
157,1050
157,345
157,2328
157,124
157,125
157,2329
157,127
157,128
157,88
157,2330
157,54
157,2331
157,1329
157,152
157,2332
157,90
158,239
158,172
158,415
158,145
158,65
158,552
158,1023
158,506
158,195
158,131
158,363
158,729
158,42
158,1229
158,2164
159,2064
159,2333
159,2333
159,328
159,65
159,2334
159,483
159,1053
159,2335
159,2336
159,2337
159,1609
159,2338
159,2339
159,2176
159,2340
159,2341
159,589
159,589
159,2342
159,1057
159,134
159,2343
159,2344
159,2345
159,1635
159,2346
159,2347
159,2348
159,2349
159,1613
159,2350
159,1614
159,1064
159,873
159,2351
159,1429
159,2352
159,2353
160,1895
160,100
160,1850
160,103
160,626
160,63
160,442
160,87
160,112
160,443
160,687
160,444
160,35
160,149
160,445
160,445
160,37
160,1670
160,446
160,228
160,2354
160,447
160,2355
160,448
160,56
160,229
160,450
160,135
160,59
160,394
160,316
160,404
160,406
160,452
160,142
160,230
160,225
160,453
160,454
161,1241
161,1241
161,2356
161,319
161,319
161,91
161,91
161,1139
161,1139
161,1139
161,832
161,2357
161,1242
161,1242
161,158
161,173
161,3
161,3
161,159
161,159
161,324
161,324
161,325
161,325
161,100
161,100
161,100
161,100
161,145
161,145
161,145
161,102
161,1200
161,1140
161,1140
161,1140
161,2239
161,2358
161,2358
161,327
161,327
161,1869
161,1246
161,1247
161,1249
161,2359
161,1250
161,2360
161,744
161,110
161,332
161,332
161,2361
161,253
161,65
161,65
161,111
161,333
161,333
161,255
161,162
161,162
161,10
161,1251
161,2241
161,2241
161,2241
161,2362
161,2362
161,256
161,2363
161,2363
161,2242
161,257
161,747
161,2364
161,1341
161,184
161,184
161,184
161,184
161,184
161,2267
161,2365
161,336
161,262
161,237
161,2005
161,2005
161,963
161,600
161,268
161,906
161,2366
161,2243
161,2243
161,781
161,1256
161,1143
161,1143
161,552
161,2367
161,1257
161,2368
161,343
161,2369
161,1021
161,1144
161,1144
161,345
161,2370
161,2371
161,2372
161,1145
161,1145
161,121
161,1146
161,2373
161,721
161,1258
161,2374
161,277
161,1162
161,2375
161,2376
161,1259
161,427
161,2377
161,2378
161,35
161,35
161,149
161,1261
161,757
161,171
161,131
161,131
161,53
161,53
161,53
161,795
161,796
161,2379
161,2380
161,1147
161,1147
161,2381
161,920
161,2382
161,1148
161,801
161,2383
161,2384
161,2385
161,2386
161,1262
161,1262
161,2250
161,2387
161,1263
161,375
161,375
161,208
161,208
161,616
161,378
161,378
161,846
161,306
161,306
161,211
161,211
161,1264
161,213
161,213
161,1149
161,1149
161,1265
161,1265
161,1150
161,1150
161,308
161,308
161,214
161,214
161,215
161,215
161,1229
161,1268
161,1231
161,1269
161,1269
161,1151
161,1151
161,769
161,536
161,218
161,218
161,218
161,137
161,137
161,219
161,220
161,220
161,220
161,220
161,933
161,385
161,385
161,385
161,385
161,389
161,310
161,311
161,2388
161,984
161,394
161,394
161,154
161,1272
161,1122
161,1122
161,316
161,772
161,317
161,317
161,1595
161,1354
161,1235
161,1273
161,1274
161,155
161,141
161,141
161,1275
161,2389
161,406
161,1276
161,1299
161,408
161,408
161,408
161,517
161,1277
161,518
161,2390
161,2391
161,851
161,611
161,1281
161,1282
162,234
162,889
162,890
162,628
162,459
162,891
162,892
162,29
162,893
162,894
162,665
162,587
162,286
162,895
162,896
162,897
162,899
163,234
163,234
163,325
163,145
163,145
163,236
163,236
163,2392
163,1961
163,108
163,65
163,1251
163,112
163,117
163,1440
163,189
163,2393
163,893
163,35
163,1670
163,131
163,2394
163,1941
163,134
163,1224
163,229
163,135
163,154
163,406
163,452
163,2395
163,230
163,1279
163,1279
164,1139
164,2047
164,144
164,61
164,2396
164,2396
164,2397
164,1932
164,419
164,235
164,1750
164,2398
164,65
164,65
164,834
164,456
164,188
164,718
164,1019
164,1751
164,121
164,121
164,191
164,721
164,721
164,2399
164,2400
164,2400
164,2400
164,2401
164,2402
164,2193
164,2193
164,2403
164,2403
164,2403
164,2403
164,2403
164,131
164,131
164,1685
164,1685
164,1306
164,1306
164,372
164,1753
164,1686
164,1686
164,532
164,1058
164,1058
164,1058
164,2387
164,1426
164,1426
164,1308
164,813
164,813
164,814
164,308
164,308
164,1377
164,1638
164,136
164,2404
164,1064
164,438
164,2405
164,2406
164,317
164,406
164,1299
164,408
164,2407
165,319
165,319
165,91
165,91
165,91
165,91
165,1895
165,100
165,100
165,100
165,145
165,102
165,103
165,103
165,104
165,2239
165,4
165,235
165,236
165,236
165,628
165,1961
165,1899
165,329
165,108
165,108
165,2408
165,1141
165,63
165,442
165,2409
165,110
165,332
165,65
165,65
165,65
165,111
165,2003
165,162
165,10
165,2410
165,112
165,112
165,443
165,115
165,1253
165,1184
165,444
165,1389
165,718
165,2411
165,165
165,119
165,189
165,121
165,880
165,123
165,2412
165,130
165,2413
165,893
165,35
165,35
165,149
165,445
165,37
165,2316
165,446
165,228
165,228
165,228
165,171
165,131
165,131
165,131
165,2354
165,916
165,2414
165,1610
165,363
165,918
165,919
165,589
165,2280
165,2415
165,447
165,134
165,2085
165,925
165,55
165,1262
165,2416
165,448
165,928
165,56
165,229
165,229
165,2417
165,306
165,887
165,1150
165,135
165,135
165,135
165,135
165,451
165,932
165,473
165,136
165,137
165,933
165,310
165,770
165,2418
165,59
165,394
165,2257
165,608
165,138
165,316
165,140
165,1595
165,401
165,2419
165,864
165,404
165,141
165,2420
165,406
165,2421
165,452
165,452
165,142
165,142
165,230
165,1277
165,225
165,143
165,453
165,612
165,876
165,454
166,3
166,159
166,324
166,145
166,160
166,161
166,65
166,10
166,184
166,258
166,1821
166,501
166,1699
166,268
166,2422
166,577
166,692
166,131
166,796
166,365
166,920
166,373
166,375
166,616
166,730
166,218
166,384
166,385
166,311
166,1297
166,608
166,154
166,2252
166,140
166,402
166,850
166,404
166,406
166,2164
166,410
166,851
167,2423
167,542
167,65
167,10
167,166
167,1162
167,577
167,922
167,2052
167,2424
167,376
167,305
167,2425
167,2426
167,2427
167,2428
168,1197
168,1360
168,2429
168,2181
168,1979
168,1618
168,1618
168,159
168,159
168,159
168,325
168,326
168,1867
168,235
168,235
168,628
168,628
168,1899
168,2264
168,147
168,2430
168,2430
168,1085
168,1085
168,1085
168,1085
168,2431
168,2431
168,331
168,331
168,331
168,497
168,2432
168,2433
168,1574
168,2434
168,2435
168,2436
168,2437
168,2437
168,2438
168,2438
168,8
168,87
168,2439
168,2439
168,1621
168,1621
168,1621
168,1597
168,2440
168,2441
168,687
168,2442
168,2443
168,2444
168,337
168,2445
168,456
168,457
168,457
168,2446
168,458
168,459
168,459
168,2447
168,2447
168,941
168,941
168,941
168,2448
168,1547
168,891
168,188
168,718
168,1318
168,568
168,460
168,2449
168,2450
168,2451
168,2451
168,2452
168,2453
168,1602
168,2454
168,2455
168,2455
168,2455
168,2455
168,120
168,2122
168,2456
168,2457
168,2457
168,2457
168,2457
168,2457
168,192
168,721
168,1160
168,2458
168,2459
168,2460
168,653
168,2461
168,2462
168,2399
168,2399
168,2463
168,602
168,28
168,29
168,29
168,1988
168,2464
168,78
168,78
168,2465
168,79
168,79
168,2466
168,2467
168,2468
168,2469
168,2470
168,33
168,35
168,36
168,149
168,665
168,665
168,665
168,2471
168,666
168,2472
168,2473
168,131
168,2177
168,2474
168,2475
168,2476
168,1163
168,1163
168,1113
168,290
168,290
168,1118
168,671
168,671
168,671
168,2477
168,2478
168,2479
168,296
168,296
168,1148
168,468
168,134
168,134
168,2480
168,2481
168,2482
168,2483
168,1634
168,1720
168,2484
168,2484
168,871
168,2485
168,2486
168,729
168,729
168,2487
168,1308
168,1308
168,1612
168,1635
168,1635
168,1635
168,1635
168,2488
168,2488
168,2489
168,2490
168,2204
168,308
168,2491
168,2492
168,491
168,491
168,491
168,1638
168,1639
168,2493
168,952
168,2494
168,2495
168,2496
168,2497
168,136
168,2498
168,2350
168,1064
168,1640
168,1640
168,1640
168,2499
168,58
168,59
168,59
168,394
168,2257
168,2500
168,2500
168,2500
168,2501
168,139
168,139
168,2502
168,1008
168,1008
168,2503
168,406
168,406
168,1299
168,477
168,477
168,477
168,477
168,517
168,230
168,230
168,230
168,2504
168,225
168,225
168,1336
168,2505
168,2506
168,2507
168,2507
168,2508
168,2508
168,1358
168,1358
168,1010
168,1568
168,412
168,2509
168,2509
168,1647
168,1647
168,852
168,852
169,853
169,853
169,2510
169,1923
169,2511
169,2512
169,2513
169,713
169,713
169,173
169,159
169,100
169,62
169,2514
169,102
169,1200
169,176
169,1018
169,902
169,854
169,854
169,419
169,709
169,110
169,2515
169,2516
169,1655
169,65
169,65
169,255
169,163
169,613
169,184
169,2517
169,112
169,2518
169,2005
169,2519
169,263
169,266
169,781
169,270
169,148
169,2147
169,2301
169,2520
169,543
169,165
169,165
169,1287
169,121
169,273
169,1793
169,2521
169,277
169,2522
169,2523
169,1127
169,910
169,545
169,2524
169,1831
169,2525
169,2526
169,35
169,692
169,1196
169,2527
169,428
169,131
169,286
169,291
169,856
169,856
169,856
169,2528
169,1058
169,2529
169,2530
169,846
169,211
169,929
169,724
169,930
169,1266
169,308
169,214
169,214
169,215
169,1130
169,1229
169,218
169,219
169,818
169,220
169,933
169,385
169,386
169,514
169,310
169,313
169,706
169,515
169,609
169,317
169,2531
169,140
169,1595
169,1235
169,406
169,2532
169,621
169,621
169,1299
169,1178
169,2110
169,2533
169,2210
169,2210
169,851
169,611
169,852
170,2534
170,2535
170,323
170,158
170,144
170,324
170,2536
170,1285
170,2537
170,497
170,709
170,180
170,2538
170,65
170,10
170,968
170,1388
170,334
170,184
170,2539
170,11
170,187
170,268
170,340
170,526
170,1537
170,2540
170,2541
170,2542
170,1179
170,791
170,131
170,914
170,2543
170,2544
170,2083
170,2084
170,918
170,762
170,921
170,206
170,2545
170,1804
170,41
170,1224
170,1225
170,2546
170,305
170,306
170,381
170,887
170,1806
170,218
170,384
170,734
170,220
170,737
170,385
170,1594
170,1034
170,514
170,822
170,1297
170,770
170,740
170,2547
170,396
170,138
170,140
170,1189
170,2548
170,222
170,155
170,2549
170,224
170,1299
170,707
170,520
170,521
170,411
170,611
170,612
171,1154
171,838
171,248
171,159
171,324
171,325
171,563
171,145
171,1192
171,179
171,960
171,565
171,65
171,10
171,749
171,263
171,2057
171,13
171,148
171,552
171,1439
171,165
171,2550
171,2058
171,2068
171,504
171,2551
171,2552
171,35
171,2553
171,692
171,2060
171,994
171,55
171,729
171,375
171,210
171,211
171,813
171,308
171,436
171,215
171,437
171,473
171,1065
171,138
171,2554
171,401
171,850
171,406
171,411
171,1138
172,65
172,87
172,943
172,2555
172,2556
172,132
172,2557
172,134
173,321
173,145
173,65
173,2558
173,35
173,1997
173,2559
173,2560
173,2509
173,852
174,838
174,173
174,144
174,144
174,1079
174,1079
174,249
174,159
174,159
174,324
174,324
174,325
174,145
174,1140
174,1018
174,63
174,110
174,565
174,565
174,65
174,632
174,714
174,2561
174,266
174,718
174,164
174,164
174,503
174,503
174,1439
174,165
174,166
174,277
174,277
174,752
174,690
174,1714
174,2124
174,35
174,35
174,1444
174,1103
174,2562
174,286
174,286
174,2563
174,2564
174,375
174,375
174,308
174,308
174,390
174,390
174,154
174,154
174,538
175,158
175,324
175,145
175,145
175,628
175,1245
175,1961
175,178
175,2565
175,2566
175,1655
175,65
175,65
175,65
175,1901
175,2567
175,1253
175,2561
175,421
175,166
175,166
175,121
175,121
175,880
175,1912
175,1914
175,2568
175,2569
175,2570
175,2553
175,2193
175,1444
175,131
175,1106
175,430
175,1685
175,469
175,469
175,1058
175,1058
175,812
175,211
175,2571
175,1265
175,814
175,308
175,436
175,1268
175,473
175,2572
175,2572
175,1921
175,136
175,218
175,219
175,819
175,220
175,514
175,310
175,770
175,59
175,864
175,155
175,1009
175,1381
175,852
176,1711
176,2573
176,623
176,713
176,713
176,325
176,325
176,325
176,325
176,100
176,101
176,145
176,145
176,145
176,900
176,2574
176,1755
176,2575
176,1783
176,2576
176,2576
176,2121
176,2121
176,2121
176,2121
176,1899
176,1248
176,1248
176,442
176,110
176,1575
176,1575
176,253
176,2002
176,1620
176,87
176,87
176,87
176,2577
176,10
176,163
176,163
176,163
176,163
176,2578
176,834
176,2579
176,1676
176,11
176,2580
176,2580
176,2580
176,2580
176,2580
176,750
176,2581
176,483
176,2582
176,2583
176,343
176,165
176,1207
176,880
176,2456
176,2456
176,2456
176,2456
176,1193
176,1193
176,192
176,721
176,1160
176,1160
176,2584
176,1303
176,1303
176,1303
176,1303
176,2585
176,2463
176,835
176,1714
176,1679
176,2586
176,2587
176,79
176,88
176,1554
176,1554
176,1554
176,1554
176,1554
176,1442
176,35
176,2588
176,2588
176,2589
176,666
176,666
176,666
176,2590
176,2590
176,2590
176,2591
176,2592
176,2593
176,1421
176,1421
176,199
176,131
176,131
176,131
176,2594
176,2594
176,2595
176,361
176,363
176,2596
176,82
176,82
176,132
176,2597
176,468
176,2598
176,2599
176,1720
176,1306
176,372
176,41
176,41
176,41
176,532
176,532
176,532
176,2600
176,374
176,1308
176,1308
176,1308
176,2601
176,2601
176,2602
176,211
176,211
176,2127
176,1007
176,308
176,214
176,214
176,214
176,214
176,215
176,2603
176,2603
176,2604
176,1310
176,136
176,136
176,702
176,58
176,826
176,2605
176,2606
176,864
176,2607
176,406
176,2608
176,2609
176,2609
176,866
176,2610
176,412
176,2611
176,2509
176,2509
176,2612
176,852
176,852
176,852
176,852
176,1570
177,2613
177,2574
177,2002
177,65
177,184
177,2005
177,2614
177,781
177,781
177,2615
177,2616
177,346
177,2617
177,792
177,53
177,1836
177,375
177,2618
177,1703
177,1265
177,2619
177,218
177,385
177,317
177,2620
178,1434
178,65
178,1535
178,1440
178,1350
178,2621
178,1447
178,59
179,158
179,158
179,159
179,159
179,324
179,324
179,325
179,100
179,415
179,145
179,145
179,62
179,160
179,859
179,2622
179,2623
179,65
179,65
179,115
179,552
179,880
179,1828
179,2558
179,1831
179,35
179,35
179,2624
179,2624
179,2625
179,917
179,2274
179,363
179,1224
179,375
179,376
179,306
179,213
179,607
179,1449
179,308
179,215
179,2572
179,438
179,822
179,677
179,316
179,2209
179,864
179,85
179,517
179,519
180,1850
180,146
180,65
180,2626
180,2627
180,166
180,352
180,35
180,35
180,149
180,37
180,37
180,196
180,228
180,1421
180,2628
180,229
180,450
180,451
180,1978
180,2629
180,2099
180,230
180,230
180,2102
180,231
180,1975
180,454
181,87
181,2519
181,2630
181,2631
181,2632
181,2633
182,144
182,159
182,324
182,100
182,145
182,87
182,263
182,270
182,1020
182,166
182,276
182,277
182,2634
182,424
182,753
182,233
182,509
182,693
182,287
182,362
182,363
182,203
182,365
182,920
182,375
182,212
182,2635
182,1033
182,537
182,2636
182,313
182,154
182,138
182,402
182,404
182,708
183,2637
183,2047
183,2638
183,2638
183,1979
183,2639
183,235
183,1085
183,65
183,2640
183,2447
183,2641
183,166
183,2457
183,1303
183,2642
183,2400
183,2643
183,1990
183,1990
183,1991
183,2644
183,426
183,88
183,1556
183,1556
183,665
183,665
183,587
183,82
183,132
183,2478
183,1426
183,1635
183,1264
183,1863
183,135
183,491
183,473
183,1774
183,955
183,2645
183,677
183,2507
183,2507
183,866
183,2508
183,494
184,1698
184,1698
184,2356
184,2356
184,2646
184,2646
184,1076
184,558
184,240
184,2647
184,987
184,560
184,560
184,2648
184,2649
184,2649
184,2650
184,2651
184,838
184,1015
184,232
184,159
184,159
184,325
184,325
184,100
184,326
184,145
184,61
184,62
184,62
184,936
184,175
184,175
184,2212
184,2212
184,2652
184,107
184,2653
184,328
184,328
184,328
184,2654
184,1248
184,1248
184,1248
184,839
184,63
184,63
184,63
184,63
184,63
184,2655
184,565
184,65
184,65
184,333
184,333
184,87
184,87
184,632
184,632
184,1399
184,2004
184,1534
184,2018
184,2018
184,2012
184,2656
184,444
184,188
184,15
184,67
184,67
184,2657
184,2657
184,68
184,2658
184,2658
184,2658
184,552
184,552
184,2659
184,1053
184,1053
184,1053
184,1053
184,20
184,20
184,20
184,1664
184,1020
184,72
184,2660
184,2660
184,2661
184,2661
184,2662
184,2013
184,526
184,571
184,571
184,991
184,1527
184,1527
184,121
184,880
184,880
184,880
184,880
184,1320
184,123
184,574
184,77
184,77
184,77
184,752
184,1775
184,690
184,2218
184,238
184,1097
184,351
184,577
184,2077
184,128
184,169
184,88
184,88
184,1323
184,2663
184,2664
184,1171
184,1171
184,667
184,428
184,586
184,914
184,914
184,693
184,693
184,2665
184,363
184,363
184,2666
184,1055
184,1055
184,977
184,589
184,2667
184,133
184,2668
184,1446
184,2669
184,2669
184,2670
184,447
184,447
184,447
184,468
184,134
184,2671
184,2322
184,2672
184,2673
184,1888
184,511
184,2324
184,2324
184,2324
184,2674
184,2674
184,884
184,376
184,377
184,1330
184,490
184,2675
184,930
184,308
184,2676
184,2677
184,83
184,473
184,1705
184,710
184,2117
184,1065
184,1065
184,677
184,703
184,703
184,2678
184,313
184,2679
184,222
184,678
184,864
184,405
184,405
184,405
184,1706
184,1706
185,2680
185,1897
185,2681
185,2682
185,2683
185,2684
185,2685
185,2686
185,2687
185,2688
185,1493
185,2689
185,465
185,2690
185,1504
185,2691
185,2692
185,1009
186,853
186,2693
186,1571
186,1596
186,2694
186,3
186,324
186,325
186,100
186,415
186,62
186,900
186,2574
186,103
186,2695
186,2576
186,1183
186,235
186,628
186,177
186,2696
186,777
186,744
186,331
186,709
186,2697
186,2698
186,63
186,2699
186,2700
186,110
186,181
186,2701
186,967
186,333
186,714
186,2439
186,10
186,2410
186,1435
186,613
186,1399
186,335
186,2018
186,2567
186,2702
186,187
186,2581
186,263
186,264
186,458
186,2703
186,459
186,906
186,50
186,444
186,891
186,2704
186,1319
186,342
186,2705
186,343
186,2706
186,2707
186,119
186,2215
186,2708
186,721
186,2709
186,2710
186,422
186,276
186,2271
186,690
186,2711
186,2712
186,2713
186,2714
186,1915
186,352
186,2715
186,1391
186,1830
186,195
186,2716
186,2717
186,2718
186,2719
186,2720
186,2721
186,196
186,791
186,1214
186,1421
186,1293
186,199
186,131
186,1994
186,1025
186,669
186,2340
186,2722
186,201
186,2474
186,760
186,796
186,287
186,290
186,364
186,204
186,977
186,2723
186,2724
186,133
186,920
186,369
186,134
186,370
186,54
186,2725
186,845
186,41
186,1224
186,2726
186,1263
186,2727
186,375
186,376
186,210
186,380
186,1635
186,42
186,211
186,1703
186,607
186,813
186,1636
186,887
186,930
186,135
186,1638
186,701
186,817
186,676
186,2728
186,137
186,383
186,384
186,1893
186,734
186,1296
186,1033
186,220
186,737
186,386
186,738
186,1064
186,1594
186,2351
186,1429
186,310
186,2729
186,822
186,1065
186,390
186,677
186,391
186,770
186,740
186,823
186,2730
186,59
186,313
186,154
186,2606
186,400
186,2294
186,222
186,850
186,404
186,406
186,707
186,230
186,225
186,518
186,227
186,156
187,2731
187,87
187,121
187,1179
187,149
187,757
187,406
187,683
188,2732
188,1013
188,838
188,158
188,158
188,248
188,1014
188,1015
188,159
188,159
188,325
188,100
188,101
188,145
188,62
188,62
188,327
188,1018
188,1018
188,597
188,63
188,960
188,161
188,333
188,87
188,632
188,566
188,263
188,1019
188,552
188,552
188,165
188,1020
188,190
188,544
188,276
188,277
188,690
188,577
188,169
188,1022
188,1023
188,527
188,35
188,149
188,199
188,131
188,1025
188,363
188,364
188,291
188,1029
188,211
188,211
188,724
188,308
188,1033
188,138
188,609
188,1036
188,517
188,409
188,1038
188,876
189,1931
189,1573
189,1932
189,2733
189,65
189,2734
189,715
189,261
189,1933
189,1851
189,1206
189,1626
189,1934
189,1934
189,165
189,1159
189,1159
189,1935
189,1936
189,1936
189,1937
189,1937
189,1938
189,892
189,29
189,1940
189,53
189,363
189,295
189,1942
189,1943
189,1944
189,1945
189,1945
189,1946
189,1947
189,1949
189,1950
189,2735
189,306
189,1951
189,490
189,1637
189,1638
189,1638
189,1953
189,1151
189,1151
189,136
189,818
189,311
189,824
189,711
189,394
189,394
189,314
189,2736
189,1353
189,1954
189,1954
189,1273
189,1273
189,1955
189,1854
189,1643
189,1956
189,452
190,87
190,602
190,88
190,2737
191,1360
191,560
191,713
191,3
191,2738
191,159
191,324
191,415
191,4
191,147
191,1488
191,87
191,87
191,87
191,2739
191,2686
191,635
191,635
191,2740
191,2581
191,264
191,458
191,459
191,1905
191,2741
191,2449
191,119
191,2215
191,2742
191,120
191,2122
191,2688
191,276
191,2743
191,690
191,1913
191,1023
191,2744
191,1494
191,2714
191,2745
191,663
191,465
191,359
191,360
191,2746
191,1481
191,286
191,287
191,290
191,291
191,2127
191,2747
191,2030
191,814
191,491
191,2031
191,2032
191,476
191,2033
191,2033
191,477
191,230
192,234
192,234
192,234
192,234
192,713
192,325
192,145
192,1573
192,1573
192,419
192,235
192,235
192,236
192,236
192,628
192,1245
192,1961
192,1961
192,108
192,108
192,1248
192,709
192,65
192,65
192,65
192,111
192,111
192,255
192,255
192,255
192,1251
192,2748
192,2748
192,2749
192,969
192,1821
192,1821
192,2750
192,2445
192,456
192,970
192,1254
192,1254
192,1255
192,1255
192,972
192,2614
192,2751
192,781
192,781
192,1287
192,1440
192,189
192,166
192,121
192,880
192,1258
192,2752
192,2753
192,893
192,2471
192,131
192,2754
192,2394
192,671
192,1374
192,134
192,229
192,1967
192,1265
192,1265
192,1265
192,929
192,2755
192,1151
192,1151
192,819
192,1033
192,736
192,736
192,386
192,386
192,2756
192,770
192,770
192,984
192,984
192,2757
192,2758
192,1273
192,1955
192,864
192,406
192,2395
192,230
192,1277
192,1279
193,87
193,2759
193,1679
193,2760
193,1991
193,1991
193,1686
194,324
194,324
194,65
194,266
194,2193
194,666
194,197
194,1767
194,363
194,2761
194,2762
194,2763
194,738
194,387
194,387
195,2764
195,52
195,133
195,54
195,1306
195,387
195,59
195,2612
196,1241
196,91
196,1139
196,2765
196,1242
196,3
196,159
196,324
196,324
196,325
196,325
196,100
196,100
196,145
196,145
196,1140
196,1140
196,327
196,1246
196,1247
196,1247
196,1249
196,1250
196,110
196,332
196,65
196,65
196,111
196,111
196,333
196,255
196,162
196,10
196,1251
196,613
196,184
196,599
196,262
196,268
196,906
196,1256
196,1143
196,1143
196,15
196,117
196,1257
196,1021
196,1144
196,166
196,1145
196,1146
196,1258
196,1208
196,1259
196,910
196,427
196,35
196,149
196,1261
196,757
196,171
196,171
196,53
196,53
196,794
196,1147
196,1148
196,2766
196,801
196,1839
196,1263
196,616
196,378
196,306
196,306
196,211
196,1264
196,1149
196,1265
196,1150
196,1269
196,1151
196,1151
196,218
196,137
196,219
196,220
196,385
196,710
196,984
196,154
196,1272
196,139
196,316
196,317
196,1273
196,1274
196,155
196,141
196,1275
196,406
196,1276
196,408
196,517
196,1277
196,851
196,1281
196,1282
197,2767
197,2768
197,241
197,2769
197,172
197,158
197,144
197,144
197,232
197,159
197,324
197,100
197,145
197,62
197,2299
197,1191
197,596
197,109
197,147
197,332
197,87
197,860
197,746
197,746
197,2770
197,261
197,1142
197,457
197,501
197,264
197,264
197,458
197,2771
197,459
197,1437
197,2453
197,504
197,525
197,2772
197,166
197,1401
197,191
197,721
197,2460
197,276
197,276
197,277
197,233
197,280
197,353
197,2174
197,35
197,35
197,1739
197,665
197,666
197,2754
197,509
197,287
197,287
197,362
197,1116
197,2773
197,363
197,363
197,203
197,365
197,365
197,204
197,291
197,920
197,920
197,468
197,370
197,2774
197,1720
197,531
197,208
197,208
197,304
197,304
197,764
197,846
197,1997
197,1863
197,1636
197,308
197,135
197,837
197,2775
197,491
197,385
197,385
197,311
197,703
197,711
197,1810
197,154
197,154
197,397
197,315
197,138
197,138
197,772
197,772
197,2776
197,477
197,517
197,230
197,2390
197,227
197,521
197,521
197,1569
198,324
198,415
198,1155
198,1462
198,87
198,1092
198,68
198,166
198,276
198,509
198,287
198,363
199,319
199,319
199,2777
199,2778
199,100
199,100
199,2779
199,145
199,145
199,900
199,1782
199,1782
199,327
199,1869
199,1869
199,177
199,177
199,179
199,2780
199,960
199,110
199,87
199,745
199,968
199,716
199,1399
199,336
199,1239
199,1239
199,501
199,501
199,263
199,263
199,264
199,264
199,1317
199,1389
199,1437
199,18
199,18
199,503
199,2150
199,2150
199,2781
199,121
199,2782
199,2782
199,1791
199,278
199,278
199,1987
199,881
199,1940
199,1179
199,149
199,357
199,357
199,131
199,131
199,2177
199,915
199,842
199,292
199,920
199,920
199,370
199,300
199,2324
199,376
199,616
199,2783
199,211
199,211
199,212
199,213
199,2784
199,135
199,135
199,1188
199,2156
199,309
199,309
199,2785
199,1231
199,1231
199,136
199,136
199,137
199,382
199,384
199,384
199,220
199,385
199,386
199,386
199,537
199,537
199,514
199,514
199,310
199,310
199,311
199,677
199,59
199,394
199,154
199,138
199,316
199,316
199,2786
199,864
199,406
199,406
199,407
199,407
199,1299
199,1299
199,517
199,518
199,2787
199,411
199,411
199,156
200,234
200,234
200,325
200,145
200,236
200,236
200,65
200,1251
200,970
200,2788
200,781
200,718
200,1158
200,943
200,2789
200,2790
200,1440
200,2791
200,189
200,2792
200,893
200,131
200,2394
200,134
200,134
200,978
200,229
200,490
200,1265
200,1151
200,406
200,2395
200,230
200,1279
201,1931
201,1573
201,1932
201,2793
201,2794
201,65
201,715
201,261
201,1933
201,1851
201,1206
201,1934
201,165
201,1159
201,1159
201,1935
201,1936
201,1937
201,1938
201,892
201,1940
201,53
201,363
201,295
201,1942
201,1943
201,1944
201,1945
201,1946
201,1947
201,1949
201,306
201,1951
201,980
201,490
201,1638
201,863
201,1953
201,1151
201,136
201,136
201,818
201,311
201,824
201,711
201,711
201,394
201,314
201,1954
201,1642
201,1273
201,1955
201,1854
201,1643
201,1956
201,452
202,2795
202,2796
202,2797
202,65
202,2798
202,2799
202,2800
202,2801
202,2802
202,2803
202,823
202,406
203,2804
203,2805
203,323
203,2806
203,2807
203,2808
203,419
203,1183
203,1141
203,1141
203,2361
203,65
203,65
203,257
203,184
203,258
203,336
203,600
203,268
203,2243
203,781
203,2809
203,117
203,165
203,2244
203,526
203,2810
203,1161
203,2811
203,1371
203,429
203,131
203,915
203,916
203,363
203,431
203,918
203,919
203,2381
203,2276
203,2812
203,2813
203,2814
203,925
203,1262
203,2250
203,208
203,1501
203,846
203,381
203,437
203,136
203,218
203,218
203,2815
203,220
203,385
203,390
203,390
203,1430
203,2816
203,396
203,140
203,140
203,741
203,2817
203,539
203,851
204,2769
204,2818
204,144
204,159
204,324
204,100
204,960
204,87
204,746
204,262
204,263
204,268
204,2819
204,166
204,276
204,277
204,195
204,1214
204,363
204,203
204,365
204,1802
204,375
204,212
204,1841
204,136
204,737
204,386
204,738
204,514
204,770
204,154
204,398
204,404
204,230
204,226
205,144
205,65
205,166
205,2457
205,2820
205,1556
205,666
205,2821
205,2507
206,173
206,163
206,749
206,1411
206,165
206,1021
206,856
207,65
207,880
207,2822
207,473
208,2823
208,2823
208,2824
208,2824
208,560
208,560
208,623
208,838
208,2825
208,248
208,144
208,159
208,324
208,325
208,325
208,100
208,415
208,415
208,415
208,415
208,145
208,1409
208,2826
208,2038
208,2038
208,988
208,106
208,890
208,627
208,628
208,1899
208,7
208,63
208,253
208,1462
208,65
208,65
208,333
208,333
208,87
208,632
208,1087
208,1087
208,1087
208,115
208,264
208,264
208,13
208,2827
208,188
208,1092
208,1092
208,1092
208,2828
208,15
208,15
208,1019
208,1019
208,1019
208,16
208,16
208,569
208,2829
208,2829
208,2830
208,20
208,1133
208,1020
208,486
208,2055
208,571
208,571
208,1468
208,1468
208,1468
208,1468
208,2831
208,23
208,23
208,166
208,1320
208,1775
208,1775
208,238
208,1098
208,1098
208,947
208,2832
208,1099
208,1099
208,2306
208,2306
208,585
208,585
208,585
208,35
208,666
208,2833
208,2833
208,2221
208,2221
208,2834
208,287
208,287
208,289
208,289
208,290
208,290
208,994
208,1917
208,54
208,2480
208,2480
208,55
208,2835
208,2836
208,2836
208,2837
208,1753
208,2838
208,2839
208,2839
208,491
208,676
208,84
208,84
208,84
208,1065
208,2840
208,2840
208,59
208,452
208,517
208,1358
208,1570
209,319
209,91
209,91
209,832
209,100
209,100
209,326
209,145
209,102
209,103
209,104
209,235
209,108
209,110
209,65
209,111
209,112
209,115
209,117
209,119
209,121
209,123
209,130
209,35
209,2471
209,1418
209,131
209,2177
209,363
209,2621
209,134
209,55
209,1262
209,450
209,135
209,135
209,451
209,136
209,137
209,608
209,154
209,138
209,140
209,141
209,406
209,452
209,142
209,1277
209,143
209,876
210,2768
210,2146
210,2146
210,157
210,2841
210,2841
210,1014
210,144
210,159
210,324
210,324
210,325
210,100
210,100
210,145
210,145
210,1384
210,744
210,180
210,87
210,10
210,2842
210,1239
210,148
210,148
210,504
210,121
210,273
210,2843
210,277
210,280
210,428
210,2844
210,2844
210,509
210,363
210,363
210,364
210,2845
210,2563
210,763
210,766
210,766
210,308
210,308
210,2846
210,2846
210,1231
210,1231
210,136
210,218
210,218
210,220
210,220
210,385
210,385
210,396
210,396
210,154
210,138
210,138
210,398
210,515
210,440
210,850
210,850
210,517
210,226
210,226
210,611
210,611
211,2063
211,2847
211,1924
211,249
211,145
211,2848
211,1017
211,2849
211,419
211,8
211,65
211,632
211,2850
211,599
211,1437
211,718
211,1319
211,2851
211,1439
211,1712
211,166
211,277
211,2852
211,690
211,2124
211,2853
211,426
211,2854
211,2855
211,82
211,2856
211,994
211,2857
211,490
211,814
211,308
211,2858
212,2859
212,158
212,3
212,249
212,249
212,159
212,159
212,324
212,100
212,100
212,145
212,145
212,565
212,65
212,1511
212,460
212,2186
212,343
212,2187
212,166
212,2188
212,2191
212,1442
212,35
212,2860
212,2861
212,291
212,2198
212,2200
212,2201
212,672
212,308
212,491
212,2207
212,2210
213,2767
213,241
213,1311
213,232
213,159
213,159
213,159
213,100
213,100
213,415
213,415
213,145
213,62
213,1017
213,1017
213,1017
213,1017
213,2862
213,541
213,541
213,1201
213,854
213,597
213,147
213,2863
213,2864
213,2865
213,2866
213,63
213,2867
213,253
213,253
213,253
213,2868
213,2869
213,2869
213,87
213,714
213,162
213,480
213,260
213,263
213,13
213,68
213,148
213,1905
213,1517
213,1144
213,2150
213,120
213,1145
213,2870
213,1666
213,276
213,277
213,1471
213,614
213,753
213,1024
213,353
213,353
213,353
213,2871
213,2174
213,2413
213,35
213,2872
213,796
213,287
213,1116
213,1116
213,363
213,363
213,290
213,487
213,1590
213,211
213,1031
213,214
213,837
213,837
213,1807
213,136
213,2873
213,220
213,2874
213,2875
213,704
213,2876
213,1334
213,538
213,1354
213,2877
213,49
214,1363
214,172
214,172
214,2878
214,144
214,3
214,232
214,159
214,159
214,324
214,325
214,100
214,145
214,145
214,495
214,2879
214,2879
214,160
214,327
214,178
214,2880
214,960
214,8
214,161
214,65
214,632
214,255
214,10
214,10
214,566
214,256
214,184
214,335
214,260
214,337
214,501
214,1730
214,270
214,270
214,148
214,543
214,166
214,121
214,1146
214,1146
214,2881
214,614
214,753
214,233
214,350
214,527
214,527
214,1832
214,2526
214,354
214,354
214,171
214,428
214,131
214,796
214,363
214,365
214,292
214,920
214,1395
214,1395
214,2882
214,434
214,375
214,376
214,2883
214,846
214,211
214,381
214,213
214,1704
214,1265
214,724
214,215
214,1188
214,2156
214,220
214,549
214,385
214,385
214,537
214,389
214,770
214,703
214,59
214,154
214,399
214,609
214,772
214,140
214,402
214,404
214,404
214,141
214,226
214,2884
214,611
214,612
215,742
215,2885
215,613
215,1070
215,233
215,355
215,373
215,376
215,135
215,1705
215,313
215,402
215,227
216,87
216,1320
216,2886
217,65
217,66
217,2335
218,1339
218,2887
218,2888
218,2889
218,2890
218,2891
218,2892
218,295
218,1685
218,469
218,469
218,1919
218,2572
218,2572
218,1921
219,239
219,239
219,239
219,239
219,2768
219,240
219,240
219,240
219,240
219,241
219,241
219,241
219,241
219,242
219,242
219,242
219,242
219,243
219,243
219,243
219,243
219,243
219,2893
219,158
219,173
219,173
219,173
219,173
219,173
219,1014
219,1014
219,249
219,249
219,249
219,249
219,159
219,159
219,159
219,159
219,159
219,159
219,324
219,325
219,100
219,100
219,100
219,100
219,100
219,100
219,100
219,145
219,62
219,62
219,62
219,62
219,103
219,2894
219,160
219,160
219,160
219,160
219,1284
219,1247
219,147
219,147
219,147
219,147
219,996
219,251
219,253
219,253
219,253
219,253
219,253
219,161
219,161
219,161
219,161
219,87
219,10
219,10
219,10
219,10
219,10
219,256
219,256
219,256
219,256
219,257
219,257
219,257
219,257
219,184
219,184
219,184
219,184
219,184
219,259
219,259
219,259
219,259
219,259
219,260
219,260
219,260
219,260
219,748
219,261
219,261
219,261
219,261
219,262
219,262
219,262
219,262
219,2005
219,263
219,263
219,263
219,263
219,264
219,264
219,264
219,264
219,265
219,265
219,265
219,265
219,13
219,13
219,13
219,13
219,13
219,266
219,266
219,266
219,266
219,267
219,267
219,267
219,267
219,269
219,269
219,269
219,269
219,1389
219,271
219,271
219,271
219,271
219,503
219,503
219,165
219,118
219,272
219,272
219,272
219,272
219,1145
219,273
219,273
219,273
219,273
219,190
219,1827
219,275
219,275
219,275
219,275
219,276
219,276
219,276
219,276
219,276
219,2895
219,277
219,277
219,277
219,277
219,278
219,278
219,278
219,278
219,279
219,279
219,279
219,279
219,349
219,527
219,2896
219,281
219,281
219,281
219,281
219,757
219,282
219,282
219,282
219,282
219,282
219,283
219,283
219,283
219,283
219,882
219,428
219,131
219,131
219,131
219,131
219,131
219,285
219,285
219,285
219,285
219,53
219,2897
219,2414
219,286
219,286
219,286
219,286
219,287
219,287
219,287
219,287
219,362
219,1116
219,288
219,288
219,288
219,288
219,289
219,289
219,289
219,289
219,290
219,290
219,290
219,290
219,365
219,291
219,291
219,291
219,291
219,292
219,292
219,292
219,292
219,292
219,294
219,294
219,294
219,294
219,920
219,295
219,295
219,295
219,295
219,2898
219,296
219,296
219,296
219,296
219,297
219,297
219,297
219,297
219,297
219,2899
219,2010
219,298
219,298
219,298
219,298
219,299
219,299
219,299
219,299
219,369
219,370
219,300
219,300
219,300
219,300
219,301
219,301
219,301
219,301
219,302
219,302
219,302
219,302
219,303
219,303
219,303
219,303
219,304
219,304
219,304
219,304
219,304
219,305
219,305
219,305
219,305
219,306
219,306
219,306
219,306
219,306
219,211
219,211
219,211
219,211
219,211
219,211
219,211
219,213
219,213
219,213
219,213
219,1704
219,307
219,307
219,307
219,307
219,1150
219,308
219,308
219,308
219,308
219,214
219,215
219,215
219,215
219,215
219,309
219,309
219,309
219,309
219,2900
219,389
219,311
219,311
219,311
219,311
219,438
219,390
219,59
219,59
219,59
219,59
219,154
219,315
219,315
219,315
219,315
219,316
219,317
219,317
219,317
219,317
219,1354
219,2096
220,2901
220,65
220,750
220,750
220,2558
220,2902
220,131
220,131
220,376
220,376
220,1397
220,2903
220,2903
220,1138
220,1138
221,145
221,65
221,188
221,2904
221,2552
221,2905
221,580
221,131
221,375
221,135
221,398
222,838
222,838
222,1596
222,158
222,158
222,324
222,859
222,328
222,1899
222,8
222,65
222,937
222,2906
222,941
222,482
222,1908
222,2907
222,1439
222,118
222,2068
222,2068
222,2908
222,2908
222,121
222,2904
222,2909
222,1513
222,2617
222,2060
222,133
222,994
222,994
222,2761
222,2762
222,2762
222,2763
222,2910
222,814
222,308
222,2911
222,473
222,473
222,1064
222,387
222,387
222,1065
222,1065
222,677
222,677
222,852
222,852
223,319
223,832
223,158
223,1247
223,65
223,340
223,781
223,1411
223,918
223,919
223,1219
223,2814
223,925
223,1262
223,927
223,730
223,435
223,490
223,1376
223,932
223,218
223,384
223,933
223,2912
223,310
223,396
223,1299
223,521
224,558
224,2913
224,1957
224,1957
224,158
224,3
224,99
224,99
224,159
224,325
224,325
224,2066
224,100
224,100
224,2914
224,7
224,967
224,65
224,10
224,10
224,1168
224,2132
224,15
224,484
224,2915
224,2301
224,71
224,2916
224,1133
224,525
224,2013
224,2013
224,128
224,579
224,579
224,2917
224,149
224,445
224,228
224,228
224,509
224,1325
224,1325
224,82
224,590
224,55
224,2918
224,2919
224,450
224,450
224,42
224,451
224,2205
224,1229
224,1229
224,2920
224,406
224,406
224,452
224,452
224,143
224,143
224,1358
224,2921
224,875
225,635
225,1640
225,2922
226,1698
226,1520
226,2923
226,2924
226,322
226,172
226,158
226,232
226,159
226,159
226,159
226,324
226,324
226,100
226,100
226,100
226,326
226,145
226,145
226,145
226,145
226,1191
226,1140
226,327
226,327
226,235
226,107
226,109
226,177
226,1249
226,2024
226,147
226,744
226,179
226,709
226,684
226,180
226,1366
226,110
226,1575
226,333
226,87
226,87
226,87
226,162
226,10
226,163
226,2925
226,834
226,2004
226,2018
226,634
226,748
226,748
226,1239
226,2926
226,337
226,2005
226,263
226,264
226,1184
226,270
226,14
226,148
226,148
226,552
226,503
226,2520
226,543
226,165
226,165
226,2927
226,2928
226,1146
226,274
226,276
226,277
226,277
226,277
226,25
226,25
226,2929
226,424
226,349
226,2069
226,233
226,2558
226,351
226,2930
226,2931
226,2644
226,2114
226,2114
226,1391
226,727
226,913
226,35
226,355
226,355
226,758
226,758
226,2932
226,199
226,868
226,131
226,1027
226,914
226,669
226,360
226,2933
226,841
226,841
226,796
226,287
226,287
226,363
226,203
226,203
226,364
226,365
226,365
226,291
226,2934
226,2275
226,1218
226,2621
226,370
226,1743
226,1890
226,2882
226,376
226,208
226,208
226,304
226,304
226,210
226,378
226,378
226,378
226,378
226,764
226,764
226,764
226,730
226,152
226,2935
226,2935
226,42
226,306
226,306
226,211
226,211
226,1074
226,1074
226,1074
226,1636
226,930
226,308
226,135
226,135
226,1638
226,1920
226,1774
226,1774
226,136
226,136
226,1033
226,220
226,220
226,385
226,385
226,386
226,702
226,310
226,311
226,391
226,391
226,391
226,770
226,703
226,703
226,703
226,59
226,711
226,394
226,394
226,608
226,154
226,138
226,138
226,138
226,138
226,399
226,772
226,772
226,222
226,2162
226,155
226,404
226,404
226,2936
226,2937
226,2937
226,406
226,406
226,406
226,1706
226,226
226,226
226,2938
226,521
226,521
226,1568
226,1568
226,612
226,156
227,2143
227,2939
227,2940
227,2941
227,2512
227,100
227,145
227,2574
227,102
227,2942
227,2943
227,2358
227,235
227,329
227,2944
227,1817
227,2945
227,179
227,63
227,442
227,110
227,1757
227,779
227,1575
227,967
227,65
227,10
227,184
227,112
227,2946
227,1581
227,600
227,268
227,2947
227,2948
227,2367
227,165
227,2949
227,121
227,1146
227,2950
227,126
227,1550
227,2463
227,2890
227,506
227,1554
227,195
227,2951
227,33
227,35
227,666
227,666
227,1293
227,131
227,131
227,2952
227,2007
227,841
227,2953
227,1148
227,1375
227,2954
227,803
227,2598
227,2955
227,1263
227,375
227,730
227,2956
227,305
227,1892
227,306
227,211
227,2957
227,213
227,1265
227,930
227,1007
227,214
227,215
227,815
227,2635
227,136
227,136
227,2404
227,383
227,219
227,1844
227,220
227,385
227,2178
227,386
227,221
227,1065
227,390
227,770
227,2730
227,608
227,154
227,315
227,2958
227,1595
227,222
227,1354
227,85
227,406
227,1299
227,477
227,517
227,230
227,409
227,226
227,851
227,2959
227,2509
227,852
227,852
227,1570
228,2960
228,2961
228,2962
228,2963
228,2964
228,2965
228,2966
228,2967
228,2968
228,2969
228,820
228,2970
229,2971
229,2767
229,558
229,1520
229,742
229,98
229,1521
229,1041
229,1015
229,1618
229,1457
229,1522
229,1522
229,249
229,159
229,159
229,101
229,101
229,415
229,415
229,2972
229,62
229,2973
229,478
229,479
229,479
229,626
229,63
229,63
229,2974
229,8
229,87
229,87
229,1087
229,480
229,481
229,750
229,458
229,458
229,13
229,13
229,482
229,483
229,484
229,16
229,1319
229,1872
229,1523
229,1523
229,485
229,20
229,343
229,1020
229,1524
229,1525
229,486
229,2908
229,119
229,990
229,2641
229,1526
229,648
229,166
229,1527
229,1320
229,2843
229,2975
229,1528
229,2976
229,1529
229,424
229,1471
229,1322
229,1322
229,576
229,576
229,238
229,280
229,280
229,2977
229,29
229,1530
229,1531
229,1531
229,88
229,1532
229,2978
229,1556
229,665
229,1479
229,1107
229,2979
229,1112
229,1481
229,287
229,1115
229,1115
229,289
229,289
229,290
229,290
229,487
229,488
229,291
229,55
229,55
229,489
229,490
229,491
229,491
229,492
229,46
229,493
229,2071
229,1774
229,2980
229,1533
229,440
229,517
229,2507
229,494
230,832
230,159
230,159
230,159
230,100
230,145
230,145
230,327
230,2240
230,178
230,110
230,110
230,110
230,87
230,10
230,10
230,184
230,335
230,259
230,187
230,187
230,13
230,268
230,148
230,2981
230,2147
230,165
230,1582
230,526
230,2781
230,2982
230,2982
230,276
230,277
230,277
230,233
230,280
230,2983
230,527
230,170
230,2984
230,195
230,1442
230,529
230,35
230,354
230,354
230,758
230,198
230,198
230,357
230,357
230,131
230,131
230,2985
230,2985
230,363
230,364
230,1147
230,366
230,2986
230,2987
230,2987
230,2383
230,531
230,531
230,2988
230,377
230,378
230,42
230,886
230,886
230,2989
230,2989
230,211
230,211
230,381
230,212
230,213
230,512
230,1405
230,1638
230,2990
230,2990
230,2991
230,2991
230,136
230,536
230,384
230,384
230,384
230,1033
230,220
230,1044
230,385
230,385
230,537
230,537
230,387
230,1429
230,710
230,710
230,710
230,310
230,391
230,391
230,313
230,313
230,608
230,154
230,154
230,397
230,138
230,316
230,316
230,316
230,140
230,140
230,1189
230,1189
230,850
230,850
230,2163
230,2163
230,141
230,141
230,708
230,708
230,517
230,230
230,226
230,411
230,411
230,852
230,156
231,2992
231,2993
231,65
231,2994
231,2995
231,2996
231,2997
231,29
231,2998
231,2999
231,1442
231,3000
231,666
231,131
231,82
231,3001
231,672
231,3002
231,491
231,473
231,1921
231,3003
231,3004
231,2922
232,2941
232,2047
232,1618
232,1085
232,65
232,1962
232,2132
232,749
232,1622
232,1624
232,750
232,2581
232,638
232,1159
232,166
232,3005
232,721
232,3006
232,3007
232,2193
232,665
232,1631
232,1163
232,3008
232,3008
232,871
232,375
232,1997
232,2489
232,213
232,308
232,1397
232,3009
232,491
232,1638
232,863
232,385
232,711
232,1954
232,1646
232,1138
232,1138
233,65
233,3010
233,3011
233,1389
233,1159
233,2455
233,2457
233,3012
233,1964
233,88
233,3013
233,3014
233,3015
233,3016
233,3017
233,3018
233,3019
233,3020
233,3021
233,3022
233,3023
233,3024
233,2496
233,2507
234,1618
234,1619
234,858
234,329
234,1575
234,65
234,65
234,1620
234,1620
234,87
234,1621
234,1622
234,1622
234,457
234,457
234,457
234,1623
234,1624
234,1624
234,750
234,750
234,600
234,638
234,638
234,1625
234,1626
234,1626
234,1318
234,1159
234,1159
234,1159
234,1628
234,1628
234,880
234,880
234,721
234,1629
234,1630
234,3025
234,1631
234,1631
234,1633
234,82
234,132
234,1634
234,1635
234,381
234,1636
234,1637
234,1637
234,1637
234,1397
234,1397
234,1638
234,1639
234,863
234,863
234,473
234,1640
234,1641
234,711
234,711
234,1642
234,1642
234,864
234,864
234,864
234,1644
234,1645
234,1645
234,1646
234,1646
234,866
234,3026
234,1647
235,234
235,234
235,235
235,235
235,967
235,87
235,968
235,237
235,970
235,972
235,973
235,974
235,1320
235,976
235,2717
235,893
235,671
235,977
235,134
235,134
235,978
235,979
235,980
235,981
235,982
235,983
235,740
235,1271
235,984
235,985
235,986
235,3027
235,494
236,867
236,3028
236,325
236,3029
236,1247
236,65
236,2004
236,3030
236,187
236,1535
236,3031
236,3032
236,1935
236,1440
236,1441
236,3033
236,1160
236,3034
236,88
236,2625
236,131
236,3035
236,2007
236,1350
236,1350
236,1447
236,1448
236,1519
236,1519
236,3036
236,1224
236,211
236,136
237,87
237,3037
237,1808
238,3038
238,144
238,232
238,159
238,254
238,65
238,163
238,3039
238,148
238,165
238,1021
238,974
238,193
238,2870
238,150
238,306
239,2254
239,87
239,3040
240,1075
240,867
240,867
240,239
240,2180
240,172
240,1154
240,173
240,173
240,159
240,159
240,324
240,325
240,100
240,145
240,145
240,62
240,62
240,174
240,160
240,160
240,597
240,177
240,147
240,497
240,63
240,63
240,63
240,161
240,161
240,65
240,183
240,599
240,186
240,266
240,270
240,148
240,148
240,552
240,20
240,343
240,165
240,2244
240,2244
240,273
240,3041
240,1528
240,193
240,277
240,168
240,168
240,690
240,238
240,577
240,35
240,35
240,1211
240,692
240,759
240,428
240,131
240,3042
240,2084
240,286
240,203
240,205
240,920
240,295
240,3043
240,1719
240,55
240,55
240,764
240,3044
240,305
240,3045
240,606
240,211
240,212
240,213
240,765
240,765
240,308
240,308
240,215
240,1841
240,136
240,136
240,218
240,218
240,382
240,382
240,219
240,384
240,384
240,1044
240,1044
240,385
240,702
240,710
240,710
240,3046
240,313
240,138
240,138
240,316
240,316
240,402
240,402
240,850
240,610
240,226
240,226
240,226
240,519
240,2165
240,3047
240,611
241,239
241,558
241,3048
241,3049
241,560
241,172
241,1013
241,1013
241,1013
241,3050
241,97
241,98
241,98
241,98
241,2651
241,2651
241,158
241,713
241,713
241,173
241,144
241,144
241,144
241,144
241,3
241,99
241,232
241,232
241,159
241,159
241,159
241,159
241,159
241,159
241,324
241,324
241,324
241,324
241,324
241,325
241,100
241,100
241,100
241,100
241,145
241,145
241,145
241,145
241,145
241,1243
241,3051
241,936
241,160
241,1460
241,105
241,106
241,3052
241,147
241,1141
241,744
241,63
241,251
241,110
241,8
241,8
241,8
241,161
241,65
241,65
241,65
241,162
241,10
241,10
241,163
241,163
241,163
241,163
241,1662
241,566
241,1399
241,184
241,938
241,3053
241,1169
241,260
241,748
241,748
241,3054
241,3054
241,3055
241,3055
241,3055
241,3056
241,1256
241,188
241,188
241,718
241,718
241,718
241,484
241,484
241,116
241,148
241,3057
241,3058
241,3058
241,2907
241,343
241,165
241,165
241,52
241,1021
241,3059
241,3059
241,989
241,74
241,119
241,166
241,166
241,121
241,121
241,121
241,2328
241,2328
241,2328
241,1603
241,2904
241,2904
241,124
241,124
241,124
241,193
241,3060
241,277
241,277
241,277
241,126
241,126
241,168
241,279
241,1054
241,1775
241,577
241,280
241,3061
241,3062
241,3063
241,426
241,426
241,3064
241,35
241,35
241,35
241,149
241,149
241,445
241,758
241,1171
241,3065
241,1177
241,3066
241,3067
241,3068
241,359
241,2861
241,895
241,82
241,82
241,133
241,133
241,3069
241,54
241,54
241,54
241,54
241,54
241,54
241,54
241,54
241,2835
241,2331
241,3070
241,305
241,1454
241,3071
241,3071
241,153
241,306
241,306
241,211
241,211
241,211
241,211
241,211
241,211
241,490
241,213
241,1265
241,724
241,724
241,3072
241,3072
241,3072
241,3072
241,3072
241,3073
241,3074
241,817
241,1230
241,1230
241,3075
241,493
241,3076
241,3077
241,1066
241,1066
241,1066
241,3078
241,59
241,154
241,154
241,154
241,154
241,2606
241,315
241,3079
241,440
241,957
241,222
241,406
241,406
241,406
241,406
241,406
241,406
241,1617
241,517
241,517
241,230
241,225
241,143
241,1236
241,851
241,1568
241,156
241,156
241,156
242,890
242,87
242,3080
242,1253
242,237
242,749
242,2173
242,238
242,88
242,893
242,666
242,3081
242,131
242,82
242,132
242,978
242,214
242,1138
243,3082
243,1536
243,332
243,65
243,551
243,263
243,1439
243,2058
243,2068
243,504
243,2552
243,54
243,436
243,214
244,319
244,99
244,159
244,159
244,324
244,324
244,325
244,325
244,145
244,2879
244,329
244,65
244,2003
244,10
244,163
244,2183
244,1399
244,599
244,3083
244,3005
244,2335
244,3084
244,3085
244,277
244,3086
244,3086
244,88
244,3087
244,3088
244,3089
244,3089
244,428
244,587
244,895
244,1129
244,295
244,3090
244,2086
244,469
244,308
244,1919
244,218
244,385
244,154
244,154
244,452
244,3091
244,876
245,239
245,3092
245,3048
245,3093
245,2795
245,3094
245,3094
245,3049
245,3049
245,3049
245,560
245,172
245,172
245,172
245,172
245,323
245,3095
245,3050
245,3050
245,3050
245,97
245,98
245,98
245,98
245,2651
245,2651
245,2651
245,2651
245,2651
245,247
245,158
245,713
245,173
245,173
245,173
245,173
245,144
245,144
245,144
245,3
245,99
245,99
245,232
245,159
245,159
245,159
245,159
245,159
245,324
245,324
245,324
245,324
245,100
245,100
245,101
245,101
245,145
245,145
245,145
245,145
245,145
245,2972
245,103
245,1243
245,3051
245,160
245,160
245,176
245,1460
245,106
245,147
245,1141
245,1141
245,3096
245,63
245,251
245,110
245,110
245,110
245,110
245,332
245,252
245,253
245,253
245,8
245,161
245,1655
245,65
245,65
245,65
245,65
245,255
245,255
245,183
245,183
245,183
245,162
245,162
245,10
245,10
245,10
245,163
245,163
245,163
245,163
245,163
245,163
245,1662
245,551
245,566
245,746
245,256
245,1399
245,1399
245,1399
245,1341
245,184
245,184
245,184
245,3053
245,3053
245,260
245,748
245,3097
245,1821
245,600
245,3054
245,3055
245,50
245,3056
245,1050
245,482
245,1256
245,1256
245,1143
245,188
245,188
245,718
245,718
245,148
245,148
245,148
245,2962
245,2962
245,343
245,343
245,165
245,165
245,165
245,165
245,165
245,165
245,165
245,52
245,1021
245,1021
245,1021
245,601
245,601
245,989
245,525
245,74
245,119
245,3098
245,166
245,1145
245,121
245,121
245,121
245,2328
245,1603
245,124
245,124
245,124
245,124
245,125
245,193
245,2870
245,2870
245,3060
245,277
245,126
245,126
245,3099
245,168
245,168
245,168
245,279
245,1054
245,577
245,280
245,3061
245,3061
245,3100
245,3062
245,129
245,3063
245,1832
245,1832
245,3101
245,3064
245,3102
245,149
245,149
245,149
245,149
245,445
245,445
245,757
245,758
245,758
245,1177
245,3103
245,3103
245,3068
245,1110
245,359
245,2861
245,895
245,3104
245,82
245,133
245,1327
245,54
245,54
245,54
245,54
245,54
245,54
245,54
245,54
245,55
245,3105
245,3070
245,57
245,304
245,3106
245,305
245,305
245,1454
245,2304
245,2304
245,3071
245,3071
245,3071
245,306
245,306
245,306
245,306
245,306
245,211
245,211
245,211
245,211
245,211
245,211
245,490
245,814
245,1266
245,1266
245,3072
245,3072
245,817
245,1230
245,3075
245,3075
245,536
245,218
245,218
245,219
245,220
245,387
245,312
245,1066
245,823
245,823
245,3107
245,3107
245,2547
245,154
245,154
245,154
245,154
245,2606
245,2606
245,1272
245,315
245,440
245,3108
245,850
245,1355
245,1068
245,406
245,406
245,406
245,406
245,406
245,1276
245,1617
245,230
245,225
245,225
245,225
245,225
245,143
245,143
245,3109
245,1236
245,1236
245,3110
245,3110
245,1279
245,851
245,851
245,851
245,851
245,1568
245,1568
245,1568
245,612
245,156
245,156
245,156
245,156
245,156
245,156
246,248
246,1924
246,159
246,145
246,859
246,1899
246,65
246,568
246,552
246,1020
246,2068
246,3111
246,2552
246,1023
246,3112
246,2060
246,3113
246,3114
247,157
247,2512
247,713
247,713
247,1924
247,159
247,159
247,145
247,102
247,3115
247,63
247,180
247,332
247,1655
247,1655
247,65
247,65
247,632
247,632
247,162
247,162
247,10
247,163
247,184
247,148
247,3116
247,2851
247,165
247,1144
247,121
247,277
247,614
247,3117
247,3117
247,426
247,283
247,1108
247,1312
247,292
247,856
247,1715
247,3118
247,896
247,1058
247,1058
247,3119
247,2529
247,2529
247,2530
247,152
247,153
247,211
247,213
247,929
247,724
247,1636
247,814
247,931
247,214
247,214
247,1130
247,218
247,219
247,219
247,220
247,220
247,385
247,385
247,1430
247,2875
247,396
247,706
247,515
247,317
247,1846
247,140
247,140
247,1595
247,516
247,555
247,610
247,406
247,1299
247,1178
247,2110
248,419
248,709
248,1366
248,65
248,715
248,121
248,3120
248,909
248,3014
248,3121
248,795
248,3122
248,1686
248,929
248,3123
248,1451
248,3124
248,3125
248,934
249,523
249,3126
249,3127
249,322
249,159
249,324
249,100
249,145
249,877
249,327
249,1869
249,744
249,179
249,110
249,498
249,87
249,10
249,1204
249,1341
249,263
249,268
249,340
249,3128
249,192
249,347
249,277
249,126
249,690
249,3129
249,506
249,2114
249,1391
249,282
249,759
249,357
249,131
249,796
249,2985
249,362
249,365
249,291
249,3130
249,2812
249,370
249,373
249,375
249,616
249,377
249,304
249,379
249,730
249,211
249,3131
249,213
249,308
249,2784
249,3132
249,3133
249,473
249,536
249,218
249,382
249,220
249,385
249,1594
249,873
249,514
249,390
249,391
249,59
249,395
249,396
249,154
249,138
249,398
249,399
249,316
249,771
249,402
249,850
249,2163
249,141
249,407
249,226
249,411
249,612
249,156
250,713
250,159
250,324
250,325
250,100
250,145
250,160
250,161
250,333
250,87
250,163
250,3057
250,165
250,504
250,1826
250,166
250,276
250,277
250,363
250,365
250,376
250,208
250,211
250,813
250,308
250,382
250,384
250,389
250,608
250,154
250,404
250,141
250,612
250,156
251,867
251,1776
251,144
251,324
251,100
251,3134
251,177
251,744
251,497
251,709
251,709
251,565
251,967
251,65
251,968
251,3080
251,2131
251,339
251,1206
251,1625
251,1625
251,718
251,1158
251,1601
251,121
251,3135
251,1291
251,3136
251,1162
251,2402
251,1856
251,3137
251,3138
251,3139
251,3140
251,1830
251,3141
251,3142
251,3143
251,3144
251,428
251,53
251,2340
251,796
251,762
251,1741
251,3145
251,3146
251,3147
251,3148
251,1804
251,1804
251,373
251,1501
251,3149
251,379
251,3150
251,305
251,211
251,211
251,1703
251,1074
251,213
251,1265
251,214
251,437
251,863
251,982
251,218
251,983
251,220
251,385
251,2062
251,677
251,3078
251,396
251,138
251,138
251,223
251,402
251,406
251,1299
251,521
252,3151
252,65
252,65
252,1389
252,1389
252,1934
252,166
252,3152
252,3153
252,3154
253,328
253,1248
253,87
253,3155
253,2411
253,880
253,2316
253,666
253,2834
253,468
253,3156
253,1890
253,729
253,1635
253,491
253,1066
253,3157
253,406
254,87
254,634
254,3158
254,3159
254,3160
255,1197
255,2063
255,558
255,234
255,3161
255,742
255,3162
255,560
255,3163
255,93
255,95
255,96
255,3164
255,3165
255,158
255,158
255,713
255,248
255,3
255,249
255,159
255,159
255,324
255,324
255,325
255,325
255,325
255,2066
255,100
255,100
255,2779
255,101
255,101
255,415
255,415
255,415
255,3166
255,3167
255,106
255,1192
255,329
255,1248
255,777
255,2866
255,3168
255,65
255,65
255,333
255,87
255,10
255,566
255,3169
255,499
255,599
255,3170
255,3170
255,3171
255,11
255,3172
255,187
255,3173
255,1049
255,2561
255,263
255,263
255,636
255,264
255,2057
255,459
255,941
255,941
255,638
255,638
255,13
255,13
255,13
255,13
255,266
255,266
255,3174
255,188
255,1411
255,718
255,1092
255,15
255,15
255,15
255,484
255,1019
255,1905
255,1905
255,1319
255,3175
255,3058
255,3058
255,70
255,70
255,342
255,1439
255,2916
255,1020
255,52
255,118
255,72
255,1095
255,120
255,648
255,121
255,273
255,2328
255,2328
255,122
255,2904
255,2904
255,2904
255,1414
255,2552
255,277
255,277
255,126
255,1927
255,1796
255,659
255,659
255,1775
255,2905
255,3176
255,1473
255,1714
255,238
255,2124
255,1098
255,78
255,78
255,580
255,580
255,1668
255,426
255,3177
255,664
255,149
255,1514
255,2316
255,446
255,666
255,3178
255,667
255,3179
255,131
255,200
255,200
255,2967
255,2317
255,467
255,359
255,287
255,287
255,363
255,290
255,290
255,1117
255,82
255,132
255,133
255,133
255,1240
255,3180
255,994
255,994
255,3181
255,1498
255,1500
255,2010
255,468
255,1917
255,370
255,54
255,55
255,55
255,2835
255,2835
255,2835
255,2052
255,896
255,41
255,3182
255,729
255,229
255,731
255,450
255,213
255,1166
255,308
255,308
255,491
255,491
255,676
255,492
255,473
255,473
255,2071
255,3183
255,136
255,136
255,136
255,136
255,136
255,768
255,1176
255,387
255,1066
255,1334
255,2023
255,59
255,59
255,3184
255,2547
255,1122
255,406
255,406
255,452
255,477
255,477
255,517
255,517
255,517
255,230
255,230
255,225
255,1336
255,1336
255,143
255,3185
255,3185
255,3185
255,611
255,454
255,3186
255,3186
255,3186
256,234
256,234
256,838
256,1596
256,1596
256,144
256,1041
256,159
256,100
256,415
256,145
256,145
256,3187
256,3188
256,2239
256,105
256,235
256,890
256,890
256,628
256,628
256,2113
256,3189
256,8
256,3190
256,3190
256,65
256,2439
256,2439
256,3191
256,2334
256,3192
256,115
256,1253
256,749
256,749
256,3193
256,907
256,907
256,483
256,1437
256,1437
256,1905
256,1599
256,1020
256,121
256,346
256,1193
256,1791
256,3194
256,3195
256,3195
256,2217
256,835
256,835
256,690
256,29
256,2027
256,1606
256,1606
256,2468
256,3196
256,1554
256,3197
256,1128
256,665
256,666
256,666
256,791
256,791
256,199
256,428
256,131
256,1633
256,2176
256,361
256,895
256,921
256,921
256,3198
256,3198
256,3199
256,134
256,134
256,2052
256,1224
256,1996
256,3200
256,3201
256,931
256,308
256,436
256,436
256,3009
256,214
256,214
256,215
256,215
256,1230
256,1230
256,2991
256,3202
256,847
256,3203
256,710
256,1640
256,2117
256,438
256,677
256,823
256,3204
256,2257
256,396
256,396
256,608
256,772
256,140
256,140
256,402
256,155
256,404
256,1645
256,3205
256,899
256,866
256,866
256,3206
256,852
256,852
256,1570
256,156
256,1138
256,1138
257,249
257,249
257,324
257,324
257,100
257,101
257,332
257,3207
257,3208
257,65
257,3209
257,3210
257,3211
257,1399
257,1399
257,3212
257,3213
257,3214
257,264
257,264
257,1731
257,2185
257,2185
257,3215
257,3216
257,3216
257,3217
257,277
257,3218
257,1129
257,2813
257,1769
257,1769
257,1498
257,1498
257,370
257,3219
257,896
257,2632
257,379
257,930
257,930
257,3220
257,3220
257,1920
257,1920
257,1842
257,847
257,847
257,2062
257,59
257,396
258,853
258,319
258,1814
258,331
258,65
258,10
258,3058
258,2269
258,2634
258,3221
258,3222
258,506
258,1211
258,796
258,3223
258,1262
258,3224
258,1635
258,1230
258,1296
258,2164
258,224
259,1899
259,1248
259,65
259,749
259,750
259,861
259,1627
259,1159
259,721
259,3225
259,3226
259,82
259,3227
259,308
259,863
259,2645
259,711
259,1642
260,742
260,65
260,2567
260,3173
260,266
260,2705
260,166
260,3228
260,426
260,2193
260,1444
260,82
260,308
260,215
260,3229
261,3230
261,3231
261,2047
261,3232
261,3233
261,328
261,1961
261,1899
261,3234
261,65
261,3235
261,184
261,1622
261,1437
261,421
261,3236
261,1053
261,3237
261,166
261,880
261,2059
261,3238
261,277
261,3239
261,88
261,3240
261,3241
261,1444
261,3242
261,1106
261,430
261,3243
261,82
261,293
261,3244
261,2812
261,134
261,469
261,1265
261,1449
261,3245
261,436
261,214
261,215
261,3246
261,3247
261,3229
261,385
261,387
261,770
261,1745
261,3184
261,3248
261,1431
261,3249
261,2507
261,3250
261,866
261,1647
261,852
262,1013
262,3251
262,159
262,324
262,101
262,62
262,160
262,1183
262,1726
262,3252
262,161
262,65
262,2567
262,3011
262,337
262,2561
262,263
262,13
262,504
262,166
262,277
262,2422
262,149
262,2338
262,692
262,134
262,1224
262,211
262,213
262,215
262,1774
262,3229
262,955
262,220
262,1298
262,609
262,864
262,406
263,3165
263,98
263,159
263,324
263,415
263,62
263,565
263,65
263,714
263,116
263,1439
263,3253
263,424
263,238
263,3254
263,82
263,994
263,1060
263,491
263,3255
264,158
264,159
264,145
264,3256
264,327
264,65
264,233
264,287
264,291
264,765
264,1044
264,385
264,710
264,396
264,138
265,2993
265,65
265,1901
265,1254
265,2581
265,638
265,638
265,266
265,266
265,425
265,426
265,2556
265,2556
265,2193
265,2193
265,308
266,558
266,99
266,101
266,87
266,640
266,641
266,70
266,72
266,3257
266,77
266,584
266,586
266,1066
266,678
266,405
267,319
267,524
267,324
267,100
267,145
267,1782
267,178
267,63
267,87
267,335
267,1699
267,717
267,270
267,148
267,165
267,525
267,1134
267,121
267,277
267,3258
267,195
267,35
267,758
267,357
267,363
267,511
267,533
267,212
267,607
267,1228
267,218
267,382
267,220
267,389
267,398
267,407
267,410
267,411
268,832
268,1865
268,158
268,158
268,2513
268,232
268,159
268,159
268,100
268,100
268,145
268,145
268,2396
268,102
268,3259
268,902
268,1726
268,147
268,497
268,497
268,3260
268,2113
268,183
268,183
268,10
268,10
268,186
268,3261
268,337
268,3262
268,963
268,1070
268,3263
268,1731
268,50
268,781
268,3264
268,3265
268,3266
268,3267
268,1021
268,1021
268,3268
268,3269
268,3270
268,121
268,3271
268,3272
268,3273
268,2217
268,2642
268,752
268,2643
268,1878
268,1991
268,3274
268,356
268,356
268,131
268,693
268,693
268,286
268,286
268,363
268,363
268,203
268,203
268,291
268,919
268,3275
268,205
268,924
268,1518
268,3276
268,531
268,1686
268,3277
268,375
268,375
268,208
268,1308
268,210
268,210
268,378
268,378
268,764
268,764
268,42
268,211
268,211
268,213
268,213
268,930
268,872
268,872
268,1266
268,2635
268,2635
268,1230
268,136
268,536
268,536
268,383
268,220
268,220
268,3278
268,1297
268,396
268,154
268,154
268,399
268,3279
268,141
268,141
268,3280
268,226
268,226
269,558
269,562
269,562
269,101
269,3281
269,3281
269,3282
269,3283
269,3284
269,777
269,1250
269,330
269,2409
269,1434
269,1434
269,65
269,65
269,566
269,1982
269,3285
269,3285
269,2018
269,3030
269,3030
269,640
269,643
269,1535
269,1535
269,3286
269,73
269,1441
269,121
269,3287
269,3288
269,580
269,584
269,586
269,3289
269,1350
269,1350
269,1350
269,3290
269,3291
269,1448
269,1917
269,55
269,2918
269,3292
269,3293
269,405
270,1596
270,3294
270,1015
270,3295
270,3296
270,107
270,2945
270,2885
270,455
270,779
270,8
270,2002
270,87
270,2362
270,1760
270,3297
270,3297
270,3298
270,2740
270,973
270,3299
270,3300
270,3301
270,2688
270,3302
270,348
270,348
270,351
270,2027
270,1495
270,1764
270,3303
270,3304
270,3305
270,3306
270,3307
270,88
270,976
270,3308
270,1418
270,2194
270,3309
270,2125
270,3310
270,3311
270,842
270,287
270,290
270,487
270,488
270,1118
270,291
270,132
270,2115
270,3312
270,3312
270,3313
270,1499
270,3314
270,369
270,134
270,134
270,3315
270,1006
270,1006
270,1223
270,41
270,1224
270,3316
270,3317
270,3318
270,42
270,3319
270,3319
270,3320
270,1951
270,2127
270,1503
270,1504
270,3321
270,3322
270,3323
270,537
270,677
270,2257
270,3324
270,2031
270,3325
270,3326
271,2637
271,3327
271,2047
271,1618
271,159
271,857
271,3328
271,3328
271,145
271,3329
271,3330
271,3331
271,1085
271,3332
271,3333
271,3334
271,3335
271,1962
271,1962
271,3336
271,115
271,2132
271,1070
271,749
271,457
271,457
271,2581
271,861
271,266
271,3337
271,1411
271,1626
271,3116
271,165
271,166
271,346
271,721
271,1303
271,3338
271,3160
271,2400
271,425
271,425
271,3339
271,948
271,3340
271,2393
271,1630
271,1630
271,3025
271,666
271,200
271,587
271,3243
271,3341
271,1500
271,299
271,370
271,370
271,3022
271,3022
271,3342
271,1396
271,1396
271,374
271,1308
271,1308
271,3343
271,1997
271,1636
271,308
271,2775
271,3344
271,3247
271,2604
271,3345
271,473
271,955
271,1640
271,3346
271,3347
271,864
271,3348
271,3349
271,3250
271,3154
271,852
271,1138
271,1138
272,832
272,1895
272,3350
272,100
272,3351
272,3351
272,102
272,4
272,4
272,107
272,2866
272,685
272,65
272,87
272,2410
272,1870
272,904
272,904
272,904
272,268
272,268
272,340
272,188
272,1207
272,166
272,3352
272,1752
272,126
272,126
272,126
272,238
272,29
272,29
272,3353
272,2412
272,2412
272,35
272,149
272,149
272,149
272,149
272,3354
272,1347
272,1214
272,131
272,131
272,3355
272,3356
272,2414
272,3122
272,3357
272,205
272,205
272,3358
272,3359
272,1395
272,3360
272,3361
272,3361
272,3361
272,3362
272,2280
272,2281
272,2621
272,3363
272,376
272,304
272,304
272,764
272,3364
272,1635
272,1074
272,136
272,136
272,2498
272,733
272,1893
272,1705
272,385
272,385
272,703
272,703
272,703
272,59
272,59
272,394
272,3365
272,396
272,396
272,396
272,2554
272,2295
272,404
272,404
272,404
272,3366
272,3367
272,2395
272,1299
272,517
272,3368
272,1358
272,611
273,234
273,159
273,159
273,3369
273,890
273,628
273,3370
273,1575
273,8
273,65
273,2130
273,10
273,3371
273,3372
273,3373
273,120
273,3374
273,166
273,1322
273,1475
273,88
273,894
273,3311
273,82
273,977
273,3375
273,3376
273,136
273,47
273,3377
273,59
273,406
273,898
273,494
274,3378
274,158
274,99
274,145
274,176
274,147
274,8
274,65
274,715
274,635
274,263
274,13
274,781
274,3379
274,70
274,3380
274,3381
274,121
274,125
274,1832
274,3382
274,55
274,964
274,812
274,490
274,929
274,724
274,386
274,514
274,438
275,1013
275,158
275,248
275,144
275,159
275,159
275,324
275,325
275,101
275,145
275,145
275,62
275,62
275,1243
275,147
275,63
275,63
275,542
275,8
275,8
275,161
275,65
275,1157
275,1157
275,599
275,748
275,718
275,552
275,70
275,343
275,121
275,720
275,277
275,277
275,575
275,3061
275,3061
275,35
275,35
275,149
275,171
275,55
275,55
275,305
275,812
275,606
275,606
275,490
275,308
275,215
275,154
275,154
275,3383
275,85
275,2395
275,1279
275,611
276,323
276,145
276,859
276,1202
276,3384
276,1976
276,3385
276,65
276,745
276,3080
276,599
276,780
276,187
276,1699
276,268
276,1437
276,121
276,1473
276,3386
276,131
276,916
276,3387
276,918
276,919
276,920
276,3388
276,1742
276,922
276,134
276,3389
276,2417
276,2285
276,1967
276,814
276,436
276,218
276,933
276,537
276,822
276,396
276,316
276,140
276,1235
276,521
277,3390
277,2103
277,323
277,157
277,144
277,100
277,100
277,145
277,103
277,175
277,2262
277,2112
277,1340
277,1340
277,2240
277,178
277,179
277,180
277,110
277,110
277,253
277,87
277,256
277,334
277,1341
277,184
277,184
277,336
277,3391
277,187
277,187
277,263
277,268
277,340
277,1411
277,1625
277,483
277,3215
277,345
277,721
277,786
277,277
277,277
277,1162
277,1162
277,195
277,3392
277,201
277,1588
277,2414
277,363
277,1801
277,920
277,300
277,1519
277,207
277,208
277,1744
277,1744
277,211
277,211
277,490
277,930
277,308
277,308
277,436
277,214
277,215
277,1231
277,136
277,769
277,536
277,536
277,218
277,1033
277,220
277,702
277,1297
277,3393
277,394
277,3365
277,396
277,154
277,397
277,397
277,138
277,316
277,515
277,317
277,1355
277,2163
277,2389
277,224
278,91
278,91
278,2738
278,100
278,145
278,3351
278,3351
278,102
278,103
278,104
278,108
278,110
278,110
278,65
278,65
278,111
278,112
278,115
278,1184
278,2243
278,2243
278,119
278,121
278,123
278,277
278,130
278,35
278,1211
278,131
278,3394
278,134
278,55
278,1150
278,135
278,136
278,137
278,2815
278,735
278,735
278,2900
278,385
278,386
278,138
278,140
278,141
278,142
278,143
279,1076
279,558
279,3395
279,144
279,144
279,3
279,232
279,415
279,61
279,2128
279,936
279,160
279,564
279,626
279,7
279,63
279,63
279,2129
279,2566
279,8
279,1462
279,1462
279,87
279,87
279,10
279,2012
279,2012
279,2012
279,2131
279,2132
279,2132
279,263
279,1092
279,1019
279,67
279,67
279,68
279,68
279,148
279,640
279,70
279,342
279,20
279,20
279,73
279,2013
279,1665
279,120
279,272
279,3396
279,1303
279,2133
279,2118
279,76
279,2134
279,27
279,77
279,1775
279,2135
279,238
279,1530
279,2136
279,2137
279,78
279,78
279,79
279,2138
279,88
279,507
279,1171
279,667
279,586
279,1163
279,132
279,1326
279,2140
279,1686
279,2141
279,592
279,1060
279,215
279,83
279,83
279,136
279,405
279,405
280,3165
280,1521
280,144
280,249
280,324
280,324
280,100
280,8
280,65
280,10
280,1049
280,13
280,1411
280,1439
280,52
280,2058
280,2068
280,166
280,880
280,2904
280,3397
280,2552
280,2905
280,238
280,35
280,1445
280,2625
280,666
280,3065
280,133
280,920
280,994
280,994
280,1519
280,2835
280,672
280,42
280,211
280,213
280,308
280,215
280,473
280,384
280,220
280,1065
280,154
280,517
280,225
281,239
281,2064
281,560
281,1013
281,248
281,563
281,145
281,65
281,599
281,263
281,2057
281,68
281,164
281,1439
281,2068
281,879
281,166
281,128
281,1023
281,1478
281,149
281,368
281,308
281,136
281,1125
281,454
282,328
282,1899
282,65
282,266
282,1439
282,2371
282,166
282,880
282,3398
282,1513
282,665
282,82
282,994
282,3399
282,1917
282,978
282,308
282,847
282,1570
283,2103
283,323
283,323
283,144
283,145
283,2574
283,103
283,1727
283,110
283,65
283,87
283,2003
283,834
283,334
283,716
283,184
283,184
283,2365
283,335
283,1731
283,268
283,3400
283,340
283,1143
283,718
283,121
283,422
283,422
283,2217
283,2713
283,194
283,2153
283,1101
283,757
283,1417
283,3401
283,196
283,2105
283,428
283,53
283,2394
283,363
283,797
283,3402
283,2563
283,1374
283,3403
283,208
283,208
283,377
283,2126
283,764
283,764
283,381
283,213
283,1266
283,308
283,1405
283,2728
283,3404
283,220
283,220
283,385
283,386
283,702
283,1297
283,394
283,394
283,154
283,138
283,138
283,1354
283,1354
283,2295
283,404
283,3405
283,406
283,230
283,2533
283,3406
283,851
284,541
284,3407
284,87
284,424
284,88
284,3408
284,3409
284,3410
285,853
285,2693
285,2693
285,1571
285,1596
285,1596
285,158
285,2694
285,3
285,324
285,324
285,325
285,100
285,100
285,415
285,62
285,900
285,2574
285,3256
285,103
285,2695
285,2576
285,2576
285,1183
285,1183
285,235
285,235
285,628
285,177
285,177
285,2696
285,777
285,147
285,1141
285,744
285,744
285,331
285,709
285,709
285,2697
285,2697
285,2698
285,63
285,63
285,2699
285,2700
285,110
285,332
285,181
285,2701
285,967
285,967
285,333
285,87
285,714
285,2439
285,10
285,163
285,2410
285,1435
285,1204
285,613
285,613
285,746
285,1399
285,335
285,2018
285,2567
285,2567
285,2702
285,2702
285,1254
285,963
285,187
285,2581
285,263
285,263
285,264
285,264
285,458
285,2703
285,2703
285,459
285,906
285,50
285,444
285,340
285,891
285,2704
285,1319
285,342
285,342
285,2705
285,2705
285,343
285,725
285,2706
285,2707
285,2707
285,119
285,2215
285,2708
285,2708
285,2456
285,721
285,347
285,2709
285,2710
285,422
285,276
285,276
285,25
285,2271
285,690
285,2069
285,2711
285,2711
285,2712
285,2713
285,2714
285,1915
285,352
285,993
285,2715
285,2715
285,130
285,755
285,1391
285,1830
285,1830
285,195
285,195
285,2716
285,2717
285,2718
285,2719
285,2719
285,2720
285,1179
285,2721
285,355
285,2316
285,2338
285,282
285,196
285,791
285,791
285,1214
285,1214
285,1421
285,1293
285,199
285,199
285,131
285,131
285,1994
285,1025
285,669
285,669
285,2754
285,2340
285,2340
285,2722
285,201
285,2474
285,760
285,796
285,796
285,287
285,287
285,1116
285,290
285,364
285,204
285,3411
285,291
285,977
285,2723
285,2724
285,133
285,920
285,920
285,468
285,369
285,134
285,134
285,370
285,370
285,54
285,2725
285,3148
285,1804
285,845
285,41
285,41
285,1224
285,1224
285,2726
285,1263
285,2727
285,375
285,375
285,376
285,616
285,210
285,764
285,3412
285,380
285,1635
285,42
285,211
285,1703
285,2957
285,607
285,813
285,1636
285,1636
285,887
285,930
285,930
285,214
285,135
285,135
285,1638
285,701
285,701
285,817
285,44
285,676
285,2728
285,733
285,137
285,382
285,383
285,384
285,384
285,1893
285,734
285,1296
285,1033
285,220
285,737
285,737
285,386
285,738
285,738
285,1064
285,1594
285,1594
285,2351
285,1429
285,1429
285,310
285,310
285,2729
285,822
285,1065
285,390
285,677
285,391
285,770
285,770
285,740
285,740
285,823
285,2730
285,59
285,59
285,711
285,313
285,396
285,154
285,154
285,2606
285,399
285,400
285,316
285,771
285,772
285,2294
285,222
285,850
285,404
285,406
285,707
285,707
285,230
285,225
285,518
285,227
285,227
285,3413
285,1569
285,156
286,540
286,248
286,144
286,159
286,159
286,563
286,145
286,62
286,176
286,1460
286,854
286,3414
286,65
286,162
286,163
286,687
286,1580
286,749
286,263
286,265
286,148
286,148
286,568
286,552
286,20
286,2520
286,165
286,1144
286,601
286,74
286,1042
286,166
286,273
286,945
286,1413
286,277
286,168
286,752
286,3061
286,3415
286,3416
286,581
286,507
286,283
286,692
286,428
286,150
286,286
286,292
286,3417
286,1715
286,3418
286,606
286,606
286,3419
286,219
286,3420
286,538
286,515
287,3093
287,158
287,159
287,324
287,325
287,145
287,858
287,3421
287,65
287,65
287,2734
287,599
287,2567
287,2561
287,2771
287,552
287,504
287,525
287,166
287,1794
287,1964
287,3422
287,426
287,2917
287,3423
287,1445
287,666
287,228
287,1633
287,874
287,3424
287,82
287,3425
287,3001
287,994
287,672
287,449
287,215
287,1066
287,59
287,864
287,3004
287,452
287,2509
287,454
287,852
287,156
288,319
288,319
288,1814
288,1814
288,144
288,900
288,102
288,180
288,65
288,1388
288,834
288,268
288,340
288,1411
288,148
288,121
288,3426
288,1987
288,910
288,1737
288,352
288,2078
288,195
288,35
288,35
288,282
288,2080
288,196
288,2593
288,791
288,508
288,1421
288,199
288,131
288,201
288,796
288,918
288,918
288,922
288,2085
288,1262
288,2416
288,41
288,928
288,3427
288,532
288,375
288,616
288,730
288,730
288,435
288,813
288,931
288,1978
288,218
288,1033
288,396
288,397
288,316
288,404
288,224
288,708
288,612
288,156
289,323
289,99
289,325
289,325
289,100
289,145
289,328
289,328
289,2398
289,2398
289,8
289,65
289,3428
289,1053
289,118
289,880
289,880
289,122
289,3429
289,577
289,3430
289,35
289,35
289,1514
289,3431
289,2403
289,2403
289,131
289,133
289,133
289,1327
289,1308
289,1308
289,3432
289,813
289,135
289,2846
289,473
289,2071
289,1066
289,59
289,59
289,154
289,154
289,2405
289,2326
289,2326
289,517
289,2959
290,320
290,2063
290,2064
290,1013
290,1154
290,3165
290,838
290,838
290,249
290,324
290,324
290,325
290,145
290,145
290,8
290,65
290,10
290,3171
290,3172
290,266
290,718
290,1439
290,2068
290,2068
290,166
290,880
290,880
290,273
290,3253
290,277
290,3433
290,233
290,2124
290,35
290,445
290,1513
290,1444
290,3434
290,133
290,994
290,994
290,468
290,368
290,41
290,3119
290,42
290,211
290,308
290,308
290,214
290,1065
290,1065
290,677
290,59
290,3435
290,154
290,517
290,143
290,454
291,100
291,145
291,110
291,161
291,87
291,265
291,861
291,165
291,3270
291,166
291,276
291,277
291,753
291,2114
291,3436
291,3437
291,2154
291,870
291,761
291,363
291,203
291,365
291,554
291,375
291,304
291,3438
291,308
291,1033
291,966
291,711
291,3439
291,771
291,155
291,404
291,1706
291,3440
292,159
292,324
292,8
292,65
292,10
292,163
292,551
292,13
292,718
292,1439
292,121
292,544
292,233
292,793
292,375
292,376
292,214
292,386
292,2062
292,310
292,1065
293,1406
293,3441
293,3442
293,2047
293,232
293,100
293,2310
293,145
293,1959
293,1959
293,417
293,2360
293,253
293,65
293,715
293,1902
293,2441
293,2567
293,2132
293,187
293,187
293,749
293,749
293,1622
293,750
293,907
293,1411
293,1626
293,2809
293,3443
293,1906
293,3444
293,3445
293,1910
293,880
293,880
293,1550
293,1550
293,3446
293,3447
293,1554
293,1554
293,1554
293,1442
293,3000
293,1584
293,666
293,666
293,666
293,2590
293,2590
293,1586
293,1421
293,131
293,131
293,3448
293,3449
293,3449
293,917
293,1116
293,365
293,291
293,918
293,3244
293,295
293,3450
293,923
293,3451
293,468
293,300
293,3452
293,3453
293,3453
293,3454
293,3147
293,871
293,1396
293,1224
293,1058
293,3455
293,3455
293,2325
293,1805
293,2489
293,2571
293,3002
293,1007
293,1007
293,3456
293,308
293,308
293,436
293,215
293,3457
293,473
293,473
293,136
293,768
293,769
293,311
293,48
293,439
293,439
293,3458
293,1008
293,3459
293,3460
293,1567
293,2959
293,2509
293,852
293,852
293,852
293,1570
293,1570
293,1570
293,1138
293,1138
293,1138
294,2732
294,157
294,159
294,324
294,145
294,541
294,1018
294,1727
294,839
294,110
294,65
294,163
294,551
294,112
294,599
294,2131
294,270
294,148
294,2520
294,504
294,601
294,879
294,121
294,721
294,277
294,527
294,149
294,856
294,468
294,1221
294,469
294,1224
294,616
294,213
294,607
294,135
294,473
294,382
294,549
294,316
294,517
294,3461
295,239
295,158
295,324
295,100
295,145
295,63
295,65
295,10
295,265
295,1699
295,15
295,166
295,190
295,277
295,2069
295,426
295,353
295,195
295,508
295,792
295,870
295,286
295,364
295,531
295,1224
295,375
295,730
295,535
295,724
295,952
295,536
295,218
295,382
295,1843
295,386
295,310
295,1298
295,138
295,222
296,1076
296,99
296,100
296,1959
296,1959
296,328
296,65
296,566
296,1902
296,66
296,638
296,638
296,266
296,266
296,3462
296,1053
296,118
296,166
296,2335
296,579
296,3463
296,1102
296,587
296,3448
296,133
296,3464
296,3464
296,2052
296,308
296,308
296,215
296,215
296,3465
296,473
296,139
296,230
297,319
297,239
297,2924
297,158
297,100
297,145
297,62
297,1200
297,1141
297,179
297,63
297,110
297,333
297,334
297,1070
297,501
297,13
297,781
297,1133
297,166
297,191
297,1193
297,277
297,2719
297,282
297,508
297,759
297,131
297,287
297,363
297,203
297,365
297,291
297,762
297,210
297,764
297,3466
297,211
297,3131
297,215
297,734
297,220
297,385
297,311
297,138
297,399
297,222
297,741
297,223
297,404
297,141
298,234
298,100
298,236
298,1245
298,1961
298,65
298,3467
298,2246
298,2393
298,134
298,306
298,1267
298,154
299,3441
299,3468
299,3469
299,3469
299,65
299,1622
299,750
299,750
299,3470
299,1628
299,3471
299,3472
299,3022
299,3473
299,1138
300,2825
300,3
300,1459
300,63
300,87
300,264
300,1092
300,1019
300,1468
300,648
300,975
300,1098
300,1481
300,290
300,1117
300,3474
301,321
301,3475
301,1865
301,65
301,687
301,2558
301,3476
301,3476
301,3477
301,2902
301,2902
301,35
301,35
301,2719
301,37
301,2592
301,3478
301,229
301,3479
301,3480
301,2098
301,2559
301,230
302,3481
302,1959
302,2794
302,329
302,1248
302,3011
302,1986
302,3482
302,2581
302,263
302,2703
302,1389
302,1934
302,1159
302,1601
302,1602
302,721
302,287
302,290
302,977
302,3483
302,3484
302,3485
302,41
302,1224
302,3486
302,2489
302,308
302,3487
302,1953
302,473
302,136
302,3488
302,439
303,65
303,121
303,3489
304,65
304,3490
304,3491
304,3492
304,3493
305,172
305,232
305,159
305,145
305,161
305,65
305,166
305,191
305,276
305,509
306,234
306,234
306,889
306,890
306,890
306,628
306,628
306,65
306,115
306,459
306,891
306,166
306,892
306,238
306,29
306,88
306,893
306,894
306,894
306,665
306,587
306,587
306,286
306,895
306,82
306,896
306,896
306,897
306,899
307,3494
307,3494
307,172
307,172
307,323
307,323
307,159
307,159
307,145
307,178
307,178
307,1574
307,3495
307,1434
307,65
307,187
307,187
307,3496
307,3496
307,271
307,121
307,1162
307,910
307,195
307,195
307,3497
307,3497
307,282
307,282
307,692
307,131
307,2082
307,2082
307,1350
307,1350
307,3498
307,211
307,211
307,214
307,135
307,2785
307,741
307,741
308,2859
308,3499
308,560
308,1154
308,1154
308,3500
308,158
308,713
308,3
308,159
308,325
308,3501
308,3501
308,415
308,62
308,1248
308,63
308,63
308,65
308,65
308,632
308,1436
308,3502
308,456
308,444
308,188
308,3503
308,148
308,20
308,20
308,2851
308,1439
308,1439
308,3504
308,3505
308,880
308,277
308,690
308,169
308,3422
308,35
308,35
308,149
308,149
308,666
308,286
308,1116
308,3156
308,469
308,473
308,3506
308,3506
308,2572
308,2547
308,154
308,3507
308,864
308,3004
308,230
308,230
309,145
309,110
309,65
309,551
309,746
309,1049
309,148
309,3057
309,125
309,1832
309,691
309,1108
309,363
309,133
309,378
309,724
309,310
309,154
310,1241
310,319
310,91
310,91
310,91
310,1139
310,1139
310,3508
310,832
310,2357
310,3048
310,1242
310,1242
310,1242
310,3509
310,158
310,1014
310,3
310,159
310,159
310,159
310,324
310,324
310,324
310,325
310,325
310,325
310,100
310,100
310,100
310,145
310,145
310,145
310,1573
310,1140
310,1140
310,1140
310,2239
310,2358
310,327
310,327
310,1244
310,235
310,235
310,236
310,1246
310,1247
310,1249
310,1250
310,3096
310,110
310,332
310,2361
310,65
310,65
310,111
310,333
310,255
310,255
310,162
310,162
310,10
310,1251
310,2241
310,2362
310,2363
310,184
310,184
310,184
310,1252
310,780
310,1253
310,237
310,237
310,2005
310,1255
310,268
310,268
310,2243
310,1143
310,1143
310,1143
310,1143
310,117
310,1257
310,1144
310,1144
310,3510
310,3511
310,1145
310,1145
310,121
310,1146
310,1258
310,2374
310,168
310,2376
310,1259
310,1259
310,427
310,2377
310,35
310,35
310,35
310,149
310,1261
310,3512
310,445
310,757
310,3513
310,171
310,131
310,53
310,53
310,365
310,291
310,293
310,1147
310,1147
310,1148
310,801
310,2383
310,2386
310,2250
310,1263
310,375
310,616
310,304
310,378
310,378
310,730
310,1331
310,306
310,306
310,306
310,3514
310,211
310,1264
310,213
310,213
310,1149
310,1149
310,1265
310,307
310,1376
310,308
310,308
310,214
310,215
310,1269
310,1269
310,1151
310,218
310,137
310,137
310,137
310,219
310,220
310,220
310,385
310,385
310,385
310,311
310,984
310,394
310,396
310,154
310,1272
310,829
310,316
310,772
310,317
310,1273
310,1274
310,85
310,141
310,141
310,1275
310,406
310,1276
310,408
310,408
310,517
310,230
310,230
310,1277
310,1277
310,1278
310,1279
310,1279
310,1337
310,851
310,851
310,851
310,611
310,611
310,1280
310,1280
310,1281
310,1282
311,2429
311,1979
311,159
311,1867
311,628
311,1085
311,2435
311,2437
311,2438
311,2438
311,2441
311,2441
311,3262
311,1070
311,457
311,2446
311,568
311,568
311,3515
311,2450
311,2455
311,2455
311,3516
311,2462
311,3517
311,29
311,3518
311,2464
311,88
311,1630
311,665
311,3242
311,287
311,290
311,671
311,134
311,2480
311,2480
311,2481
311,2481
311,2482
311,2484
311,2485
311,1308
311,1308
311,1635
311,1429
311,3519
311,139
311,90
311,2503
311,2503
311,3520
311,866
311,2509
311,2509
311,1647
311,852
311,852
312,3521
312,65
312,1511
312,2187
312,166
312,121
312,426
312,2207
313,159
313,145
313,1018
313,854
313,63
313,565
313,65
313,599
313,2520
313,601
313,1134
313,166
313,792
313,856
313,606
313,214
313,548
313,438
313,538
313,230
314,320
314,2063
314,2064
314,1013
314,1154
314,3165
314,838
314,249
314,159
314,324
314,324
314,325
314,145
314,145
314,859
314,332
314,8
314,65
314,632
314,714
314,3171
314,266
314,718
314,165
314,2068
314,2068
314,166
314,880
314,3253
314,721
314,274
314,277
314,3433
314,1714
314,2124
314,78
314,35
314,35
314,445
314,1513
314,3434
314,994
314,468
314,368
314,55
314,3119
314,211
314,308
314,308
314,214
314,1065
314,59
314,59
314,154
314,517
314,454
315,3378
315,2649
315,158
315,99
315,324
315,100
315,145
315,145
315,327
315,327
315,332
315,87
315,1157
315,551
315,746
315,256
315,336
315,13
315,13
315,3522
315,3116
315,1170
315,2118
315,277
315,527
315,527
315,693
315,3523
315,531
315,845
315,845
315,2883
315,378
315,730
315,3524
315,213
315,3525
315,1332
315,676
315,3075
315,382
315,382
315,1176
315,220
315,389
315,389
315,1297
315,397
315,772
315,2096
315,850
315,407
316,325
316,415
316,61
316,62
316,65
316,87
316,1019
316,67
316,67
316,20
316,2013
316,571
316,3526
316,27
316,1913
316,128
316,88
316,3527
316,3528
316,82
316,1483
316,592
316,592
316,1060
316,405
316,405
316,494
317,858
317,3529
317,3530
317,749
317,457
317,2450
317,166
317,880
317,1002
317,425
317,3226
317,88
317,1554
317,1992
317,1631
317,3531
317,215
317,711
317,3532
317,864
317,90
317,3250
317,852
317,1138
318,318
318,832
318,158
318,159
318,159
318,100
318,100
318,145
318,145
318,1141
318,3533
318,960
318,1489
318,87
318,501
318,3534
318,276
318,195
318,35
318,666
318,428
318,3535
318,287
318,363
318,365
318,134
318,370
318,1519
318,375
318,304
318,381
318,135
318,220
318,389
318,154
318,772
318,773
318,2163
318,141
319,3536
319,3536
319,560
319,713
319,248
319,144
319,1015
319,3
319,3
319,415
319,145
319,61
319,62
319,936
319,936
319,3537
319,3538
319,63
319,63
319,542
319,65
319,1662
319,13
319,13
319,148
319,719
319,1319
319,552
319,20
319,1525
319,1525
319,2215
319,577
319,128
319,1402
319,78
319,755
319,1831
319,2079
319,3539
319,1117
319,1117
319,82
319,3290
319,1174
320,144
320,159
320,324
320,100
320,145
320,1155
320,87
320,3540
320,1142
320,263
320,3541
320,3542
320,3445
320,2150
320,121
320,277
320,356
320,363
320,365
320,304
320,1863
320,930
320,863
320,1231
320,386
320,310
320,770
320,608
320,521
321,172
321,1013
321,838
321,158
321,1014
321,1015
321,159
321,324
321,325
321,100
321,101
321,101
321,145
321,145
321,62
321,62
321,1018
321,597
321,63
321,333
321,87
321,632
321,632
321,566
321,599
321,263
321,483
321,270
321,15
321,1019
321,552
321,1020
321,504
321,166
321,190
321,276
321,277
321,277
321,690
321,233
321,577
321,169
321,1022
321,1023
321,545
321,1128
321,35
321,149
321,692
321,199
321,131
321,1025
321,3121
321,693
321,363
321,363
321,364
321,365
321,291
321,82
321,1029
321,856
321,211
321,724
321,308
321,308
321,214
321,3543
321,548
321,1033
321,549
321,1035
321,2547
321,138
321,609
321,1036
321,517
321,409
321,1038
321,876
322,3442
322,524
322,172
322,157
322,713
322,173
322,324
322,1017
322,854
322,839
322,565
322,254
322,65
322,163
322,270
322,504
322,525
322,121
322,168
322,666
322,306
322,814
322,549
322,538
322,852
323,1931
323,1573
323,1932
323,65
323,715
323,715
323,261
323,1933
323,1851
323,1206
323,1934
323,1934
323,165
323,1159
323,1159
323,1935
323,166
323,1936
323,721
323,1937
323,1938
323,892
323,1939
323,1940
323,88
323,53
323,363
323,82
323,3289
323,295
323,1941
323,1942
323,1943
323,1944
323,1945
323,1946
323,1852
323,1947
323,1948
323,1949
323,1950
323,306
323,1951
323,980
323,490
323,1952
323,1638
323,1953
323,1151
323,1151
323,136
323,818
323,1136
323,311
323,824
323,711
323,711
323,394
323,314
323,1954
323,1642
323,1273
323,1955
323,1854
323,1643
323,1956
323,452
324,248
324,1924
324,159
324,145
324,332
324,65
324,10
324,601
324,426
324,211
324,382
324,384
324,59
324,609
325,775
325,3544
325,2732
325,2960
325,2960
325,159
325,3234
325,87
325,87
325,87
325,1759
325,1399
325,970
325,1411
325,3545
325,782
325,3546
325,1144
325,3547
325,3548
325,121
325,2059
325,3238
325,653
325,277
325,88
325,664
325,664
325,868
325,3549
325,3549
325,3121
325,82
325,132
325,133
325,809
325,3550
325,2968
325,731
325,306
325,3551
325,1449
325,3552
325,3553
325,3553
325,3553
325,3554
325,2061
325,3555
325,1063
325,1064
325,2970
325,2062
325,1969
325,822
325,1065
325,1065
325,677
325,677
325,1066
325,3556
325,3557
325,3558
325,3558
325,3558
325,3435
325,3435
325,406
326,626
326,1620
326,87
326,2446
326,1389
326,1320
326,1550
326,1554
326,2689
326,1396
326,1007
326,3559
326,3560
326,2509
327,144
327,324
327,145
327,65
327,3561
327,1440
327,166
327,796
327,762
327,213
327,3562
327,136
327,220
327,385
327,514
327,3365
327,154
328,234
328,234
328,232
328,988
328,1192
328,1183
328,236
328,1961
328,1961
328,1961
328,1899
328,108
328,108
328,1248
328,1248
328,177
328,65
328,65
328,65
328,1251
328,2748
328,1598
328,3563
328,2750
328,456
328,1254
328,1254
328,1255
328,1255
328,3564
328,3565
328,421
328,3566
328,2791
328,2791
328,166
328,166
328,121
328,3567
328,880
328,880
328,3568
328,276
328,238
328,3569
328,426
328,2570
328,893
328,2471
328,666
328,203
328,488
328,3570
328,1395
328,3571
328,134
328,1685
328,469
328,1449
328,1449
328,1267
328,3572
328,2755
328,2755
328,473
328,136
328,1271
328,59
328,3573
328,864
328,864
328,985
328,3027
329,234
329,889
329,890
329,628
329,459
329,891
329,892
329,29
329,893
329,894
329,665
329,587
329,286
329,895
329,896
329,897
329,899
330,1710
330,323
330,1013
330,159
330,325
330,100
330,145
330,62
330,1018
330,597
330,177
330,63
330,161
330,65
330,632
330,10
330,163
330,334
330,599
330,336
330,263
330,266
330,340
330,717
330,20
330,504
330,74
330,1712
330,166
330,721
330,347
330,3574
330,277
330,27
330,351
330,527
330,1179
330,171
330,357
330,131
330,286
330,3043
330,531
330,375
330,3575
330,57
330,616
330,153
330,308
330,215
330,1231
330,218
330,219
330,549
330,385
330,386
330,514
330,538
330,1122
330,316
330,771
330,1067
330,741
330,610
330,620
330,407
330,2609
330,611
330,612
331,158
331,2513
331,159
331,324
331,145
331,328
331,65
331,268
331,525
331,3270
331,880
331,3000
331,666
331,994
331,2086
331,616
331,211
331,308
331,2911
331,473
331,59
332,1139
332,1242
332,1242
332,159
332,324
332,325
332,100
332,145
332,1140
332,327
332,235
332,236
332,65
332,255
332,162
332,10
332,780
332,1253
332,237
332,1143
332,1143
332,117
332,1144
332,1145
332,1146
332,35
332,445
332,757
332,171
332,53
332,365
332,291
332,1147
332,1148
332,378
332,306
332,137
332,385
332,154
332,316
332,141
332,408
332,517
332,230
332,1236
332,1279
332,1279
332,1280
333,158
333,248
333,159
333,100
333,62
333,565
333,161
333,65
333,718
333,552
333,277
333,445
333,211
333,215
333,136
334,319
334,3576
334,832
334,249
334,159
334,324
334,1202
334,65
334,65
334,687
334,187
334,266
334,3128
334,1908
334,166
334,1193
334,422
334,3577
334,149
334,1513
334,1211
334,2060
334,131
334,1560
334,3578
334,1804
334,531
334,469
334,375
334,378
334,381
334,765
334,2911
334,473
334,382
334,384
334,933
334,385
334,221
334,2117
334,1066
334,154
334,140
334,224
334,1299
334,411
334,612
334,156
335,173
335,324
335,145
335,1315
335,1384
335,542
335,161
335,65
335,10
335,187
335,270
335,343
335,165
335,1020
335,504
335,166
335,580
335,3448
335,509
335,2007
335,211
335,381
335,2784
335,382
335,2094
336,319
336,172
336,232
336,159
336,324
336,626
336,253
336,87
336,233
336,195
336,428
336,357
336,291
336,3579
336,437
336,385
336,154
337,3580
337,319
337,319
337,91
337,91
337,1139
337,1814
337,100
337,900
337,3581
337,2238
337,2358
337,235
337,1869
337,236
337,329
337,109
337,1817
337,2265
337,2240
337,179
337,110
337,332
337,2002
337,65
337,2003
337,2410
337,2410
337,3582
337,2363
337,2242
337,834
337,257
337,3583
337,1253
337,187
337,1411
337,1625
337,718
337,1207
337,1207
337,2370
337,2372
337,189
337,189
337,880
337,3584
337,3585
337,1586
337,791
337,199
337,199
337,131
337,131
337,792
337,53
337,916
337,2414
337,1610
337,293
337,918
337,918
337,918
337,919
337,295
337,2814
337,2280
337,3276
337,1262
337,2416
337,2416
337,928
337,229
337,375
337,2126
337,1426
337,3586
337,929
337,765
337,3587
337,887
337,308
337,214
337,2251
337,3588
337,1151
337,218
337,2900
337,933
337,933
337,1136
337,386
337,388
337,310
337,1453
337,770
337,1745
337,1745
337,396
337,154
337,138
337,1595
337,401
337,864
337,2420
337,2420
337,408
337,1277
337,518
338,65
338,971
338,2068
338,2552
339,1197
339,558
339,558
339,3589
339,2513
339,2513
339,248
339,144
339,144
339,159
339,324
339,325
339,325
339,100
339,101
339,145
339,145
339,1959
339,328
339,108
339,1726
339,1365
339,1365
339,1202
339,65
339,714
339,714
339,551
339,2749
339,340
339,3590
339,3590
339,3057
339,3591
339,3591
339,2981
339,2981
339,2301
339,2520
339,2916
339,72
339,1582
339,1582
339,166
339,121
339,880
339,880
339,1258
339,1170
339,126
339,77
339,238
339,233
339,233
339,280
339,1668
339,428
339,131
339,1657
339,468
339,468
339,370
339,370
339,1519
339,1519
339,305
339,606
339,381
339,381
339,212
339,212
339,724
339,724
339,2490
339,308
339,308
339,385
339,385
339,2756
339,1352
339,439
339,439
339,59
339,59
339,1067
339,1067
339,2548
339,441
339,85
339,155
339,610
339,610
339,3592
339,519
339,519
340,838
340,158
340,159
340,324
340,145
340,564
340,65
340,1411
340,1439
340,121
340,880
340,3253
340,78
340,1513
340,3593
340,994
340,375
340,606
340,3514
340,212
340,384
341,232
341,145
341,63
341,67
341,68
341,148
341,20
341,52
341,75
341,1667
341,78
341,2861
341,1036
342,319
342,867
342,91
342,1139
342,243
342,1242
342,1865
342,173
342,1041
342,3
342,2960
342,232
342,159
342,159
342,159
342,324
342,324
342,325
342,325
342,325
342,100
342,100
342,100
342,415
342,145
342,145
342,2972
342,103
342,1140
342,3594
342,1017
342,936
342,327
342,4
342,2121
342,5
342,626
342,626
342,107
342,1247
342,777
342,777
342,7
342,251
342,110
342,332
342,1575
342,630
342,1488
342,65
342,65
342,333
342,87
342,87
342,87
342,162
342,10
342,10
342,10
342,1662
342,1662
342,184
342,1534
342,259
342,262
342,635
342,2005
342,458
342,268
342,268
342,268
342,906
342,1143
342,188
342,1389
342,1905
342,3595
342,3372
342,3596
342,1763
342,1664
342,1021
342,1021
342,118
342,1144
342,462
342,119
342,3597
342,3598
342,3599
342,3600
342,1441
342,3601
342,1145
342,121
342,121
342,1320
342,1320
342,1146
342,1827
342,274
342,2895
342,126
342,3602
342,1678
342,1678
342,3603
342,3603
342,3604
342,3604
342,349
342,577
342,1913
342,28
342,29
342,1736
342,3605
342,1988
342,3606
342,527
342,2896
342,2412
342,3607
342,3608
342,33
342,3609
342,35
342,35
342,445
342,757
342,757
342,757
342,446
342,282
342,3610
342,2221
342,171
342,171
342,1421
342,131
342,1107
342,53
342,53
342,2834
342,3611
342,3612
342,487
342,3613
342,132
342,294
342,1147
342,3614
342,799
342,799
342,920
342,297
342,3313
342,1148
342,370
342,3615
342,1589
342,1702
342,3292
342,3478
342,3616
342,303
342,375
342,3617
342,304
342,304
342,378
342,306
342,306
342,306
342,306
342,211
342,381
342,1149
342,1505
342,1505
342,3376
342,3376
342,1150
342,1150
342,1507
342,214
342,135
342,3618
342,2427
342,2990
342,3323
342,1151
342,47
342,218
342,385
342,385
342,389
342,438
342,1065
342,390
342,703
342,3619
342,396
342,154
342,154
342,154
342,3620
342,400
342,316
342,316
342,1354
342,2096
342,404
342,141
342,3621
342,3622
342,406
342,1299
342,408
342,708
342,517
342,1277
342,225
342,3623
342,3624
343,144
343,159
343,324
343,100
343,145
343,62
343,595
343,65
343,162
343,1399
343,749
343,263
343,552
343,2908
343,166
343,273
343,277
343,1323
343,35
343,149
343,869
343,293
343,378
343,211
343,213
343,724
343,308
343,154
343,316
344,1754
344,159
344,160
344,161
344,65
344,552
344,1020
344,504
344,166
344,273
344,690
344,238
344,692
344,54
344,1918
344,610
345,3625
345,65
345,3626
345,3627
345,3628
345,1791
345,3629
345,2592
345,82
345,2126
345,3630
346,328
346,65
346,266
346,426
346,3631
346,587
346,308
346,3247
346,473
347,319
347,319
347,91
347,91
347,832
347,1383
347,100
347,100
347,102
347,1140
347,1817
347,3632
347,180
347,110
347,110
347,2072
347,65
347,10
347,962
347,3540
347,3039
347,337
347,963
347,340
347,552
347,117
347,2301
347,3633
347,3634
347,195
347,3635
347,149
347,759
347,131
347,3636
347,53
347,3637
347,1372
347,1373
347,3145
347,3198
347,1374
347,369
347,3638
347,1221
347,1221
347,2725
347,845
347,375
347,3639
347,534
347,764
347,3640
347,3201
347,3641
347,381
347,213
347,887
347,887
347,3642
347,930
347,930
347,1376
347,135
347,135
347,1229
347,437
347,218
347,818
347,220
347,386
347,386
347,738
347,702
347,310
347,2388
347,390
347,770
347,59
347,394
347,396
347,1272
347,2736
347,140
347,1595
347,1595
347,1955
347,1955
347,155
347,2421
347,2421
347,2549
347,708
347,3368
348,234
348,234
348,235
348,235
348,967
348,87
348,968
348,969
348,237
348,970
348,972
348,972
348,973
348,974
348,1320
348,238
348,976
348,893
348,3081
348,671
348,977
348,134
348,134
348,978
348,979
348,979
348,980
348,981
348,982
348,983
348,740
348,984
348,985
348,986
348,494
349,248
349,1015
349,325
349,2973
349,595
349,777
349,1384
349,110
349,332
349,565
349,161
349,65
349,166
349,1527
349,1023
349,1831
349,35
349,149
349,1514
349,199
349,363
349,2857
349,211
349,308
349,215
350,145
350,2574
350,960
350,87
350,1341
350,186
350,2005
350,3643
350,1648
350,526
350,1827
350,276
350,131
350,796
350,1056
350,1374
350,2725
350,511
350,1693
350,836
350,208
350,211
350,1405
350,45
350,218
350,734
350,1189
350,1354
350,1235
351,144
351,159
351,324
351,100
351,145
351,1018
351,3644
351,565
351,65
351,10
351,551
351,600
351,1439
351,1020
351,504
351,119
351,3645
351,166
351,2978
351,1444
351,211
351,3646
352,3647
352,65
352,87
352,3648
352,135
352,3649
353,1313
353,157
353,1013
353,838
353,158
353,248
353,1014
353,144
353,1015
353,159
353,159
353,325
353,325
353,100
353,100
353,101
353,101
353,101
353,415
353,415
353,145
353,145
353,145
353,62
353,62
353,3650
353,3651
353,1200
353,103
353,175
353,1018
353,2121
353,597
353,1247
353,3652
353,3653
353,1141
353,179
353,63
353,3654
353,110
353,1757
353,332
353,65
353,65
353,1489
353,333
353,632
353,566
353,1982
353,3285
353,3655
353,599
353,3030
353,115
353,635
353,187
353,457
353,263
353,458
353,270
353,15
353,15
353,1019
353,1019
353,68
353,148
353,569
353,569
353,552
353,552
353,3656
353,3657
353,1535
353,20
353,1020
353,1020
353,3032
353,1441
353,166
353,166
353,190
353,3658
353,3033
353,3659
353,544
353,653
353,276
353,277
353,3034
353,1473
353,690
353,577
353,169
353,1022
353,1023
353,585
353,35
353,35
353,149
353,149
353,149
353,199
353,131
353,1025
353,53
353,842
353,1163
353,363
353,363
353,364
353,291
353,3382
353,3382
353,1029
353,1350
353,3660
353,2670
353,1448
353,1770
353,1917
353,3661
353,1519
353,1945
353,41
353,3292
353,375
353,3662
353,606
353,211
353,211
353,211
353,724
353,308
353,592
353,215
353,817
353,382
353,384
353,1033
353,1033
353,138
353,316
353,515
353,609
353,1036
353,142
353,517
353,409
353,520
353,1038
353,3663
353,876
353,876
353,876
354,1152
354,1153
354,2573
354,713
354,857
354,325
354,100
354,101
354,145
354,145
354,145
354,900
354,2574
354,1755
354,1783
354,2576
354,2121
354,2121
354,564
354,626
354,2793
354,2794
354,1899
354,1248
354,442
354,1202
354,1156
354,1575
354,1575
354,2002
354,65
354,1620
354,87
354,87
354,10
354,163
354,163
354,834
354,11
354,2580
354,2580
354,750
354,750
354,2581
354,263
354,1158
354,2582
354,2582
354,2583
354,343
354,165
354,1159
354,880
354,1320
354,2456
354,2456
354,192
354,721
354,1160
354,1160
354,1303
354,1303
354,1303
354,1161
354,2585
354,2463
354,835
354,2890
354,1679
354,2586
354,2587
354,79
354,1554
354,1554
354,1554
354,2588
354,2588
354,2589
354,666
354,666
354,2591
354,2592
354,2593
354,1421
354,199
354,131
354,131
354,2594
354,3664
354,1633
354,1163
354,2595
354,361
354,2596
354,468
354,2599
354,1165
354,1720
354,1306
354,41
354,532
354,2600
354,374
354,1308
354,2601
354,211
354,211
354,1166
354,2127
354,308
354,214
354,214
354,214
354,1167
354,136
354,702
354,58
354,826
354,2605
354,864
354,406
354,412
354,2611
354,2509
354,2612
354,852
354,852
355,560
355,2573
355,2181
355,1041
355,1618
355,1457
355,3
355,159
355,325
355,4
355,235
355,1085
355,63
355,2439
355,1621
355,2441
355,1871
355,457
355,2581
355,458
355,459
355,941
355,1905
355,460
355,3665
355,2451
355,2453
355,1602
355,120
355,2122
355,2059
355,2189
355,3666
355,2399
355,3667
355,3668
355,690
355,1913
355,28
355,3518
355,3669
355,1988
355,3670
355,948
355,2469
355,33
355,445
355,37
355,665
355,2473
355,286
355,291
355,2477
355,3671
355,374
355,1635
355,491
355,2351
355,739
355,1429
355,3672
355,2257
355,2500
355,139
355,3532
355,864
355,406
355,477
356,3673
356,248
356,3
356,159
356,324
356,325
356,100
356,100
356,415
356,595
356,160
356,63
356,65
356,164
356,343
356,121
356,131
356,869
356,2861
356,55
356,154
356,315
356,406
356,409
357,319
357,1406
357,98
357,713
357,144
357,3
357,99
357,159
357,324
357,324
357,325
357,100
357,100
357,101
357,415
357,145
357,145
357,62
357,178
357,253
357,2072
357,65
357,10
357,10
357,163
357,112
357,3097
357,50
357,1050
357,718
357,1019
357,68
357,116
357,3674
357,119
357,3675
357,3098
357,166
357,121
357,3526
357,124
357,1162
357,238
357,3100
357,1023
357,78
357,129
357,529
357,35
357,149
357,131
357,2084
357,82
357,3676
357,2597
357,133
357,1327
357,54
357,1221
357,55
357,3105
357,305
357,42
357,211
357,211
357,1060
357,676
357,154
357,154
357,3108
357,406
357,406
358,2356
358,558
358,742
358,1013
358,92
358,98
358,144
358,144
358,99
358,324
358,324
358,105
358,1046
358,3052
358,1726
358,147
358,744
358,3677
358,65
358,65
358,10
358,10
358,566
358,3053
358,3678
358,963
358,1049
358,3263
358,3263
358,13
358,50
358,50
358,2827
358,482
358,1052
358,1317
358,484
358,3057
358,3058
358,3058
358,3679
358,2781
358,3680
358,121
358,3681
358,122
358,3682
358,125
358,721
358,3683
358,3683
358,277
358,278
358,752
358,127
358,128
358,29
358,3684
358,446
358,667
358,356
358,1800
358,467
358,3685
358,796
358,1217
358,1325
358,82
358,3686
358,3687
358,55
358,1743
358,3688
358,1329
358,3689
358,3690
358,1426
358,378
358,152
358,152
358,153
358,490
358,213
358,929
358,724
358,308
358,491
358,952
358,701
358,493
358,220
358,3691
358,1034
358,311
358,1334
358,59
358,3692
358,441
358,155
358,405
358,477
358,3693
358,3693
359,158
359,144
359,159
359,100
359,178
359,497
359,179
359,709
359,110
359,332
359,87
359,335
359,990
359,1827
359,276
359,167
359,2114
359,131
359,509
359,3694
359,363
359,203
359,365
359,762
359,3695
359,3696
359,212
359,929
359,930
359,136
359,310
359,1969
359,391
359,772
360,173
360,159
360,101
360,161
360,87
360,551
360,270
360,1021
360,168
360,758
360,692
360,150
360,895
360,3697
360,512
360,538
361,1360
361,2805
361,2940
361,323
361,623
361,1860
361,1596
361,1596
361,144
361,1041
361,1015
361,1015
361,249
361,159
361,159
361,325
361,415
361,3698
361,1869
361,3699
361,1085
361,179
361,3700
361,8
361,630
361,65
361,65
361,3701
361,333
361,333
361,1621
361,3702
361,3703
361,2441
361,258
361,261
361,1253
361,456
361,2005
361,1254
361,749
361,457
361,750
361,459
361,941
361,2704
361,1905
361,568
361,3566
361,2449
361,2687
361,1599
361,3445
361,2149
361,3704
361,3704
361,3705
361,166
361,166
361,880
361,2457
361,277
361,126
361,1550
361,2217
361,2217
361,690
361,238
361,1913
361,28
361,29
361,29
361,425
361,78
361,3706
361,79
361,2541
361,3707
361,3708
361,3709
361,506
361,2468
361,2468
361,426
361,88
361,2470
361,2470
361,2999
361,1554
361,3197
361,1442
361,149
361,1556
361,665
361,3242
361,446
361,666
361,131
361,1633
361,586
361,488
361,1117
361,291
361,82
361,1129
361,1056
361,2737
361,134
361,134
361,134
361,2480
361,672
361,1634
361,871
361,1591
361,1591
361,1591
361,1396
361,375
361,377
361,2956
361,1635
361,3710
361,211
361,3711
361,213
361,1007
361,1397
361,436
361,3712
361,215
361,473
361,218
361,2900
361,220
361,737
361,385
361,387
361,310
361,311
361,770
361,3713
361,3714
361,711
361,396
361,154
361,934
361,140
361,1642
361,1189
361,3715
361,3716
361,864
361,404
361,3717
361,3718
361,621
361,517
361,3719
361,2507
361,1565
361,1565
361,866
361,866
361,3460
361,1566
361,2509
361,2509
361,852
361,1570
361,1138
362,100
362,145
362,497
362,87
362,459
362,340
362,164
362,569
362,3720
362,1133
362,2453
362,3445
362,3445
362,121
362,191
362,3721
362,1964
362,3340
362,581
362,3722
362,131
362,509
362,870
362,365
362,3723
362,3724
362,375
362,208
362,1635
362,211
362,212
362,813
362,1188
362,1841
362,218
362,220
362,395
362,154
362,138
362,139
362,316
362,1273
362,864
362,520
363,1922
363,713
363,3
363,1924
363,232
363,325
363,563
363,415
363,62
363,1925
363,936
363,106
363,63
363,565
363,632
363,1926
363,260
363,263
363,13
363,15
363,1019
363,20
363,1664
363,119
363,1527
363,1927
363,1775
363,690
363,149
363,1103
363,1928
363,363
363,1129
363,308
363,1929
363,1930
364,3725
364,65
364,82
364,59
364,1722
365,1241
365,2356
365,2796
365,172
365,623
365,158
365,173
365,159
365,145
365,3726
365,327
365,178
365,179
365,110
365,1574
365,252
365,87
365,10
365,598
365,184
365,3727
365,261
365,187
365,501
365,750
365,263
365,1206
365,906
365,3128
365,502
365,165
365,1734
365,526
365,3728
365,2929
365,349
365,280
365,3729
365,3730
365,506
365,35
365,757
365,199
365,131
365,2081
365,362
365,3223
365,1240
365,366
365,3731
365,1374
365,369
365,531
365,845
365,375
365,305
365,42
365,306
365,211
365,724
365,1150
365,1266
365,308
365,436
365,214
365,215
365,1405
365,437
365,2990
365,1033
365,220
365,385
365,1594
365,389
365,310
365,770
365,3732
365,59
365,394
365,3365
365,154
365,1189
365,223
365,1274
365,155
365,404
365,2421
365,2549
365,1299
365,517
365,3733
365,3734
366,832
366,323
366,144
366,325
366,100
366,102
366,3735
366,3735
366,2397
366,2239
366,2358
366,1364
366,1247
366,1247
366,1340
366,1817
366,147
366,3736
366,1141
366,3096
366,3096
366,709
366,65
366,65
366,3737
366,2363
366,1577
366,257
366,334
366,184
366,184
366,184
366,962
366,3738
366,3739
366,3739
366,1730
366,600
366,3400
366,3740
366,3741
366,1207
366,1207
366,3742
366,121
366,3743
366,3744
366,2782
366,2782
366,192
366,1937
366,3745
366,3746
366,2522
366,910
366,1737
366,2760
366,3709
366,3709
366,506
366,3747
366,3747
366,3747
366,3747
366,3748
366,3748
366,1417
366,2080
366,2403
366,2105
366,53
366,3749
366,3750
366,293
366,920
366,920
366,924
366,3751
366,1375
366,2249
366,2384
366,372
366,372
366,1753
366,2726
366,57
366,1308
366,3201
366,812
366,211
366,3752
366,724
366,3753
366,1376
366,2426
366,1266
366,214
366,1188
366,218
366,220
366,220
366,385
366,385
366,702
366,514
366,823
366,1430
366,396
366,399
366,140
366,3754
366,1595
366,155
366,2163
366,2163
366,518
366,226
366,227
366,2110
366,2533
366,851
366,1282
367,87
367,3755
367,852
368,3756
368,3756
368,3756
368,2356
368,2356
368,1076
368,558
368,558
368,558
368,558
368,558
368,60
368,60
368,60
368,559
368,559
368,3757
368,3758
368,3759
368,93
368,93
368,98
368,98
368,144
368,144
368,144
368,144
368,3
368,99
368,99
368,99
368,99
368,99
368,99
368,101
368,101
368,3760
368,3761
368,936
368,160
368,106
368,3052
368,3762
368,147
368,147
368,65
368,65
368,65
368,65
368,87
368,10
368,10
368,566
368,113
368,113
368,938
368,938
368,1169
368,1238
368,1316
368,3763
368,963
368,963
368,1318
368,639
368,640
368,3175
368,3175
368,641
368,641
368,641
368,3764
368,643
368,643
368,643
368,3765
368,2301
368,1664
368,3766
368,2916
368,3380
368,52
368,72
368,72
368,72
368,2244
368,1094
368,3767
368,166
368,166
368,166
368,121
368,122
368,2190
368,3060
368,77
368,77
368,77
368,77
368,77
368,659
368,1775
368,1775
368,1475
368,169
368,169
368,1476
368,78
368,580
368,3063
368,3063
368,3768
368,1668
368,2663
368,2663
368,3769
368,3770
368,584
368,584
368,1171
368,667
368,586
368,586
368,3771
368,3772
368,722
368,722
368,722
368,2274
368,588
368,588
368,588
368,82
368,82
368,2666
368,2563
368,590
368,55
368,55
368,729
368,2205
368,2205
368,2205
368,3773
368,701
368,701
368,701
368,83
368,83
368,83
368,83
368,83
368,83
368,3774
368,3774
368,3774
368,3775
368,1334
368,2679
368,2679
368,678
368,678
368,678
368,555
368,85
368,155
368,155
368,155
368,405
368,405
368,405
368,405
369,92
369,1896
369,98
369,144
369,1460
369,105
369,1046
369,1046
369,3776
369,8
369,8
369,65
369,65
369,566
369,3053
369,116
369,20
369,543
369,601
369,1320
369,124
369,125
369,125
369,653
369,2909
369,127
369,169
369,3086
369,88
369,509
369,133
369,133
369,54
369,3777
369,473
369,473
369,387
369,387
369,956
369,222
369,1068
370,2649
370,145
370,3778
370,3779
370,3779
370,235
370,3780
370,1366
370,1366
370,1366
370,3781
370,65
370,87
370,834
370,1301
370,3782
370,51
370,51
370,51
370,166
370,166
370,121
370,3743
370,3743
370,3743
370,3783
370,3783
370,3784
370,2059
370,192
370,192
370,192
370,2123
370,3136
370,238
370,909
370,3785
370,893
370,3786
370,2594
370,3121
370,82
370,293
370,3787
370,1218
370,3788
370,1591
370,1223
370,375
370,1426
370,1308
370,1308
370,1308
370,1449
370,3789
370,392
370,703
370,397
370,934
370,934
370,2209
370,404
370,141
370,2533
370,2533
370,2533
371,319
371,3790
371,2777
371,322
371,3029
371,1364
371,3791
371,3792
371,179
371,179
371,1757
371,1434
371,65
371,87
371,184
371,184
371,1982
371,3793
371,3727
371,258
371,186
371,1821
371,2005
371,2005
371,2005
371,2005
371,2366
371,781
371,781
371,3794
371,1734
371,2706
371,526
371,3795
371,3796
371,3797
371,3668
371,3668
371,351
371,351
371,357
371,131
371,131
371,792
371,53
371,2414
371,762
371,762
371,1350
371,1350
371,798
371,3798
371,3799
371,3403
371,3800
371,1375
371,3801
371,3293
371,3293
371,3802
371,1265
371,1265
371,1150
371,214
371,215
371,135
371,136
371,218
371,738
371,389
371,310
371,310
371,1453
371,3803
371,3803
371,140
371,140
371,850
371,90
371,411
372,1865
372,1301
372,1319
372,2123
372,2125
372,372
372,2126
372,2127
372,471
372,139
372,2031
373,159
373,100
373,3530
373,280
373,3804
373,3805
373,362
373,2773
373,363
373,364
373,2228
373,3806
373,82
373,3807
374,2047
374,3808
374,3187
374,3809
374,3810
374,1619
374,858
374,3011
374,1142
374,1070
374,1624
374,1159
374,880
374,1936
374,1320
374,3811
374,3007
374,3708
374,3812
374,1630
374,3025
374,666
374,1631
374,82
374,3813
374,3814
374,370
374,3815
374,1997
374,1397
374,1954
374,1642
374,3816
374,2509
375,234
375,234
375,889
375,890
375,890
375,628
375,628
375,87
375,115
375,459
375,891
375,975
375,892
375,29
375,88
375,893
375,894
375,665
375,587
375,286
375,895
375,132
375,896
375,897
375,899
376,319
376,319
376,324
376,2576
376,744
376,497
376,497
376,110
376,110
376,1203
376,65
376,10
376,10
376,1981
376,51
376,188
376,1159
376,1440
376,166
376,192
376,351
376,3062
376,727
376,727
376,429
376,131
376,1005
376,796
376,1610
376,3817
376,1917
376,1917
376,3818
376,3818
376,510
376,1006
376,1006
376,3148
376,2545
376,2545
376,1804
376,531
376,41
376,532
376,1058
376,375
376,376
376,376
376,1308
376,304
376,1703
376,1703
376,213
376,213
376,607
376,607
376,930
376,930
376,491
376,1808
376,1808
376,384
376,384
376,1033
376,220
376,2117
376,2117
376,397
376,2405
376,138
376,138
376,3532
376,222
376,222
376,404
376,3819
376,3440
377,1200
377,3820
377,2017
377,1757
377,65
377,1663
377,3821
377,3821
377,3822
377,132
377,1448
377,1945
378,248
378,324
378,325
378,325
378,415
378,495
378,777
378,777
378,65
378,2004
378,112
378,568
378,552
378,3823
378,119
378,88
378,195
378,35
378,35
378,149
378,131
378,359
378,1112
378,842
378,1117
378,1117
378,291
378,82
378,1350
378,1446
378,1447
378,1148
378,229
378,381
378,90
378,142
379,1197
379,324
379,100
379,709
379,110
379,253
379,87
379,3824
379,746
379,1341
379,184
379,749
379,1096
379,789
379,2721
379,131
379,203
379,487
379,2415
379,3825
379,3826
379,808
379,373
379,208
379,211
379,3131
379,930
379,1228
379,3827
379,1807
379,955
379,310
379,390
379,402
379,2163
379,1645
379,2390
379,227
379,1282
380,319
380,319
380,3828
380,1383
380,172
380,1814
380,232
380,232
380,159
380,324
380,100
380,100
380,145
380,145
380,1017
380,1183
380,1183
380,177
380,110
380,253
380,967
380,65
380,260
380,263
380,2703
380,3829
380,1789
380,268
380,148
380,502
380,504
380,2150
380,121
380,277
380,277
380,167
380,233
380,545
380,2078
380,1210
380,2080
380,692
380,3830
380,356
380,428
380,131
380,3831
380,509
380,3832
380,841
380,1116
380,363
380,920
380,295
380,3833
380,3833
380,299
380,3148
380,1396
380,1396
380,845
380,532
380,375
380,208
380,208
380,764
380,211
380,211
380,381
380,213
380,607
380,929
380,765
380,765
380,308
380,214
380,135
380,135
380,1405
380,1405
380,1806
380,1231
380,1231
380,384
380,384
380,385
380,385
380,1453
380,1035
380,59
380,396
380,608
380,154
380,154
380,398
380,398
380,316
380,316
380,772
380,317
380,140
380,140
380,440
380,404
380,517
380,520
380,1236
380,1278
380,521
380,521
381,712
381,91
381,2513
381,144
381,3
381,324
381,100
381,100
381,101
381,495
381,327
381,497
381,1365
381,709
381,180
381,1202
381,161
381,65
381,162
381,10
381,10
381,551
381,184
381,184
381,335
381,3834
381,186
381,340
381,717
381,148
381,148
381,343
381,165
381,2706
381,526
381,526
381,121
381,1791
381,2982
381,1291
381,2461
381,276
381,277
381,357
381,357
381,131
381,131
381,796
381,287
381,553
381,918
381,918
381,920
381,920
381,1056
381,1056
381,366
381,366
381,367
381,367
381,3835
381,300
381,3836
381,511
381,845
381,375
381,375
381,377
381,2883
381,304
381,304
381,211
381,381
381,381
381,213
381,607
381,929
381,929
381,724
381,1266
381,1266
381,1507
381,1806
381,2427
381,2427
381,2990
381,536
381,218
381,137
381,382
381,220
381,385
381,385
381,386
381,702
381,770
381,1430
381,711
381,154
381,154
381,138
381,316
381,771
381,140
381,140
381,1642
381,222
381,1235
381,1235
381,155
381,404
381,2164
381,407
381,517
381,226
381,411
381,411
382,2795
382,2796
382,2796
382,331
382,65
382,65
382,188
382,2800
382,2800
382,2800
382,35
382,1179
382,2802
382,134
382,764
382,1808
382,703
382,406
382,406
382,230
382,1568
383,1040
383,158
383,144
383,100
383,145
383,3837
383,327
383,65
383,333
383,613
383,746
383,3540
383,484
383,3128
383,165
383,166
383,880
383,276
383,1208
383,356
383,199
383,429
383,131
383,509
383,693
383,362
383,1116
383,363
383,203
383,82
383,375
383,208
383,211
383,213
383,813
383,3838
383,218
383,220
383,1044
383,389
383,710
383,391
383,59
383,397
383,138
383,398
383,316
383,609
383,850
383,404
384,1961
384,108
384,65
384,3839
384,166
384,426
384,88
384,1106
384,430
384,82
384,1395
384,3571
384,1685
384,469
384,955
384,136
384,864
385,87
385,968
385,1608
385,736
385,737
385,770
386,318
386,319
386,2823
386,832
386,60
386,1408
386,1408
386,1408
386,1408
386,623
386,158
386,144
386,144
386,3840
386,249
386,232
386,232
386,232
386,232
386,159
386,159
386,159
386,159
386,159
386,159
386,324
386,324
386,324
386,100
386,100
386,100
386,2779
386,2779
386,2779
386,326
386,326
386,326
386,326
386,326
386,326
386,326
386,145
386,145
386,145
386,145
386,145
386,145
386,3256
386,3256
386,1200
386,1200
386,1200
386,1200
386,1191
386,160
386,2262
386,2262
386,2262
386,2262
386,2262
386,2112
386,2112
386,2112
386,2112
386,2112
386,777
386,777
386,777
386,777
386,777
386,1727
386,1727
386,1727
386,1727
386,1727
386,147
386,147
386,1141
386,1141
386,1141
386,178
386,178
386,178
386,178
386,178
386,110
386,110
386,110
386,110
386,110
386,110
386,332
386,332
386,332
386,332
386,332
386,3841
386,3208
386,3208
386,3208
386,253
386,253
386,253
386,253
386,253
386,161
386,87
386,87
386,10
386,10
386,10
386,10
386,10
386,10
386,551
386,551
386,551
386,551
386,566
386,3842
386,3842
386,3842
386,746
386,2258
386,2258
386,2258
386,2258
386,2258
386,112
386,112
386,260
386,3843
386,3843
386,3843
386,3844
386,3844
386,3844
386,2926
386,501
386,501
386,501
386,501
386,501
386,263
386,263
386,264
386,265
386,265
386,265
386,268
386,269
386,269
386,444
386,444
386,188
386,3845
386,3846
386,2147
386,3847
386,3847
386,3847
386,3823
386,3116
386,271
386,271
386,271
386,271
386,165
386,165
386,165
386,165
386,165
386,23
386,2150
386,2150
386,2150
386,166
386,121
386,121
386,1401
386,190
386,190
386,191
386,191
386,191
386,191
386,721
386,721
386,721
386,721
386,721
386,1861
386,1861
386,1861
386,2190
386,3060
386,276
386,277
386,277
386,3848
386,3848
386,3848
386,752
386,752
386,752
386,233
386,233
386,233
386,2558
386,2558
386,2558
386,2558
386,2558
386,2558
386,2137
386,2137
386,2137
386,2137
386,881
386,881
386,881
386,881
386,881
386,881
386,881
386,3849
386,2644
386,2644
386,2644
386,426
386,3850
386,2174
386,2174
386,2302
386,2302
386,2302
386,2902
386,2902
386,2902
386,2902
386,2902
386,2902
386,529
386,2413
386,2413
386,2413
386,2413
386,882
386,882
386,882
386,2527
386,1421
386,428
386,428
386,428
386,3309
386,131
386,131
386,131
386,131
386,131
386,131
386,131
386,509
386,841
386,3310
386,3310
386,363
386,363
386,363
386,364
386,364
386,364
386,364
386,365
386,365
386,365
386,365
386,365
386,204
386,1118
386,1118
386,1118
386,1118
386,1118
386,291
386,291
386,291
386,291
386,291
386,291
386,293
386,1129
386,3289
386,3289
386,3289
386,3289
386,3289
386,1350
386,1350
386,1350
386,1350
386,1350
386,1240
386,1446
386,1770
386,447
386,468
386,468
386,468
386,369
386,369
386,369
386,369
386,369
386,300
386,300
386,300
386,300
386,1519
386,1519
386,1519
386,1519
386,3851
386,1221
386,1221
386,1221
386,1221
386,1221
386,1221
386,2484
386,41
386,41
386,41
386,41
386,41
386,1224
386,1224
386,1224
386,1224
386,1224
386,3852
386,3853
386,376
386,208
386,730
386,2098
386,2098
386,2098
386,2098
386,2098
386,846
386,846
386,42
386,42
386,42
386,812
386,489
386,212
386,212
386,212
386,1265
386,929
386,724
386,724
386,724
386,724
386,724
386,724
386,724
386,1636
386,1636
386,887
386,766
386,766
386,766
386,766
386,307
386,307
386,307
386,308
386,308
386,308
386,308
386,436
386,436
386,436
386,214
386,135
386,135
386,135
386,135
386,135
386,135
386,3220
386,3220
386,3220
386,1229
386,2635
386,2635
386,2635
386,2635
386,2635
386,3854
386,3854
386,1807
386,218
386,382
386,382
386,1969
386,770
386,703
386,3855
386,154
386,154
386,154
386,154
386,154
386,315
386,771
386,401
386,401
386,401
386,401
386,401
386,401
386,401
386,3856
386,3856
386,3856
386,3856
386,3857
386,3857
386,3857
386,2096
386,2096
386,550
386,1178
386,409
386,409
386,3858
386,3858
386,3858
386,226
386,411
386,611
386,611
386,611
386,612
386,156
386,156
386,156
387,2356
387,319
387,319
387,832
387,1814
387,713
387,1041
387,159
387,100
387,102
387,102
387,3859
387,3726
387,1183
387,108
387,1248
387,3860
387,3860
387,3860
387,87
387,1251
387,1254
387,1254
387,1143
387,1437
387,3566
387,3566
387,3674
387,2369
387,121
387,2122
387,126
387,2585
387,3861
387,280
387,79
387,3274
387,789
387,1173
387,1005
387,2394
387,2953
387,3862
387,1651
387,1591
387,1591
387,532
387,2600
387,1308
387,2956
387,3863
387,306
387,1449
387,308
387,732
387,821
387,310
387,438
387,3864
387,390
387,828
387,154
387,1595
387,864
387,3865
387,406
387,1037
387,518
387,3866
387,851
387,1282
387,2509
387,852
388,87
388,3867
388,3868
388,3869
389,838
389,159
389,100
389,1899
389,329
389,3870
389,3870
389,3870
389,65
389,65
389,65
389,65
389,333
389,260
389,3871
389,3872
389,3872
389,3872
389,3872
389,3872
389,121
389,1913
389,3729
389,426
389,363
389,3219
389,3219
389,469
389,469
389,469
389,469
389,3617
389,1920
389,1920
389,473
389,473
389,473
389,136
390,1313
390,558
390,144
390,324
390,100
390,563
390,145
390,160
390,331
390,497
390,839
390,565
390,8
390,65
390,333
390,714
390,255
390,10
390,270
390,15
390,148
390,1133
390,166
390,1193
390,1794
390,581
390,149
390,692
390,3786
390,2084
390,82
390,920
390,3873
390,3874
390,510
390,3418
390,532
390,42
390,211
390,3875
390,308
390,218
390,382
390,396
390,850
390,155
390,406
390,230
390,156
391,158
391,159
391,145
391,160
391,3876
391,146
391,65
391,10
391,2926
391,264
391,2185
391,601
391,2150
391,166
391,273
391,169
391,1179
391,149
391,665
391,131
391,1995
391,509
391,1743
391,376
391,42
391,211
391,887
391,135
391,863
391,1034
391,703
391,3877
391,396
391,608
391,154
391,397
391,1122
391,519
391,521
391,3878
391,612
391,156
392,158
392,159
392,324
392,100
392,145
392,1191
392,65
392,551
392,599
392,2057
392,13
392,3879
392,15
392,1439
392,3880
392,277
392,2853
392,426
392,35
392,197
392,994
392,994
392,3506
392,3506
393,87
393,687
393,121
393,35
393,35
393,3103
393,3881
393,406
393,406
393,683
393,683
393,225
393,225
393,1358
394,1931
394,3882
394,1573
394,1932
394,65
394,715
394,715
394,261
394,1933
394,1851
394,1206
394,1934
394,1934
394,165
394,1159
394,1159
394,1935
394,166
394,1936
394,1936
394,721
394,1937
394,1938
394,892
394,1939
394,1940
394,426
394,88
394,53
394,363
394,82
394,295
394,1941
394,1942
394,1943
394,1944
394,1945
394,1946
394,1947
394,1949
394,306
394,1951
394,980
394,490
394,490
394,1638
394,863
394,1953
394,1151
394,1151
394,136
394,818
394,311
394,824
394,711
394,711
394,394
394,314
394,1954
394,1642
394,1273
394,1955
394,1854
394,1643
394,1956
394,452
395,3883
395,3883
395,3580
395,3580
395,1596
395,2960
395,900
395,3884
395,1540
395,1541
395,1541
395,3885
395,3885
395,1203
395,65
395,1620
395,1620
395,2577
395,9
395,9
395,1759
395,1759
395,3886
395,1544
395,1545
395,3887
395,1546
395,1546
395,1436
395,3703
395,937
395,3888
395,634
395,634
395,2131
395,635
395,456
395,456
395,456
395,971
395,1254
395,1254
395,1254
395,457
395,457
395,457
395,457
395,1623
395,2581
395,636
395,459
395,459
395,459
395,941
395,638
395,638
395,1317
395,483
395,718
395,460
395,460
395,3058
395,2449
395,1159
395,3889
395,3889
395,2641
395,3890
395,120
395,166
395,880
395,880
395,880
395,880
395,2122
395,2122
395,721
395,2189
395,1548
395,653
395,1002
395,1002
395,3239
395,1549
395,1550
395,1550
395,349
395,3160
395,3160
395,28
395,29
395,29
395,1606
395,2712
395,3891
395,2469
395,2469
395,2469
395,1554
395,1554
395,1555
395,1555
395,3892
395,3893
395,3894
395,3584
395,3584
395,3895
395,3896
395,3897
395,1443
395,3000
395,1556
395,1556
395,1556
395,1556
395,665
395,665
395,1557
395,1584
395,666
395,666
395,1558
395,1196
395,200
395,2722
395,3898
395,3898
395,3899
395,3899
395,3899
395,1005
395,1560
395,3001
395,2477
395,2477
395,2477
395,3900
395,1395
395,134
395,3146
395,672
395,672
395,672
395,1634
395,1006
395,1685
395,1685
395,1685
395,3901
395,41
395,41
395,374
395,3902
395,3903
395,2325
395,1635
395,1635
395,1635
395,3002
395,1449
395,1007
395,1007
395,1007
395,1007
395,1007
395,1007
395,3456
395,491
395,491
395,491
395,491
395,491
395,3904
395,47
395,2289
395,3905
395,2350
395,820
395,2351
395,3906
395,677
395,2501
395,1131
395,3907
395,864
395,864
395,864
395,864
395,864
395,1008
395,3908
395,477
395,477
395,477
395,1009
395,1009
395,1009
395,1565
395,1565
395,3026
395,1566
395,1566
395,1566
395,1567
395,1567
395,1567
395,1010
395,2959
395,3154
395,852
395,852
395,852
395,852
395,852
395,1570
395,1570
395,1570
395,1138
395,1138
395,1138
396,2960
396,2960
396,2960
396,3909
396,87
396,87
396,2640
396,459
396,483
396,2961
396,3910
396,2962
396,2962
396,3911
396,2963
396,2964
396,2965
396,2966
396,2642
396,28
396,3912
396,1991
396,2967
396,3913
396,1685
396,1306
396,729
396,729
396,729
396,2968
396,3553
396,2969
396,1063
396,820
396,2970
396,2062
396,3077
396,677
397,158
397,100
397,145
397,62
397,565
397,161
397,65
397,552
397,2520
397,2068
397,166
397,544
397,2552
397,753
397,280
397,509
397,363
397,1175
397,211
397,308
397,611
397,156
398,2237
398,159
398,100
398,145
398,8
398,161
398,65
398,87
398,87
398,3914
398,166
398,28
398,29
398,88
398,363
398,82
398,82
398,211
398,3915
398,3345
398,3345
398,90
399,1139
399,1139
399,3508
399,234
399,1242
399,1242
399,173
399,144
399,3
399,3
399,159
399,159
399,324
399,324
399,324
399,325
399,325
399,325
399,100
399,100
399,100
399,100
399,145
399,145
399,103
399,1140
399,327
399,327
399,327
399,236
399,63
399,442
399,332
399,542
399,65
399,333
399,333
399,162
399,162
399,162
399,10
399,10
399,746
399,184
399,112
399,443
399,262
399,262
399,1252
399,906
399,444
399,1143
399,1143
399,503
399,1021
399,1021
399,1144
399,1144
399,3510
399,1145
399,1146
399,1146
399,277
399,1072
399,35
399,35
399,35
399,35
399,149
399,445
399,37
399,757
399,757
399,446
399,171
399,171
399,171
399,1108
399,53
399,53
399,509
399,1147
399,1147
399,1148
399,1148
399,447
399,448
399,56
399,229
399,375
399,378
399,378
399,306
399,306
399,1149
399,1149
399,307
399,1150
399,1150
399,135
399,1151
399,218
399,218
399,137
399,1136
399,770
399,59
399,394
399,154
399,154
399,2252
399,316
399,316
399,316
399,316
399,404
399,404
399,141
399,141
399,406
399,142
399,142
399,408
399,408
399,517
399,517
399,517
399,230
399,230
399,225
399,143
399,453
399,1279
399,1279
399,1358
400,3251
400,2047
400,144
400,159
400,145
400,2914
400,1200
400,179
400,1365
400,110
400,967
400,65
400,87
400,87
400,10
400,3916
400,1622
400,263
400,861
400,3917
400,3918
400,943
400,2149
400,2269
400,1665
400,166
400,278
400,1550
400,426
400,1554
400,1442
400,1513
400,666
400,666
400,429
400,131
400,82
400,1518
400,1770
400,1917
400,728
400,3901
400,306
400,3919
400,1007
400,1007
400,214
400,1774
400,386
400,3920
400,2161
400,155
400,1178
400,1646
400,3921
400,866
400,2509
400,852
400,852
400,1570
400,1138
401,1522
401,479
401,8
401,87
401,1087
401,484
401,552
401,485
401,648
401,975
401,576
401,1117
402,331
402,3922
402,3923
402,87
402,3155
402,1635
403,240
403,560
403,624
403,1015
403,2779
403,62
403,62
403,63
403,63
403,565
403,65
403,333
403,1087
403,636
403,264
403,3924
403,638
403,188
403,1092
403,484
403,1019
403,1019
403,342
403,343
403,2213
403,1468
403,190
403,2709
403,238
403,1098
403,1023
403,1478
403,36
403,1481
403,287
403,1116
403,1422
403,289
403,290
403,488
403,3925
403,1117
403,1117
403,1351
403,2230
403,3926
403,84
403,84
403,3474
403,231
404,2859
404,248
404,1015
404,3
404,415
404,62
404,3927
404,839
404,63
404,65
404,13
404,15
404,342
404,343
404,990
404,1775
404,128
404,507
404,585
404,289
404,290
404,203
404,1328
404,1485
404,3928
405,248
405,1015
405,3
405,99
405,325
405,325
405,101
405,415
405,106
405,565
405,8
405,65
405,333
405,10
405,188
405,15
405,164
405,568
405,569
405,3175
405,1320
405,77
405,78
405,130
405,88
405,584
405,585
405,171
405,587
405,588
405,1117
405,895
405,82
405,589
405,590
405,54
405,3929
405,83
405,405
405,3185
405,3930
406,2097
406,65
406,3398
407,172
407,145
407,1201
407,65
407,693
407,1116
407,363
407,82
407,606
407,1176
408,1363
408,144
408,324
408,100
408,101
408,87
408,10
408,335
408,187
408,717
408,3931
408,121
408,277
408,169
408,195
408,131
408,917
408,363
408,365
408,211
408,212
408,213
408,813
408,214
408,1188
408,218
408,818
408,1044
408,385
408,313
408,772
408,741
408,1235
408,402
408,517
408,226
409,1241
409,2356
409,712
409,867
409,2180
409,322
409,172
409,323
409,158
409,248
409,173
409,159
409,159
409,159
409,324
409,324
409,325
409,325
409,101
409,101
409,145
409,145
409,3726
409,1243
409,327
409,109
409,2944
409,2263
409,744
409,179
409,3860
409,110
409,3932
409,161
409,161
409,65
409,10
409,163
409,163
409,1981
409,184
409,1983
409,187
409,338
409,501
409,3933
409,268
409,906
409,270
409,15
409,484
409,148
409,148
409,552
409,502
409,342
409,503
409,601
409,526
409,3934
409,166
409,721
409,1291
409,277
409,349
409,3935
409,506
409,1832
409,35
409,149
409,1261
409,757
409,692
409,199
409,428
409,53
409,509
409,2861
409,2274
409,363
409,363
409,365
409,293
409,3223
409,762
409,2563
409,366
409,1395
409,845
409,41
409,884
409,375
409,3853
409,730
409,42
409,211
409,212
409,724
409,1266
409,308
409,3936
409,1450
409,214
409,214
409,214
409,215
409,1638
409,3937
409,136
409,137
409,383
409,1033
409,220
409,385
409,385
409,388
409,389
409,770
409,3938
409,3938
409,3732
409,396
409,154
409,2606
409,138
409,139
409,222
409,1235
409,85
409,155
409,404
409,2420
409,1847
409,1299
409,517
409,612
410,831
410,1313
410,2804
410,832
410,3939
410,2941
410,158
410,2807
410,144
410,144
410,232
410,159
410,159
410,159
410,324
410,100
410,100
410,100
410,3501
410,145
410,1573
410,102
410,1540
410,1140
410,2358
410,2358
410,596
410,327
410,3885
410,1183
410,1817
410,1817
410,147
410,179
410,179
410,179
410,110
410,110
410,110
410,332
410,8
410,255
410,9
410,10
410,10
410,10
410,10
410,256
410,834
410,834
410,1341
410,1341
410,184
410,500
410,3540
410,259
410,336
410,3940
410,337
410,3262
410,963
410,3530
410,1851
410,457
410,600
410,339
410,2703
410,1184
410,1184
410,459
410,50
410,3941
410,781
410,148
410,1872
410,460
410,2147
410,2301
410,3942
410,119
410,345
410,1146
410,191
410,3943
410,2399
410,3944
410,3945
410,28
410,1402
410,2711
410,3946
410,2800
410,506
410,3747
410,1830
410,195
410,195
410,949
410,35
410,1556
410,445
410,757
410,757
410,757
410,757
410,665
410,666
410,1211
410,1586
410,1586
410,1586
410,356
410,198
410,198
410,1347
410,1347
410,3947
410,1214
410,1587
410,429
410,131
410,131
410,53
410,2475
410,796
410,553
410,203
410,365
410,918
410,671
410,3948
410,2280
410,1770
410,3949
410,3950
410,370
410,2199
410,3951
410,3276
410,3952
410,1634
410,1006
410,3901
410,3953
410,210
410,210
410,378
410,3954
410,846
410,42
410,211
410,211
410,211
410,213
410,607
410,1166
410,3002
410,887
410,930
410,1150
410,1150
410,1266
410,3456
410,215
410,3955
410,3955
410,2251
410,491
410,1229
410,1405
410,1188
410,437
410,1841
410,1230
410,2728
410,136
410,136
410,136
410,536
410,218
410,137
410,383
410,384
410,384
410,736
410,1136
410,3956
410,737
410,3003
410,386
410,386
410,738
410,1594
410,1594
410,310
410,1453
410,770
410,740
410,740
410,849
410,59
410,59
410,711
410,314
410,1272
410,1272
410,1272
410,1272
410,772
410,3957
410,3957
410,1189
410,1189
410,678
410,678
410,155
410,141
410,141
410,1008
410,406
410,406
410,621
410,1276
410,1276
410,224
410,477
410,517
410,517
410,517
410,230
410,225
410,225
410,225
410,227
410,519
410,1278
410,1278
410,1009
410,1358
410,411
410,851
410,851
410,851
410,851
410,1280
410,1280
410,1568
410,1568
410,2509
410,852
410,1570
410,1138
411,234
411,234
411,889
411,890
411,890
411,628
411,628
411,3530
411,459
411,891
411,166
411,121
411,1320
411,892
411,29
411,88
411,893
411,894
411,665
411,587
411,286
411,895
411,82
411,896
411,897
411,898
411,899
412,319
412,1383
412,713
412,159
412,159
412,324
412,100
412,100
412,415
412,145
412,62
412,900
412,1140
412,330
412,179
412,63
412,180
412,110
412,1202
412,1202
412,1575
412,65
412,1620
412,10
412,834
412,1341
412,937
412,335
412,599
412,337
412,187
412,749
412,1730
412,2581
412,2703
412,3263
412,861
412,1389
412,718
412,1133
412,785
412,3958
412,166
412,1193
412,192
412,1735
412,276
412,233
412,2890
412,881
412,195
412,35
412,282
412,666
412,1586
412,759
412,357
412,1294
412,131
412,131
412,53
412,201
412,796
412,363
412,3825
412,54
412,2725
412,2484
412,372
412,1591
412,1396
412,1396
412,845
412,532
412,375
412,377
412,1501
412,210
412,210
412,378
412,379
412,306
412,211
412,211
412,213
412,535
412,436
412,214
412,136
412,137
412,219
412,220
412,1044
412,385
412,385
412,1428
412,389
412,966
412,396
412,154
412,154
412,1067
412,1595
412,401
412,741
412,850
412,404
412,2163
412,405
412,141
412,2936
412,406
412,2549
412,224
412,708
412,708
412,517
412,518
412,227
412,227
412,411
412,2612
412,852
412,156
413,3959
413,713
413,324
413,145
413,327
413,1183
413,177
413,1249
413,161
413,65
413,162
413,10
413,1788
413,337
413,237
413,13
413,268
413,502
413,165
413,2150
413,121
413,277
413,527
413,35
413,666
413,3103
413,131
413,509
413,920
413,2331
413,3960
413,1262
413,845
413,3961
413,846
413,211
413,3875
413,308
413,512
413,214
413,732
413,220
413,514
413,59
413,154
413,230
413,225
413,143
413,3962
413,3110
413,866
413,3963
413,1138
414,3964
414,3965
414,3966
414,87
414,3235
414,2685
414,3967
414,3968
414,1493
414,1494
414,464
414,3311
414,471
414,3969
414,2691
414,476
415,319
415,239
415,321
415,323
415,173
415,3
415,159
415,324
415,100
415,326
415,145
415,103
415,328
415,329
415,109
415,330
415,178
415,331
415,179
415,110
415,332
415,161
415,10
415,334
415,112
415,337
415,237
415,338
415,339
415,263
415,264
415,13
415,268
415,340
415,341
415,343
415,165
415,344
415,119
415,345
415,346
415,191
415,123
415,350
415,280
415,352
415,195
415,33
415,35
415,149
415,131
415,53
415,358
415,359
415,360
415,361
415,362
415,363
415,364
415,291
415,133
415,366
415,206
415,367
415,370
415,374
415,375
415,379
415,380
415,42
415,211
415,381
415,308
415,135
415,137
415,383
415,384
415,386
415,387
415,388
415,390
415,391
415,59
415,393
415,394
415,396
415,154
415,398
415,400
415,317
415,401
415,403
415,404
415,406
415,408
415,230
415,409
415,410
415,412
416,2429
416,1979
416,159
416,1867
416,628
416,1085
416,2435
416,2437
416,2438
416,2441
416,457
416,568
416,2450
416,2455
416,2462
416,2464
416,290
416,671
416,134
416,2480
416,2481
416,2482
416,2484
416,2485
416,1308
416,139
416,2503
416,2509
416,1647
416,852
417,1241
417,91
417,91
417,91
417,1139
417,1139
417,832
417,3970
417,1363
417,1242
417,1242
417,1242
417,158
417,173
417,173
417,3
417,3
417,159
417,159
417,324
417,324
417,324
417,325
417,325
417,325
417,100
417,100
417,100
417,100
417,100
417,415
417,145
417,145
417,145
417,145
417,145
417,1573
417,102
417,103
417,104
417,1140
417,1140
417,327
417,327
417,327
417,1246
417,1247
417,3971
417,108
417,1249
417,2265
417,1384
417,1250
417,744
417,3972
417,110
417,110
417,110
417,332
417,3973
417,161
417,65
417,65
417,65
417,111
417,111
417,333
417,333
417,255
417,255
417,162
417,162
417,10
417,10
417,163
417,3080
417,1251
417,2241
417,184
417,184
417,184
417,112
417,335
417,599
417,3974
417,969
417,262
417,262
417,1581
417,115
417,2005
417,1255
417,600
417,906
417,3975
417,781
417,1256
417,1143
417,1143
417,1143
417,117
417,2147
417,1257
417,503
417,165
417,1021
417,1021
417,1144
417,1144
417,989
417,119
417,345
417,1145
417,121
417,1146
417,1146
417,123
417,1258
417,277
417,27
417,1259
417,1259
417,130
417,1391
417,427
417,2525
417,35
417,35
417,35
417,35
417,149
417,1261
417,757
417,757
417,757
417,282
417,1371
417,171
417,171
417,171
417,131
417,53
417,53
417,53
417,3976
417,795
417,509
417,363
417,293
417,1147
417,1147
417,1148
417,1148
417,1518
417,134
417,801
417,1221
417,55
417,1262
417,1263
417,616
417,378
417,378
417,450
417,846
417,306
417,306
417,306
417,306
417,3514
417,211
417,211
417,1264
417,212
417,1149
417,1265
417,1265
417,1376
417,1150
417,1150
417,1266
417,214
417,135
417,135
417,451
417,2755
417,3977
417,1269
417,1269
417,1151
417,1151
417,136
417,218
417,218
417,137
417,137
417,137
417,383
417,219
417,219
417,734
417,734
417,2900
417,220
417,220
417,1136
417,1044
417,385
417,385
417,385
417,386
417,1969
417,3803
417,984
417,154
417,154
417,154
417,2252
417,1272
417,138
417,316
417,316
417,317
417,140
417,140
417,1189
417,1273
417,1273
417,1274
417,1274
417,864
417,404
417,141
417,141
417,141
417,1275
417,406
417,452
417,142
417,1276
417,408
417,408
417,408
417,517
417,517
417,517
417,1277
417,1277
417,143
417,143
417,1279
417,1358
417,851
417,851
417,1747
417,1281
417,1282
417,1282
417,454
418,3576
418,2047
418,3294
418,3978
418,889
418,324
418,2310
418,328
418,1899
418,744
418,179
418,709
418,1366
418,960
418,967
418,65
418,3979
418,3980
418,567
418,337
418,1903
418,2561
418,2057
418,638
418,266
418,3981
418,3982
418,1626
418,3443
418,1906
418,782
418,504
418,2791
418,166
418,121
418,3005
418,880
418,1303
418,2190
418,3136
418,277
418,3983
418,2931
418,426
418,88
418,35
418,1444
418,3242
418,2588
418,666
418,3629
418,3984
418,2060
418,3985
418,3448
418,1163
418,286
418,1116
418,363
418,1129
418,1835
418,3986
418,2320
418,2052
418,3156
418,469
418,1396
418,375
418,3987
418,1449
418,930
418,308
418,214
418,3988
418,3989
418,3990
418,3991
418,473
418,1921
418,1774
418,955
418,1613
418,735
418,3992
418,1033
418,220
418,386
418,710
418,514
418,310
418,822
418,770
418,3078
418,439
418,711
418,396
418,706
418,3507
418,3993
418,864
418,1299
418,3994
418,2509
418,852
419,1931
419,1573
419,1932
419,65
419,715
419,715
419,261
419,1933
419,1851
419,1206
419,1934
419,165
419,1159
419,1935
419,166
419,1936
419,1937
419,1938
419,892
419,1939
419,1940
419,426
419,53
419,363
419,295
419,1941
419,1942
419,1943
419,1944
419,1945
419,1945
419,1946
419,1852
419,1947
419,3995
419,1949
419,1950
419,2735
419,306
419,1951
419,3996
419,490
419,1952
419,1638
419,1953
419,1151
419,1151
419,136
419,818
419,311
419,824
419,711
419,711
419,394
419,314
419,3997
419,1954
419,1642
419,1273
419,1955
419,1854
419,1643
419,1956
419,452
420,2063
420,324
420,65
420,971
420,263
420,2057
420,265
420,1411
420,421
420,1439
420,1021
420,277
420,426
420,1106
420,430
420,994
420,1862
420,814
420,308
420,59
420,2547
421,239
421,248
421,159
421,325
421,415
421,145
421,3998
421,8
421,65
421,714
421,1157
421,717
421,718
421,270
421,552
421,20
421,543
421,3380
421,690
421,581
421,35
421,36
421,446
421,82
421,211
421,59
421,154
421,405
421,517
422,622
422,622
422,624
422,1
422,625
422,627
422,628
422,1575
422,630
422,631
422,333
422,87
422,633
422,634
422,636
422,637
422,644
422,647
422,650
422,1320
422,651
422,652
422,653
422,654
422,658
422,30
422,661
422,662
422,33
422,663
422,664
422,3999
422,669
422,670
422,671
422,672
422,4000
422,673
422,4001
422,674
422,491
422,701
422,44
422,44
422,676
422,4002
422,677
422,394
422,680
422,681
422,4003
422,683
422,477
423,838
423,158
423,562
423,159
423,159
423,324
423,324
423,325
423,2779
423,145
423,1140
423,859
423,419
423,109
423,147
423,179
423,179
423,709
423,110
423,110
423,65
423,333
423,335
423,2057
423,717
423,718
423,1439
423,343
423,4004
423,345
423,121
423,880
423,4005
423,4005
423,3667
423,233
423,2124
423,1196
423,2060
423,2060
423,994
423,134
423,729
423,729
423,208
423,211
423,490
423,1265
423,1265
423,814
423,930
423,308
423,436
423,214
423,214
423,215
423,215
423,1806
423,218
423,218
423,384
423,2178
423,389
423,438
423,3864
423,1297
423,1065
423,1065
423,677
423,316
423,404
423,620
423,406
424,1931
424,1573
424,1932
424,65
424,715
424,261
424,1933
424,1851
424,1206
424,1934
424,165
424,1159
424,1159
424,1935
424,1936
424,1936
424,721
424,1937
424,1938
424,892
424,1940
424,53
424,363
424,295
424,1942
424,1943
424,1944
424,1945
424,1945
424,1946
424,1947
424,1948
424,1950
424,306
424,1951
424,490
424,1638
424,1953
424,1151
424,136
424,818
424,311
424,824
424,711
424,394
424,314
424,1954
424,1273
424,1955
424,1854
424,1643
424,1956
424,452
425,3500
425,65
425,166
425,3422
425,1445
425,666
425,3156
425,3157
426,831
426,173
426,327
426,2112
426,1340
426,1749
426,178
426,1434
426,65
426,87
426,10
426,186
426,3030
426,187
426,600
426,339
426,4006
426,2268
426,3032
426,121
426,1401
426,4007
426,3033
426,3034
426,529
426,199
426,131
426,132
426,4008
426,510
426,1945
426,372
426,531
426,1307
426,375
426,765
426,1968
426,1376
426,436
426,1806
426,1841
426,4009
426,536
426,218
426,382
426,384
426,1044
426,59
426,223
426,1274
426,2163
426,452
426,4010
427,318
427,318
427,3
427,159
427,324
427,324
427,100
427,100
427,145
427,4011
427,178
427,497
427,110
427,110
427,332
427,87
427,551
427,1142
427,1205
427,263
427,264
427,1184
427,166
427,190
427,190
427,347
427,276
427,276
427,277
427,752
427,1667
427,195
427,195
427,35
427,357
427,357
427,3309
427,287
427,203
427,1129
427,920
427,836
427,836
427,375
427,375
427,213
427,765
427,765
427,135
427,491
427,2635
427,384
427,384
427,1033
427,1033
427,220
427,385
427,385
427,537
427,389
427,711
427,313
427,313
427,154
427,154
427,398
427,316
427,316
427,772
427,1433
427,517
427,226
427,226
427,411
427,612
427,612
427,1569
428,1931
428,1573
428,1932
428,65
428,715
428,715
428,261
428,1933
428,1851
428,1206
428,1934
428,1934
428,165
428,1159
428,1159
428,1935
428,1936
428,721
428,1937
428,1938
428,892
428,1940
428,53
428,1163
428,363
428,3289
428,295
428,1941
428,1942
428,1943
428,1944
428,1944
428,1945
428,1946
428,1947
428,4012
428,1949
428,4013
428,306
428,1951
428,3996
428,490
428,1638
428,863
428,1953
428,1151
428,1151
428,136
428,818
428,311
428,824
428,711
428,711
428,394
428,314
428,1954
428,1954
428,1273
428,1955
428,1854
428,1643
428,1956
428,452
429,65
429,632
429,715
429,1019
429,552
429,3116
429,2068
429,278
429,1162
429,690
429,35
429,149
429,4014
429,4015
429,490
429,436
429,214
429,215
429,136
430,249
430,324
430,87
430,265
430,2185
430,4016
430,1513
430,1444
430,994
430,2762
430,2763
431,159
431,324
431,325
431,100
431,145
431,65
431,333
431,10
431,163
431,35
431,363
432,319
432,1814
432,7
432,65
432,2242
432,258
432,187
432,840
432,131
432,2987
432,1262
432,2250
432,531
432,207
432,887
432,1843
432,618
432,389
432,404
432,141
432,224
432,226
433,3082
433,324
433,65
433,638
433,121
433,277
433,426
433,4017
433,2052
433,884
433,2883
433,213
433,929
433,308
433,218
433,406
433,477
434,1241
434,319
434,319
434,91
434,91
434,832
434,2806
434,173
434,103
434,4018
434,1183
434,235
434,236
434,1247
434,1247
434,329
434,110
434,903
434,332
434,65
434,255
434,2003
434,163
434,2410
434,1251
434,337
434,1253
434,237
434,600
434,3643
434,268
434,3400
434,781
434,781
434,718
434,718
434,4019
434,165
434,4020
434,189
434,1258
434,529
434,131
434,131
434,53
434,1834
434,916
434,1885
434,2414
434,1610
434,918
434,918
434,918
434,919
434,919
434,4021
434,2280
434,2249
434,925
434,2052
434,4022
434,1262
434,2250
434,2416
434,2416
434,928
434,928
434,229
434,375
434,304
434,304
434,929
434,1376
434,1266
434,308
434,384
434,220
434,933
434,933
434,2108
434,310
434,2418
434,396
434,396
434,2209
434,1595
434,401
434,401
434,1235
434,2420
434,406
434,1277
435,2143
435,2940
435,2941
435,2103
435,323
435,2512
435,100
435,145
435,145
435,2574
435,2574
435,102
435,2942
435,2943
435,2358
435,1183
435,235
435,329
435,2944
435,1817
435,2945
435,1141
435,179
435,63
435,442
435,110
435,1757
435,779
435,1575
435,967
435,65
435,10
435,163
435,3737
435,184
435,184
435,112
435,3727
435,2946
435,186
435,1581
435,600
435,600
435,3643
435,268
435,2947
435,2948
435,2367
435,165
435,504
435,166
435,2949
435,121
435,1146
435,2950
435,276
435,277
435,2463
435,2890
435,3709
435,1554
435,195
435,2951
435,33
435,35
435,666
435,666
435,1293
435,131
435,2952
435,2007
435,841
435,2953
435,1148
435,1375
435,2954
435,4023
435,803
435,2598
435,2955
435,2116
435,836
435,1263
435,375
435,730
435,2956
435,305
435,1892
435,306
435,306
435,211
435,2957
435,213
435,1265
435,930
435,1007
435,214
435,214
435,215
435,215
435,815
435,2635
435,136
435,2404
435,218
435,383
435,219
435,1844
435,220
435,220
435,385
435,385
435,2178
435,386
435,221
435,1065
435,390
435,770
435,2730
435,608
435,154
435,315
435,2958
435,140
435,1189
435,1595
435,773
435,222
435,1354
435,555
435,85
435,404
435,406
435,1299
435,477
435,517
435,230
435,409
435,226
435,226
435,851
435,851
435,2959
435,2509
435,852
436,557
436,561
436,248
436,248
436,232
436,100
436,415
436,415
436,1458
436,3927
436,684
436,839
436,63
436,65
436,714
436,714
436,1464
436,717
436,717
436,15
436,164
436,164
436,16
436,569
436,569
436,20
436,52
436,879
436,4024
436,2831
436,2831
436,648
436,1470
436,1322
436,1322
436,88
436,35
436,36
436,4025
436,1670
436,1294
436,132
436,1326
436,1919
436,405
436,405
436,406
436,1125
436,517
436,4026
436,4026
437,1931
437,1573
437,1932
437,65
437,715
437,715
437,261
437,1933
437,1851
437,1851
437,1206
437,1934
437,165
437,1159
437,1159
437,1935
437,1936
437,1936
437,1937
437,1938
437,892
437,1939
437,1940
437,53
437,363
437,295
437,1941
437,1942
437,1943
437,1944
437,1945
437,1946
437,1947
437,1949
437,306
437,1951
437,490
437,1638
437,863
437,1953
437,1151
437,1151
437,136
437,818
437,311
437,824
437,711
437,711
437,394
437,314
437,1954
437,1642
437,1273
437,1955
437,1854
437,1643
437,1956
437,452
438,2573
438,145
438,900
438,2574
438,2576
438,2121
438,1899
438,1248
438,442
438,1575
438,2002
438,65
438,1620
438,10
438,834
438,11
438,2580
438,2580
438,2581
438,2582
438,2583
438,880
438,2456
438,721
438,1303
438,1303
438,2585
438,2463
438,835
438,2890
438,1679
438,2586
438,2587
438,79
438,1554
438,1554
438,2588
438,2589
438,666
438,2592
438,2593
438,1421
438,199
438,131
438,2595
438,361
438,2596
438,468
438,1720
438,1306
438,41
438,532
438,2600
438,374
438,1308
438,2601
438,2127
438,214
438,136
438,702
438,58
438,826
438,2605
438,864
438,4027
438,406
438,412
438,2612
438,852
438,1570
439,159
439,324
439,2066
439,100
439,145
439,1141
439,110
439,65
439,4028
439,121
439,131
439,3831
439,370
439,511
439,531
439,218
439,384
439,385
439,386
439,514
439,310
439,770
439,138
439,708
439,517
439,521
439,411
440,2859
440,561
440,144
440,101
440,415
440,415
440,63
440,65
440,632
440,4029
440,15
440,16
440,569
440,20
440,20
440,166
440,1470
440,1775
440,128
440,1402
440,1402
440,3415
440,3415
440,3769
440,507
440,507
440,35
440,35
440,149
440,149
440,509
440,363
440,487
440,487
441,3165
441,98
441,158
441,158
441,144
441,144
441,232
441,232
441,325
441,101
441,101
441,4030
441,1782
441,1782
441,160
441,3370
441,8
441,65
441,333
441,333
441,87
441,714
441,714
441,10
441,10
441,163
441,1205
441,187
441,187
441,941
441,941
441,116
441,164
441,719
441,719
441,16
441,569
441,3057
441,3931
441,19
441,118
441,125
441,125
441,1911
441,1911
441,77
441,1877
441,577
441,577
441,282
441,4031
441,131
441,131
441,796
441,796
441,287
441,287
441,363
441,363
441,290
441,290
441,365
441,1350
441,1350
441,3313
441,3313
441,1500
441,1500
441,54
441,1719
441,672
441,378
441,378
441,3432
441,213
441,213
441,215
441,215
441,83
441,136
441,136
441,220
441,220
441,703
441,1334
441,405
441,405
441,143
441,143
441,454
442,2859
442,1314
442,2063
442,558
442,713
442,248
442,562
442,144
442,144
442,1015
442,159
442,324
442,325
442,100
442,101
442,101
442,415
442,415
442,62
442,564
442,106
442,147
442,147
442,684
442,63
442,253
442,8
442,161
442,65
442,333
442,333
442,1662
442,566
442,4032
442,1464
442,188
442,164
442,148
442,16
442,552
442,70
442,70
442,20
442,20
442,1439
442,3504
442,2013
442,119
442,2190
442,577
442,2124
442,128
442,169
442,993
442,528
442,2663
442,4033
442,35
442,35
442,36
442,149
442,3065
442,4034
442,55
442,136
442,2309
442,1125
442,517
443,2143
443,2940
443,2941
443,2512
443,100
443,145
443,2574
443,102
443,2942
443,2943
443,2358
443,1460
443,1183
443,235
443,329
443,2944
443,1817
443,2945
443,179
443,63
443,442
443,110
443,1757
443,779
443,1575
443,967
443,65
443,10
443,184
443,112
443,4035
443,2946
443,1581
443,600
443,268
443,340
443,2947
443,2948
443,2367
443,165
443,165
443,2949
443,121
443,1146
443,1827
443,2950
443,2463
443,2890
443,3709
443,1391
443,195
443,2951
443,33
443,35
443,666
443,1293
443,131
443,2952
443,2007
443,841
443,2953
443,1148
443,1375
443,300
443,2954
443,803
443,2598
443,1263
443,375
443,730
443,2956
443,305
443,1892
443,306
443,211
443,211
443,2957
443,213
443,1265
443,930
443,1007
443,1007
443,214
443,214
443,215
443,215
443,815
443,2635
443,136
443,2404
443,383
443,219
443,1844
443,220
443,385
443,2178
443,386
443,2912
443,221
443,1065
443,390
443,770
443,2730
443,608
443,154
443,315
443,2958
443,1595
443,222
443,1354
443,1955
443,85
443,406
443,1299
443,477
443,517
443,230
443,409
443,226
443,3921
443,851
443,2959
443,2509
443,852
444,1012
444,713
444,248
444,3
444,159
444,324
444,100
444,145
444,145
444,854
444,565
444,565
444,161
444,65
444,65
444,163
444,264
444,269
444,568
444,343
444,165
444,4028
444,166
444,166
444,191
444,277
444,1831
444,3121
444,4036
444,2861
444,287
444,293
444,1720
444,724
444,4037
444,214
444,817
445,319
445,902
445,419
445,1183
445,65
445,163
445,1821
445,237
445,1184
445,1789
445,2614
445,781
445,168
445,2523
445,195
445,2985
445,4038
445,531
445,373
445,812
445,1265
445,218
445,4039
445,1297
445,829
445,316
445,140
445,2295
445,3993
445,402
445,155
446,145
446,1192
446,179
446,65
446,4040
446,268
446,4041
446,2929
446,4042
446,199
446,131
446,553
446,372
446,1890
446,1396
446,211
446,1060
446,136
446,536
446,218
446,384
446,220
446,1044
446,514
446,310
446,770
446,824
446,313
446,608
446,154
446,397
446,609
446,741
446,402
446,406
446,454
447,2768
447,232
447,145
447,65
447,751
447,166
447,276
447,1513
447,2060
447,131
447,589
447,2667
447,447
447,370
447,215
447,847
447,770
447,771
448,1314
448,558
448,560
448,560
448,248
448,144
448,232
448,159
448,325
448,415
448,415
448,62
448,936
448,3927
448,3927
448,1192
448,63
448,565
448,65
448,333
448,632
448,632
448,599
448,2142
448,15
448,15
448,164
448,16
448,569
448,70
448,19
448,20
448,2214
448,166
448,1322
448,1322
448,576
448,77
448,1775
448,169
448,579
448,580
448,4043
448,585
448,82
448,132
448,3929
448,211
448,1122
448,1485
448,405
448,405
448,1337
449,2613
449,65
449,186
449,2751
449,2706
449,793
449,916
449,4044
449,2416
449,845
449,814
449,2990
449,737
449,386
449,314
449,155
450,623
450,663
451,159
451,324
451,100
451,100
451,145
451,1573
451,327
451,179
451,110
451,87
451,10
451,10
451,256
451,2363
451,499
451,184
451,501
451,501
451,1184
451,1699
451,50
451,341
451,341
451,525
451,166
451,4045
451,276
451,277
451,277
451,752
451,753
451,4046
451,4046
451,353
451,356
451,357
451,509
451,287
451,363
451,363
451,288
451,365
451,365
451,204
451,204
451,1262
451,1262
451,845
451,377
451,377
451,4047
451,42
451,42
451,381
451,381
451,212
451,212
451,2100
451,218
451,218
451,384
451,384
451,1033
451,220
451,220
451,1044
451,1044
451,310
451,311
451,396
451,396
451,608
451,154
451,154
451,138
451,138
451,316
451,316
451,771
451,402
451,404
451,404
451,224
451,517
451,1277
451,226
451,226
451,227
451,851
451,612
451,156
451,156
452,320
452,239
452,4048
452,838
452,248
452,248
452,159
452,159
452,324
452,324
452,325
452,100
452,100
452,145
452,145
452,145
452,62
452,62
452,62
452,160
452,419
452,1141
452,178
452,178
452,1366
452,110
452,332
452,565
452,65
452,65
452,87
452,10
452,10
452,163
452,334
452,599
452,599
452,268
452,15
452,67
452,70
452,70
452,70
452,1439
452,1439
452,1439
452,543
452,166
452,880
452,4005
452,1794
452,277
452,277
452,77
452,752
452,35
452,35
452,149
452,149
452,758
452,4049
452,150
452,2084
452,2084
452,363
452,1028
452,920
452,920
452,3464
452,1519
452,510
452,378
452,378
452,929
452,1033
452,1033
452,220
452,220
452,220
452,1065
452,1065
452,1065
452,703
452,703
452,823
452,823
452,398
452,398
452,316
452,2548
452,404
452,406
452,621
452,621
452,226
452,226
452,611
452,611
452,156
452,156
453,91
453,100
453,100
453,102
453,103
453,104
453,108
453,110
453,65
453,111
453,334
453,112
453,112
453,115
453,1184
453,117
453,119
453,123
453,130
453,35
453,131
453,134
453,55
453,1262
453,764
453,846
453,135
453,135
453,136
453,137
453,385
453,396
453,138
453,398
453,140
453,141
453,452
453,142
453,143
454,232
454,65
454,687
454,1440
454,1320
454,1160
454,88
454,1498
454,1447
454,1279
455,2731
455,4050
455,65
455,4051
455,4052
455,82
455,1808
455,4053
455,406
455,1568
456,2143
456,2940
456,2941
456,2512
456,173
456,100
456,145
456,145
456,2574
456,102
456,2942
456,2943
456,2358
456,1183
456,235
456,1869
456,329
456,177
456,2944
456,1817
456,2945
456,179
456,63
456,442
456,110
456,1757
456,779
456,252
456,1575
456,967
456,65
456,10
456,184
456,112
456,2946
456,1581
456,600
456,268
456,2947
456,2948
456,2367
456,165
456,2949
456,1146
456,2950
456,2463
456,2890
456,3709
456,506
456,1391
456,1554
456,195
456,2951
456,33
456,35
456,758
456,666
456,1585
456,1293
456,429
456,131
456,131
456,2952
456,2007
456,841
456,2953
456,1148
456,1375
456,370
456,300
456,2954
456,803
456,2598
456,2955
456,672
456,836
456,1263
456,375
456,730
456,2956
456,305
456,1892
456,306
456,211
456,211
456,2957
456,2957
456,213
456,1265
456,930
456,1007
456,512
456,214
456,214
456,215
456,815
456,2635
456,45
456,136
456,2404
456,383
456,219
456,1844
456,220
456,385
456,2178
456,386
456,710
456,2912
456,221
456,514
456,310
456,1065
456,390
456,770
456,770
456,2730
456,394
456,608
456,608
456,154
456,315
456,2958
456,140
456,1595
456,222
456,1354
456,85
456,406
456,1299
456,477
456,517
456,230
456,409
456,226
456,851
456,851
456,2959
456,2509
456,852
456,156
456,1138
457,4054
457,87
457,687
457,88
457,35
457,82
458,3500
458,1757
458,1757
458,87
458,4055
458,112
458,112
458,456
458,2995
458,166
458,880
458,4056
458,3422
458,3422
458,666
458,666
458,82
458,3001
458,1148
458,1770
458,370
458,3156
458,3156
458,672
458,672
458,836
458,836
458,215
458,215
458,491
458,473
458,3157
458,4057
458,3507
458,3507
458,864
458,3460
459,890
459,628
459,65
459,4058
459,88
459,82
459,898
459,899
459,4059
460,319
460,832
460,832
460,2694
460,100
460,253
460,1203
460,1203
460,65
460,11
460,2704
460,4060
460,529
460,2413
460,2338
460,429
460,134
460,2383
460,3412
460,737
460,386
460,739
460,310
461,4061
461,4062
461,159
461,324
461,100
461,145
461,4063
461,327
461,597
461,332
461,1367
461,87
461,10
461,186
461,3128
461,18
461,165
461,121
461,753
461,1513
461,2080
461,357
461,914
461,363
461,3043
461,511
461,41
461,375
461,208
461,304
461,378
461,42
461,212
461,214
461,1188
461,1841
461,536
461,218
461,385
461,386
461,770
461,772
461,407
461,1299
461,517
461,3440
462,172
462,173
462,100
462,145
462,145
462,174
462,177
462,63
462,65
462,183
462,186
462,148
462,502
462,165
462,121
462,193
462,276
462,131
462,363
462,856
462,205
462,211
462,212
462,215
462,219
462,226
463,540
463,713
463,248
463,100
463,145
463,62
463,4064
463,854
463,147
463,65
463,632
463,10
463,551
463,148
463,552
463,165
463,601
463,1712
463,166
463,347
463,238
463,149
463,692
463,131
463,286
463,920
463,41
463,375
463,606
463,211
463,308
463,382
463,548
463,220
463,549
463,154
463,538
463,1235
463,610
464,419
464,65
464,971
464,1763
464,2058
464,2068
464,2552
464,1513
464,666
464,994
464,54
464,814
464,214
464,136
464,438
464,1065
464,934
465,159
465,324
465,325
465,100
465,145
465,4011
465,110
465,253
465,87
465,263
465,264
465,273
465,277
465,690
465,363
465,304
465,211
465,863
465,608
465,154
465,2786
465,1138
466,2637
466,4065
466,232
466,100
466,2310
466,1200
466,3233
466,4064
466,4064
466,2121
466,109
466,1141
466,1141
466,63
466,1757
466,1757
466,65
466,4066
466,4066
466,1534
466,112
466,3888
466,11
466,11
466,456
466,456
466,970
466,187
466,457
466,457
466,2581
466,2074
466,4067
466,4068
466,1437
466,1053
466,1159
466,345
466,880
466,1936
466,2457
466,2459
466,1291
466,4069
466,4069
466,1305
466,690
466,425
466,2586
466,4070
466,4070
466,911
466,4071
466,35
466,149
466,665
466,3242
466,2255
466,196
466,1586
466,131
466,131
466,131
466,842
466,842
466,3817
466,1186
466,1325
466,1055
466,921
466,3361
466,1886
466,468
466,1917
466,300
466,1519
466,151
466,511
466,1890
466,1890
466,928
466,1058
466,2600
466,4072
466,208
466,616
466,1308
466,304
466,846
466,306
466,607
466,1266
466,3712
466,1229
466,1229
466,4073
466,4074
466,136
466,136
466,136
466,1893
466,385
466,386
466,738
466,1034
466,310
466,310
466,822
466,770
466,740
466,59
466,138
466,316
466,222
466,222
466,864
466,1299
466,1299
466,707
466,707
466,1178
466,412
467,65
467,1254
467,2740
467,749
467,421
467,3566
467,1602
467,880
467,3811
467,88
467,82
467,3901
467,1449
467,3456
467,491
467,473
467,864
467,1008
467,852
468,831
468,319
468,172
468,172
468,323
468,158
468,158
468,159
468,324
468,325
468,145
468,4075
468,174
468,63
468,967
468,65
468,3335
468,961
468,4076
468,749
468,861
468,1699
468,51
468,1626
468,552
468,343
468,2641
468,2641
468,1412
468,880
468,4077
468,4078
468,1208
468,752
468,753
468,3006
468,1679
468,910
468,1024
468,3139
468,507
468,1738
468,1556
468,3242
468,2625
468,2255
468,666
468,4079
468,131
468,131
468,287
468,364
468,365
468,365
468,204
468,2596
468,376
468,376
468,377
468,4080
468,211
468,211
468,607
468,930
468,308
468,436
468,214
468,2846
468,863
468,1310
468,1378
468,385
468,703
468,3775
468,711
468,711
468,394
468,396
468,2406
468,317
468,401
468,402
468,404
468,4081
468,2164
468,407
468,2165
469,777
469,87
469,187
469,1519
469,3292
469,3623
469,3624
470,159
470,100
470,145
470,1655
470,65
470,183
470,4082
470,4083
470,270
470,1092
470,879
470,166
470,191
470,276
470,1208
470,1913
470,4084
470,88
470,693
470,2226
470,203
470,1118
470,82
470,977
470,1890
470,211
470,704
470,397
470,611
471,853
471,323
471,144
471,144
471,144
471,232
471,159
471,324
471,324
471,324
471,324
471,324
471,324
471,100
471,100
471,100
471,145
471,145
471,145
471,833
471,4085
471,2111
471,4086
471,147
471,147
471,744
471,497
471,497
471,709
471,1385
471,960
471,110
471,110
471,1202
471,1202
471,1202
471,1202
471,1202
471,1202
471,332
471,332
471,2072
471,1655
471,10
471,10
471,10
471,551
471,745
471,746
471,256
471,334
471,334
471,1399
471,1399
471,184
471,4087
471,260
471,3974
471,3974
471,3974
471,261
471,337
471,456
471,963
471,501
471,339
471,265
471,1699
471,1789
471,1789
471,4088
471,268
471,781
471,1437
471,1318
471,3128
471,4089
471,525
471,4090
471,3270
471,2772
471,4091
471,4092
471,880
471,3273
471,2190
471,2190
471,2190
471,277
471,277
471,277
471,277
471,910
471,4093
471,4046
471,527
471,4094
471,881
471,881
471,881
471,353
471,2314
471,2314
471,3850
471,4095
471,1418
471,1585
471,692
471,3830
471,1196
471,428
471,131
471,131
471,1392
471,841
471,796
471,796
471,1422
471,363
471,363
471,363
471,365
471,292
471,1325
471,918
471,919
471,589
471,589
471,798
471,2381
471,4096
471,295
471,2812
471,923
471,1219
471,924
471,2279
471,4097
471,4097
471,368
471,369
471,369
471,369
471,4098
471,1221
471,1651
471,1804
471,531
471,531
471,373
471,927
471,4099
471,375
471,375
471,208
471,208
471,616
471,1501
471,846
471,846
471,846
471,4100
471,211
471,2286
471,1074
471,1074
471,490
471,490
471,213
471,213
471,929
471,929
471,929
471,1968
471,1968
471,1968
471,930
471,930
471,1376
471,1376
471,1376
471,931
471,2426
471,1507
471,1507
471,436
471,436
471,214
471,214
471,214
471,214
471,214
471,215
471,135
471,135
471,135
471,1229
471,1229
471,932
471,932
471,932
471,4101
471,816
471,2427
471,1231
471,1231
471,1842
471,536
471,137
471,382
471,384
471,734
471,220
471,220
471,220
471,220
471,1232
471,1845
471,702
471,389
471,389
471,389
471,310
471,310
471,311
471,311
471,438
471,438
471,1065
471,770
471,703
471,1430
471,4102
471,4102
471,4102
471,711
471,711
471,396
471,396
471,396
471,397
471,398
471,399
471,316
471,316
471,316
471,140
471,401
471,401
471,401
471,1234
471,1235
471,1235
471,1235
471,404
471,2164
471,2549
471,227
471,521
471,521
471,521
471,611
472,1596
472,144
472,324
472,709
472,161
472,65
472,2734
472,3297
472,186
472,11
472,11
472,970
472,2561
472,263
472,268
472,4103
472,1411
472,165
472,4090
472,2819
472,121
472,880
472,277
472,4104
472,131
472,4105
472,3121
472,916
472,363
472,918
472,918
472,919
472,4106
472,1395
472,4107
472,4108
472,4109
472,2774
472,1224
472,928
472,4100
472,381
472,929
472,930
472,218
472,1033
472,2108
472,386
472,4110
472,396
472,316
472,864
472,404
472,4111
473,1711
473,2573
473,100
473,145
473,900
473,2574
473,2576
473,2121
473,1899
473,108
473,1248
473,442
473,1575
473,2002
473,65
473,1620
473,10
473,834
473,1676
473,11
473,2580
473,2580
473,2581
473,3918
473,2582
473,2583
473,4112
473,880
473,2456
473,192
473,721
473,1160
473,1303
473,1303
473,2585
473,2463
473,2522
473,835
473,1679
473,2586
473,2587
473,79
473,1554
473,1554
473,2588
473,2589
473,666
473,2590
473,2592
473,2593
473,791
473,3786
473,1421
473,1421
473,199
473,131
473,2595
473,361
473,2596
473,468
473,1720
473,4113
473,1306
473,1890
473,41
473,41
473,532
473,2600
473,374
473,1308
473,211
473,2127
473,214
473,136
473,702
473,58
473,826
473,2605
473,399
473,864
473,406
473,4114
473,412
473,2612
473,852
473,852
473,1570
474,4115
474,1922
474,2992
474,2992
474,4116
474,713
474,3
474,415
474,415
474,329
474,1248
474,4117
474,565
474,565
474,65
474,333
474,1087
474,971
474,1254
474,3428
474,1092
474,1092
474,1019
474,1019
474,164
474,719
474,1319
474,640
474,3566
474,1906
474,1908
474,2851
474,1468
474,1468
474,3872
474,880
474,880
474,1713
474,2190
474,2190
474,4118
474,577
474,1402
474,1402
474,78
474,580
474,2588
474,4119
474,4119
474,4120
474,4121
474,469
474,4122
474,211
474,473
474,473
474,4123
474,1176
474,1065
474,1036
474,864
475,867
475,100
475,145
475,87
475,334
475,1341
475,3336
475,2215
475,166
475,4124
475,276
475,351
475,195
475,841
475,365
475,1802
475,2812
475,369
475,4125
475,3639
475,378
475,435
475,213
475,1968
475,930
475,218
475,382
475,1033
475,220
475,385
475,710
475,59
475,313
475,741
475,1722
475,404
475,4126
475,4114
475,411
476,87
476,1160
476,1554
476,2601
477,1202
477,65
477,187
477,268
477,166
477,3848
477,1418
477,131
477,3310
477,300
477,211
478,4127
478,4128
478,2145
478,1521
478,324
478,100
478,2972
478,777
478,960
478,4129
478,110
478,87
478,255
478,10
478,4130
478,4131
478,4131
478,499
478,184
478,4132
478,4132
478,266
478,781
478,718
478,3740
478,1021
478,525
478,345
478,2522
478,1473
478,3398
478,1478
478,4133
478,1179
478,1180
478,758
478,4134
478,2527
478,4135
478,4136
478,4137
478,4137
478,1454
478,812
478,929
478,214
478,4138
478,4139
478,536
478,220
478,385
478,4140
478,396
478,154
478,4141
478,829
478,1485
478,4142
478,4143
478,4144
478,406
478,142
478,517
478,519
478,519
478,1038
478,611
478,611
478,1569
478,4145
479,1979
479,857
479,102
479,1016
479,2576
479,147
479,4146
479,65
479,4147
479,2580
479,1730
479,4148
479,13
479,13
479,3918
479,4149
479,2582
479,2583
479,345
479,4150
479,1987
479,4151
479,4152
479,4153
479,4153
479,2890
479,2401
479,2524
479,1991
479,4154
479,4155
479,3308
479,666
479,4156
479,4157
479,196
479,2403
479,1421
479,1421
479,2594
479,358
479,2414
479,2596
479,2596
479,3145
479,4113
479,2484
479,2484
479,448
479,1306
479,1686
479,2600
479,374
479,534
479,2602
479,1997
479,3919
479,3919
479,1309
479,4158
479,823
479,2162
479,2162
479,1646
479,2608
480,248
480,144
480,159
480,324
480,145
480,8
480,65
480,166
480,357
480,1173
480,509
480,363
480,373
480,306
480,211
480,436
480,702
480,222
480,850
480,404
480,2165
481,1895
481,3048
481,3093
481,3049
481,3049
481,560
481,172
481,3095
481,3050
481,3050
481,97
481,98
481,98
481,2651
481,2651
481,158
481,713
481,173
481,173
481,144
481,144
481,3
481,99
481,232
481,159
481,159
481,159
481,159
481,324
481,324
481,100
481,100
481,100
481,101
481,145
481,145
481,145
481,62
481,103
481,103
481,1140
481,1243
481,176
481,63
481,63
481,442
481,251
481,110
481,252
481,253
481,8
481,8
481,1655
481,65
481,65
481,65
481,65
481,632
481,255
481,183
481,183
481,163
481,163
481,163
481,163
481,1662
481,256
481,1399
481,1341
481,184
481,112
481,443
481,687
481,3053
481,4159
481,748
481,748
481,3097
481,50
481,482
481,444
481,340
481,1256
481,188
481,116
481,165
481,165
481,165
481,165
481,52
481,1021
481,1021
481,1021
481,601
481,989
481,74
481,119
481,3098
481,1145
481,121
481,121
481,2328
481,124
481,124
481,124
481,124
481,125
481,193
481,2870
481,168
481,168
481,279
481,238
481,280
481,280
481,3061
481,3061
481,3061
481,3100
481,3062
481,88
481,1832
481,3064
481,35
481,35
481,149
481,149
481,149
481,149
481,149
481,149
481,445
481,445
481,37
481,757
481,758
481,446
481,1177
481,692
481,228
481,4160
481,4161
481,3068
481,359
481,2861
481,133
481,4106
481,1362
481,447
481,1327
481,54
481,54
481,54
481,54
481,54
481,55
481,3105
481,672
481,448
481,1329
481,4162
481,56
481,229
481,304
481,764
481,4163
481,3201
481,450
481,4164
481,3106
481,3071
481,306
481,306
481,306
481,306
481,211
481,211
481,211
481,211
481,813
481,3072
481,135
481,491
481,817
481,1230
481,536
481,1808
481,218
481,220
481,1066
481,823
481,4165
481,3107
481,3107
481,59
481,394
481,154
481,154
481,154
481,154
481,2606
481,2606
481,1272
481,316
481,440
481,3108
481,850
481,404
481,406
481,406
481,406
481,406
481,406
481,142
481,1276
481,1617
481,230
481,230
481,225
481,225
481,225
481,225
481,3109
481,1236
481,1236
481,453
481,3110
481,1279
481,851
481,851
481,851
481,1568
481,1568
481,875
481,876
481,156
481,156
481,156
481,156
482,172
482,324
482,145
482,596
482,3776
482,65
482,10
482,499
482,501
482,3829
482,340
482,166
482,357
482,131
482,1027
482,509
482,363
482,375
482,42
482,212
482,2784
482,215
482,216
482,136
482,154
482,850
482,2164
483,1979
483,249
483,325
483,1200
483,65
483,333
483,2364
483,112
483,2581
483,861
483,638
483,4166
483,4167
483,460
483,343
483,166
483,880
483,2584
483,1305
483,2401
483,1990
483,79
483,1991
483,4168
483,37
483,1681
483,131
483,131
483,467
483,467
483,286
483,487
483,487
483,82
483,4169
483,372
483,372
483,3292
483,374
483,1426
483,1308
483,1264
483,4170
483,2204
483,308
483,308
483,826
483,2958
483,864
483,4171
483,1645
483,477
483,1646
483,230
483,2608
483,4172
483,4172
483,412
484,319
484,1139
484,4173
484,4174
484,2941
484,323
484,323
484,623
484,246
484,4065
484,2047
484,144
484,3
484,159
484,324
484,324
484,325
484,100
484,100
484,415
484,145
484,145
484,2574
484,2574
484,2397
484,1200
484,1200
484,103
484,104
484,1243
484,4175
484,327
484,1183
484,1869
484,1869
484,1725
484,1725
484,177
484,777
484,777
484,777
484,777
484,777
484,1141
484,1141
484,1141
484,1141
484,3096
484,778
484,3644
484,251
484,251
484,2409
484,110
484,110
484,110
484,110
484,110
484,1757
484,1202
484,1202
484,4176
484,332
484,4177
484,8
484,1434
484,2002
484,2002
484,182
484,1620
484,333
484,87
484,87
484,255
484,2003
484,10
484,10
484,3737
484,1435
484,834
484,334
484,184
484,184
484,184
484,184
484,184
484,2004
484,258
484,1663
484,4178
484,337
484,337
484,1205
484,115
484,11
484,2005
484,2005
484,187
484,187
484,457
484,1730
484,600
484,263
484,3643
484,861
484,13
484,718
484,1626
484,4179
484,4179
484,3823
484,3657
484,2368
484,1665
484,4180
484,4181
484,4182
484,121
484,880
484,1827
484,3784
484,4183
484,422
484,276
484,277
484,3821
484,126
484,126
484,2400
484,3945
484,3339
484,2711
484,3398
484,194
484,3477
484,2006
484,1370
484,506
484,789
484,195
484,33
484,35
484,35
484,2720
484,149
484,1556
484,757
484,757
484,665
484,1417
484,666
484,4184
484,4185
484,1586
484,131
484,1632
484,53
484,53
484,2834
484,4186
484,2952
484,2007
484,2394
484,2414
484,2414
484,842
484,842
484,287
484,553
484,290
484,364
484,204
484,4187
484,293
484,1350
484,1350
484,4188
484,4189
484,1351
484,2008
484,2008
484,2009
484,4190
484,1447
484,3403
484,2010
484,2010
484,3825
484,370
484,370
484,300
484,1519
484,1519
484,1519
484,1519
484,1221
484,1685
484,808
484,372
484,896
484,41
484,1224
484,928
484,3292
484,1058
484,375
484,1308
484,210
484,764
484,380
484,211
484,211
484,929
484,929
484,1998
484,4191
484,930
484,1376
484,1266
484,1266
484,308
484,214
484,135
484,1229
484,1405
484,1188
484,1841
484,4192
484,2427
484,2427
484,817
484,817
484,1231
484,955
484,136
484,2101
484,218
484,137
484,383
484,4193
484,220
484,618
484,385
484,385
484,385
484,2178
484,386
484,386
484,738
484,4194
484,221
484,221
484,1640
484,310
484,390
484,390
484,770
484,1430
484,4195
484,59
484,59
484,59
484,314
484,396
484,396
484,154
484,2252
484,315
484,138
484,1353
484,1353
484,1353
484,1353
484,1189
484,222
484,1354
484,1354
484,555
484,2786
484,864
484,405
484,406
484,1276
484,1276
484,517
484,517
484,517
484,230
484,409
484,1380
484,1236
484,866
484,851
484,851
484,1280
484,3154
484,1282
484,231
485,173
485,159
485,145
485,65
485,255
485,163
485,184
485,165
485,1021
485,121
485,2522
485,168
485,2523
485,1478
485,1800
485,2331
485,306
485,211
485,929
485,214
485,220
485,438
485,829
485,1282
486,318
486,1363
486,172
486,172
486,1814
486,2878
486,158
486,3
486,159
486,159
486,324
486,325
486,100
486,100
486,145
486,145
486,495
486,2879
486,327
486,327
486,4196
486,178
486,2880
486,960
486,960
486,161
486,65
486,632
486,10
486,566
486,256
486,184
486,260
486,337
486,501
486,501
486,264
486,4197
486,340
486,270
486,343
486,1146
486,1146
486,277
486,614
486,233
486,350
486,527
486,527
486,2540
486,1831
486,2526
486,354
486,354
486,171
486,428
486,796
486,363
486,365
486,292
486,920
486,1395
486,1395
486,2882
486,434
486,375
486,376
486,2883
486,764
486,846
486,306
486,381
486,2957
486,212
486,213
486,1704
486,1704
486,1265
486,1266
486,215
486,1188
486,2156
486,136
486,536
486,220
486,385
486,385
486,537
486,389
486,389
486,311
486,703
486,703
486,59
486,399
486,399
486,2158
486,515
486,772
486,140
486,402
486,404
486,404
486,141
486,1380
486,226
486,226
486,2884
486,611
486,612
487,1711
487,2573
487,100
487,100
487,145
487,900
487,2574
487,2575
487,2576
487,2121
487,2121
487,1899
487,108
487,1248
487,1248
487,442
487,4198
487,1575
487,2002
487,65
487,65
487,1620
487,10
487,834
487,1676
487,11
487,2580
487,2580
487,2580
487,2581
487,3918
487,2582
487,2583
487,4112
487,880
487,2456
487,192
487,721
487,1160
487,1303
487,1303
487,1303
487,2585
487,2463
487,2522
487,835
487,1679
487,2586
487,2587
487,79
487,88
487,1554
487,1554
487,1554
487,2588
487,2589
487,666
487,2590
487,2592
487,2593
487,791
487,3786
487,1421
487,1421
487,199
487,131
487,2595
487,361
487,2596
487,468
487,1720
487,4113
487,1306
487,1890
487,41
487,41
487,532
487,2600
487,374
487,1308
487,211
487,2127
487,214
487,215
487,136
487,702
487,58
487,826
487,2605
487,399
487,864
487,406
487,4199
487,4114
487,412
487,2612
487,852
487,852
487,852
487,1570
487,1570
488,622
488,624
488,1
488,625
488,627
488,628
488,628
488,1575
488,630
488,630
488,631
488,333
488,87
488,4200
488,633
488,634
488,636
488,637
488,637
488,644
488,647
488,650
488,650
488,651
488,652
488,653
488,654
488,658
488,349
488,30
488,661
488,661
488,662
488,663
488,664
488,2338
488,669
488,669
488,670
488,671
488,4201
488,672
488,1720
488,836
488,673
488,674
488,491
488,44
488,676
488,820
488,677
488,677
488,394
488,680
488,681
488,621
488,683
488,477
489,65
489,1935
489,132
490,1895
490,2941
490,1383
490,159
490,159
490,159
490,159
490,324
490,324
490,325
490,145
490,145
490,62
490,175
490,1899
490,329
490,179
490,63
490,110
490,332
490,65
490,65
490,111
490,2003
490,551
490,566
490,2364
490,500
490,1316
490,1580
490,337
490,971
490,2581
490,339
490,2827
490,188
490,718
490,3215
490,4202
490,4202
490,1021
490,1021
490,1909
490,2371
490,2371
490,1145
490,121
490,880
490,880
490,880
490,3273
490,3273
490,277
490,126
490,690
490,280
490,280
490,4203
490,1832
490,1832
490,35
490,35
490,35
490,35
490,149
490,149
490,149
490,2721
490,2588
490,2625
490,692
490,228
490,131
490,131
490,131
490,1312
490,2861
490,291
490,4204
490,4205
490,2813
490,469
490,469
490,1058
490,729
490,229
490,375
490,1501
490,1501
490,1501
490,304
490,304
490,3149
490,730
490,211
490,213
490,213
490,814
490,814
490,308
490,308
490,1806
490,1806
490,136
490,536
490,218
490,137
490,384
490,1033
490,1033
490,1033
490,220
490,310
490,438
490,1066
490,823
490,59
490,59
490,59
490,59
490,396
490,154
490,316
490,1846
490,155
490,404
490,404
490,620
490,620
490,406
490,406
490,406
490,406
490,452
490,517
490,230
490,230
490,230
490,230
490,225
490,226
490,1279
490,1281
491,158
491,158
491,324
491,101
491,329
491,332
491,8
491,65
491,1399
491,4206
491,3172
491,2906
491,265
491,266
491,4207
491,1411
491,3931
491,4208
491,1908
491,1439
491,2068
491,525
491,166
491,880
491,880
491,2843
491,2551
491,4209
491,2905
491,2853
491,426
491,3177
491,4031
491,4210
491,1631
491,430
491,587
491,286
491,895
491,1217
491,133
491,994
491,2761
491,2762
491,2835
491,2052
491,469
491,213
491,814
491,2911
491,473
491,1921
491,2729
492,159
492,100
492,100
492,1017
492,4211
492,4212
492,333
492,87
492,632
492,632
492,270
492,2449
492,879
492,614
492,1667
492,280
492,992
492,29
492,88
492,132
493,318
493,1406
493,832
493,4213
493,1571
493,4214
493,2694
493,713
493,173
493,324
493,145
493,174
493,175
493,2212
493,106
493,1340
493,1141
493,179
493,63
493,2880
493,110
493,1202
493,565
493,65
493,183
493,163
493,598
493,2039
493,716
493,4147
493,1400
493,1316
493,336
493,339
493,1789
493,13
493,1437
493,640
493,2368
493,2819
493,192
493,4215
493,690
493,238
493,169
493,1797
493,3709
493,353
493,4216
493,1261
493,2338
493,4217
493,3786
493,131
493,3535
493,2083
493,363
493,82
493,1326
493,856
493,4218
493,4219
493,919
493,4220
493,4221
493,134
493,54
493,4222
493,510
493,531
493,207
493,1891
493,2387
493,4223
493,730
493,305
493,306
493,4224
493,929
493,765
493,4225
493,4226
493,437
493,1230
493,136
493,218
493,1033
493,220
493,385
493,1428
493,389
493,310
493,822
493,390
493,1066
493,770
493,4227
493,316
493,2209
493,4228
493,1847
493,4229
493,406
493,2549
493,1299
493,1178
493,1380
493,226
493,851
494,318
494,319
494,742
494,144
494,144
494,324
494,101
494,145
494,2914
494,2914
494,3837
494,1018
494,1726
494,147
494,497
494,4230
494,4231
494,4232
494,1976
494,3190
494,65
494,2003
494,10
494,10
494,4233
494,334
494,334
494,2073
494,50
494,340
494,3847
494,2583
494,343
494,4234
494,344
494,344
494,166
494,121
494,2133
494,4153
494,78
494,78
494,3670
494,580
494,4235
494,4235
494,35
494,1513
494,1294
494,131
494,131
494,3042
494,2083
494,916
494,917
494,1113
494,4236
494,920
494,4237
494,300
494,300
494,2416
494,1224
494,305
494,305
494,306
494,765
494,887
494,887
494,215
494,4238
494,83
494,384
494,220
494,1969
494,703
494,89
494,59
494,59
494,396
494,154
494,398
494,222
494,2163
494,406
494,406
494,621
494,517
494,521
494,521
494,411
494,411
494,611
494,612
495,318
495,248
495,324
495,1018
495,63
495,161
495,1655
495,65
495,632
495,183
495,551
495,746
495,4239
495,270
495,148
495,165
495,1020
495,1021
495,601
495,121
495,277
495,4240
495,149
495,1312
495,920
495,896
495,375
495,208
495,616
495,606
495,382
495,219
496,323
496,713
496,324
496,145
496,2942
496,65
496,551
496,749
496,2148
496,1159
496,166
496,276
496,277
496,4241
496,666
496,1421
496,365
496,370
496,372
496,836
496,1396
496,378
496,213
496,4242
496,43
496,384
496,1428
496,310
496,770
496,138
496,741
496,406
496,2509
496,852
497,1015
497,1459
497,565
497,333
497,87
497,1087
497,1087
497,13
497,1092
497,1092
497,484
497,1019
497,1019
497,343
497,990
497,1468
497,1468
497,1320
497,190
497,1911
497,1472
497,2305
497,752
497,1775
497,1098
497,1098
497,1023
497,1023
497,1478
497,1478
497,2306
497,36
497,2307
497,289
497,290
497,488
497,1117
497,1351
497,2230
497,2308
497,1176
497,2309
497,771
497,477
498,1710
498,742
498,838
498,249
498,159
498,325
498,145
498,1409
498,1018
498,854
498,1192
498,859
498,565
498,65
498,632
498,599
498,638
498,266
498,15
498,568
498,552
498,1439
498,165
498,486
498,2908
498,990
498,166
498,690
498,2218
498,1991
498,353
498,3242
498,446
498,286
498,363
498,203
498,291
498,82
498,871
498,374
498,820
498,387
498,2547
498,538
498,406
498,1570
499,853
499,234
499,234
499,234
499,246
499,713
499,889
499,159
499,159
499,324
499,324
499,145
499,145
499,4175
499,890
499,890
499,890
499,628
499,628
499,628
499,628
499,1245
499,65
499,65
499,183
499,1662
499,834
499,185
499,115
499,115
499,1253
499,3541
499,459
499,891
499,188
499,343
499,504
499,601
499,345
499,1145
499,4243
499,4244
499,892
499,238
499,280
499,29
499,426
499,88
499,893
499,894
499,665
499,282
499,131
499,587
499,587
499,359
499,286
499,895
499,82
499,82
499,671
499,896
499,4245
499,211
499,211
499,214
499,897
499,136
499,382
499,220
499,385
499,438
499,313
499,154
499,609
499,898
499,899
500,2254
500,3165
500,158
500,144
500,1015
500,324
500,8
500,65
500,65
500,482
500,1437
500,718
500,3058
500,1439
500,2058
500,2068
500,1440
500,166
500,121
500,2904
500,4005
500,2552
500,426
500,4246
500,35
500,35
500,4247
500,133
500,133
500,994
500,994
500,1224
500,215
500,491
500,2969
500,1064
500,1065
500,1065
500,154
500,154
500,406
500,406
500,621
500,621
500,142
500,225
500,225
500,852
500,156
500,156
501,325
501,145
501,62
501,160
501,1018
501,178
501,65
501,10
501,499
501,270
501,148
501,552
501,165
501,1020
501,166
501,121
501,88
501,35
501,149
501,692
501,1173
501,1802
501,211
501,213
501,308
501,136
501,1176
501,4248
501,538
501,138
501,405
501,230
502,4249
502,172
502,157
502,173
502,145
502,145
502,174
502,177
502,63
502,254
502,65
502,183
502,186
502,165
502,121
502,193
502,233
502,508
502,131
502,131
502,856
502,205
502,211
502,211
502,212
502,215
502,215
502,219
502,219
502,59
502,741
502,2786
502,1299
502,226
503,319
503,319
503,234
503,2535
503,1814
503,1814
503,100
503,900
503,102
503,1899
503,108
503,744
503,709
503,180
503,65
503,1388
503,1388
503,834
503,4250
503,336
503,185
503,972
503,268
503,268
503,2147
503,121
503,880
503,4251
503,1193
503,721
503,1987
503,352
503,195
503,4252
503,2393
503,893
503,4253
503,35
503,35
503,282
503,282
503,196
503,2593
503,4254
503,791
503,791
503,508
503,199
503,199
503,4255
503,915
503,201
503,796
503,796
503,918
503,918
503,919
503,1372
503,1802
503,4256
503,2416
503,531
503,4257
503,41
503,41
503,928
503,3427
503,532
503,532
503,375
503,375
503,616
503,730
503,730
503,435
503,846
503,213
503,813
503,813
503,931
503,2755
503,955
503,218
503,1033
503,737
503,316
503,316
503,1811
503,850
503,404
503,4258
503,708
503,1380
503,1707
503,1279
503,156
503,156
504,3127
504,1242
504,159
504,854
504,4259
504,147
504,65
504,162
504,163
504,148
504,2244
504,989
504,4092
504,166
504,121
504,4260
504,168
504,692
504,2897
504,4261
504,372
504,1175
504,212
504,766
504,218
504,219
504,384
504,1044
504,385
504,310
504,392
504,1430
504,773
504,1274
504,404
504,610
504,226
505,323
505,158
505,249
505,249
505,159
505,324
505,324
505,100
505,145
505,2574
505,65
505,184
505,1511
505,1511
505,186
505,749
505,749
505,4262
505,2186
505,2187
505,2187
505,166
505,880
505,2188
505,277
505,277
505,2191
505,4263
505,426
505,755
505,88
505,666
505,428
505,131
505,82
505,1129
505,4264
505,2197
505,2198
505,2198
505,2199
505,2199
505,2201
505,2201
505,2202
505,871
505,871
505,375
505,212
505,213
505,2204
505,2204
505,308
505,308
505,436
505,214
505,215
505,3572
505,2207
505,218
505,1136
505,386
505,311
505,770
505,2208
505,155
505,2210
505,2210
505,852
505,1570
505,1138
505,1138
506,319
506,1571
506,144
506,324
506,100
506,3876
506,1749
506,2359
506,744
506,903
506,252
506,2072
506,65
506,10
506,10
506,715
506,4265
506,1184
506,268
506,50
506,1648
506,340
506,4266
506,165
506,4234
506,345
506,276
506,1162
506,1054
506,881
506,170
506,195
506,131
506,914
506,914
506,4267
506,201
506,1588
506,796
506,922
506,4268
506,4269
506,531
506,928
506,532
506,2417
506,304
506,4270
506,1805
506,887
506,732
506,137
506,384
506,1296
506,933
506,386
506,537
506,1594
506,514
506,310
506,310
506,1297
506,770
506,58
506,395
506,396
506,396
506,138
506,316
506,316
506,140
506,222
506,223
506,1299
506,225
506,520
506,612
507,98
507,1339
507,648
507,2328
507,122
507,278
507,1054
507,3770
507,491
507,1334
507,957
508,4271
508,2397
508,4272
508,65
508,65
508,3743
508,3743
508,4007
508,3744
508,3628
508,192
508,1791
508,4273
508,4273
508,426
508,532
508,1308
508,2533
508,2533
509,4274
509,4274
509,87
509,2705
509,2705
509,4275
509,4276
509,4277
509,41
509,1224
510,1895
510,1971
510,4278
510,2179
510,159
510,324
510,100
510,100
510,145
510,103
510,63
510,442
510,65
510,112
510,443
510,687
510,444
510,1143
510,1468
510,166
510,1145
510,169
510,426
510,1972
510,35
510,35
510,35
510,35
510,149
510,445
510,37
510,37
510,3354
510,446
510,197
510,228
510,228
510,359
510,4279
510,4280
510,1973
510,447
510,448
510,56
510,449
510,229
510,229
510,229
510,4281
510,1853
510,450
510,4282
510,4283
510,135
510,451
510,1978
510,136
510,2023
510,59
510,394
510,316
510,4284
510,2419
510,404
510,406
510,406
510,142
510,142
510,230
510,230
510,225
510,519
510,453
510,453
510,1358
510,1568
510,2045
510,875
510,231
510,876
510,454
510,156
511,239
511,239
511,240
511,241
511,1923
511,248
511,248
511,159
511,324
511,324
511,100
511,100
511,415
511,145
511,145
511,62
511,62
511,1460
511,1084
511,147
511,1461
511,1461
511,161
511,161
511,65
511,65
511,687
511,599
511,456
511,264
511,264
511,13
511,269
511,148
511,148
511,165
511,165
511,504
511,273
511,273
511,424
511,27
511,753
511,3062
511,2526
511,149
511,149
511,692
511,132
511,4285
511,376
511,1454
511,211
511,211
511,215
511,136
511,84
511,84
511,59
511,515
511,609
511,1485
511,610
512,62
512,478
512,479
512,480
512,481
512,458
512,482
512,483
512,484
512,485
512,486
512,287
512,290
512,487
512,488
512,55
512,489
512,490
512,491
512,492
512,46
512,493
512,494
513,1895
513,100
513,103
513,63
513,442
513,65
513,112
513,443
513,687
513,444
513,88
513,35
513,149
513,445
513,37
513,446
513,228
513,4286
513,447
513,448
513,56
513,229
513,135
513,59
513,394
513,316
513,404
513,406
513,452
513,142
513,230
513,225
513,143
513,453
513,875
514,159
514,324
514,145
514,1192
514,744
514,3252
514,8
514,65
514,963
514,340
514,880
514,2192
514,4287
514,131
514,1106
514,430
514,2628
514,54
514,4288
514,4289
514,41
514,764
514,308
514,215
514,536
514,218
514,610
514,852
515,320
515,2063
515,2064
515,234
515,1013
515,3163
515,1154
515,96
515,3165
515,98
515,838
515,249
515,324
515,325
515,145
515,8
515,8
515,65
515,3171
515,2057
515,941
515,266
515,266
515,483
515,718
515,3058
515,1439
515,2068
515,2068
515,880
515,2904
515,3253
515,277
515,3433
515,2124
515,2853
515,88
515,35
515,664
515,445
515,1513
515,3434
515,82
515,4290
515,994
515,994
515,468
515,368
515,3119
515,211
515,1862
515,308
515,308
515,214
515,491
515,311
515,1065
515,1065
515,59
515,154
515,3928
515,517
515,454
516,318
516,239
516,2146
516,1571
516,172
516,323
516,1865
516,158
516,713
516,159
516,159
516,159
516,1572
516,324
516,100
516,100
516,100
516,145
516,145
516,833
516,1573
516,1200
516,103
516,1243
516,327
516,327
516,564
516,235
516,1340
516,177
516,777
516,1749
516,1141
516,178
516,331
516,179
516,110
516,110
516,110
516,1202
516,332
516,332
516,1574
516,253
516,111
516,1577
516,184
516,184
516,112
516,1579
516,1580
516,1581
516,3262
516,187
516,3530
516,501
516,501
516,339
516,263
516,263
516,343
516,165
516,165
516,1582
516,1582
516,119
516,526
516,123
516,276
516,4291
516,752
516,351
516,78
516,881
516,881
516,881
516,195
516,195
516,35
516,1418
516,1418
516,1418
516,1585
516,1586
516,508
516,508
516,428
516,1587
516,357
516,357
516,131
516,131
516,131
516,53
516,1588
516,842
516,796
516,287
516,364
516,487
516,204
516,291
516,762
516,1350
516,920
516,1519
516,803
516,1220
516,1590
516,1591
516,1591
516,208
516,377
516,377
516,305
516,211
516,211
516,381
516,381
516,212
516,213
516,213
516,765
516,765
516,1593
516,308
516,214
516,136
516,137
516,384
516,384
516,1705
516,220
516,220
516,220
516,933
516,385
516,1594
516,310
516,438
516,770
516,826
516,59
516,394
516,313
516,396
516,396
516,154
516,1272
516,398
516,398
516,316
516,316
516,772
516,772
516,140
516,140
516,1595
516,1595
516,401
516,401
516,401
516,222
516,1354
516,1355
516,405
516,141
516,406
516,406
516,407
516,407
516,708
516,517
516,517
516,225
516,411
516,411
516,612
516,1282
516,156
516,156
517,159
517,324
517,100
517,145
517,2972
517,3256
517,2239
517,110
517,161
517,87
517,746
517,599
517,501
517,3496
517,18
517,504
517,4292
517,166
517,121
517,3943
517,277
517,1054
517,357
517,1294
517,693
517,2084
517,286
517,287
517,362
517,363
517,365
517,370
517,377
517,304
517,730
517,211
517,213
517,1863
517,436
517,1230
517,218
517,1044
517,385
517,389
517,1969
517,1430
517,59
517,396
517,608
517,154
517,398
517,316
517,771
517,741
517,223
517,141
517,612
518,4293
518,145
518,1409
518,628
518,1961
518,108
518,178
518,4294
518,65
518,11
518,2906
518,459
518,4295
518,1389
518,4296
518,2193
518,666
518,2007
518,3243
518,2597
518,1685
518,306
518,2571
518,308
518,1267
518,1920
518,3247
518,3229
518,136
518,477
518,520
518,3413
519,4297
519,1360
519,1363
519,1041
519,159
519,4298
519,419
519,1366
519,65
519,87
519,1597
519,968
519,2334
519,4299
519,4300
519,1437
519,1600
519,1600
519,2149
519,648
519,975
519,4301
519,4301
519,4302
519,279
519,349
519,909
519,1606
519,792
519,795
519,134
519,4303
519,376
519,3617
519,1449
519,1451
519,3124
519,309
519,384
519,1044
519,385
519,386
519,1429
519,514
519,770
519,4304
519,396
519,934
519,521
519,4305
520,318
520,158
520,1014
520,159
520,145
520,1192
520,110
520,87
520,2258
520,266
520,166
520,191
520,544
520,277
520,355
520,428
520,509
520,287
520,363
520,203
520,616
520,304
520,730
520,42
520,1920
520,138
520,398
520,515
520,521
521,172
521,161
521,65
521,2929
521,796
521,3798
521,4306
521,1806
521,4307
521,218
521,140
522,173
522,1573
522,626
522,87
522,3933
522,121
522,4308
522,4309
522,4310
522,211
522,1151
522,818
522,1136
522,1745
522,314
522,1273
522,1955
523,1313
523,319
523,4311
523,159
523,324
523,100
523,145
523,597
523,839
523,65
523,65
523,255
523,162
523,10
523,613
523,258
523,599
523,336
523,263
523,717
523,148
523,552
523,504
523,345
523,166
523,121
523,121
523,1528
523,1775
523,1043
523,4312
523,507
523,131
523,1108
523,363
523,1326
523,1218
523,808
523,845
523,884
523,1501
523,435
523,211
523,381
523,213
523,929
523,813
523,4313
523,215
523,536
523,218
523,382
523,385
523,310
523,310
523,711
523,396
523,396
523,154
523,316
523,609
523,772
523,1235
523,404
523,404
523,539
523,230
523,521
523,521
523,851
524,158
524,2047
524,248
524,99
524,232
524,159
524,159
524,324
524,324
524,100
524,145
524,145
524,1191
524,235
524,109
524,1750
524,147
524,65
524,10
524,112
524,115
524,971
524,749
524,750
524,861
524,552
524,552
524,3005
524,880
524,1126
524,3086
524,35
524,692
524,428
524,587
524,3121
524,295
524,2331
524,42
524,1967
524,606
524,211
524,490
524,765
524,4314
524,814
524,214
524,768
524,220
524,385
524,311
524,1066
524,1066
524,154
524,315
524,934
524,864
524,2959
525,159
525,324
525,100
525,4315
525,2436
525,87
525,336
525,343
525,166
525,121
525,2114
525,426
525,3513
525,759
525,357
525,375
525,378
525,730
525,846
525,211
525,813
525,218
525,219
525,384
525,389
525,703
525,154
525,397
525,141
525,707
525,226
525,519
525,611
526,1200
526,2017
526,1757
526,1757
526,65
526,1663
526,3821
526,3822
526,132
526,1448
526,1945
527,4065
527,159
527,1750
527,2359
527,1085
527,2431
527,1385
527,87
527,87
527,2003
527,2410
527,4316
527,3155
527,3155
527,4317
527,121
527,1320
527,126
527,126
527,4318
527,356
527,1347
527,131
527,4319
527,2083
527,3449
527,82
527,3357
527,4320
527,2563
527,3361
527,4321
527,928
527,304
527,4245
527,1635
527,4322
527,4323
527,385
527,385
527,703
527,59
527,394
527,396
527,1854
527,2786
527,404
527,4324
527,708
527,230
528,65
528,457
528,1623
528,602
528,4325
528,1630
528,1633
528,82
528,215
528,1643
528,4326
528,866
528,3026
529,2941
529,2047
529,1618
529,1085
529,87
529,1962
529,2132
529,749
529,750
529,2581
529,638
529,1159
529,721
529,3006
529,3007
529,2193
529,665
529,1163
529,3008
529,3008
529,871
529,375
529,375
529,1997
529,2489
529,213
529,213
529,308
529,491
529,1638
529,218
529,385
529,385
529,1646
529,1138
530,159
530,324
530,145
530,61
530,62
530,160
530,854
530,161
530,65
530,599
530,963
530,1411
530,148
530,165
530,601
530,166
530,238
530,426
530,2525
530,792
530,3043
530,2331
530,211
530,1137
530,230
531,4327
531,1960
531,65
531,87
531,4328
531,636
531,266
531,2705
531,462
531,4329
531,4329
531,893
531,950
531,671
531,977
531,4330
531,3399
531,979
531,4331
531,4332
532,87
532,238
532,88
532,132
532,47
532,59
533,91
533,91
533,1139
533,1139
533,3508
533,239
533,3093
533,4333
533,172
533,1013
533,1242
533,1242
533,158
533,173
533,3
533,3
533,3
533,232
533,159
533,159
533,159
533,324
533,324
533,324
533,324
533,324
533,324
533,325
533,325
533,325
533,325
533,100
533,100
533,100
533,145
533,145
533,145
533,62
533,1140
533,1140
533,1243
533,327
533,327
533,327
533,327
533,1244
533,235
533,108
533,1248
533,109
533,1384
533,1141
533,1141
533,709
533,63
533,960
533,332
533,332
533,65
533,65
533,111
533,333
533,333
533,333
533,162
533,162
533,162
533,162
533,10
533,10
533,10
533,1251
533,4334
533,1399
533,184
533,443
533,687
533,262
533,262
533,262
533,1252
533,1253
533,1253
533,237
533,1254
533,906
533,1256
533,1143
533,1143
533,503
533,1021
533,1021
533,1144
533,1144
533,1144
533,3510
533,3511
533,166
533,1145
533,1145
533,880
533,1146
533,1146
533,4335
533,277
533,168
533,233
533,233
533,233
533,2376
533,3606
533,1024
533,1260
533,35
533,35
533,35
533,35
533,3512
533,37
533,757
533,757
533,757
533,1418
533,1418
533,228
533,171
533,171
533,171
533,171
533,53
533,53
533,509
533,693
533,693
533,363
533,363
533,363
533,553
533,203
533,203
533,1147
533,1147
533,1147
533,1148
533,1148
533,1148
533,375
533,304
533,304
533,378
533,378
533,378
533,1331
533,846
533,306
533,306
533,306
533,470
533,211
533,1149
533,1149
533,307
533,1150
533,1150
533,1150
533,1268
533,473
533,1151
533,218
533,218
533,218
533,137
533,1136
533,3107
533,154
533,154
533,154
533,154
533,2252
533,316
533,316
533,316
533,316
533,864
533,141
533,141
533,141
533,406
533,406
533,408
533,408
533,517
533,517
533,517
533,517
533,230
533,230
533,1277
533,1278
533,1278
533,521
533,1279
533,1279
533,1279
533,1279
533,1358
533,1337
533,1280
533,1280
533,454
534,1076
534,558
534,3161
534,742
534,561
534,2913
534,2913
534,93
534,3165
534,1957
534,1957
534,1957
534,98
534,98
534,98
534,1521
534,4336
534,838
534,158
534,713
534,248
534,248
534,3
534,3
534,99
534,99
534,99
534,99
534,249
534,159
534,159
534,159
534,159
534,159
534,324
534,325
534,325
534,325
534,325
534,325
534,100
534,2779
534,2779
534,2779
534,101
534,101
534,101
534,101
534,101
534,415
534,415
534,415
534,415
534,145
534,2972
534,3760
534,3760
534,1315
534,4337
534,4337
534,106
534,329
534,1086
534,2866
534,3168
534,253
534,8
534,8
534,65
534,65
534,65
534,333
534,87
534,632
534,632
534,2130
534,714
534,566
534,1087
534,112
534,3170
534,3030
534,263
534,264
534,941
534,941
534,13
534,13
534,13
534,13
534,266
534,2827
534,482
534,188
534,188
534,188
534,718
534,718
534,1092
534,15
534,15
534,15
534,484
534,1019
534,69
534,69
534,69
534,69
534,1905
534,1905
534,1905
534,1905
534,1319
534,552
534,3175
534,3058
534,3931
534,70
534,70
534,20
534,20
534,1439
534,1439
534,1439
534,1439
534,1439
534,343
534,1133
534,1020
534,118
534,118
534,3286
534,3286
534,1095
534,1095
534,572
534,1440
534,4338
534,166
534,272
534,273
534,1320
534,1320
534,2328
534,2328
534,122
534,4339
534,4339
534,2904
534,2904
534,2904
534,125
534,125
534,3253
534,544
534,1414
534,126
534,1927
534,77
534,1054
534,659
534,659
534,1775
534,1775
534,2905
534,2905
534,2905
534,3176
534,3176
534,1473
534,238
534,238
534,127
534,1913
534,1098
534,78
534,528
534,1831
534,88
534,2663
534,2663
534,584
534,35
534,35
534,35
534,35
534,664
534,149
534,149
534,1514
534,2316
534,446
534,446
534,446
534,446
534,4340
534,3178
534,1106
534,430
534,2967
534,1025
534,4341
534,586
534,466
534,466
534,2861
534,287
534,290
534,290
534,290
534,290
534,487
534,1117
534,1117
534,1118
534,1350
534,133
534,133
534,3113
534,1498
534,1500
534,468
534,468
534,1917
534,1917
534,368
534,370
534,2774
534,54
534,54
534,55
534,2835
534,2835
534,2835
534,2835
534,896
534,41
534,729
534,729
534,731
534,213
534,1166
534,308
534,1978
534,491
534,491
534,676
534,1807
534,473
534,136
534,136
534,136
534,4342
534,1176
534,387
534,387
534,387
534,2062
534,1429
534,1066
534,740
534,1334
534,59
534,4343
534,2547
534,1122
534,1722
534,1722
534,405
534,405
534,90
534,406
534,406
534,406
534,406
534,477
534,517
534,517
534,517
534,517
534,230
534,1336
534,1336
534,1336
534,3185
534,3185
534,3186
534,3186
535,2356
535,558
535,98
535,99
535,65
535,87
535,963
535,643
535,3766
535,72
535,166
535,77
535,83
535,155
536,87
536,444
536,975
536,3648
536,2669
537,239
537,158
537,100
537,145
537,65
537,166
537,424
537,363
537,740
538,318
538,319
538,1139
538,522
538,4062
538,1363
538,172
538,173
538,324
538,324
538,325
538,100
538,145
538,1573
538,102
538,103
538,4344
538,1243
538,1017
538,1384
538,1141
538,178
538,497
538,179
538,709
538,960
538,110
538,1202
538,332
538,161
538,87
538,255
538,255
538,10
538,10
538,163
538,961
538,184
538,335
538,336
538,337
538,600
538,263
538,13
538,268
538,270
538,568
538,4345
538,165
538,119
538,1145
538,190
538,2782
538,721
538,4346
538,1831
538,2302
538,149
538,757
538,282
538,692
538,131
538,131
538,793
538,4267
538,1834
538,509
538,362
538,203
538,365
538,920
538,4347
538,1518
538,1222
538,304
538,435
538,305
538,42
538,306
538,4348
538,381
538,213
538,724
538,814
538,1150
538,1405
538,2427
538,218
538,220
538,736
538,385
538,385
538,738
538,2290
538,389
538,310
538,390
538,770
538,4349
538,1745
538,313
538,4350
538,396
538,154
538,397
538,138
538,138
538,398
538,140
538,404
538,404
538,1847
538,1299
538,225
538,1037
538,1280
539,318
539,1154
539,158
539,248
539,324
539,325
539,100
539,415
539,145
539,62
539,160
539,63
539,8
539,161
539,65
539,714
539,183
539,10
539,335
539,13
539,2962
539,343
539,2244
539,601
539,166
539,277
539,1099
539,149
539,1347
539,1294
539,131
539,4351
539,208
539,846
539,211
539,215
539,1229
539,732
539,219
539,549
539,1429
539,703
539,608
539,154
539,397
539,741
539,141
539,611
539,156
540,867
540,3028
540,158
540,159
540,324
540,325
540,145
540,3029
540,854
540,1960
540,1247
540,1434
540,65
540,65
540,2004
540,599
540,3030
540,187
540,187
540,1789
540,148
540,1535
540,1439
540,2058
540,4004
540,2068
540,3032
540,1440
540,1441
540,1441
540,121
540,3033
540,1160
540,2552
540,3034
540,2124
540,88
540,1444
540,2625
540,2060
540,131
540,3035
540,792
540,3121
540,2007
540,1350
540,1350
540,994
540,1447
540,1448
540,1519
540,1519
540,3036
540,896
540,1224
540,208
540,211
540,211
540,814
540,1449
540,215
540,4352
540,136
540,536
540,218
540,1065
540,515
541,319
541,3390
541,145
541,327
541,2121
541,419
541,1817
541,960
541,65
541,334
541,184
541,4353
541,335
541,185
541,337
541,340
541,781
541,1411
541,483
541,4354
541,121
541,4355
541,1024
541,1371
541,791
541,131
541,796
541,920
541,920
541,1395
541,208
541,379
541,764
541,812
541,4356
541,1967
541,1967
541,306
541,211
541,211
541,381
541,490
541,213
541,607
541,607
541,814
541,214
541,437
541,932
541,1269
541,536
541,536
541,218
541,218
541,1893
541,220
541,220
541,933
541,385
541,4110
541,703
541,396
541,138
541,316
541,317
541,140
541,140
541,1354
541,2295
541,850
541,2786
541,1746
541,1299
541,1299
542,1197
542,4357
542,900
542,2793
542,1085
542,1673
542,65
542,87
542,1674
542,113
542,1675
542,718
542,1318
542,1677
542,1320
542,1678
542,855
542,835
542,1054
542,128
542,2643
542,1679
542,1988
542,1680
542,1681
542,132
542,1682
542,1683
542,54
542,1684
542,1685
542,1685
542,1686
542,1382
542,1687
542,1688
542,1953
542,1689
542,400
542,1690
542,1068
542,1691
542,4358
543,319
543,239
543,4359
543,323
543,1040
543,173
543,159
543,100
543,833
543,1202
543,332
543,161
543,65
543,4360
543,613
543,184
543,335
543,260
543,187
543,501
543,340
543,4361
543,121
543,4362
543,191
543,1303
543,353
543,4363
543,666
543,692
543,356
543,428
543,131
543,285
543,4364
543,841
543,693
543,291
543,1802
543,4365
543,2085
543,372
543,845
543,376
543,208
543,846
543,846
543,211
543,211
543,212
543,1636
543,1228
543,1229
543,2635
543,136
543,218
543,1044
543,385
543,537
543,770
543,711
543,706
543,154
543,397
543,138
543,138
543,399
543,316
543,402
543,402
543,1355
543,851
543,852
543,852
544,2063
544,2063
544,560
544,560
544,98
544,98
544,248
544,248
544,159
544,159
544,324
544,324
544,325
544,100
544,145
544,839
544,63
544,63
544,565
544,65
544,333
544,333
544,632
544,632
544,599
544,4366
544,16
544,1439
544,1439
544,52
544,166
544,2904
544,2904
544,690
544,233
544,1071
544,842
544,82
544,1129
544,4367
544,994
544,994
544,3113
544,2838
544,3432
544,1862
544,136
544,154
544,154
544,405
544,517
545,3127
545,159
545,324
545,101
545,833
545,1959
545,178
545,744
545,63
545,960
545,542
545,161
545,65
545,10
545,163
545,1399
545,335
545,971
545,749
545,501
545,750
545,263
545,861
545,340
545,552
545,1095
545,4368
545,23
545,4369
545,880
545,273
545,3626
545,2782
545,1791
545,3574
545,277
545,280
545,1915
545,195
545,692
545,356
545,791
545,508
545,2403
545,357
545,429
545,2872
545,796
545,4370
545,918
545,1395
545,370
545,1685
545,375
545,376
545,305
545,211
545,381
545,2571
545,213
545,929
545,724
545,766
545,2635
545,218
545,382
545,385
545,386
545,310
545,438
545,439
545,711
545,608
545,397
545,401
545,402
545,864
545,155
545,2164
545,407
545,517
545,612
546,4371
546,65
546,4372
546,121
546,517
547,838
547,158
547,713
547,248
547,159
547,324
547,145
547,63
547,565
547,65
547,2057
547,718
547,2185
547,552
547,1439
547,277
547,426
547,994
547,2838
547,214
547,3854
547,2062
547,2547
547,610
548,2063
548,1013
548,158
548,248
548,249
548,159
548,324
548,62
548,1315
548,859
548,63
548,161
548,65
548,162
548,163
548,961
548,599
548,263
548,265
548,68
548,552
548,1439
548,343
548,1144
548,2058
548,2068
548,879
548,121
548,2552
548,277
548,238
548,1172
548,1312
548,1295
548,3418
548,606
548,211
548,308
548,382
548,398
548,609
548,141
549,4373
549,159
549,324
549,2654
549,109
549,2944
549,744
549,110
549,1202
549,87
549,715
549,1399
549,1399
549,2520
549,2312
549,2312
549,880
549,4374
549,2896
549,2314
549,2193
549,2193
549,2193
549,2315
549,2177
549,2177
549,895
549,1129
549,433
549,369
549,370
549,301
549,2323
549,208
549,3149
549,435
549,2325
549,723
549,213
549,607
549,1265
549,4225
549,930
549,930
549,308
549,436
549,214
549,214
549,214
549,217
549,136
549,220
549,386
549,310
549,311
549,822
549,741
549,1037
549,1970
550,172
550,173
550,159
550,100
550,145
550,145
550,174
550,177
550,63
550,65
550,182
550,183
550,162
550,186
550,165
550,121
550,190
550,193
550,2114
550,357
550,131
550,131
550,363
550,203
550,856
550,205
550,211
550,212
550,215
550,219
550,219
550,220
550,385
550,226
550,411
551,3126
551,4375
551,2878
551,100
551,65
551,65
551,87
551,270
551,270
551,424
551,424
551,753
551,2977
551,88
551,82
552,1241
552,91
552,1971
552,1971
552,159
552,324
552,100
552,145
552,1140
552,1246
552,1247
552,1249
552,146
552,1250
552,110
552,65
552,65
552,111
552,255
552,1251
552,184
552,1926
552,687
552,1143
552,1143
552,1257
552,1145
552,1258
552,1259
552,352
552,427
552,1972
552,35
552,149
552,1261
552,37
552,37
552,37
552,1670
552,228
552,53
552,359
552,1973
552,801
552,1263
552,229
552,229
552,616
552,306
552,211
552,1264
552,1265
552,451
552,1269
552,1151
552,136
552,137
552,219
552,220
552,385
552,984
552,1272
552,317
552,1273
552,1274
552,1275
552,406
552,406
552,406
552,142
552,1276
552,230
552,230
552,1277
552,453
552,453
552,851
552,1281
552,875
552,1282
552,231
552,231
552,1975
553,2924
553,158
553,324
553,100
553,145
553,744
553,65
553,15
553,276
553,428
553,363
553,203
553,365
553,375
554,92
554,4376
554,98
554,158
554,158
554,144
554,99
554,99
554,232
554,324
554,100
554,564
554,1046
554,1046
554,328
554,328
554,65
554,937
554,4377
554,4378
554,4379
554,941
554,941
554,483
554,116
554,116
554,3058
554,3058
554,4202
554,1053
554,1053
554,880
554,880
554,880
554,1320
554,122
554,2904
554,1322
554,1322
554,577
554,577
554,128
554,4380
554,4381
554,4382
554,3430
554,664
554,2624
554,4383
554,3065
554,4210
554,4210
554,3066
554,3066
554,1419
554,667
554,131
554,131
554,2176
554,509
554,133
554,133
554,468
554,468
554,468
554,1327
554,54
554,54
554,1058
554,1058
554,1058
554,729
554,3432
554,3412
554,4384
554,135
554,1919
554,473
554,473
554,2350
554,1614
554,677
554,1066
554,1066
554,1066
554,59
554,59
554,59
554,2257
554,315
554,2679
554,3347
554,957
554,957
554,864
554,4385
554,4358
555,541
555,628
555,65
555,551
555,115
555,1439
555,273
555,277
555,426
555,4386
555,587
555,896
555,2838
555,547
556,853
556,867
556,867
556,867
556,234
556,234
556,234
556,2805
556,2805
556,3028
556,246
556,713
556,889
556,159
556,324
556,325
556,100
556,145
556,145
556,145
556,3029
556,4175
556,564
556,890
556,890
556,890
556,628
556,628
556,628
556,628
556,1245
556,1245
556,1247
556,1434
556,65
556,65
556,65
556,183
556,834
556,184
556,184
556,2004
556,258
556,258
556,3030
556,115
556,115
556,115
556,1253
556,963
556,187
556,3541
556,459
556,891
556,188
556,3823
556,1535
556,345
556,1440
556,1441
556,1145
556,3033
556,1160
556,4243
556,892
556,238
556,238
556,280
556,29
556,88
556,88
556,893
556,894
556,894
556,894
556,665
556,2625
556,282
556,428
556,428
556,131
556,131
556,131
556,3035
556,587
556,587
556,359
556,2007
556,796
556,286
556,363
556,363
556,895
556,4387
556,4387
556,1350
556,1350
556,589
556,589
556,295
556,1447
556,1448
556,1917
556,1519
556,3036
556,531
556,896
556,896
556,1396
556,1224
556,4245
556,846
556,846
556,211
556,211
556,211
556,213
556,213
556,214
556,897
556,136
556,382
556,382
556,219
556,219
556,220
556,220
556,220
556,1044
556,1044
556,385
556,387
556,387
556,310
556,310
556,438
556,1453
556,313
556,707
556,899
556,899
556,899
557,2063
557,1013
557,324
557,65
557,551
557,3172
557,2906
557,263
557,265
557,1411
557,421
557,880
557,125
557,277
557,27
557,2853
557,426
557,1514
557,1444
557,1106
557,430
557,4388
557,4290
557,994
557,2836
557,308
557,3854
557,1298
558,1197
558,319
558,4389
558,4390
558,4391
558,4392
558,147
558,4393
558,3909
558,65
558,4166
558,166
558,2643
558,1991
558,1720
558,1720
558,1306
558,1058
558,1058
558,4394
558,3347
558,85
558,1195
559,232
559,415
559,1458
559,63
559,565
559,65
559,67
559,68
559,20
559,525
559,166
559,27
559,35
559,1172
559,363
559,82
559,1230
559,154
560,1241
560,1241
560,1241
560,2143
560,319
560,832
560,2940
560,2940
560,2940
560,2940
560,2940
560,4371
560,4395
560,2941
560,159
560,145
560,1182
560,1182
560,1573
560,102
560,2942
560,3761
560,2358
560,1285
560,1183
560,1364
560,1869
560,1869
560,177
560,177
560,331
560,2697
560,960
560,1202
560,2701
560,87
560,87
560,10
560,10
560,10
560,3737
560,3737
560,3080
560,4396
560,184
560,2365
560,2365
560,4397
560,4398
560,3763
560,337
560,2005
560,1730
560,600
560,600
560,600
560,268
560,906
560,4399
560,4400
560,4400
560,2706
560,785
560,526
560,4401
560,4401
560,121
560,121
560,1146
560,1146
560,4402
560,4403
560,126
560,1162
560,2463
560,4094
560,3709
560,3709
560,506
560,506
560,506
560,506
560,1209
560,35
560,35
560,4404
560,1179
560,1556
560,1556
560,1101
560,4405
560,757
560,757
560,757
560,4406
560,4407
560,3401
560,1585
560,4408
560,4409
560,4410
560,4411
560,53
560,2952
560,2952
560,2952
560,841
560,841
560,2595
560,3223
560,4256
560,4256
560,4109
560,3276
560,55
560,2725
560,2725
560,2250
560,2250
560,729
560,375
560,375
560,3617
560,1175
560,1175
560,1175
560,4412
560,3586
560,211
560,3419
560,813
560,815
560,4413
560,1229
560,1405
560,2990
560,45
560,136
560,136
560,136
560,4414
560,220
560,385
560,385
560,386
560,1594
560,1594
560,2912
560,2912
560,2912
560,2912
560,221
560,221
560,310
560,390
560,390
560,770
560,3920
560,4415
560,3393
560,2293
560,59
560,59
560,59
560,394
560,3365
560,154
560,154
560,154
560,154
560,154
560,2252
560,1272
560,1272
560,1122
560,398
560,316
560,4416
560,140
560,1189
560,1595
560,222
560,1354
560,2295
560,155
560,404
560,406
560,406
560,683
560,224
560,224
560,517
560,517
560,230
560,227
560,1236
560,1278
560,851
560,851
560,1280
560,1280
560,1282
560,4145
560,852
560,852
560,3186
561,3576
561,4417
561,159
561,145
561,2121
561,859
561,235
561,65
561,3529
561,937
561,3011
561,115
561,456
561,457
561,2641
561,166
561,880
561,974
561,463
561,2457
561,2059
561,4418
561,3152
561,424
561,88
561,2192
561,4363
561,3242
561,365
561,82
561,3787
561,4419
561,896
561,3902
561,4303
561,814
561,308
561,2911
561,1167
561,863
561,473
561,3559
561,3520
561,2507
561,852
562,2732
562,713
562,324
562,325
562,145
562,1017
562,8
562,65
562,163
562,2057
562,718
562,148
562,2068
562,166
562,2552
562,426
562,4420
562,4388
562,994
562,211
562,436
562,1065
562,517
562,3185
563,318
563,319
563,4371
563,4421
563,2513
563,248
563,144
563,159
563,324
563,100
563,145
563,1283
563,177
563,497
563,179
563,110
563,332
563,87
563,10
563,334
563,335
563,264
563,1184
563,340
563,148
563,552
563,165
563,504
563,189
563,4092
563,166
563,276
563,2114
563,1179
563,1211
563,796
563,363
563,203
563,365
563,2387
563,375
563,533
563,215
563,136
563,218
563,384
563,220
563,1044
563,385
563,386
563,608
563,138
563,404
563,141
563,707
563,517
563,225
563,1380
563,3027
563,226
563,1236
564,1075
564,1075
564,172
564,3
564,3
564,232
564,159
564,159
564,324
564,324
564,100
564,62
564,1200
564,1192
564,1141
564,178
564,744
564,110
564,333
564,333
564,162
564,1662
564,1070
564,270
564,165
564,990
564,990
564,1145
564,1160
564,2870
564,277
564,233
564,35
564,35
564,1418
564,131
564,131
564,1172
564,287
564,287
564,362
564,363
564,363
564,553
564,290
564,290
564,365
564,291
564,291
564,3357
564,300
564,531
564,4422
564,211
564,211
564,213
564,1863
564,2784
564,436
564,734
564,1033
564,385
564,2351
564,438
564,59
564,313
564,154
564,154
564,2161
564,230
564,519
565,4423
565,4424
565,1013
565,1013
565,1013
565,1013
565,92
565,95
565,3050
565,1521
565,1521
565,158
565,158
565,158
565,144
565,144
565,99
565,324
565,324
565,100
565,101
565,145
565,105
565,106
565,3052
565,1726
565,147
565,147
565,178
565,65
565,10
565,10
565,10
565,10
565,566
565,3678
565,963
565,1049
565,4425
565,4425
565,3054
565,3054
565,13
565,50
565,50
565,1050
565,1050
565,1050
565,2827
565,482
565,482
565,1052
565,1317
565,718
565,1626
565,1318
565,1318
565,116
565,3057
565,3058
565,525
565,2781
565,2781
565,166
565,121
565,122
565,3682
565,124
565,4426
565,125
565,721
565,277
565,126
565,278
565,752
565,127
565,29
565,426
565,446
565,4210
565,667
565,356
565,1800
565,429
565,131
565,131
565,4427
565,467
565,3685
565,509
565,796
565,1217
565,1325
565,133
565,3615
565,55
565,1743
565,1743
565,1119
565,1329
565,378
565,152
565,1454
565,4428
565,153
565,4429
565,490
565,213
565,213
565,213
565,4430
565,4430
565,929
565,724
565,308
565,308
565,308
565,491
565,952
565,701
565,493
565,1807
565,819
565,220
565,3691
565,1034
565,1034
565,311
565,2117
565,2117
565,1297
565,677
565,703
565,740
565,1334
565,1334
565,4431
565,4432
565,957
565,222
565,3692
565,441
565,155
565,405
565,477
566,1923
566,1923
566,4433
566,2511
566,158
566,248
566,3
566,324
566,324
566,325
566,100
566,100
566,145
566,854
566,63
566,63
566,565
566,161
566,161
566,65
566,4434
566,4435
566,20
566,166
566,1714
566,280
566,35
566,149
566,37
566,37
566,791
566,4160
566,150
566,4436
566,4436
566,291
566,1147
566,4269
566,1306
566,229
566,376
566,3201
566,4047
566,4270
566,211
566,211
566,813
566,4437
566,4437
566,823
566,823
566,154
566,154
566,139
566,142
566,230
566,876
567,239
567,159
567,325
567,326
567,1191
567,332
567,161
567,335
567,260
567,1133
567,2558
567,280
567,353
567,2902
567,428
567,285
567,509
567,693
567,1116
567,695
567,2227
567,291
567,4438
567,1220
567,2098
567,135
567,703
568,853
568,4439
568,2510
568,4085
568,4440
568,147
568,65
568,781
568,4345
568,2301
568,125
568,3746
568,127
568,4441
568,3042
568,3121
568,795
568,4442
568,133
568,4443
568,1119
568,2304
568,812
568,212
568,929
568,724
568,214
568,4444
568,218
568,220
568,385
568,710
568,396
568,316
568,155
569,2144
569,173
569,1243
569,3370
569,4445
569,7
569,251
569,87
569,258
569,4446
569,4447
569,4448
569,3848
569,1877
569,1259
569,2896
569,2896
569,4449
569,762
569,3145
569,1518
569,2725
569,1652
569,845
569,306
569,929
569,1376
569,214
569,218
569,396
569,4450
569,4450
569,440
569,4451
569,1299
570,2637
570,2637
570,3790
570,3790
570,4452
570,4453
570,4453
570,1897
570,1573
570,1573
570,4454
570,2943
570,859
570,65
570,4455
570,1962
570,185
570,4456
570,750
570,4457
570,4458
570,461
570,121
570,1827
570,3743
570,721
570,1303
570,1305
570,2375
570,425
570,2820
570,2820
570,3477
570,4459
570,1556
570,1633
570,4460
570,797
570,797
570,3008
570,4189
570,4189
570,2737
570,2052
570,532
570,929
570,929
570,929
570,814
570,1376
570,1376
570,214
570,214
570,4461
570,4462
570,2494
570,4463
570,385
570,1640
570,1640
570,310
570,310
570,3079
570,2160
570,2160
570,1565
570,3250
570,3250
570,521
570,866
571,99
571,4085
571,1191
571,936
571,1536
571,147
571,960
571,2701
571,65
571,10
571,1049
571,1411
571,3057
571,1093
571,3931
571,1664
571,3257
571,121
571,277
571,1322
571,4464
571,1802
571,133
571,55
571,55
571,1743
571,152
571,305
571,2304
571,812
571,153
571,1265
571,724
571,220
571,385
571,1034
571,311
571,1969
571,155
571,1178
572,319
572,319
572,524
572,524
572,172
572,248
572,159
572,159
572,324
572,324
572,325
572,325
572,100
572,101
572,101
572,145
572,62
572,62
572,1243
572,160
572,1192
572,1384
572,2622
572,161
572,161
572,65
572,10
572,163
572,1399
572,1399
572,748
572,456
572,963
572,963
572,1699
572,268
572,51
572,4465
572,4465
572,20
572,20
572,343
572,1133
572,1525
572,1525
572,525
572,525
572,2781
572,166
572,880
572,4466
572,3063
572,426
572,35
572,35
572,692
572,1586
572,356
572,356
572,2844
572,841
572,841
572,2084
572,363
572,363
572,365
572,365
572,82
572,1219
572,1219
572,554
572,554
572,511
572,375
572,1425
572,376
572,376
572,616
572,2883
572,2883
572,846
572,846
572,213
572,213
572,1229
572,1229
572,136
572,384
572,384
572,1843
572,386
572,391
572,770
572,59
572,59
572,396
572,397
572,397
572,316
572,402
572,864
572,155
572,155
572,404
572,708
572,521
573,3536
573,3
573,415
573,4467
573,63
573,63
573,565
573,565
573,87
573,1087
573,1092
573,1019
573,4468
573,568
573,568
573,343
573,343
573,648
573,4118
573,1097
573,1913
573,1913
573,4469
573,1107
573,1025
573,1112
573,2861
573,1481
573,286
573,287
573,289
573,290
573,1117
573,1117
573,291
573,4470
573,477
573,477
574,4471
574,65
574,1622
574,457
574,1624
574,750
574,1627
574,4472
574,721
574,3120
574,1631
574,82
574,4473
575,159
575,324
575,325
575,100
575,145
575,2942
575,63
575,4474
575,2581
575,1905
575,4475
575,3667
575,2463
575,280
575,35
575,37
575,131
575,1481
575,287
575,487
575,2484
575,871
575,374
575,3919
575,2204
575,154
575,315
575,409
576,557
576,558
576,60
576,4476
576,4476
576,144
576,232
576,232
576,101
576,101
576,145
576,62
576,62
576,1899
576,108
576,108
576,63
576,63
576,65
576,333
576,687
576,456
576,717
576,15
576,15
576,16
576,569
576,19
576,120
576,120
576,166
576,880
576,1775
576,1775
576,78
576,580
576,581
576,581
576,149
576,4025
576,665
576,1171
576,3065
576,82
576,3571
576,55
576,2911
576,83
576,864
576,155
576,155
577,558
577,558
577,3378
577,98
577,99
577,99
577,105
577,65
577,65
577,10
577,10
577,1049
577,50
577,640
577,3175
577,3931
577,2301
577,19
577,72
577,1094
577,648
577,2328
577,576
577,3099
577,77
577,77
577,577
577,1475
577,88
577,82
577,83
577,678
577,155
577,405
578,239
578,239
578,2767
578,172
578,172
578,2513
578,2513
578,145
578,145
578,3256
578,1201
578,1192
578,744
578,179
578,87
578,551
578,335
578,335
578,260
578,268
578,68
578,543
578,3270
578,3270
578,166
578,1193
578,277
578,752
578,4046
578,354
578,355
578,758
578,693
578,693
578,761
578,761
578,695
578,695
578,2307
578,553
578,365
578,373
578,373
578,532
578,375
578,2170
578,2989
578,212
578,212
578,213
578,214
578,734
578,734
578,220
578,385
578,385
578,389
578,389
578,396
578,705
578,608
578,154
578,154
578,398
578,398
578,515
578,771
578,772
578,772
578,404
578,226
578,227
578,612
579,4213
579,560
579,713
579,1014
579,159
579,159
579,324
579,100
579,145
579,1017
579,541
579,541
579,160
579,160
579,1018
579,626
579,65
579,87
579,10
579,188
579,270
579,270
579,552
579,552
579,2520
579,543
579,1020
579,504
579,166
579,424
579,690
579,690
579,753
579,1126
579,1127
579,88
579,790
579,1128
579,1128
579,1107
579,82
579,1129
579,369
579,211
579,308
579,1130
579,549
579,515
579,3366
579,610
579,230
580,4297
580,712
580,318
580,4477
580,144
580,100
580,145
580,596
580,327
580,839
580,1367
580,87
580,1341
580,599
580,501
580,340
580,121
580,1185
580,3397
580,3217
580,4478
580,1794
580,276
580,1054
580,4479
580,4203
580,4071
580,195
580,35
580,2719
580,354
580,1179
580,757
580,508
580,3103
580,357
580,131
580,1173
580,796
580,287
580,363
580,365
580,4480
580,1423
580,4481
580,845
580,208
580,3480
580,4270
580,211
580,4482
580,766
580,3438
580,930
580,4483
580,1188
580,218
580,1705
580,514
580,849
580,1272
580,138
580,398
580,399
580,222
580,406
580,407
580,517
580,225
580,4114
580,519
580,411
580,851
580,612
580,156
581,4484
581,172
581,157
581,173
581,173
581,232
581,159
581,159
581,159
581,324
581,324
581,100
581,145
581,145
581,4485
581,4486
581,2680
581,1573
581,175
581,596
581,1183
581,1364
581,1869
581,1817
581,744
581,744
581,179
581,179
581,709
581,960
581,960
581,110
581,110
581,1202
581,1202
581,4487
581,332
581,161
581,2072
581,254
581,87
581,255
581,255
581,10
581,10
581,551
581,613
581,613
581,184
581,184
581,335
581,335
581,3727
581,260
581,261
581,1142
581,337
581,187
581,187
581,749
581,268
581,15
581,148
581,165
581,4488
581,504
581,345
581,4466
581,192
581,192
581,721
581,4489
581,1291
581,277
581,278
581,2881
581,2881
581,349
581,233
581,351
581,195
581,195
581,756
581,4490
581,35
581,282
581,3629
581,1212
581,1586
581,1586
581,791
581,1293
581,428
581,131
581,131
581,53
581,3749
581,2543
581,509
581,693
581,363
581,203
581,203
581,365
581,365
581,204
581,291
581,762
581,920
581,2278
581,4491
581,554
581,883
581,1221
581,2725
581,511
581,511
581,531
581,1591
581,845
581,375
581,376
581,376
581,208
581,377
581,2883
581,764
581,846
581,42
581,211
581,211
581,211
581,381
581,2286
581,212
581,212
581,213
581,213
581,1503
581,930
581,308
581,214
581,214
581,215
581,1405
581,437
581,437
581,701
581,4492
581,136
581,136
581,536
581,218
581,137
581,384
581,384
581,220
581,385
581,385
581,386
581,386
581,1428
581,389
581,310
581,310
581,311
581,2117
581,390
581,390
581,770
581,770
581,59
581,396
581,396
581,608
581,154
581,154
581,315
581,138
581,138
581,399
581,316
581,772
581,772
581,3754
581,1354
581,404
581,407
581,224
581,1178
581,517
581,517
581,230
581,230
581,409
581,226
581,3047
581,411
581,411
581,4493
581,156
581,156
582,1313
582,173
582,100
582,100
582,145
582,61
582,597
582,3776
582,63
582,4494
582,960
582,960
582,254
582,65
582,87
582,163
582,687
582,599
582,268
582,67
582,148
582,552
582,165
582,165
582,504
582,525
582,166
582,75
582,2245
582,2799
582,507
582,35
582,35
582,356
582,1108
582,1392
582,1965
582,363
582,293
582,293
582,616
582,812
582,381
582,929
582,929
582,1060
582,135
582,135
582,220
582,389
582,608
582,154
582,398
582,398
582,155
582,521
582,521
582,611
582,612
582,612
583,248
583,144
583,325
583,101
583,415
583,62
583,859
583,419
583,63
583,565
583,8
583,65
583,65
583,2167
583,482
583,781
583,20
583,1439
583,2068
583,1525
583,486
583,1440
583,648
583,166
583,121
583,125
583,2552
583,277
583,2905
583,2905
583,1667
583,690
583,2218
583,238
583,280
583,2124
583,88
583,35
583,1444
583,3178
583,4495
583,1173
583,1108
583,290
583,1117
583,1118
583,82
583,132
583,994
583,814
583,308
583,822
583,1065
583,677
584,158
584,248
584,159
584,100
584,100
584,100
584,145
584,176
584,1961
584,1248
584,178
584,65
584,65
584,1962
584,185
584,185
584,185
584,186
584,3171
584,749
584,4148
584,861
584,148
584,421
584,3566
584,552
584,165
584,2791
584,121
584,121
584,880
584,721
584,149
584,3242
584,1421
584,1421
584,363
584,363
584,1395
584,1803
584,54
584,1262
584,4113
584,4113
584,372
584,1753
584,1753
584,1753
584,1686
584,4496
584,375
584,208
584,306
584,211
584,211
584,4497
584,814
584,308
584,4498
584,214
584,215
584,473
584,2094
584,386
584,310
584,770
584,966
584,397
584,772
584,4284
584,864
584,610
584,1645
584,1009
584,852
584,1570
585,87
585,635
585,4499
585,1503
585,3325
586,522
586,540
586,1311
586,1311
586,561
586,172
586,144
586,232
586,100
586,100
586,145
586,145
586,3256
586,1017
586,1017
586,1017
586,4500
586,632
586,1087
586,260
586,3530
586,188
586,270
586,270
586,1092
586,1019
586,2520
586,2520
586,2520
586,543
586,543
586,165
586,1020
586,1020
586,601
586,166
586,190
586,190
586,4501
586,1528
586,2190
586,276
586,424
586,1927
586,690
586,690
586,753
586,753
586,4118
586,233
586,233
586,2977
586,1126
586,4502
586,545
586,545
586,1071
586,1071
586,3117
586,4071
586,755
586,353
586,1128
586,1128
586,4267
586,693
586,287
586,287
586,1116
586,363
586,203
586,203
586,365
586,365
586,365
586,204
586,1118
586,1118
586,291
586,4503
586,82
586,3113
586,672
586,884
586,546
586,4504
586,4505
586,704
586,3877
586,4506
586,4507
586,4507
586,2095
586,2095
586,2294
586,4508
586,222
587,87
587,4420
587,1515
588,4509
588,65
588,165
588,166
588,121
588,2522
588,3121
588,795
588,82
588,1330
588,4510
588,732
588,4511
588,2969
588,819
588,3077
588,1429
588,822
588,1065
588,677
588,4512
588,4513
588,934
589,1241
589,319
589,319
589,319
589,91
589,91
589,832
589,832
589,3127
589,1814
589,1814
589,2806
589,173
589,100
589,145
589,900
589,102
589,2397
589,103
589,4018
589,1183
589,1183
589,235
589,1961
589,1247
589,108
589,744
589,179
589,709
589,3632
589,180
589,180
589,960
589,110
589,903
589,65
589,65
589,255
589,163
589,1251
589,2748
589,1388
589,1388
589,834
589,184
589,184
589,3561
589,962
589,969
589,337
589,237
589,237
589,237
589,1255
589,600
589,3643
589,268
589,268
589,268
589,3400
589,340
589,781
589,781
589,718
589,117
589,117
589,165
589,1207
589,4020
589,121
589,880
589,1193
589,1987
589,4479
589,352
589,195
589,529
589,35
589,35
589,282
589,196
589,2593
589,791
589,791
589,791
589,3513
589,508
589,3786
589,199
589,131
589,131
589,53
589,1834
589,201
589,916
589,1393
589,1393
589,1885
589,796
589,796
589,918
589,918
589,918
589,918
589,919
589,919
589,919
589,4021
589,922
589,924
589,2814
589,134
589,2249
589,2052
589,510
589,4022
589,1262
589,2416
589,1804
589,4257
589,41
589,373
589,928
589,928
589,3427
589,532
589,532
589,532
589,375
589,375
589,375
589,375
589,208
589,616
589,2883
589,304
589,304
589,730
589,730
589,730
589,435
589,846
589,213
589,213
589,929
589,813
589,813
589,4514
589,1449
589,1376
589,1266
589,3955
589,3955
589,1267
589,863
589,473
589,1921
589,1269
589,218
589,382
589,384
589,1033
589,220
589,220
589,933
589,933
589,1044
589,385
589,386
589,2645
589,514
589,770
589,2418
589,2547
589,396
589,396
589,154
589,829
589,829
589,316
589,2209
589,2209
589,2209
589,140
589,401
589,1235
589,1955
589,864
589,404
589,406
589,708
589,226
589,227
589,612
589,156
590,1241
590,91
590,91
590,91
590,1139
590,1895
590,234
590,1242
590,1242
590,1242
590,173
590,3
590,159
590,159
590,159
590,324
590,324
590,325
590,325
590,100
590,100
590,100
590,100
590,145
590,145
590,145
590,103
590,1140
590,1140
590,1140
590,1243
590,327
590,327
590,235
590,235
590,1869
590,1246
590,1247
590,108
590,108
590,108
590,1248
590,1249
590,1250
590,709
590,63
590,63
590,442
590,110
590,332
590,65
590,65
590,65
590,65
590,111
590,111
590,333
590,255
590,162
590,162
590,162
590,10
590,10
590,10
590,1251
590,1251
590,1251
590,184
590,184
590,112
590,443
590,687
590,262
590,780
590,1253
590,1253
590,237
590,1254
590,1255
590,972
590,444
590,4515
590,4516
590,781
590,1256
590,1256
590,1143
590,1143
590,1143
590,4517
590,1257
590,165
590,1144
590,1144
590,1144
590,2791
590,1145
590,1145
590,121
590,121
590,880
590,273
590,1146
590,1258
590,4518
590,233
590,1259
590,1259
590,1260
590,427
590,35
590,35
590,35
590,35
590,149
590,149
590,1261
590,445
590,445
590,37
590,757
590,757
590,446
590,171
590,171
590,171
590,53
590,53
590,365
590,291
590,431
590,132
590,293
590,1147
590,1147
590,1148
590,1148
590,447
590,3661
590,134
590,801
590,978
590,448
590,1263
590,56
590,229
590,616
590,304
590,378
590,378
590,306
590,306
590,306
590,306
590,306
590,470
590,211
590,1264
590,1149
590,1265
590,1150
590,1266
590,135
590,1267
590,1268
590,473
590,473
590,1269
590,1151
590,218
590,137
590,137
590,219
590,220
590,385
590,59
590,984
590,394
590,608
590,154
590,154
590,154
590,1272
590,316
590,316
590,316
590,317
590,1273
590,1274
590,864
590,155
590,404
590,141
590,141
590,1275
590,1275
590,406
590,406
590,406
590,452
590,142
590,1276
590,408
590,517
590,517
590,230
590,230
590,230
590,1277
590,1277
590,225
590,1236
590,1278
590,453
590,1279
590,1279
590,851
590,1280
590,1280
590,1280
590,1281
590,875
590,1282
591,4519
591,1198
591,1154
591,144
591,159
591,324
591,100
591,101
591,145
591,1897
591,497
591,87
591,1090
591,336
591,4295
591,191
591,721
591,276
591,277
591,25
591,2245
591,352
591,1830
591,35
591,2553
591,1444
591,131
591,1108
591,4015
591,362
591,1116
591,363
591,364
591,365
591,304
591,306
591,1863
591,308
591,218
591,1033
591,385
591,389
591,710
591,310
591,59
591,711
591,396
591,154
591,771
591,222
591,230
591,612
592,1241
592,831
592,319
592,319
592,91
592,91
592,91
592,2806
592,173
592,103
592,4018
592,1183
592,235
592,236
592,1247
592,329
592,110
592,903
592,332
592,65
592,255
592,2003
592,163
592,2410
592,1251
592,1388
592,337
592,1253
592,237
592,600
592,3643
592,268
592,3400
592,781
592,718
592,718
592,165
592,4020
592,189
592,529
592,2080
592,131
592,53
592,1834
592,1393
592,1885
592,2414
592,1610
592,918
592,918
592,918
592,919
592,4021
592,2280
592,2249
592,2052
592,4022
592,2416
592,2416
592,928
592,928
592,229
592,375
592,304
592,1376
592,1266
592,384
592,220
592,933
592,933
592,396
592,2209
592,1595
592,401
592,401
592,401
592,1235
592,2420
592,406
592,1277
593,239
593,713
593,324
593,101
593,145
593,62
593,1248
593,63
593,8
593,65
593,333
593,334
593,4520
593,2581
593,458
593,1184
593,483
593,20
593,1439
593,2058
593,2068
593,504
593,2904
593,2552
593,277
593,4521
593,2905
593,78
593,426
593,2316
593,2317
593,286
593,132
593,994
593,2322
593,1166
593,308
593,710
593,1065
593,439
593,609
593,520
594,2356
594,319
594,1814
594,713
594,1041
594,159
594,159
594,324
594,100
594,145
594,102
594,597
594,1248
594,3860
594,65
594,163
594,1251
594,599
594,1254
594,1143
594,1437
594,3566
594,552
594,3674
594,2369
594,1021
594,121
594,2122
594,2585
594,3861
594,3861
594,280
594,3274
594,789
594,149
594,692
594,1173
594,1108
594,2844
594,2953
594,363
594,531
594,1591
594,1591
594,373
594,4522
594,207
594,532
594,2600
594,377
594,1308
594,1308
594,304
594,2956
594,3863
594,306
594,306
594,211
594,1265
594,724
594,1449
594,308
594,218
594,220
594,385
594,438
594,3864
594,390
594,828
594,396
594,154
594,154
594,399
594,402
594,850
594,406
594,621
594,230
594,1037
594,3866
594,851
594,851
594,1282
594,2509
594,852
595,1754
595,158
595,713
595,1014
595,3840
595,4523
595,4524
595,232
595,324
595,324
595,100
595,62
595,1017
595,541
595,160
595,1018
595,2212
595,3538
595,7
595,4525
595,63
595,87
595,87
595,10
595,188
595,188
595,270
595,270
595,148
595,552
595,343
595,1020
595,1020
595,504
595,74
595,990
595,1042
595,166
595,544
595,276
595,424
595,690
595,690
595,238
595,1126
595,1127
595,1071
595,426
595,88
595,790
595,1128
595,4526
595,1107
595,1025
595,1312
595,287
595,362
595,290
595,290
595,203
595,1118
595,291
595,291
595,82
595,1129
595,368
595,369
595,211
595,211
595,2044
595,308
595,1130
595,617
595,549
595,3938
595,4506
595,4527
595,4528
595,1538
595,515
595,3573
595,230
596,2047
596,1618
596,65
596,4529
596,1990
596,1997
596,4530
597,87
597,9
597,2567
597,11
597,3155
597,1320
597,1395
597,1614
597,2547
598,232
598,61
598,597
598,67
598,68
598,2013
598,2118
598,577
598,35
599,3339
600,4531
600,159
600,145
600,3650
600,3651
600,1200
600,1200
600,103
600,103
600,3281
600,3282
600,175
600,1247
600,1247
600,3652
600,777
600,3653
600,1250
600,1250
600,1141
600,179
600,4532
600,3654
600,960
600,110
600,1757
600,2002
600,65
600,1489
600,87
600,10
600,163
600,4533
600,1982
600,2004
600,3285
600,3727
600,2018
600,3655
600,3030
600,115
600,187
600,501
600,340
600,3656
600,3823
600,3657
600,1535
600,2367
600,4534
600,1021
600,504
600,3032
600,3032
600,1441
600,3658
600,3033
600,3659
600,3659
600,3034
600,3034
600,194
600,35
600,445
600,446
600,53
600,842
600,1350
600,1350
600,3660
600,3660
600,2670
600,1448
600,1770
600,1917
600,3661
600,3661
600,1519
600,4535
600,1945
600,41
600,3292
600,3292
600,3149
600,3662
600,886
600,211
600,512
600,385
600,389
600,221
600,391
600,154
600,538
600,399
600,316
600,2531
600,850
600,517
601,65
601,1301
601,166
601,350
601,4536
601,2484
601,372
602,159
602,100
602,65
602,87
602,165
602,4537
602,350
602,1606
602,2712
603,1709
603,557
603,4538
603,4538
603,3499
603,3499
603,3499
603,558
603,558
603,1754
603,1754
603,1710
603,560
603,560
603,1456
603,1456
603,1456
603,1456
603,95
603,98
603,98
603,713
603,713
603,144
603,1079
603,1079
603,1924
603,1924
603,1924
603,325
603,325
603,3501
603,3501
603,415
603,415
603,415
603,145
603,145
603,61
603,61
603,62
603,62
603,62
603,479
603,479
603,160
603,4539
603,4539
603,2038
603,854
603,854
603,106
603,4540
603,4540
603,1083
603,7
603,7
603,7
603,2698
603,839
603,63
603,63
603,63
603,63
603,63
603,565
603,565
603,8
603,8
603,8
603,8
603,65
603,65
603,65
603,10
603,10
603,10
603,1662
603,1087
603,1463
603,1463
603,2012
603,13
603,13
603,13
603,13
603,13
603,188
603,67
603,67
603,67
603,68
603,68
603,568
603,19
603,342
603,20
603,20
603,20
603,343
603,1524
603,1524
603,1524
603,2244
603,3257
603,4541
603,4541
603,4541
603,4541
603,74
603,74
603,119
603,119
603,1712
603,1712
603,166
603,1666
603,574
603,576
603,576
603,77
603,77
603,2218
603,238
603,238
603,577
603,577
603,128
603,128
603,353
603,35
603,35
603,1479
603,131
603,1172
603,1172
603,200
603,1324
603,1324
603,509
603,1113
603,291
603,292
603,82
603,82
603,82
603,2666
603,1715
603,4542
603,4543
603,55
603,55
603,55
603,672
603,3418
603,1119
603,3149
603,211
603,211
603,1060
603,1060
603,952
603,952
603,315
603,1122
603,1067
603,405
603,1125
604,2143
604,2940
604,2941
604,2512
604,100
604,145
604,2574
604,102
604,2942
604,1200
604,1200
604,2943
604,2358
604,2017
604,235
604,329
604,2944
604,1817
604,2945
604,179
604,63
604,442
604,110
604,1757
604,1757
604,779
604,1575
604,967
604,65
604,65
604,10
604,4533
604,184
604,112
604,2946
604,1663
604,1581
604,600
604,268
604,2947
604,2948
604,2367
604,165
604,3032
604,3032
604,2949
604,1146
604,2950
604,3034
604,3821
604,3821
604,3822
604,2463
604,2890
604,88
604,195
604,2951
604,33
604,35
604,666
604,1293
604,131
604,2952
604,2007
604,841
604,2953
604,132
604,1446
604,2621
604,1447
604,1148
604,1448
604,1375
604,2954
604,803
604,2598
604,1945
604,3292
604,1263
604,375
604,730
604,2956
604,305
604,1892
604,306
604,211
604,2957
604,213
604,1265
604,930
604,1007
604,214
604,215
604,815
604,2635
604,136
604,2404
604,383
604,219
604,1844
604,220
604,385
604,2178
604,386
604,221
604,1065
604,390
604,770
604,2730
604,608
604,154
604,315
604,2958
604,1595
604,222
604,1354
604,85
604,406
604,1299
604,477
604,517
604,230
604,409
604,226
604,851
604,2959
604,2509
604,852
605,3093
605,1360
605,100
605,103
605,63
605,442
605,65
605,112
605,443
605,687
605,444
605,35
605,149
605,445
605,37
605,446
605,228
605,82
605,447
605,448
605,56
605,229
605,450
605,135
605,59
605,394
605,316
605,404
605,406
605,452
605,142
605,230
605,225
605,453
606,3756
606,2356
606,558
606,558
606,2913
606,2913
606,98
606,144
606,144
606,99
606,99
606,324
606,101
606,106
606,65
606,65
606,87
606,1157
606,10
606,10
606,1238
606,963
606,15
606,640
606,640
606,3175
606,641
606,641
606,3764
606,643
606,643
606,4544
606,2916
606,1133
606,1133
606,72
606,72
606,3767
606,166
606,274
606,77
606,77
606,659
606,577
606,128
606,584
606,35
606,1171
606,667
606,82
606,55
606,2205
606,2205
606,83
606,83
606,3774
606,2071
606,4545
606,222
606,678
606,405
606,405
607,321
607,3475
607,4278
607,173
607,173
607,144
607,159
607,159
607,324
607,324
607,100
607,145
607,145
607,1850
607,4546
607,331
607,1202
607,332
607,65
607,162
607,163
607,257
607,184
607,748
607,749
607,1622
607,1985
607,750
607,13
607,2751
607,343
607,166
607,121
607,721
607,721
607,193
607,193
607,4547
607,4547
607,277
607,4548
607,752
607,2558
607,2558
607,3476
607,280
607,3258
607,4549
607,2902
607,35
607,35
607,149
607,2553
607,3112
607,282
607,282
607,131
607,1631
607,1631
607,4550
607,3244
607,133
607,54
607,4551
607,229
607,375
607,211
607,213
607,213
607,814
607,1266
607,308
607,3246
607,2559
607,218
607,382
607,384
607,220
607,385
607,385
607,387
607,710
607,677
607,1066
607,1066
607,4552
607,770
607,2605
607,59
607,59
607,2547
607,396
607,397
607,773
607,1235
607,3816
607,4553
607,865
607,406
607,406
607,621
607,517
607,521
607,866
607,2509
607,1138
608,319
608,319
608,319
608,91
608,234
608,234
608,234
608,234
608,234
608,1814
608,1814
608,4554
608,325
608,145
608,900
608,495
608,102
608,1850
608,4555
608,4556
608,4556
608,1183
608,1183
608,235
608,3330
608,627
608,236
608,236
608,236
608,236
608,628
608,628
608,329
608,178
608,497
608,709
608,180
608,332
608,65
608,65
608,65
608,65
608,65
608,2003
608,551
608,2410
608,3080
608,1251
608,1388
608,1388
608,834
608,687
608,4557
608,1253
608,4558
608,4559
608,4560
608,972
608,972
608,268
608,268
608,718
608,1318
608,117
608,4561
608,4561
608,4019
608,2789
608,4562
608,4562
608,2268
608,1440
608,189
608,189
608,121
608,121
608,880
608,4563
608,1987
608,4046
608,352
608,88
608,88
608,1554
608,195
608,893
608,35
608,282
608,2035
608,196
608,2593
608,2593
608,791
608,228
608,199
608,131
608,131
608,131
608,131
608,201
608,3449
608,2394
608,2414
608,796
608,796
608,1610
608,4564
608,82
608,82
608,132
608,293
608,918
608,918
608,918
608,918
608,1372
608,2280
608,134
608,1945
608,978
608,672
608,2416
608,1804
608,41
608,1852
608,928
608,928
608,3427
608,884
608,884
608,532
608,229
608,229
608,375
608,375
608,616
608,616
608,730
608,435
608,4565
608,212
608,765
608,813
608,215
608,451
608,863
608,933
608,1044
608,1271
608,2418
608,984
608,984
608,316
608,316
608,1595
608,401
608,401
608,850
608,404
608,2420
608,406
608,406
608,452
608,452
608,2395
608,230
608,230
608,230
608,1277
608,4566
608,4332
608,1279
608,1279
608,612
608,156
608,156
609,172
609,1013
609,1521
609,158
609,99
609,159
609,563
609,145
609,1192
609,161
609,65
609,10
609,551
609,263
609,265
609,13
609,1052
609,3057
609,70
609,525
609,121
609,273
609,944
609,4567
609,277
609,126
609,77
609,280
609,1668
609,426
609,1832
609,1294
609,292
609,4568
609,1327
609,152
609,213
609,59
610,249
610,1755
610,108
610,1248
610,4569
610,8
610,65
610,1251
610,112
610,112
610,2995
610,880
610,666
610,2834
610,4319
610,132
610,1447
610,468
610,3156
610,3156
610,1890
610,41
610,4570
610,473
610,473
610,387
610,677
610,1066
610,3157
610,3157
610,864
611,99
611,4085
611,839
611,4571
611,87
611,10
611,1169
611,2012
611,484
611,1095
611,648
611,166
611,574
611,77
611,78
611,4572
611,4573
611,584
611,667
611,4574
611,509
611,82
611,83
611,1807
611,386
611,1334
611,222
612,2973
612,65
612,1905
612,4575
612,4388
612,994
612,54
612,548
613,1618
613,1409
613,332
613,87
613,87
613,4576
613,3940
613,941
613,3942
613,166
613,3160
613,3160
613,426
613,949
613,665
613,665
613,3242
613,666
613,131
613,587
613,4460
613,3243
613,3815
613,3156
613,871
613,1635
613,1635
613,308
613,491
613,3247
613,864
613,2507
613,852
613,1570
614,1711
614,2796
614,2796
614,2797
614,2797
614,4577
614,4578
614,87
614,687
614,1551
614,4579
614,2832
614,4580
614,4581
614,2720
614,1179
614,37
614,37
614,3354
614,4279
614,4582
614,4583
614,4583
614,4584
614,4584
614,823
614,823
614,4585
614,1563
614,608
614,225
614,225
614,2505
614,611
615,172
615,248
615,248
615,1924
615,1924
615,159
615,159
615,324
615,145
615,160
615,160
615,1192
615,63
615,63
615,960
615,960
615,332
615,542
615,161
615,161
615,65
615,1157
615,10
615,10
615,961
615,263
615,718
615,148
615,552
615,343
615,504
615,601
615,74
615,74
615,121
615,273
615,238
615,280
615,1402
615,149
615,149
615,283
615,1312
615,54
615,55
615,2331
615,211
615,211
615,724
615,1130
615,218
615,219
615,220
615,549
615,1065
615,313
615,139
615,515
615,555
615,850
615,155
615,406
615,406
615,1299
616,318
616,2767
616,2146
616,158
616,144
616,159
616,159
616,324
616,324
616,100
616,100
616,145
616,145
616,1191
616,1192
616,109
616,1155
616,177
616,2263
616,709
616,960
616,960
616,87
616,10
616,163
616,613
616,256
616,834
616,1239
616,749
616,600
616,263
616,340
616,340
616,148
616,165
616,525
616,990
616,191
616,191
616,4586
616,756
616,2175
616,1371
616,428
616,428
616,131
616,363
616,363
616,365
616,365
616,291
616,369
616,2545
616,42
616,211
616,211
616,381
616,1074
616,813
616,930
616,308
616,1507
616,215
616,136
616,311
616,621
616,411
616,612
617,2356
617,102
617,1577
617,828
617,59
617,683
618,3650
618,3651
618,1200
618,103
618,175
618,1247
618,3652
618,3653
618,1141
618,179
618,3654
618,110
618,1757
618,1489
618,1982
618,3285
618,3655
618,3030
618,115
618,187
618,3656
618,3657
618,1535
618,3032
618,1441
618,3658
618,3033
618,3659
618,3034
618,53
618,842
618,1350
618,3660
618,2670
618,1448
618,1770
618,1917
618,3661
618,1519
618,1945
618,41
618,3292
618,3662
619,4587
619,159
619,87
619,2567
619,2445
619,166
619,88
619,1444
619,3178
619,82
619,4588
619,3345
619,1774
619,3229
619,955
619,387
619,90
620,65
620,4148
620,1628
620,166
620,721
620,1161
620,4589
620,3708
620,1631
620,3022
620,3024
620,308
620,215
620,491
620,3026
621,319
621,319
621,319
621,4590
621,558
621,4591
621,3378
621,3758
621,1814
621,1814
621,1814
621,94
621,2807
621,144
621,3
621,99
621,99
621,99
621,324
621,100
621,100
621,100
621,4592
621,101
621,101
621,101
621,2111
621,2111
621,4593
621,4196
621,105
621,105
621,626
621,626
621,626
621,4594
621,4595
621,147
621,147
621,178
621,331
621,331
621,7
621,4596
621,903
621,2434
621,4597
621,4598
621,4599
621,1976
621,3252
621,3385
621,3190
621,1462
621,87
621,87
621,87
621,87
621,87
621,87
621,87
621,87
621,87
621,87
621,2003
621,10
621,10
621,10
621,10
621,10
621,10
621,10
621,10
621,10
621,4600
621,4396
621,4396
621,184
621,938
621,1169
621,4601
621,4601
621,1047
621,1048
621,4602
621,2012
621,2012
621,4603
621,963
621,963
621,963
621,187
621,187
621,187
621,4265
621,4604
621,4605
621,4605
621,4605
621,906
621,2073
621,2073
621,2073
621,50
621,50
621,718
621,718
621,341
621,116
621,2809
621,2809
621,2147
621,2147
621,3765
621,4606
621,70
621,1133
621,3444
621,4234
621,645
621,345
621,189
621,166
621,166
621,121
621,121
621,3681
621,3682
621,4607
621,126
621,1162
621,1162
621,1162
621,1162
621,3195
621,3195
621,3195
621,3099
621,77
621,77
621,1054
621,577
621,992
621,2711
621,2586
621,881
621,4573
621,2078
621,754
621,3607
621,426
621,4608
621,88
621,88
621,1323
621,195
621,4609
621,691
621,691
621,4610
621,4383
621,1171
621,1171
621,1104
621,667
621,2527
621,131
621,131
621,131
621,200
621,4611
621,4612
621,4613
621,4613
621,4614
621,4319
621,2083
621,2083
621,3449
621,917
621,2414
621,2084
621,2084
621,1113
621,82
621,82
621,132
621,2666
621,918
621,918
621,919
621,4615
621,4615
621,1715
621,205
621,2597
621,3798
621,2563
621,921
621,921
621,921
621,921
621,921
621,921
621,921
621,3388
621,4616
621,4617
621,922
621,922
621,922
621,4618
621,4220
621,4619
621,4620
621,2085
621,54
621,4535
621,4621
621,4622
621,1743
621,1888
621,2836
621,2836
621,2416
621,928
621,928
621,207
621,207
621,207
621,2387
621,3617
621,4245
621,3201
621,1805
621,1805
621,4623
621,4624
621,4625
621,4625
621,4625
621,4626
621,846
621,846
621,42
621,42
621,42
621,42
621,42
621,42
621,42
621,812
621,812
621,153
621,4627
621,4627
621,4628
621,4629
621,306
621,4630
621,4429
621,490
621,490
621,4631
621,724
621,724
621,887
621,887
621,887
621,766
621,3642
621,3642
621,3642
621,1840
621,4632
621,4633
621,215
621,4634
621,701
621,1230
621,83
621,83
621,3774
621,2991
621,1269
621,137
621,1033
621,1033
621,1033
621,933
621,4635
621,1034
621,1034
621,2388
621,4636
621,59
621,396
621,396
621,396
621,1485
621,140
621,140
621,140
621,222
621,678
621,85
621,155
621,155
621,405
621,4637
621,2420
621,406
621,2549
621,4638
621,1380
621,612
622,4357
622,2047
622,2396
622,2397
622,235
622,1750
622,2398
622,2398
622,65
622,65
622,834
622,188
622,1677
622,485
622,4639
622,4639
622,121
622,121
622,721
622,2399
622,2400
622,2400
622,2401
622,2643
622,2402
622,1991
622,1991
622,2413
622,2193
622,2403
622,2403
622,2403
622,2403
622,131
622,131
622,1221
622,1685
622,1685
622,1306
622,1306
622,1306
622,372
622,2837
622,2837
622,1753
622,1753
622,1753
622,1686
622,1686
622,1686
622,532
622,1058
622,1058
622,1058
622,1058
622,2387
622,2126
622,1426
622,1426
622,1308
622,1308
622,813
622,813
622,308
622,215
622,1377
622,1638
622,136
622,2405
622,2406
622,399
622,1380
622,1707
623,2063
623,558
623,2512
623,173
623,249
623,324
623,101
623,597
623,597
623,1750
623,147
623,8
623,1655
623,254
623,65
623,65
623,632
623,162
623,162
623,163
623,3702
623,599
623,265
623,269
623,270
623,70
623,485
623,165
623,121
623,880
623,880
623,273
623,277
623,577
623,88
623,149
623,149
623,1444
623,692
623,3593
623,3535
623,795
623,286
623,286
623,82
623,856
623,4542
623,994
623,55
623,41
623,3480
623,723
623,211
623,724
623,814
623,308
623,83
623,219
623,219
623,220
623,220
623,155
624,3231
624,857
624,87
624,1624
624,861
624,2453
624,1159
624,1160
624,4640
624,665
624,1631
624,3024
624,2821
624,1397
624,864
624,1643
624,4641
624,4642
624,1570
625,558
625,558
625,248
625,325
625,415
625,415
625,1315
625,333
625,333
625,87
625,632
625,15
625,15
625,569
625,70
625,19
625,648
625,577
625,128
625,78
625,581
625,35
625,35
625,291
625,132
625,1125
625,1125
626,235
626,177
626,1817
626,7
626,110
626,110
626,967
626,967
626,65
626,1168
626,337
626,337
626,264
626,264
626,4643
626,2471
626,428
626,2754
626,4644
626,4644
626,134
626,4645
627,2408
627,687
627,4646
627,1070
627,35
627,4647
627,4648
627,228
627,4649
627,4650
627,82
627,229
627,1808
627,4165
627,4651
627,154
627,4652
627,612
627,231
627,156
628,100
628,103
628,63
628,442
628,65
628,112
628,443
628,444
628,88
628,35
628,149
628,445
628,37
628,446
628,4653
628,228
628,447
628,672
628,448
628,56
628,229
628,450
628,135
628,451
628,2023
628,59
628,394
628,316
628,404
628,406
628,452
628,142
628,230
628,225
628,453
628,156
629,324
629,145
629,859
629,1202
629,65
629,2068
629,166
629,994
629,211
629,814
629,308
629,214
629,1065
629,677
629,59
630,2144
630,4654
630,1865
630,4655
630,173
630,232
630,159
630,159
630,100
630,100
630,100
630,145
630,145
630,3735
630,3726
630,3726
630,2239
630,4
630,1727
630,1141
630,3533
630,3533
630,3533
630,3533
630,180
630,180
630,180
630,3860
630,3860
630,110
630,65
630,1489
630,87
630,87
630,162
630,834
630,184
630,112
630,258
630,4656
630,501
630,266
630,268
630,268
630,4657
630,1256
630,1143
630,1143
630,1143
630,148
630,1825
630,121
630,121
630,1193
630,1193
630,3534
630,233
630,2376
630,2376
630,29
630,4658
630,4659
630,35
630,35
630,4660
630,666
630,1212
630,1212
630,4661
630,508
630,3786
630,759
630,1294
630,3535
630,841
630,4662
630,293
630,1373
630,4663
630,1701
630,1701
630,134
630,370
630,1519
630,3276
630,510
630,1753
630,1839
630,532
630,4303
630,375
630,2883
630,2883
630,1308
630,730
630,435
630,3514
630,211
630,381
630,381
630,381
630,1265
630,1265
630,214
630,214
630,218
630,218
630,220
630,385
630,385
630,385
630,389
630,4664
630,396
630,396
630,396
630,154
630,154
630,154
630,316
630,316
630,772
630,317
630,3957
630,4665
630,773
630,773
630,404
630,2163
630,2163
630,141
630,708
630,708
630,226
630,226
630,227
630,521
630,851
630,851
631,1924
631,249
631,159
631,324
631,563
631,62
631,1018
631,1018
631,65
631,632
631,632
631,599
631,343
631,601
631,4028
631,121
631,544
631,4666
631,277
631,690
631,426
631,1312
631,895
631,368
631,436
631,214
631,538
631,1131
632,3576
632,859
632,328
632,1961
632,65
632,1908
632,4667
632,166
632,880
632,911
632,2060
632,131
632,921
632,4616
632,3571
632,3836
632,469
632,2911
632,473
632,864
632,155
633,4173
633,3
633,159
633,159
633,324
633,325
633,415
633,1200
633,1200
633,1200
633,103
633,104
633,626
633,777
633,777
633,777
633,1141
633,1141
633,1141
633,2409
633,110
633,110
633,110
633,1757
633,4177
633,8
633,1434
633,2002
633,182
633,182
633,333
633,87
633,2003
633,4130
633,834
633,184
633,184
633,2004
633,1663
633,4178
633,1205
633,11
633,2005
633,187
633,187
633,3823
633,3823
633,3657
633,1665
633,3784
633,3821
633,3398
633,194
633,2006
633,35
633,53
633,2834
633,2007
633,842
633,842
633,287
633,290
633,1350
633,1350
633,1350
633,1351
633,1351
633,2008
633,2008
633,2009
633,1447
633,2010
633,468
633,1519
633,1519
633,41
633,41
633,1224
633,3292
633,1058
633,1998
633,4191
633,135
633,135
633,1229
633,817
633,817
633,385
633,1430
633,59
633,396
633,1353
633,1353
633,222
633,405
633,517
633,230
633,231
634,867
634,2513
634,1202
634,253
634,65
634,4668
634,3270
634,4669
634,88
634,1586
634,131
634,4670
634,2007
634,1224
634,211
634,1428
634,710
635,3
635,744
635,744
635,331
635,331
635,1203
635,1203
635,65
635,65
635,10
635,10
635,10
635,10
635,745
635,745
635,566
635,834
635,11
635,11
635,963
635,906
635,718
635,166
635,2522
635,2522
635,3607
635,3607
635,131
635,131
635,131
635,2084
635,4671
635,921
635,921
635,4672
635,4672
635,1395
635,2280
635,1743
635,4673
635,1702
635,1006
635,728
635,41
635,41
635,1224
635,152
635,1805
635,1805
635,42
635,42
635,812
635,153
635,381
635,815
635,4492
635,1269
635,136
635,2404
635,1034
635,710
635,710
635,48
635,155
635,155
635,520
635,4674
635,1282
636,87
636,444
636,1053
636,4675
636,1057
636,134
636,4676
636,2322
636,135
636,1614
636,2351
637,158
637,324
637,145
637,628
637,178
637,1655
637,65
637,1901
637,2567
637,1253
637,2561
637,880
637,1912
637,2568
637,426
637,2553
637,1444
637,2317
637,1685
637,469
637,1058
637,812
637,211
637,814
637,308
637,473
637,2572
637,218
637,219
637,819
637,310
637,1381
638,867
638,867
638,867
638,867
638,867
638,3536
638,4677
638,4678
638,4679
638,4371
638,2913
638,1013
638,4680
638,158
638,158
638,713
638,173
638,173
638,144
638,99
638,232
638,159
638,324
638,324
638,100
638,100
638,100
638,101
638,415
638,145
638,145
638,145
638,4681
638,102
638,936
638,2358
638,160
638,2794
638,1183
638,109
638,2944
638,1817
638,1726
638,1750
638,147
638,3792
638,2240
638,1141
638,178
638,331
638,331
638,179
638,179
638,709
638,709
638,110
638,110
638,110
638,1202
638,332
638,2300
638,252
638,253
638,65
638,111
638,87
638,87
638,87
638,255
638,10
638,10
638,10
638,10
638,10
638,10
638,163
638,163
638,551
638,256
638,256
638,334
638,334
638,1341
638,1341
638,184
638,184
638,184
638,184
638,4682
638,336
638,4683
638,3097
638,337
638,1821
638,2005
638,963
638,339
638,339
638,263
638,4088
638,906
638,781
638,718
638,1318
638,69
638,4684
638,3057
638,3740
638,2301
638,1664
638,1133
638,345
638,345
638,345
638,2268
638,121
638,121
638,2904
638,124
638,2190
638,276
638,277
638,1162
638,25
638,2422
638,168
638,238
638,3100
638,2711
638,1737
638,1370
638,195
638,149
638,446
638,446
638,446
638,131
638,131
638,131
638,131
638,4685
638,53
638,509
638,2872
638,2872
638,841
638,796
638,796
638,796
638,796
638,796
638,1610
638,2084
638,1240
638,1240
638,1240
638,1240
638,1218
638,4686
638,54
638,3523
638,3523
638,55
638,531
638,4687
638,229
638,375
638,375
638,375
638,208
638,57
638,1501
638,846
638,42
638,42
638,42
638,2304
638,812
638,812
638,153
638,306
638,211
638,211
638,212
638,213
638,213
638,213
638,213
638,213
638,1166
638,308
638,214
638,214
638,215
638,1229
638,1229
638,1230
638,888
638,1151
638,136
638,536
638,218
638,218
638,384
638,220
638,220
638,220
638,1136
638,1136
638,385
638,1594
638,1594
638,710
638,710
638,221
638,221
638,310
638,4688
638,313
638,608
638,154
638,154
638,398
638,398
638,316
638,140
638,140
638,222
638,555
638,555
638,850
638,155
638,155
638,155
638,404
638,2164
638,2549
638,142
638,142
638,224
638,517
638,517
638,517
638,517
638,517
638,4689
638,230
638,3368
638,227
638,227
638,227
638,453
638,851
638,612
638,1282
638,1282
639,319
639,159
639,159
639,100
639,145
639,1200
639,1141
639,1202
639,87
639,87
639,1788
639,3540
639,1400
639,3916
639,187
639,4690
639,4691
639,4692
639,4692
639,4693
639,4694
639,121
639,1162
639,2412
639,2412
639,666
639,666
639,1421
639,131
639,131
639,131
639,3535
639,3535
639,2083
639,1801
639,4695
639,4107
639,3825
639,1423
639,4696
639,4697
639,2283
639,304
639,379
639,4698
639,306
639,814
639,1449
639,308
639,436
639,214
639,215
639,4699
639,4699
639,954
639,954
639,955
639,955
639,1893
639,385
639,2117
639,2117
639,1273
639,2937
639,4324
639,621
639,621
639,683
639,4700
639,521
639,521
639,521
639,851
639,851
639,612
639,612
640,1132
640,159
640,324
640,145
640,332
640,65
640,599
640,601
640,166
640,544
640,362
640,606
640,211
640,1032
640,548
640,230
641,87
641,1988
641,4701
641,4701
641,88
641,132
641,2484
641,1685
641,1309
642,321
642,4702
642,65
642,687
642,1000
642,1828
642,1004
642,3476
642,35
642,37
642,2802
642,1702
642,1006
642,3480
642,3002
642,154
642,1008
643,2651
643,328
643,328
643,65
643,2018
643,3053
643,1053
643,1053
643,880
643,880
643,4703
643,88
643,2315
643,4704
643,4705
643,4705
643,1055
643,1055
643,2667
643,1446
643,2621
643,2319
643,134
643,2672
643,2672
643,2324
643,2324
643,4706
643,2257
644,4249
644,157
644,157
644,713
644,248
644,173
644,62
644,3259
644,65
644,1662
644,4468
644,552
644,165
644,504
644,990
644,121
644,692
644,856
644,4707
644,1657
644,3043
644,812
644,211
644,436
644,214
644,219
644,220
644,609
644,1354
644,141
644,406
645,234
645,159
645,100
645,236
645,1245
645,65
645,4377
645,2750
645,2791
645,974
645,4708
645,134
645,2056
645,59
645,984
646,319
646,239
646,321
646,3094
646,4509
646,323
646,173
646,3
646,159
646,324
646,100
646,326
646,145
646,103
646,328
646,329
646,109
646,330
646,178
646,331
646,179
646,110
646,332
646,161
646,87
646,10
646,334
646,112
646,337
646,237
646,338
646,339
646,263
646,264
646,13
646,268
646,340
646,341
646,2764
646,343
646,165
646,52
646,344
646,119
646,345
646,346
646,191
646,123
646,350
646,280
646,352
646,88
646,195
646,33
646,35
646,149
646,131
646,53
646,4420
646,358
646,359
646,360
646,361
646,362
646,363
646,364
646,291
646,132
646,133
646,133
646,366
646,206
646,367
646,370
646,54
646,1306
646,374
646,729
646,375
646,379
646,380
646,42
646,211
646,381
646,308
646,135
646,137
646,383
646,384
646,386
646,387
646,387
646,387
646,388
646,1429
646,390
646,677
646,391
646,59
646,59
646,393
646,394
646,396
646,154
646,398
646,400
646,317
646,401
646,403
646,404
646,406
646,408
646,230
646,409
646,410
646,412
646,2612
647,240
647,4709
647,626
647,1083
647,1083
647,87
647,632
647,2040
647,1667
647,578
647,88
647,1101
647,1101
647,1324
647,132
647,3977
647,4710
647,1485
647,1485
648,1979
648,159
648,900
648,4711
648,4712
648,4713
648,4440
648,65
648,87
648,834
648,2364
648,2267
648,3888
648,4714
648,2372
648,166
648,3626
648,3626
648,4273
648,2642
648,2643
648,3477
648,79
648,1991
648,1421
648,199
648,4113
648,4113
648,1685
648,1306
648,1306
648,2837
648,2837
648,1686
648,532
648,532
648,3478
648,1308
648,471
648,4715
648,59
648,4716
649,1360
649,4717
649,4717
649,2573
649,1596
649,624
649,4718
649,159
649,159
649,325
649,100
649,145
649,1243
649,626
649,3296
649,2945
649,2945
649,777
649,777
649,4719
649,685
649,2409
649,2409
649,8
649,65
649,65
649,333
649,87
649,1759
649,1759
649,747
649,1534
649,1534
649,999
649,999
649,112
649,112
649,634
649,3298
649,4178
649,4178
649,750
649,458
649,458
649,266
649,266
649,1317
649,3058
649,3058
649,4720
649,4721
649,4721
649,3847
649,3847
649,4722
649,4722
649,2411
649,4723
649,343
649,3299
649,3597
649,3597
649,3598
649,4724
649,4725
649,4726
649,1320
649,192
649,1911
649,1096
649,4727
649,4727
649,2134
649,4728
649,4729
649,348
649,3668
649,351
649,1913
649,28
649,28
649,29
649,29
649,29
649,79
649,2006
649,2006
649,352
649,129
649,2644
649,4730
649,4731
649,4731
649,3608
649,3608
649,33
649,33
649,3013
649,691
649,691
649,664
649,36
649,36
649,1556
649,445
649,445
649,1418
649,1993
649,3585
649,3585
649,196
649,228
649,3309
649,2967
649,2834
649,2834
649,3310
649,842
649,842
649,1481
649,287
649,290
649,290
649,487
649,1117
649,1482
649,1118
649,291
649,4135
649,3289
649,3312
649,1768
649,1446
649,2621
649,2621
649,1498
649,3313
649,1447
649,2670
649,2670
649,1448
649,1500
649,2010
649,3314
649,3314
649,468
649,134
649,134
649,1519
649,1519
649,4732
649,672
649,672
649,1634
649,1720
649,1006
649,1890
649,1223
649,41
649,41
649,41
649,1224
649,1224
649,3617
649,3617
649,1059
649,2098
649,2747
649,4733
649,4733
649,1998
649,3456
649,4734
649,4238
649,491
649,491
649,2100
649,2100
649,2100
649,1332
649,847
649,3323
649,3323
649,3229
649,136
649,2288
649,2061
649,2351
649,2729
649,48
649,677
649,4735
649,4735
649,59
649,3573
649,1722
649,1722
649,4736
649,4737
649,4737
649,3622
649,406
649,452
649,452
649,142
649,2395
649,2395
649,477
649,517
649,517
649,2102
649,866
649,1358
650,2063
650,239
650,1013
650,1013
650,248
650,248
650,159
650,159
650,324
650,100
650,145
650,160
650,160
650,1018
650,329
650,1384
650,497
650,63
650,63
650,180
650,180
650,903
650,565
650,65
650,4239
650,749
650,749
650,552
650,343
650,165
650,601
650,601
650,4738
650,121
650,4739
650,2552
650,4740
650,2852
650,910
650,581
650,1832
650,35
650,35
650,131
650,131
650,1312
650,4388
650,1224
650,1224
650,153
650,4741
650,1636
650,1806
650,4742
650,3506
650,136
650,136
650,218
650,2094
650,1034
650,608
650,608
650,154
650,154
650,612
651,234
651,4743
651,4065
651,4065
651,4744
651,4745
651,329
651,1750
651,1085
651,1085
651,2431
651,2431
651,87
651,2441
651,2770
651,4746
651,4746
651,1253
651,457
651,4148
651,459
651,459
651,941
651,638
651,638
651,1389
651,483
651,1437
651,2451
651,345
651,345
651,2457
651,2458
651,2458
651,653
651,126
651,3669
651,1988
651,3670
651,2465
651,79
651,79
651,1991
651,3708
651,727
651,37
651,665
651,4747
651,3242
651,666
651,4748
651,977
651,2478
651,1362
651,134
651,134
651,4749
651,151
651,3024
651,2821
651,871
651,871
651,372
651,1890
651,1396
651,1058
651,56
651,1635
651,1635
651,3711
651,3711
651,489
651,489
651,215
651,4750
651,2494
651,4751
651,2500
651,2500
651,2500
651,4752
651,2406
651,139
651,3347
651,3532
651,864
651,4753
651,406
651,406
651,477
651,477
651,225
651,225
651,2390
651,2505
651,3109
651,2508
651,2508
651,1358
652,867
652,4754
652,4755
652,1596
652,2513
652,2694
652,100
652,4486
652,8
652,65
652,65
652,834
652,687
652,4756
652,4757
652,526
652,526
652,3270
652,121
652,2122
652,1735
652,3195
652,909
652,169
652,4675
652,4758
652,35
652,35
652,1179
652,1670
652,429
652,131
652,131
652,201
652,2154
652,2084
652,3900
652,3798
652,921
652,921
652,1374
652,4759
652,134
652,2599
652,2545
652,1804
652,4760
652,4761
652,41
652,1224
652,4762
652,533
652,1853
652,4245
652,2098
652,765
652,4763
652,2156
652,2991
652,4764
652,536
652,218
652,218
652,384
652,2350
652,1614
652,385
652,310
652,48
652,677
652,770
652,740
652,740
652,4765
652,59
652,1654
652,140
652,1189
652,1189
652,2419
652,222
652,222
652,406
652,406
652,2164
652,230
652,230
652,4674
652,1358
652,3459
652,851
652,1568
652,1568
652,412
652,156
653,1754
653,1153
653,560
653,322
653,4766
653,4767
653,1013
653,1154
653,158
653,158
653,713
653,713
653,248
653,1924
653,3232
653,159
653,159
653,324
653,324
653,100
653,145
653,145
653,62
653,1897
653,4768
653,105
653,2121
653,626
653,854
653,597
653,328
653,1085
653,1085
653,1141
653,2622
653,960
653,4769
653,565
653,565
653,8
653,161
653,2072
653,65
653,333
653,87
653,87
653,1621
653,10
653,10
653,1962
653,4770
653,4771
653,599
653,599
653,4772
653,3011
653,115
653,456
653,638
653,4773
653,1411
653,1626
653,68
653,148
653,1319
653,552
653,4774
653,2764
653,4775
653,2368
653,165
653,4692
653,2369
653,601
653,4776
653,4537
653,166
653,166
653,166
653,1527
653,121
653,880
653,4777
653,3526
653,2059
653,721
653,721
653,573
653,4778
653,4779
653,4779
653,4780
653,277
653,4781
653,4782
653,4783
653,4784
653,689
653,690
653,690
653,2218
653,577
653,3160
653,29
653,1402
653,2820
653,948
653,2541
653,4785
653,1856
653,1857
653,1668
653,2337
653,426
653,88
653,727
653,3893
653,35
653,35
653,665
653,4287
653,3242
653,1417
653,666
653,1421
653,429
653,131
653,131
653,4786
653,1858
653,359
653,286
653,286
653,4787
653,82
653,132
653,293
653,856
653,3198
653,468
653,134
653,370
653,370
653,2480
653,3156
653,2484
653,871
653,372
653,896
653,1591
653,41
653,1224
653,4788
653,1119
653,305
653,1454
653,4789
653,211
653,211
653,212
653,490
653,1265
653,887
653,3321
653,2784
653,214
653,1920
653,701
653,473
653,2061
653,218
653,734
653,735
653,736
653,1044
653,702
653,1640
653,822
653,822
653,1065
653,1065
653,677
653,4790
653,3713
653,1122
653,1122
653,515
653,609
653,223
653,864
653,155
653,405
653,477
653,517
653,517
653,225
653,225
653,4791
653,2506
653,866
653,1647
653,852
653,1570
653,156
654,4792
654,1618
654,3468
654,65
654,4793
654,457
654,750
654,2771
654,4794
654,88
654,1992
654,82
654,3472
654,3022
654,4795
654,4796
654,4797
654,90
654,2959
655,4798
655,145
655,744
655,709
655,903
655,4799
655,65
655,10
655,745
655,11
655,2080
655,3535
655,4671
655,293
655,1801
655,921
655,4107
655,964
655,1224
655,1501
655,42
655,4630
655,1232
655,2108
655,537
655,4635
655,48
655,2817
655,1299
656,1957
656,248
656,159
656,324
656,325
656,100
656,563
656,415
656,145
656,62
656,595
656,106
656,63
656,565
656,161
656,87
656,714
656,13
656,552
656,20
656,166
656,690
656,2218
656,238
656,88
656,35
656,82
656,1334
656,611
657,1360
657,1711
657,560
657,713
657,3
657,2738
657,159
657,324
657,100
657,415
657,103
657,4
657,147
657,63
657,442
657,1488
657,65
657,65
657,2739
657,4800
657,112
657,443
657,687
657,4801
657,2740
657,2581
657,264
657,458
657,459
657,444
657,1905
657,2741
657,2449
657,119
657,2215
657,2742
657,120
657,2122
657,4802
657,2688
657,276
657,2743
657,690
657,1913
657,1023
657,1494
657,2745
657,4803
657,35
657,149
657,445
657,445
657,37
657,37
657,37
657,1670
657,446
657,228
657,228
657,228
657,359
657,360
657,2125
657,2746
657,1481
657,286
657,287
657,290
657,291
657,447
657,4804
657,448
657,56
657,229
657,229
657,450
657,2127
657,2747
657,135
657,451
657,491
657,2023
657,59
657,394
657,316
657,404
657,476
657,406
657,452
657,452
657,142
657,2395
657,477
657,230
657,230
657,230
657,225
657,453
657,231
658,158
658,3589
658,324
658,324
658,100
658,2943
658,419
658,1183
658,1183
658,1869
658,1869
658,177
658,709
658,110
658,110
658,1434
658,65
658,3824
658,1400
658,3916
658,1581
658,2702
658,4805
658,337
658,2366
658,781
658,781
658,4806
658,718
658,601
658,4807
658,4401
658,121
658,1162
658,789
658,4808
658,131
658,53
658,795
658,1312
658,762
658,762
658,4809
658,1375
658,308
658,214
658,214
658,4810
658,218
658,218
658,2900
658,220
658,386
658,738
658,821
658,310
658,390
658,770
658,4811
658,393
658,3279
658,404
658,1276
658,1276
658,227
658,851
659,158
659,159
659,145
659,1384
659,960
659,65
659,10
659,163
659,4812
659,599
659,748
659,188
659,166
659,121
659,35
659,35
659,4404
659,304
659,42
659,4813
659,4813
659,888
659,59
659,705
659,1485
659,140
659,611
660,2064
660,2333
660,2333
660,328
660,65
660,483
660,4814
660,2336
660,2337
660,1609
660,2338
660,2339
660,2176
660,2340
660,2341
660,589
660,589
660,2342
660,1057
660,134
660,2343
660,2344
660,2345
660,1635
660,2346
660,2347
660,2348
660,2349
660,2349
660,1613
660,2350
660,1614
660,1064
660,873
660,2351
660,1429
660,2352
660,2353
661,2064
661,4815
661,2333
661,3647
661,328
661,1085
661,65
661,937
661,4816
661,459
661,4060
661,483
661,4817
661,1320
661,4818
661,4819
661,4814
661,4820
661,2336
661,4070
661,1915
661,2337
661,4821
661,1609
661,3722
661,2338
661,666
661,4822
661,2339
661,2176
661,2340
661,2341
661,4823
661,589
661,589
661,2342
661,1057
661,134
661,2343
661,2344
661,2345
661,1635
661,1635
661,2346
661,2347
661,2348
661,2349
661,1613
661,2350
661,1614
661,1614
661,1064
661,873
661,2351
661,1429
661,2352
661,864
661,2353
661,1009
661,852
662,1817
662,2024
662,4824
662,967
662,87
662,4825
662,337
662,929
662,771
662,4826
663,1698
663,1698
663,1698
663,2768
663,1520
663,2923
663,3970
663,322
663,172
663,4476
663,713
663,144
663,232
663,159
663,159
663,159
663,324
663,324
663,100
663,100
663,100
663,145
663,145
663,145
663,62
663,900
663,1409
663,102
663,103
663,1191
663,1140
663,235
663,107
663,107
663,107
663,109
663,109
663,177
663,1249
663,2024
663,147
663,744
663,744
663,331
663,179
663,709
663,709
663,63
663,180
663,1366
663,110
663,110
663,110
663,332
663,4827
663,1575
663,253
663,161
663,254
663,333
663,87
663,162
663,10
663,10
663,10
663,551
663,2925
663,961
663,834
663,2004
663,634
663,336
663,1368
663,337
663,2005
663,187
663,263
663,263
663,264
663,1184
663,1699
663,268
663,270
663,552
663,4828
663,503
663,2520
663,543
663,165
663,165
663,2927
663,345
663,2928
663,974
663,1146
663,1193
663,274
663,274
663,276
663,276
663,277
663,277
663,2929
663,2929
663,424
663,349
663,2069
663,2069
663,233
663,2558
663,2930
663,2931
663,2644
663,426
663,727
663,35
663,35
663,2316
663,2932
663,759
663,199
663,868
663,868
663,3309
663,131
663,1027
663,914
663,914
663,914
663,53
663,669
663,201
663,360
663,2933
663,796
663,287
663,363
663,203
663,203
663,365
663,291
663,291
663,82
663,293
663,2934
663,2275
663,4829
663,370
663,1743
663,510
663,1590
663,1693
663,1890
663,928
663,2882
663,376
663,208
663,304
663,304
663,304
663,210
663,210
663,378
663,378
663,730
663,730
663,152
663,42
663,211
663,1703
663,1074
663,213
663,724
663,887
663,930
663,215
663,1638
663,1639
663,1920
663,1920
663,701
663,136
663,536
663,218
663,137
663,384
663,734
663,734
663,1033
663,220
663,385
663,385
663,386
663,386
663,537
663,710
663,310
663,310
663,311
663,391
663,770
663,770
663,703
663,394
663,394
663,313
663,313
663,396
663,608
663,154
663,154
663,138
663,138
663,138
663,399
663,399
663,316
663,772
663,774
663,222
663,222
663,2162
663,155
663,155
663,405
663,2936
663,406
663,224
663,1706
663,518
663,1707
663,1708
663,2938
663,521
663,521
663,611
663,612
663,612
663,156
663,156
664,1241
664,1241
664,1241
664,2143
664,91
664,91
664,1139
664,1139
664,832
664,832
664,2939
664,2940
664,2940
664,2940
664,2940
664,2940
664,2940
664,324
664,100
664,102
664,102
664,1140
664,4830
664,1750
664,1750
664,110
664,65
664,87
664,87
664,87
664,87
664,87
664,4831
664,4831
664,3737
664,3737
664,3737
664,3737
664,501
664,1184
664,4832
664,4833
664,117
664,3215
664,4834
664,3674
664,4835
664,4836
664,785
664,785
664,345
664,4180
664,4180
664,4180
664,4837
664,4838
664,4838
664,4838
664,121
664,121
664,4839
664,4839
664,4840
664,4841
664,4842
664,4843
664,4844
664,4845
664,3274
664,4846
664,2247
664,4847
664,4848
664,4849
664,4407
664,4217
664,759
664,131
664,4850
664,2476
664,2380
664,2381
664,2381
664,2381
664,4256
664,4256
664,4851
664,1262
664,2250
664,928
664,3149
664,1744
664,1744
664,3586
664,306
664,4852
664,4852
664,815
664,2498
664,385
664,4853
664,4854
664,4854
664,828
664,828
664,317
664,1595
664,1595
664,401
664,774
664,741
664,2163
664,2163
664,2421
664,2421
664,408
664,1277
664,1282
665,2356
665,319
665,319
665,1814
665,100
665,145
665,102
665,103
665,596
665,709
665,110
665,903
665,65
665,111
665,10
665,3702
665,834
665,834
665,500
665,335
665,1580
665,337
665,501
665,268
665,268
665,340
665,340
665,2706
665,345
665,4092
665,121
665,721
665,3352
665,2271
665,527
665,2713
665,195
665,1209
665,354
665,1211
665,759
665,759
665,199
665,131
665,1834
665,1588
665,1393
665,1393
665,796
665,2084
665,363
665,920
665,920
665,366
665,1219
665,4855
665,4856
665,2249
665,1423
665,1222
665,845
665,375
665,1308
665,304
665,846
665,42
665,3586
665,607
665,607
665,814
665,930
665,1376
665,3875
665,1150
665,2251
665,1229
665,1638
665,767
665,136
665,536
665,218
665,137
665,384
665,384
665,1844
665,1033
665,220
665,220
665,737
665,385
665,385
665,389
665,310
665,3864
665,390
665,770
665,4350
665,396
665,154
665,138
665,316
665,316
665,772
665,140
665,1595
665,404
665,404
665,407
665,407
665,224
665,224
665,1299
665,1299
665,517
665,226
665,520
666,319
666,1406
666,713
666,248
666,99
666,324
666,324
666,325
666,325
666,100
666,100
666,101
666,415
666,415
666,145
666,145
666,62
666,62
666,1046
666,147
666,178
666,253
666,2072
666,2072
666,65
666,10
666,10
666,163
666,112
666,3097
666,2827
666,15
666,1019
666,569
666,3674
666,119
666,3675
666,3098
666,4338
666,166
666,3526
666,124
666,1162
666,127
666,3100
666,1023
666,78
666,2078
666,529
666,35
666,35
666,149
666,2080
666,131
666,2084
666,82
666,2597
666,133
666,133
666,1917
666,1327
666,54
666,1221
666,55
666,55
666,3105
666,305
666,42
666,211
666,211
666,308
666,676
666,1453
666,154
666,154
666,222
666,3108
666,406
666,621
667,100
667,497
667,709
667,2538
667,65
667,963
667,757
667,131
667,2084
667,930
667,4857
667,136
667,1808
667,155
667,225
667,1280
667,1568
668,558
668,234
668,234
668,234
668,99
668,889
668,101
668,890
668,890
668,890
668,628
668,628
668,628
668,87
668,87
668,2012
668,459
668,891
668,640
668,641
668,3380
668,1320
668,892
668,238
668,29
668,78
668,4573
668,88
668,893
668,894
668,665
668,667
668,587
668,286
668,895
668,132
668,134
668,54
668,4858
668,896
668,897
668,83
668,3203
668,59
668,678
668,405
668,899
669,1710
669,1013
669,144
669,145
669,178
669,839
669,254
669,65
669,13
669,4859
669,166
669,2552
669,131
669,509
669,1770
669,211
669,214
669,4860
670,1931
670,1573
670,1932
670,65
670,715
670,715
670,261
670,1933
670,1851
670,1206
670,1626
670,1934
670,165
670,1159
670,1159
670,1935
670,1936
670,1936
670,1937
670,1938
670,892
670,1940
670,426
670,53
670,1163
670,363
670,295
670,1942
670,1943
670,1944
670,1945
670,1945
670,1946
670,1852
670,1947
670,1949
670,2735
670,306
670,1951
670,490
670,1638
670,1638
670,1953
670,1151
670,1151
670,136
670,818
670,311
670,824
670,711
670,711
670,394
670,314
670,1954
670,1954
670,1642
670,1273
670,1955
670,1854
670,1643
670,1956
670,452
671,1979
671,159
671,900
671,332
671,967
671,65
671,1981
671,1982
671,1983
671,1962
671,749
671,338
671,1602
671,721
671,1987
671,1988
671,79
671,1991
671,196
671,1994
671,1995
671,1163
671,671
671,1685
671,871
671,728
671,1686
671,1426
671,4797
671,4861
671,1998
671,315
671,2000
671,409
672,2357
672,3161
672,232
672,159
672,988
672,106
672,1083
672,565
672,87
672,648
672,190
672,233
672,2041
672,88
672,4862
672,1324
672,203
672,204
672,82
672,132
672,3874
672,1485
673,1407
673,1407
673,3251
673,100
673,145
673,145
673,3735
673,2397
673,4175
673,2409
673,110
673,4863
673,4864
673,1488
673,65
673,3701
673,834
673,112
673,187
673,187
673,638
673,266
673,3116
673,1207
673,1440
673,1440
673,3743
673,3744
673,1303
673,4865
673,276
673,4153
673,4153
673,3159
673,2558
673,350
673,3446
673,4866
673,194
673,4701
673,1737
673,4867
673,1584
673,666
673,2590
673,2080
673,1212
673,196
673,1586
673,791
673,1421
673,131
673,131
673,2594
673,3831
673,4868
673,4869
673,370
673,370
673,836
673,1890
673,1686
673,41
673,1224
673,532
673,532
673,374
673,374
673,3478
673,2632
673,1744
673,471
673,1309
673,1007
673,1977
673,436
673,215
673,2388
673,3855
673,711
673,621
673,1707
673,2533
673,1138
674,65
674,121
674,82
674,59
675,1409
675,4870
675,4871
675,87
675,2519
675,459
675,638
675,2631
675,2632
676,65
676,136
677,65
677,4816
677,444
677,1053
677,132
677,1055
677,2257
678,1013
678,838
678,158
678,1014
678,1015
678,159
678,325
678,325
678,100
678,101
678,145
678,62
678,1018
678,1018
678,597
678,597
678,3998
678,565
678,65
678,333
678,632
678,566
678,599
678,263
678,263
678,265
678,1019
678,552
678,1020
678,1020
678,601
678,166
678,190
678,544
678,276
678,277
678,690
678,690
678,577
678,169
678,1022
678,1023
678,352
678,35
678,149
678,199
678,131
678,1025
678,1312
678,286
678,363
678,364
678,291
678,1029
678,211
678,724
678,308
678,1031
678,451
678,1033
678,138
678,609
678,1036
678,517
678,409
678,1038
678,1279
678,876
679,1971
679,2179
679,2179
679,4872
679,248
679,159
679,324
679,324
679,325
679,100
679,145
679,145
679,1850
679,1850
679,3190
679,65
679,65
679,10
679,335
679,4873
679,687
679,599
679,187
679,1143
679,148
679,552
679,2244
679,504
679,1390
679,166
679,166
679,1527
679,1145
679,4518
679,2124
679,4874
679,1023
679,4875
679,352
679,4876
679,1972
679,35
679,35
679,35
679,149
679,37
679,37
679,228
679,228
679,357
679,1294
679,131
679,4877
679,4878
679,359
679,509
679,1973
679,82
679,3417
679,3818
679,4673
679,229
679,229
679,376
679,450
679,215
679,451
679,451
679,1978
679,136
679,1808
679,4879
679,4880
679,59
679,396
679,609
679,406
679,406
679,142
679,230
679,230
679,519
679,453
679,453
679,612
679,875
679,875
679,231
679,231
679,876
679,454
679,454
680,65
680,4881
680,4882
680,4883
680,1006
680,3456
680,1008
680,1009
681,1895
681,144
681,325
681,100
681,415
681,61
681,62
681,839
681,1461
681,333
681,87
681,714
681,687
681,20
681,2244
681,166
681,2642
681,2643
681,35
681,37
681,372
681,2324
681,1686
681,1058
681,3514
681,489
681,59
681,454
682,144
682,415
682,415
682,61
682,160
682,147
682,65
682,10
682,10
682,2011
682,2012
682,69
682,1319
682,643
682,70
682,20
682,1095
682,525
682,2013
682,556
682,556
682,166
682,75
682,2118
682,2014
682,2014
682,77
682,77
682,238
682,577
682,35
682,35
682,149
682,149
682,82
682,1326
682,1720
682,1720
682,1454
682,42
682,405
682,405
682,454
682,454
683,2356
683,2356
683,4127
683,319
683,91
683,1139
683,2144
683,2512
683,173
683,100
683,833
683,495
683,1573
683,102
683,2358
683,4884
683,1869
683,1869
683,1725
683,2112
683,1249
683,1726
683,744
683,709
683,709
683,110
683,4885
683,2113
683,4886
683,111
683,10
683,10
683,834
683,184
683,1871
683,2798
683,687
683,185
683,1676
683,337
683,337
683,3262
683,263
683,3541
683,459
683,188
683,4887
683,341
683,2583
683,3215
683,1207
683,345
683,4888
683,121
683,1827
683,3628
683,1303
683,1291
683,1794
683,2558
683,350
683,3945
683,2890
683,660
683,2586
683,2713
683,194
683,1737
683,2800
683,2800
683,1991
683,4889
683,2078
683,1391
683,4890
683,35
683,149
683,757
683,757
683,2080
683,4157
683,196
683,1586
683,198
683,1214
683,199
683,131
683,2594
683,2594
683,361
683,4891
683,4892
683,919
683,919
683,762
683,762
683,4663
683,3276
683,1589
683,2725
683,4893
683,1223
683,532
683,2600
683,2387
683,1426
683,1308
683,306
683,211
683,1704
683,1968
683,1968
683,930
683,930
683,1376
683,1376
683,1266
683,4894
683,2911
683,2728
683,136
683,3404
683,218
683,218
683,383
683,386
683,221
683,221
683,310
683,391
683,391
683,823
683,4895
683,4896
683,3365
683,154
683,154
683,772
683,1595
683,1595
683,2096
683,2096
683,2786
683,2420
683,3865
683,1276
683,683
683,408
683,3693
683,3693
683,230
683,2608
683,4897
683,3866
683,851
683,851
683,1280
683,1280
684,4048
684,324
684,101
684,147
684,65
684,1157
684,113
684,938
684,1169
684,941
684,118
684,120
684,2118
684,1054
684,1775
684,1476
684,1171
684,667
684,82
684,155
684,405
685,172
685,1154
685,158
685,159
685,145
685,565
685,65
685,166
685,3062
685,35
685,1312
685,211
685,610
686,2513
686,144
686,324
686,100
686,326
686,4898
686,1727
686,744
686,63
686,565
686,87
686,162
686,4083
686,256
686,1089
686,337
686,264
686,268
686,1389
686,270
686,543
686,1133
686,504
686,166
686,191
686,2133
686,276
686,753
686,4899
686,3437
686,35
686,354
686,758
686,1420
686,2985
686,287
686,362
686,363
686,203
686,487
686,365
686,1802
686,920
686,1396
686,373
686,375
686,304
686,210
686,764
686,730
686,211
686,381
686,212
686,213
686,930
686,1637
686,863
686,1231
686,955
686,536
686,384
686,549
686,221
686,310
686,703
686,395
686,772
686,140
686,850
686,404
686,224
686,708
686,226
686,1237
687,2637
687,158
687,173
687,144
687,159
687,324
687,324
687,100
687,100
687,145
687,145
687,62
687,3808
687,854
687,161
687,87
687,87
687,745
687,334
687,749
687,4457
687,1389
687,3057
687,3057
687,166
687,121
687,277
687,351
687,169
687,198
687,1371
687,791
687,199
687,509
687,841
687,841
687,287
687,363
687,365
687,798
687,4189
687,3043
687,530
687,1804
687,375
687,212
687,930
687,536
687,384
687,220
687,385
687,385
687,389
687,4900
687,4900
687,741
687,865
687,226
687,866
687,612
687,3154
687,3154
687,156
688,624
688,2779
688,62
688,63
688,63
688,565
688,565
688,1462
688,65
688,333
688,1087
688,636
688,264
688,3924
688,638
688,188
688,1092
688,1092
688,484
688,1019
688,1019
688,342
688,1468
688,1468
688,166
688,190
688,2709
688,128
688,1098
688,1023
688,36
688,1481
688,287
688,287
688,1116
688,1422
688,289
688,290
688,290
688,488
688,3925
688,1117
688,1117
688,1351
688,3926
688,84
688,3474
688,231
689,1865
689,713
689,325
689,100
689,101
689,145
689,145
689,1755
689,1783
689,2121
689,1575
689,65
689,87
689,163
689,163
689,834
689,1301
689,2580
689,2580
689,750
689,1319
689,2582
689,343
689,165
689,1320
689,2456
689,192
689,2123
689,1303
689,1303
689,1554
689,1554
689,2588
689,666
689,2590
689,2591
689,131
689,2594
689,2125
689,372
689,2126
689,2601
689,211
689,211
689,2127
689,471
689,308
689,214
689,214
689,139
689,2031
689,2611
689,852
689,1570
690,1241
690,91
690,1139
690,1139
690,1139
690,3048
690,172
690,1242
690,1242
690,1242
690,158
690,173
690,3
690,3
690,159
690,159
690,159
690,324
690,324
690,324
690,324
690,325
690,325
690,325
690,325
690,100
690,100
690,100
690,145
690,145
690,145
690,145
690,1140
690,1140
690,1140
690,327
690,327
690,327
690,327
690,235
690,235
690,1246
690,1247
690,1249
690,1250
690,110
690,332
690,65
690,111
690,333
690,333
690,255
690,255
690,162
690,162
690,162
690,162
690,10
690,10
690,10
690,1251
690,746
690,184
690,184
690,184
690,262
690,262
690,780
690,1253
690,1253
690,237
690,906
690,1143
690,1143
690,1143
690,1143
690,1143
690,148
690,1257
690,1021
690,1021
690,1144
690,1144
690,1144
690,2149
690,1145
690,1145
690,273
690,1146
690,1146
690,1146
690,1258
690,277
690,168
690,2376
690,1259
690,527
690,427
690,35
690,35
690,35
690,35
690,149
690,149
690,1261
690,445
690,757
690,757
690,757
690,171
690,171
690,53
690,53
690,53
690,53
690,286
690,365
690,291
690,1147
690,1147
690,1147
690,1148
690,1148
690,1148
690,134
690,801
690,1262
690,1263
690,375
690,616
690,378
690,378
690,378
690,764
690,306
690,306
690,306
690,306
690,306
690,211
690,1264
690,4901
690,1149
690,1265
690,1150
690,1150
690,215
690,1269
690,1151
690,1151
690,536
690,218
690,218
690,137
690,137
690,137
690,219
690,1033
690,220
690,385
690,385
690,389
690,310
690,984
690,154
690,154
690,154
690,154
690,1272
690,138
690,398
690,316
690,316
690,316
690,317
690,1273
690,1274
690,141
690,141
690,141
690,141
690,1275
690,406
690,1276
690,408
690,408
690,517
690,517
690,517
690,517
690,230
690,1277
690,1236
690,1279
690,851
690,851
690,1280
690,1281
690,1282
691,2047
691,2047
691,144
691,324
691,324
691,101
691,101
691,145
691,145
691,1191
691,1782
691,160
691,160
691,1932
691,2121
691,2121
691,859
691,1536
691,890
691,628
691,628
691,1245
691,147
691,147
691,331
691,2623
691,1367
691,161
691,161
691,65
691,2003
691,3335
691,1399
691,1399
691,2444
691,115
691,115
691,456
691,970
691,970
691,3172
691,4295
691,1317
691,1411
691,1411
691,1437
691,504
691,4472
691,4472
691,526
691,4902
691,166
691,880
691,4903
691,1791
691,721
691,721
691,1291
691,351
691,3477
691,3477
691,4241
691,1554
691,1554
691,35
691,35
691,149
691,149
691,355
691,2588
691,666
691,666
691,357
691,1631
691,587
691,587
691,3449
691,796
691,2084
691,2084
691,920
691,3851
691,511
691,2836
691,2424
691,2424
691,229
691,375
691,375
691,376
691,376
691,616
691,377
691,306
691,211
691,4630
691,3642
691,2903
691,863
691,1953
691,1230
691,2991
691,732
691,820
691,386
691,386
691,1429
691,514
691,311
691,1065
691,1065
691,677
691,677
691,770
691,770
691,397
691,397
691,515
691,609
691,609
691,140
691,140
691,1235
691,864
691,404
691,407
691,407
691,708
691,708
691,1646
691,4904
691,521
691,521
691,2509
691,2509
691,852
691,852
691,1138
692,319
692,867
692,232
692,159
692,324
692,324
692,100
692,100
692,1140
692,107
692,2885
692,10
692,10
692,834
692,1070
692,119
692,345
692,1911
692,276
692,426
692,356
692,4905
692,201
692,796
692,796
692,2084
692,1481
692,365
692,1118
692,291
692,82
692,918
692,304
692,304
692,210
692,210
692,378
692,42
692,381
692,213
692,213
692,872
692,1450
692,817
692,1807
692,1807
692,218
692,1033
692,220
692,702
692,702
692,389
692,770
692,703
692,771
692,850
692,141
692,141
692,1706
692,521
693,318
693,158
693,99
693,324
693,101
693,332
693,2566
693,64
693,4906
693,65
693,87
693,745
693,3888
693,4907
693,263
693,50
693,643
693,3215
693,943
693,2916
693,2555
693,166
693,4908
693,4909
693,658
693,128
693,78
693,1857
693,2556
693,1444
693,2625
693,2474
693,2007
693,722
693,2557
693,205
693,134
693,55
693,1222
693,4910
693,1720
693,2837
693,1226
693,4170
693,4911
693,4911
693,4172
693,4716
694,1241
694,319
694,319
694,91
694,1139
694,1139
694,832
694,2357
694,2357
694,4912
694,1242
694,1242
694,1242
694,158
694,158
694,173
694,3
694,3
694,159
694,159
694,324
694,324
694,324
694,325
694,325
694,325
694,100
694,100
694,100
694,145
694,145
694,145
694,145
694,1283
694,1140
694,1140
694,2239
694,2358
694,327
694,327
694,4884
694,332
694,332
694,3677
694,2361
694,2361
694,8
694,65
694,65
694,333
694,333
694,333
694,162
694,162
694,162
694,10
694,2241
694,2241
694,2362
694,2362
694,2363
694,2242
694,184
694,184
694,262
694,1821
694,2005
694,2005
694,338
694,268
694,906
694,2243
694,2243
694,1143
694,2147
694,2368
694,2369
694,52
694,1021
694,1021
694,1144
694,1144
694,166
694,1145
694,1145
694,121
694,974
694,1146
694,274
694,2374
694,1322
694,575
694,4573
694,2377
694,35
694,35
694,35
694,757
694,4913
694,171
694,171
694,131
694,131
694,53
694,793
694,2861
694,1147
694,1147
694,3290
694,206
694,1148
694,4109
694,2383
694,2386
694,1262
694,1262
694,2250
694,2250
694,375
694,375
694,378
694,378
694,2956
694,846
694,306
694,2044
694,2957
694,213
694,213
694,1149
694,1149
694,1150
694,1266
694,308
694,308
694,215
694,1151
694,536
694,218
694,218
694,137
694,2900
694,220
694,220
694,1232
694,385
694,385
694,4854
694,311
694,394
694,394
694,154
694,4914
694,316
694,772
694,772
694,1595
694,141
694,141
694,2421
694,408
694,408
694,517
694,611
694,611
695,87
695,943
695,2555
695,2556
695,2557
695,134
696,2111
696,744
696,744
696,903
696,1976
696,1976
696,65
696,10
696,10
696,4233
696,4915
696,2842
696,4916
696,456
696,50
696,2809
696,3215
696,503
696,4917
696,880
696,3271
696,1162
696,910
696,910
696,4918
696,4918
696,912
696,912
696,4919
696,792
696,4611
696,2083
696,2083
696,3449
696,916
696,917
696,917
696,919
696,921
696,921
696,4920
696,4920
696,2052
696,2052
696,2417
696,4921
696,1805
696,1635
696,765
696,932
696,701
696,701
696,1230
696,4158
696,933
696,4922
696,48
696,48
696,2388
696,2388
696,140
696,140
696,864
697,558
697,3
697,159
697,3169
697,266
697,4714
697,1905
697,1494
697,2125
697,4923
697,3375
697,470
697,2287
697,49
697,494
698,100
698,100
698,145
698,495
698,2239
698,327
698,327
698,1869
698,497
698,179
698,4924
698,180
698,180
698,110
698,1202
698,1202
698,65
698,10
698,184
698,501
698,501
698,50
698,503
698,1826
698,121
698,3137
698,1800
698,2563
698,4925
698,2725
698,2883
698,4047
698,305
698,305
698,4624
698,4624
698,4926
698,213
698,1968
698,1968
698,930
698,1150
698,1266
698,437
698,4927
698,136
698,136
698,218
698,734
698,4414
698,385
698,385
698,1594
698,1594
698,154
698,138
698,138
698,1485
698,773
698,404
698,141
698,708
698,517
698,517
698,227
698,227
698,4928
698,1747
698,1747
699,65
699,87
699,4929
699,4930
699,4931
699,4932
699,1009
699,2959
700,234
700,172
700,173
700,889
700,100
700,145
700,174
700,890
700,628
700,177
700,63
700,65
700,183
700,162
700,186
700,459
700,891
700,165
700,121
700,193
700,892
700,29
700,195
700,893
700,894
700,665
700,131
700,587
700,286
700,895
700,856
700,205
700,896
700,211
700,212
700,215
700,897
700,219
700,899
700,226
701,540
701,144
701,159
701,563
701,62
701,176
701,3414
701,565
701,65
701,162
701,162
701,163
701,687
701,1580
701,749
701,263
701,265
701,148
701,568
701,20
701,2520
701,165
701,1144
701,1042
701,273
701,945
701,1413
701,277
701,168
701,752
701,3061
701,3415
701,3416
701,507
701,283
701,692
701,428
701,150
701,292
701,3417
701,1657
701,606
701,211
701,219
701,3420
701,538
701,230
702,4933
702,4933
702,100
702,65
702,113
702,187
702,187
702,116
702,426
702,1171
702,131
702,131
702,4934
702,1116
702,4237
702,370
702,2321
702,4935
702,215
702,135
702,4936
702,4936
702,1919
702,847
702,847
702,517
702,4358
703,319
703,1154
703,159
703,324
703,324
703,325
703,145
703,419
703,1961
703,110
703,65
703,87
703,1399
703,237
703,971
703,972
703,638
703,638
703,266
703,266
703,148
703,343
703,165
703,166
703,121
703,3005
703,880
703,277
703,2124
703,4937
703,4938
703,3086
703,3086
703,3087
703,35
703,3088
703,3088
703,149
703,3089
703,3089
703,666
703,666
703,428
703,587
703,895
703,293
703,2812
703,370
703,2052
703,2086
703,978
703,1804
703,896
703,896
703,1694
703,1967
703,1265
703,1265
703,724
703,814
703,1449
703,1449
703,308
703,308
703,436
703,214
703,214
703,3220
703,1229
703,1229
703,473
703,1774
703,768
703,218
703,218
703,384
703,385
703,385
703,386
703,438
703,315
703,139
703,1131
703,2209
703,140
703,155
703,155
703,406
703,852
703,852
704,635
704,4939
705,319
705,713
705,159
705,859
705,4924
705,110
705,4940
705,1655
705,65
705,255
705,256
705,184
705,121
705,1024
705,4941
705,692
705,293
705,1591
705,376
705,208
705,306
705,765
705,930
705,308
705,214
705,3854
705,386
705,310
705,1065
705,59
705,316
705,609
705,140
705,610
705,518
706,2901
706,65
706,750
706,2026
706,4942
706,2902
706,895
706,82
706,4943
706,2098
707,4944
707,4945
707,4946
707,158
707,158
707,2047
707,2513
707,249
707,159
707,324
707,324
707,100
707,145
707,1573
707,1191
707,4471
707,3810
707,858
707,1727
707,1141
707,1141
707,179
707,179
707,110
707,110
707,65
707,183
707,10
707,163
707,1388
707,4947
707,261
707,1142
707,1624
707,263
707,265
707,1206
707,1648
707,340
707,340
707,1411
707,148
707,1908
707,165
707,1582
707,525
707,526
707,2269
707,1875
707,166
707,1936
707,3084
707,721
707,2459
707,3238
707,277
707,277
707,1208
707,2929
707,1914
707,1914
707,426
707,3086
707,3087
707,195
707,3088
707,1513
707,3089
707,692
707,1420
707,3631
707,428
707,1631
707,587
707,1392
707,916
707,4948
707,363
707,292
707,4949
707,4892
707,919
707,2381
707,2812
707,2812
707,4256
707,3464
707,4109
707,3090
707,2086
707,1693
707,896
707,896
707,375
707,375
707,378
707,606
707,606
707,1703
707,212
707,212
707,929
707,929
707,308
707,308
707,1397
707,436
707,214
707,1919
707,1229
707,437
707,437
707,863
707,863
707,473
707,1774
707,955
707,220
707,386
707,386
707,389
707,389
707,710
707,2912
707,514
707,514
707,438
707,59
707,59
707,154
707,315
707,399
707,515
707,1235
707,1235
707,155
707,155
707,141
707,224
707,224
707,1398
707,1568
707,1568
707,852
708,4357
708,2637
708,2942
708,1575
708,87
708,87
708,2640
708,2440
708,166
708,4950
708,4951
708,4951
708,2642
708,2642
708,2400
708,2643
708,1988
708,1990
708,3477
708,4952
708,2403
708,1685
708,1306
708,1306
708,1396
708,1686
708,3277
708,1058
708,1307
708,1426
709,320
709,2063
709,2063
709,2064
709,1013
709,1154
709,3165
709,838
709,158
709,173
709,249
709,159
709,324
709,325
709,563
709,415
709,145
709,145
709,62
709,854
709,565
709,8
709,65
709,10
709,3171
709,266
709,718
709,2068
709,2068
709,880
709,3253
709,277
709,277
709,3433
709,233
709,1097
709,2124
709,35
709,35
709,149
709,445
709,1513
709,3434
709,4953
709,994
709,994
709,1770
709,468
709,368
709,3119
709,211
709,308
709,308
709,214
709,214
709,1065
709,59
709,154
709,517
709,517
709,454
710,158
710,713
710,159
710,100
710,145
710,1017
710,160
710,63
710,161
710,65
710,599
710,2520
710,1021
710,879
710,166
710,753
710,509
710,365
710,211
711,1455
711,1314
711,4954
711,1360
711,1710
711,1710
711,3161
711,561
711,2211
711,1456
711,248
711,248
711,248
711,1015
711,1015
711,1015
711,1924
711,1924
711,159
711,159
711,325
711,100
711,100
711,415
711,415
711,415
711,61
711,61
711,595
711,1315
711,1315
711,1017
711,1460
711,1081
711,106
711,7
711,7
711,63
711,63
711,565
711,542
711,1462
711,65
711,714
711,714
711,1168
711,13
711,188
711,270
711,68
711,68
711,148
711,148
711,148
711,719
711,719
711,4955
711,20
711,20
711,343
711,486
711,1415
711,75
711,1775
711,238
711,577
711,577
711,78
711,1477
711,88
711,4956
711,581
711,80
711,507
711,583
711,35
711,149
711,149
711,149
711,1479
711,446
711,667
711,171
711,1294
711,4049
711,4034
711,287
711,290
711,4957
711,82
711,1326
711,1326
711,57
711,42
711,2205
711,3619
711,154
711,154
711,957
711,3186
712,1045
712,98
712,3
712,324
712,100
712,105
712,1046
712,331
712,87
712,87
712,87
712,10
712,566
712,113
712,938
712,1047
712,1048
712,1049
712,50
712,1050
712,1051
712,1052
712,1053
712,118
712,4958
712,462
712,975
712,1320
712,124
712,125
712,653
712,1054
712,128
712,1023
712,129
712,664
712,4959
712,4960
712,796
712,132
712,1055
712,133
712,1056
712,1057
712,54
712,55
712,1058
712,4961
712,1059
712,731
712,42
712,1060
712,135
712,44
712,1061
712,136
712,1062
712,1063
712,1064
712,1064
712,387
712,2062
712,1034
712,1065
712,677
712,2332
712,3558
712,957
712,1067
712,1068
712,517
713,322
713,322
713,172
713,100
713,145
713,145
713,1869
713,1869
713,109
713,1141
713,179
713,253
713,967
713,967
713,65
713,834
713,186
713,186
713,261
713,600
713,165
713,1440
713,1440
713,166
713,121
713,2114
713,2114
713,1214
713,1214
713,1421
713,1421
713,428
713,150
713,841
713,363
713,1218
713,1218
713,1838
713,1693
713,4496
713,1694
713,375
713,208
713,211
713,3131
713,3131
713,535
713,1229
713,4962
713,136
713,734
713,4963
713,4963
713,1033
713,1033
713,220
713,1044
713,386
713,386
713,310
713,311
713,391
713,770
713,398
713,398
713,440
713,2164
713,226
713,156
714,4964
714,2047
714,1618
714,2574
714,65
714,2441
714,115
714,456
714,749
714,457
714,2581
714,339
714,3470
714,1547
714,880
714,2059
714,721
714,1160
714,2460
714,835
714,79
714,4965
714,665
714,665
714,131
714,361
714,4966
714,2484
714,3024
714,2821
714,1396
714,1396
714,2489
714,4797
714,3919
714,4967
714,2491
714,4968
714,1639
714,863
714,2496
714,4969
714,2678
714,4970
714,864
714,864
714,866
714,1647
714,2612
715,2960
715,8
715,65
715,1437
715,3058
715,166
715,426
715,82
715,1166
715,491
715,819
715,2350
715,4431
716,625
716,625
716,4971
716,4971
716,235
716,235
716,235
716,3370
716,3370
716,8
716,8
716,1489
716,1489
716,1489
716,87
716,87
716,87
716,9
716,9
716,2567
716,2567
716,2567
716,969
716,3371
716,3371
716,635
716,237
716,237
716,264
716,264
716,458
716,458
716,13
716,13
716,4972
716,4972
716,2705
716,2705
716,2705
716,4354
716,4354
716,4354
716,2370
716,4973
716,4973
716,4973
716,4973
716,4974
716,4974
716,29
716,29
716,4975
716,4975
716,3306
716,3306
716,2471
716,2471
716,669
716,669
716,669
716,669
716,669
716,669
716,2722
716,2722
716,4370
716,4976
716,977
716,977
716,977
716,4977
716,3360
716,3360
716,3360
716,4108
716,4108
716,41
716,41
716,1224
716,4321
716,4321
716,4321
716,1225
716,4978
716,4978
716,3710
716,4979
716,4979
716,4979
716,1504
716,1504
716,491
716,491
716,701
716,2257
716,2257
716,4980
716,476
716,476
716,476
716,4981
716,4981
716,4981
716,4982
716,4983
716,477
717,2356
717,1521
717,158
717,1522
717,99
717,324
717,325
717,564
717,65
717,1157
717,10
717,963
717,13
717,718
717,126
717,659
717,1473
717,238
717,580
717,528
717,33
717,35
717,149
717,3593
717,203
717,59
717,957
717,1358
718,1241
718,91
718,91
718,1139
718,234
718,172
718,1242
718,1242
718,159
718,324
718,325
718,100
718,145
718,145
718,62
718,1140
718,1140
718,160
718,327
718,235
718,1246
718,1247
718,1249
718,4984
718,1250
718,110
718,161
718,65
718,65
718,111
718,632
718,255
718,255
718,162
718,162
718,10
718,1251
718,2241
718,256
718,834
718,184
718,969
718,780
718,1253
718,237
718,3263
718,2243
718,1256
718,1143
718,1143
718,718
718,117
718,1257
718,1144
718,2781
718,1145
718,121
718,121
718,1146
718,4985
718,1793
718,1258
718,1259
718,427
718,35
718,149
718,1261
718,445
718,757
718,171
718,171
718,53
718,53
718,796
718,553
718,203
718,365
718,291
718,1147
718,2278
718,1148
718,801
718,3818
718,1262
718,1263
718,616
718,378
718,306
718,306
718,211
718,1264
718,1265
718,1265
718,2991
718,1269
718,1151
718,218
718,137
718,137
718,219
718,220
718,385
718,385
718,2729
718,4986
718,4987
718,984
718,154
718,1272
718,139
718,316
718,317
718,1273
718,402
718,1274
718,141
718,1275
718,406
718,1276
718,408
718,517
718,230
718,1277
718,1277
718,519
718,1038
718,1279
718,851
718,1280
718,1281
718,1282
719,4988
719,248
719,1015
719,99
719,324
719,100
719,145
719,145
719,4709
719,988
719,1192
719,3998
719,565
719,542
719,161
719,65
719,632
719,163
719,2906
719,13
719,270
719,148
719,148
719,568
719,552
719,3116
719,1439
719,1439
719,2520
719,343
719,1020
719,1020
719,2058
719,2058
719,2068
719,2068
719,1712
719,166
719,1527
719,1527
719,544
719,544
719,1528
719,2552
719,2552
719,277
719,690
719,1126
719,88
719,1832
719,2060
719,1025
719,365
719,2835
719,605
719,211
719,1120
719,308
719,136
719,136
719,934
719,610
719,2395
719,230
719,494
720,1241
720,91
720,1139
720,1242
720,3
720,159
720,324
720,325
720,100
720,145
720,1140
720,1140
720,327
720,1246
720,1247
720,1249
720,1250
720,110
720,332
720,65
720,111
720,333
720,255
720,183
720,162
720,162
720,10
720,1251
720,184
720,262
720,906
720,1143
720,1143
720,1257
720,1021
720,1144
720,1145
720,1146
720,1258
720,1259
720,427
720,35
720,149
720,1261
720,757
720,171
720,53
720,53
720,1147
720,1148
720,801
720,1263
720,616
720,378
720,306
720,306
720,211
720,1264
720,1149
720,1265
720,1150
720,1269
720,1151
720,1151
720,218
720,137
720,219
720,220
720,385
720,984
720,154
720,1272
720,316
720,317
720,1273
720,1274
720,141
720,1275
720,406
720,1276
720,408
720,517
720,1277
720,851
720,1281
720,1282
721,1406
721,3441
721,3442
721,2047
721,324
721,100
721,2310
721,145
721,1959
721,1959
721,417
721,859
721,2360
721,65
721,1902
721,2441
721,2749
721,2132
721,187
721,749
721,1622
721,750
721,638
721,1626
721,3443
721,1906
721,1908
721,1910
721,166
721,880
721,880
721,1550
721,1914
721,3447
721,1554
721,1442
721,3000
721,1584
721,666
721,2590
721,1586
721,1421
721,131
721,131
721,3448
721,3449
721,3449
721,917
721,917
721,1116
721,365
721,291
721,82
721,3244
721,295
721,923
721,3451
721,468
721,300
721,3452
721,3453
721,3454
721,3147
721,871
721,1396
721,1224
721,1058
721,3455
721,211
721,2489
721,2571
721,213
721,814
721,1007
721,308
721,308
721,215
721,2785
721,1231
721,473
721,136
721,768
721,769
721,1808
721,218
721,311
721,48
721,2388
721,439
721,439
721,1567
721,1567
721,2959
721,2509
721,852
721,852
721,1570
721,1138
721,1138
722,832
722,832
722,1363
722,2941
722,322
722,172
722,323
722,323
722,323
722,173
722,2738
722,232
722,159
722,324
722,325
722,100
722,100
722,4989
722,145
722,145
722,833
722,102
722,1283
722,1183
722,1183
722,1364
722,1869
722,1141
722,744
722,3644
722,179
722,179
722,709
722,180
722,110
722,332
722,4990
722,65
722,65
722,183
722,2003
722,162
722,10
722,334
722,334
722,334
722,260
722,1239
722,1239
722,4991
722,4991
722,457
722,501
722,1730
722,2581
722,339
722,3829
722,340
722,718
722,148
722,148
722,3823
722,4345
722,165
722,345
722,2268
722,2819
722,2372
722,121
722,191
722,3658
722,721
722,4992
722,4993
722,193
722,193
722,277
722,4740
722,4994
722,233
722,909
722,909
722,909
722,527
722,194
722,4157
722,1586
722,1214
722,428
722,428
722,428
722,150
722,131
722,1633
722,841
722,2953
722,292
722,918
722,918
722,3818
722,3818
722,3818
722,3276
722,4995
722,845
722,41
722,1224
722,1224
722,373
722,375
722,375
722,375
722,375
722,208
722,616
722,1501
722,764
722,4624
722,846
722,1967
722,211
722,213
722,607
722,1704
722,1704
722,2490
722,1449
722,2784
722,215
722,215
722,2251
722,1229
722,1229
722,1806
722,1806
722,3789
722,3789
722,4996
722,955
722,2728
722,136
722,136
722,2061
722,218
722,382
722,734
722,220
722,220
722,385
722,385
722,385
722,385
722,738
722,702
722,702
722,389
722,311
722,59
722,394
722,394
722,394
722,3365
722,396
722,396
722,396
722,2209
722,1355
722,864
722,85
722,155
722,155
722,404
722,404
722,404
722,517
722,225
722,227
722,227
722,227
722,521
722,866
723,172
723,172
723,1015
723,159
723,159
723,325
723,100
723,145
723,62
723,62
723,1017
723,1018
723,65
723,163
723,185
723,2627
723,270
723,552
723,165
723,544
723,690
723,690
723,280
723,196
723,131
723,509
723,363
723,1117
723,1117
723,2628
723,2628
723,1753
723,306
723,211
723,2099
723,549
724,172
724,248
724,144
724,144
724,159
724,159
724,324
724,325
724,100
724,100
724,145
724,145
724,62
724,65
724,65
724,162
724,1662
724,260
724,13
724,1021
724,166
724,166
724,121
724,121
724,3100
724,2890
724,3086
724,3086
724,3308
724,35
724,35
724,3088
724,3088
724,149
724,149
724,757
724,2588
724,2255
724,2255
724,198
724,428
724,131
724,53
724,2812
724,370
724,300
724,1295
724,511
724,511
724,1804
724,1306
724,372
724,1396
724,1686
724,1058
724,1058
724,2126
724,2618
724,1175
724,42
724,153
724,381
724,308
724,2991
724,473
724,473
724,136
724,218
724,385
724,2290
724,396
724,397
724,440
724,402
724,404
724,406
724,406
724,406
724,452
724,1236
724,1236
724,1358
724,1358
724,851
725,4249
725,172
725,173
725,159
725,100
725,145
725,174
725,177
725,63
725,65
725,183
725,186
725,4997
725,165
725,121
725,193
725,131
725,131
725,856
725,205
725,211
725,212
725,215
725,219
725,226
726,2573
726,145
726,900
726,2574
726,2576
726,2121
726,1899
726,1248
726,744
726,331
726,442
726,4863
726,1575
726,2002
726,65
726,1620
726,10
726,834
726,937
726,1676
726,11
726,2580
726,2581
726,268
726,340
726,2582
726,2583
726,526
726,166
726,880
726,2456
726,721
726,1303
726,1303
726,2585
726,2463
726,835
726,4153
726,350
726,1679
726,2586
726,2587
726,79
726,1554
726,2588
726,2589
726,666
726,2592
726,2593
726,1421
726,1421
726,199
726,131
726,131
726,2594
726,2595
726,361
726,2596
726,920
726,468
726,54
726,510
726,1720
726,871
726,1306
726,1306
726,896
726,1686
726,41
726,532
726,2600
726,374
726,208
726,1308
726,2127
726,214
726,215
726,2903
726,863
726,136
726,384
726,220
726,385
726,702
726,58
726,826
726,826
726,2605
726,966
726,711
726,396
726,1642
726,864
726,864
726,2163
726,406
726,1646
726,4114
726,412
726,2509
726,2612
726,852
726,1138
727,4389
727,4998
727,1672
727,87
727,2580
727,263
727,458
727,265
727,13
727,880
727,2122
727,4999
727,3301
727,2950
727,2642
727,88
727,467
727,3382
727,1589
727,1306
727,1449
727,477
728,1241
728,319
728,319
728,91
728,91
728,2806
728,173
728,173
728,1573
728,103
728,4018
728,1339
728,1183
728,235
728,236
728,1247
728,1247
728,329
728,1141
728,110
728,903
728,332
728,65
728,255
728,2003
728,10
728,163
728,2410
728,1251
728,184
728,969
728,337
728,1821
728,1253
728,237
728,970
728,600
728,600
728,3643
728,268
728,3400
728,2243
728,781
728,718
728,718
728,4019
728,165
728,5000
728,4020
728,4180
728,189
728,189
728,3061
728,529
728,131
728,131
728,53
728,1834
728,915
728,3449
728,916
728,2952
728,1885
728,2414
728,1610
728,918
728,918
728,919
728,919
728,4021
728,2814
728,2280
728,2249
728,2249
728,925
728,2052
728,4022
728,1262
728,2250
728,2416
728,2416
728,928
728,928
728,229
728,375
728,304
728,4100
728,1376
728,1266
728,1266
728,932
728,384
728,220
728,933
728,933
728,2108
728,396
728,2209
728,1595
728,401
728,401
728,1235
728,155
728,2420
728,406
728,1277
729,65
729,192
730,853
730,867
730,234
730,157
730,246
730,713
730,248
730,159
730,324
730,324
730,145
730,4175
730,628
730,628
730,65
730,632
730,183
730,834
730,4058
730,115
730,1253
730,3541
730,188
730,552
730,504
730,345
730,166
730,1145
730,121
730,4243
730,280
730,894
730,282
730,131
730,359
730,856
730,1769
730,4245
730,211
730,211
730,214
730,220
730,385
730,438
730,313
730,610
731,65
731,1935
731,5001
732,172
732,159
732,324
732,145
732,2121
732,854
732,5002
732,65
732,552
732,2369
732,166
732,2124
733,831
733,2146
733,5003
733,322
733,322
733,713
733,159
733,159
733,324
733,324
733,324
733,100
733,100
733,100
733,145
733,145
733,1191
733,5004
733,5005
733,1540
733,5006
733,596
733,596
733,176
733,1018
733,3885
733,146
733,146
733,1141
733,744
733,110
733,110
733,1785
733,1367
733,1367
733,8
733,161
733,87
733,87
733,9
733,10
733,10
733,5007
733,5008
733,3940
733,1851
733,457
733,501
733,459
733,340
733,1872
733,460
733,165
733,3942
733,1826
733,166
733,2399
733,277
733,28
733,3946
733,1391
733,1391
733,949
733,529
733,354
733,1556
733,665
733,666
733,692
733,4079
733,4079
733,508
733,508
733,429
733,131
733,4948
733,363
733,365
733,856
733,671
733,920
733,1701
733,2199
733,1634
733,1006
733,3901
733,373
733,373
733,2387
733,2387
733,1425
733,616
733,2883
733,2883
733,764
733,764
733,211
733,381
733,381
733,212
733,607
733,1166
733,765
733,765
733,813
733,813
733,3002
733,3456
733,308
733,436
733,1130
733,491
733,136
733,136
733,536
733,536
733,548
733,1033
733,1033
733,1044
733,1044
733,385
733,385
733,3003
733,5009
733,1430
733,1430
733,313
733,154
733,154
733,1272
733,1272
733,398
733,398
733,772
733,140
733,140
733,401
733,774
733,222
733,1235
733,1008
733,477
733,708
733,708
733,1380
733,1380
733,227
733,1009
733,411
733,851
733,851
733,1812
733,2509
733,852
733,1570
733,1138
734,4357
734,4357
734,5010
734,1488
734,87
734,3235
734,2685
734,4800
734,4714
734,5011
734,2687
734,975
734,1303
734,3301
734,2743
734,2643
734,2643
734,663
734,464
734,2223
734,1684
734,4113
734,1306
734,3277
734,3277
734,1426
734,471
734,1309
734,5012
734,476
734,5013
734,494
735,2143
735,2940
735,2941
735,2512
735,100
735,145
735,2574
735,102
735,2942
735,2943
735,2358
735,235
735,329
735,2944
735,1817
735,2945
735,179
735,455
735,63
735,442
735,110
735,1757
735,779
735,1202
735,1575
735,967
735,65
735,1489
735,10
735,184
735,2685
735,112
735,2946
735,1581
735,456
735,457
735,600
735,458
735,459
735,268
735,2947
735,460
735,461
735,2948
735,2367
735,165
735,462
735,2949
735,463
735,1146
735,2950
735,2463
735,2890
735,1494
735,506
735,195
735,2951
735,33
735,35
735,666
735,2590
735,1293
735,131
735,464
735,464
735,465
735,466
735,467
735,360
735,2952
735,2007
735,841
735,2953
735,1148
735,468
735,1375
735,2954
735,803
735,2598
735,2955
735,836
735,469
735,1263
735,375
735,375
735,730
735,2956
735,305
735,1892
735,306
735,470
735,211
735,211
735,2957
735,213
735,2127
735,1265
735,1505
735,471
735,471
735,930
735,1007
735,214
735,215
735,815
735,5014
735,472
735,2635
735,473
735,136
735,2404
735,474
735,383
735,219
735,1844
735,220
735,385
735,385
735,2178
735,386
735,221
735,310
735,1065
735,390
735,770
735,2730
735,439
735,608
735,154
735,315
735,2958
735,140
735,1595
735,475
735,222
735,1354
735,85
735,476
735,5015
735,406
735,1299
735,477
735,477
735,517
735,230
735,409
735,226
735,851
735,2959
735,2509
735,852
736,91
736,232
736,159
736,100
736,145
736,102
736,103
736,104
736,235
736,108
736,110
736,65
736,111
736,112
736,112
736,115
736,237
736,117
736,119
736,123
736,130
736,35
736,131
736,134
736,55
736,135
736,135
736,136
736,137
736,138
736,140
736,141
736,452
736,142
736,143
736,1279
737,318
737,159
737,324
737,101
737,1192
737,65
737,1399
737,335
737,148
737,165
737,2244
737,4092
737,277
737,280
737,529
737,1513
737,692
737,759
737,1294
737,5016
737,213
737,930
737,436
737,2785
737,1231
737,220
737,736
737,737
737,154
737,402
737,155
738,87
738,5017
738,2643
738,4952
738,1686
739,1241
739,91
739,91
739,832
739,1571
739,1140
739,1246
739,1247
739,1247
739,108
739,1249
739,1250
739,251
739,110
739,65
739,111
739,255
739,1251
739,184
739,3727
739,969
739,781
739,1256
739,1143
739,1257
739,1601
739,121
739,1258
739,1259
739,427
739,149
739,1261
739,53
739,794
739,795
739,801
739,2052
739,1262
739,809
739,1263
739,208
739,616
739,306
739,211
739,1264
739,1265
739,1265
739,931
739,4444
739,732
739,1269
739,1269
739,1151
739,218
739,137
739,219
739,220
739,220
739,385
739,385
739,1429
739,1297
739,984
739,1272
739,316
739,317
739,140
739,3279
739,1273
739,1274
739,1275
739,2817
739,406
739,1276
739,1277
739,1277
739,851
739,851
739,1281
739,1282
739,1282
740,249
740,145
740,1460
740,1192
740,253
740,65
740,638
740,266
740,190
740,5018
740,5019
740,2472
740,5020
740,5020
740,1498
740,1500
740,134
740,845
740,308
740,308
740,2206
740,3492
741,558
741,742
741,98
741,99
741,159
741,101
741,3760
741,936
741,1085
741,333
741,333
741,87
741,87
741,13
741,5021
741,3931
741,3931
741,118
741,125
741,77
741,238
741,78
741,78
741,88
741,5022
741,4383
741,722
741,4290
741,133
741,5023
741,701
741,701
741,83
741,44
741,136
741,89
741,85
741,4358
742,100
742,327
742,65
742,357
742,376
742,208
742,1806
742,1705
742,385
742,537
742,1428
742,397
742,138
742,398
742,316
742,402
742,404
742,226
742,521
742,411
743,239
743,234
743,158
743,248
743,248
743,159
743,159
743,324
743,100
743,100
743,145
743,145
743,416
743,833
743,5024
743,104
743,5025
743,3726
743,5026
743,235
743,147
743,63
743,63
743,967
743,65
743,65
743,2003
743,2003
743,2003
743,968
743,1819
743,1388
743,256
743,335
743,335
743,969
743,969
743,337
743,237
743,456
743,970
743,970
743,5027
743,5027
743,972
743,972
743,187
743,263
743,638
743,266
743,268
743,268
743,781
743,781
743,1389
743,68
743,2809
743,2809
743,552
743,973
743,4345
743,4345
743,784
743,784
743,504
743,526
743,1875
743,1826
743,1826
743,121
743,880
743,880
743,974
743,544
743,1528
743,1043
743,976
743,893
743,1800
743,428
743,3535
743,2083
743,3449
743,916
743,916
743,286
743,1164
743,3243
743,1055
743,1055
743,762
743,671
743,977
743,920
743,920
743,2812
743,2812
743,1375
743,1375
743,134
743,978
743,511
743,896
743,375
743,208
743,1501
743,1501
743,379
743,5028
743,305
743,42
743,606
743,211
743,211
743,979
743,381
743,381
743,381
743,980
743,212
743,1265
743,1265
743,929
743,724
743,724
743,1449
743,1376
743,1376
743,308
743,981
743,732
743,536
743,982
743,2061
743,2061
743,218
743,218
743,218
743,137
743,383
743,384
743,384
743,983
743,220
743,220
743,1044
743,1044
743,385
743,385
743,385
743,310
743,311
743,311
743,1297
743,770
743,740
743,1430
743,3803
743,984
743,396
743,396
743,706
743,515
743,2209
743,1485
743,1846
743,1846
743,140
743,140
743,140
743,5029
743,223
743,223
743,155
743,2163
743,2163
743,539
743,1299
743,1299
743,708
743,708
743,985
743,986
743,1970
743,611
743,611
743,494
744,2120
744,1895
744,1971
744,144
744,4050
744,232
744,100
744,103
744,63
744,442
744,65
744,87
744,5030
744,5030
744,5031
744,112
744,4087
744,443
744,687
744,687
744,687
744,4159
744,444
744,648
744,648
744,166
744,1208
744,909
744,426
744,88
744,5032
744,35
744,149
744,445
744,445
744,37
744,37
744,446
744,5033
744,5034
744,197
744,228
744,1294
744,5035
744,2007
744,3424
744,5036
744,5037
744,1973
744,82
744,132
744,5038
744,447
744,2355
744,448
744,56
744,229
744,5039
744,1853
744,5040
744,450
744,4283
744,211
744,135
744,451
744,5041
744,136
744,1808
744,5042
744,5042
744,848
744,59
744,394
744,316
744,404
744,406
744,406
744,406
744,452
744,142
744,2395
744,230
744,225
744,453
744,851
744,1568
744,2045
744,2045
744,454
744,156
745,98
745,5043
745,3296
745,328
745,4719
745,4719
745,1203
745,87
745,3298
745,635
745,188
745,3299
745,5044
745,5044
745,4973
745,1320
745,5045
745,4728
745,348
745,3668
745,351
745,1913
745,5046
745,129
745,4730
745,663
745,2316
745,3309
745,3309
745,2176
745,2177
745,3310
745,3310
745,290
745,290
745,487
745,1482
745,977
745,3312
745,3312
745,5047
745,2621
745,134
745,134
745,1006
745,41
745,41
745,1308
745,2747
745,3376
745,491
745,3323
745,3323
745,537
746,321
746,3475
746,145
746,65
746,687
746,1142
746,5048
746,1160
746,4881
746,2558
746,3476
746,35
746,1179
746,37
746,1005
746,5049
746,1006
746,3456
746,154
746,1008
746,1009
747,319
747,319
747,91
747,234
747,234
747,235
747,236
747,236
747,329
747,332
747,65
747,65
747,87
747,2003
747,10
747,2410
747,1253
747,972
747,718
747,117
747,189
747,131
747,131
747,916
747,2414
747,1610
747,918
747,918
747,2280
747,2416
747,928
747,229
747,933
747,1595
747,401
747,2420
747,1277
748,318
748,319
748,2767
748,2146
748,172
748,623
748,158
748,173
748,144
748,159
748,159
748,159
748,324
748,324
748,324
748,100
748,100
748,100
748,145
748,145
748,103
748,1191
748,327
748,1192
748,235
748,109
748,177
748,177
748,2263
748,1141
748,179
748,709
748,709
748,442
748,960
748,110
748,110
748,252
748,253
748,87
748,163
748,613
748,834
748,747
748,1399
748,1399
748,3540
748,1239
748,3391
748,749
748,501
748,600
748,263
748,263
748,340
748,340
748,340
748,5050
748,148
748,343
748,543
748,165
748,165
748,1020
748,525
748,990
748,1412
748,191
748,721
748,277
748,2217
748,752
748,4586
748,1024
748,1024
748,5051
748,1531
748,756
748,2175
748,1371
748,1371
748,428
748,357
748,357
748,131
748,286
748,287
748,362
748,363
748,363
748,289
748,289
748,290
748,203
748,364
748,364
748,365
748,204
748,291
748,291
748,291
748,920
748,2382
748,369
748,2545
748,531
748,376
748,764
748,211
748,211
748,211
748,381
748,381
748,381
748,2957
748,1074
748,813
748,813
748,930
748,308
748,308
748,1507
748,215
748,135
748,135
748,1130
748,1806
748,437
748,136
748,136
748,136
748,383
748,2900
748,736
748,385
748,385
748,739
748,311
748,390
748,703
748,5052
748,5052
748,316
748,316
748,155
748,620
748,621
748,226
748,612
749,65
749,1935
750,858
750,1622
750,750
750,666
750,1633
750,3244
750,211
750,215
750,219
750,5053
750,1640
750,223
750,402
750,865
750,866
750,852
751,1241
751,319
751,91
751,1139
751,2237
751,3048
751,242
751,4371
751,1242
751,247
751,158
751,1014
751,3
751,159
751,159
751,324
751,324
751,325
751,325
751,100
751,100
751,145
751,145
751,145
751,495
751,1140
751,1140
751,327
751,4
751,235
751,1246
751,1247
751,1249
751,1250
751,179
751,110
751,332
751,5054
751,252
751,161
751,65
751,111
751,333
751,255
751,255
751,162
751,162
751,10
751,163
751,1662
751,1251
751,184
751,5055
751,262
751,780
751,1821
751,237
751,263
751,1789
751,13
751,268
751,906
751,5056
751,781
751,1256
751,1256
751,1143
751,1143
751,1143
751,483
751,148
751,1257
751,165
751,5057
751,1021
751,1823
751,1144
751,1144
751,1144
751,3444
751,3510
751,3510
751,5000
751,3511
751,2791
751,2791
751,189
751,1145
751,121
751,1146
751,721
751,1258
751,274
751,277
751,2245
751,168
751,1259
751,5058
751,4235
751,427
751,35
751,35
751,149
751,149
751,1261
751,757
751,5059
751,171
751,171
751,171
751,131
751,1108
751,53
751,53
751,5060
751,1973
751,919
751,919
751,1147
751,4616
751,2279
751,1148
751,801
751,5061
751,1262
751,1263
751,375
751,616
751,2417
751,2417
751,378
751,306
751,306
751,211
751,1264
751,490
751,1149
751,1265
751,1150
751,308
751,512
751,5062
751,1841
751,932
751,309
751,473
751,1269
751,1151
751,1151
751,218
751,218
751,137
751,137
751,219
751,220
751,220
751,385
751,385
751,385
751,1430
751,5063
751,59
751,984
751,396
751,154
751,154
751,1272
751,139
751,316
751,317
751,1954
751,1273
751,1274
751,864
751,141
751,1275
751,5064
751,406
751,1276
751,1276
751,408
751,517
751,517
751,1277
751,1279
751,1358
751,851
751,1281
751,1282
751,156
752,1241
752,91
752,91
752,1139
752,3
752,3
752,159
752,324
752,324
752,325
752,325
752,100
752,145
752,145
752,62
752,1140
752,1140
752,327
752,1246
752,1247
752,1247
752,1249
752,1250
752,63
752,110
752,332
752,161
752,65
752,65
752,111
752,333
752,714
752,255
752,183
752,162
752,10
752,163
752,1251
752,184
752,184
752,969
752,262
752,970
752,906
752,1256
752,1143
752,1143
752,1143
752,117
752,1257
752,1021
752,1021
752,1144
752,2791
752,166
752,1145
752,121
752,121
752,1146
752,1258
752,1259
752,427
752,35
752,35
752,149
752,1261
752,757
752,171
752,53
752,53
752,918
752,1147
752,920
752,1148
752,801
752,2052
752,1263
752,616
752,378
752,306
752,306
752,211
752,211
752,1264
752,1149
752,1265
752,1150
752,1266
752,1269
752,1151
752,1151
752,2061
752,218
752,218
752,137
752,219
752,734
752,220
752,385
752,984
752,154
752,1272
752,316
752,317
752,317
752,140
752,1273
752,1274
752,155
752,155
752,141
752,2620
752,1275
752,406
752,1276
752,1276
752,408
752,517
752,1277
752,1277
752,851
752,851
752,612
752,1281
752,1282
753,172
753,1013
753,838
753,158
753,248
753,248
753,1014
753,1015
753,159
753,159
753,325
753,100
753,101
753,415
753,145
753,145
753,62
753,62
753,1018
753,597
753,565
753,161
753,65
753,65
753,333
753,632
753,566
753,599
753,263
753,263
753,15
753,1019
753,67
753,148
753,569
753,552
753,552
753,1020
753,504
753,166
753,121
753,190
753,544
753,276
753,277
753,277
753,690
753,238
753,577
753,169
753,1022
753,1023
753,426
753,1831
753,88
753,35
753,149
753,199
753,1294
753,131
753,131
753,1025
753,286
753,363
753,364
753,291
753,82
753,1029
753,368
753,57
753,211
753,724
753,308
753,308
753,1033
753,538
753,138
753,609
753,1036
753,610
753,406
753,517
753,409
753,1038
753,876
754,65
754,745
754,11
754,4756
754,3917
754,131
754,4277
754,509
754,2007
754,4671
754,82
754,293
754,1801
754,5065
754,5066
754,964
754,214
754,1269
754,5067
754,136
755,234
755,234
755,889
755,100
755,890
755,890
755,628
755,628
755,178
755,180
755,181
755,65
755,10
755,187
755,459
755,891
755,188
755,189
755,192
755,892
755,238
755,29
755,194
755,88
755,195
755,893
755,894
755,665
755,196
755,197
755,131
755,131
755,200
755,587
755,201
755,286
755,895
755,82
755,896
755,210
755,211
755,214
755,897
755,216
755,3203
755,217
755,220
755,138
755,223
755,224
755,225
755,898
755,899
756,1931
756,4554
756,1573
756,1932
756,65
756,715
756,261
756,1933
756,4558
756,4560
756,1851
756,1206
756,1934
756,165
756,1159
756,1935
756,1936
756,1937
756,1938
756,892
756,1940
756,53
756,363
756,295
756,1942
756,1943
756,1944
756,1945
756,1945
756,1946
756,1947
756,306
756,1951
756,980
756,490
756,1638
756,1953
756,1151
756,136
756,818
756,311
756,824
756,711
756,394
756,314
756,1954
756,1273
756,1955
756,1854
756,1643
756,1956
756,452
757,5068
757,2429
757,1979
757,159
757,1867
757,628
757,1085
757,2435
757,2437
757,2438
757,2441
757,457
757,263
757,458
757,13
757,1437
757,568
757,2583
757,5069
757,2301
757,2450
757,2455
757,1160
757,2462
757,1170
757,2463
757,2890
757,2464
757,79
757,290
757,671
757,134
757,2480
757,2481
757,2482
757,2484
757,728
757,2485
757,1308
757,1640
757,139
757,2503
757,2509
757,1647
757,852
758,234
758,234
758,889
758,890
758,890
758,627
758,628
758,628
758,65
758,459
758,891
758,166
758,892
758,238
758,29
758,88
758,893
758,894
758,665
758,587
758,587
758,286
758,895
758,82
758,132
758,896
758,896
758,897
758,898
758,899
759,325
759,1243
759,65
759,65
759,65
759,747
759,343
759,1911
759,3398
759,3398
759,35
759,196
759,791
759,228
759,1421
759,1481
759,287
759,290
759,2098
759,2099
759,2100
759,136
759,2101
759,59
759,59
759,4914
759,1722
759,406
759,452
759,452
759,142
759,230
759,2102
759,1358
759,156
760,524
760,2513
760,713
760,159
760,324
760,100
760,63
760,65
760,162
760,10
760,335
760,337
760,2005
760,67
760,148
760,989
760,525
760,166
760,121
760,192
760,690
760,169
760,4046
760,5070
760,131
760,467
760,5071
760,363
760,762
760,510
760,5072
760,2545
760,845
760,211
760,213
760,1405
760,1188
760,219
760,1033
760,220
760,386
760,389
760,514
760,1430
760,5073
760,966
760,316
760,1595
760,1235
760,404
760,518
761,2796
761,2796
761,2797
761,4577
761,65
761,87
761,87
761,687
761,687
761,185
761,13
761,1389
761,3918
761,166
761,1303
761,238
761,1551
761,2643
761,4579
761,4580
761,4581
761,2720
761,1179
761,37
761,3354
761,1586
761,199
761,131
761,4582
761,4583
761,4584
761,1306
761,1686
761,823
761,1563
761,59
761,59
761,608
761,3754
761,225
761,611
762,834
762,1070
762,1935
762,1440
762,132
762,1350
762,1519
762,5074
762,41
763,320
763,832
763,234
763,2765
763,246
763,3882
763,159
763,324
763,145
763,62
763,2514
763,5075
763,419
763,235
763,1961
763,108
763,1248
763,497
763,778
763,709
763,65
763,1251
763,2748
763,3011
763,337
763,1254
763,1255
763,263
763,940
763,268
763,1389
763,1437
763,421
763,3566
763,2034
763,117
763,4561
763,1439
763,2244
763,2791
763,166
763,121
763,880
763,721
763,3848
763,1537
763,5076
763,3143
763,5077
763,2079
763,1444
763,692
763,759
763,131
763,1106
763,430
763,1108
763,587
763,4949
763,589
763,1395
763,296
763,802
763,5078
763,2052
763,3156
763,978
763,1262
763,5079
763,469
763,896
763,1224
763,378
763,306
763,929
763,813
763,1449
763,4037
763,308
763,4962
763,5080
763,1920
763,3854
763,732
763,2572
763,1921
763,1151
763,136
763,2969
763,218
763,4193
763,1136
763,385
763,386
763,537
763,739
763,514
763,310
763,1745
763,396
763,398
763,316
763,5081
763,850
763,864
763,226
763,1236
764,1152
764,1153
764,325
764,62
764,108
764,1156
764,565
764,65
764,1254
764,263
764,3566
764,1158
764,1159
764,2122
764,2456
764,1160
764,1161
764,88
764,1554
764,1163
764,82
764,1165
764,1224
764,2857
764,2935
764,1166
764,214
764,215
764,1167
764,4900
764,1570
765,318
765,2795
765,159
765,324
765,100
765,563
765,145
765,1141
765,178
765,960
765,110
765,161
765,87
765,87
765,10
765,335
765,340
765,270
765,543
765,165
765,648
765,121
765,2133
765,25
765,4235
765,506
765,1831
765,88
765,195
765,1513
765,1211
765,759
765,3771
765,509
765,796
765,363
765,365
765,82
765,132
765,1218
765,1374
765,1174
765,5082
765,377
765,534
765,213
765,734
765,220
765,389
765,221
765,2874
765,396
765,154
765,538
765,398
765,316
765,1485
765,140
765,222
765,555
765,402
765,406
765,708
765,517
765,225
765,226
765,519
765,1568
766,742
766,1015
766,232
766,100
766,563
766,563
766,415
766,415
766,2397
766,1200
766,1200
766,3283
766,3283
766,2017
766,777
766,1141
766,1141
766,565
766,565
766,1434
766,1434
766,65
766,112
766,187
766,1319
766,1535
766,1440
766,1440
766,1441
766,1193
766,4254
766,4254
766,2176
766,2176
766,1481
766,1481
766,1118
766,1118
766,2319
766,447
766,468
766,1917
766,370
766,300
766,1519
766,1224
766,532
766,3292
766,3292
766,1307
766,1308
766,1308
766,5083
766,5083
766,215
766,847
766,136
766,710
766,710
766,59
766,741
766,850
766,850
766,141
766,1398
767,234
767,235
767,235
767,177
767,967
767,87
767,968
767,1821
767,237
767,970
767,972
767,973
767,2791
767,974
767,976
767,893
767,792
767,3976
767,671
767,977
767,134
767,978
767,979
767,980
767,981
767,982
767,983
767,740
767,984
767,985
767,986
767,494
768,145
768,1141
768,65
768,10
768,334
768,263
768,277
768,1162
768,429
768,1519
768,1221
768,5084
768,210
768,211
768,5085
768,887
768,308
768,138
768,741
768,223
768,2162
768,1037
768,612
769,5086
769,232
769,65
769,82
769,211
769,59
770,560
770,2573
770,1154
770,1015
770,5087
770,159
770,325
770,415
770,145
770,62
770,900
770,2574
770,2111
770,2576
770,2121
770,2121
770,1899
770,1248
770,442
770,1202
770,1575
770,565
770,1203
770,2002
770,65
770,1620
770,333
770,10
770,10
770,5088
770,834
770,11
770,2131
770,2580
770,2580
770,2581
770,1319
770,2582
770,2583
770,1207
770,166
770,880
770,2456
770,2456
770,1193
770,721
770,1160
770,1303
770,1303
770,3136
770,2585
770,2463
770,835
770,238
770,2124
770,3446
770,1679
770,2586
770,2587
770,79
770,2468
770,1554
770,1554
770,149
770,445
770,2588
770,2589
770,666
770,666
770,2592
770,2593
770,1421
770,199
770,131
770,131
770,2595
770,361
770,2596
770,468
770,1720
770,1306
770,1223
770,41
770,41
770,1224
770,532
770,532
770,2600
770,374
770,1308
770,2935
770,2127
770,887
770,214
770,214
770,2603
770,1269
770,136
770,702
770,58
770,826
770,2605
770,864
770,406
770,412
770,2612
770,852
770,852
771,91
771,1139
771,1242
771,144
771,3
771,159
771,324
771,324
771,325
771,100
771,100
771,100
771,100
771,326
771,145
771,145
771,102
771,103
771,104
771,1140
771,327
771,108
771,110
771,332
771,65
771,65
771,65
771,111
771,333
771,162
771,10
771,112
771,112
771,262
771,115
771,4559
771,906
771,1143
771,117
771,1021
771,1144
771,119
771,1145
771,121
771,1146
771,123
771,4563
771,130
771,35
771,35
771,757
771,758
771,2035
771,171
771,171
771,131
771,53
771,363
771,132
771,2115
771,1147
771,1148
771,134
771,55
771,1945
771,1262
771,304
771,378
771,306
771,211
771,3996
771,1149
771,1150
771,1507
771,135
771,135
771,2635
771,1151
771,136
771,218
771,137
771,4880
771,396
771,154
771,138
771,316
771,140
771,141
771,141
771,452
771,142
771,408
771,517
771,230
771,1277
771,143
772,1241
772,91
772,91
772,91
772,1139
772,1971
772,234
772,234
772,234
772,3048
772,1242
772,1242
772,1242
772,3509
772,158
772,159
772,159
772,159
772,324
772,324
772,324
772,325
772,325
772,325
772,100
772,100
772,100
772,100
772,100
772,145
772,145
772,145
772,145
772,145
772,102
772,103
772,104
772,1140
772,1140
772,327
772,235
772,235
772,236
772,236
772,1246
772,1247
772,108
772,1249
772,1250
772,110
772,110
772,65
772,65
772,65
772,65
772,65
772,111
772,111
772,255
772,255
772,162
772,10
772,1251
772,1251
772,184
772,184
772,184
772,112
772,687
772,687
772,1252
772,780
772,115
772,1253
772,237
772,1255
772,1256
772,1143
772,1143
772,1143
772,1143
772,148
772,117
772,1257
772,1144
772,119
772,1440
772,5089
772,189
772,1145
772,1145
772,1146
772,123
772,1258
772,2376
772,2376
772,1259
772,1259
772,130
772,427
772,1972
772,1972
772,1972
772,2570
772,893
772,35
772,35
772,35
772,35
772,35
772,149
772,1261
772,445
772,757
772,171
772,131
772,131
772,53
772,53
772,5060
772,359
772,2394
772,203
772,365
772,291
772,1973
772,82
772,1147
772,1351
772,1148
772,134
772,134
772,801
772,55
772,1263
772,229
772,229
772,616
772,378
772,306
772,306
772,306
772,211
772,211
772,1264
772,1149
772,1265
772,307
772,214
772,135
772,135
772,5090
772,1269
772,1269
772,1151
772,136
772,136
772,137
772,137
772,137
772,219
772,220
772,385
772,310
772,770
772,984
772,154
772,2252
772,1272
772,138
772,316
772,317
772,140
772,1273
772,1274
772,141
772,141
772,1275
772,406
772,406
772,406
772,452
772,452
772,452
772,142
772,142
772,2395
772,1276
772,408
772,517
772,517
772,230
772,230
772,230
772,230
772,1277
772,143
772,453
772,1279
772,1279
772,851
772,851
772,1280
772,1281
772,1282
773,2144
773,235
773,1364
773,1247
773,177
773,1249
773,2265
773,3370
773,331
773,7
773,110
773,87
773,10
773,566
773,2410
773,1168
773,2005
773,600
773,781
773,2368
773,5091
773,190
773,1877
773,1259
773,5092
773,2896
773,4449
773,911
773,1391
773,4411
773,53
773,1240
773,4347
773,134
773,2725
773,1652
773,845
773,306
773,1150
773,155
774,1895
774,65
774,648
774,5093
774,228
774,132
774,230
774,143
775,318
775,323
775,158
775,159
775,100
775,145
775,107
775,960
775,87
775,256
775,334
775,184
775,258
775,749
775,501
775,881
775,428
775,131
775,509
775,693
775,1116
775,363
775,304
775,378
775,846
775,211
775,813
775,135
775,536
775,218
775,384
775,1033
775,385
775,154
775,138
775,398
775,401
775,222
775,407
775,224
775,612
776,2143
776,4054
776,5094
776,1957
776,248
776,3
776,99
776,325
776,325
776,325
776,100
776,563
776,415
776,415
776,62
776,3167
776,1749
776,63
776,65
776,333
776,87
776,566
776,687
776,687
776,687
776,3763
776,5095
776,188
776,484
776,568
776,1319
776,1319
776,5096
776,19
776,20
776,1095
776,571
776,2214
776,120
776,4005
776,4005
776,4782
776,1098
776,169
776,1402
776,35
776,35
776,149
776,149
776,149
776,5097
776,445
776,5098
776,5099
776,1853
776,136
776,5100
776,405
776,406
776,406
776,230
776,230
776,230
776,2102
776,494
776,5101
776,454
777,1709
777,1709
777,557
777,558
777,558
777,560
777,1456
777,95
777,1957
777,98
777,713
777,2825
777,173
777,1015
777,1015
777,1079
777,3
777,3
777,232
777,159
777,325
777,325
777,325
777,100
777,100
777,3501
777,415
777,415
777,415
777,145
777,61
777,62
777,62
777,4085
777,1458
777,1458
777,479
777,479
777,936
777,936
777,160
777,160
777,4539
777,1460
777,2038
777,3167
777,1192
777,1083
777,7
777,7
777,7
777,839
777,63
777,565
777,542
777,253
777,253
777,8
777,1462
777,65
777,65
777,65
777,10
777,10
777,1662
777,1087
777,1087
777,113
777,938
777,3053
777,1169
777,1048
777,2012
777,963
777,1049
777,13
777,13
777,13
777,188
777,188
777,67
777,68
777,68
777,2658
777,148
777,148
777,148
777,568
777,1319
777,643
777,70
777,70
777,20
777,20
777,20
777,1467
777,343
777,343
777,2244
777,1094
777,3504
777,74
777,2013
777,119
777,1712
777,571
777,648
777,26
777,1471
777,1322
777,27
777,576
777,77
777,77
777,77
777,238
777,909
777,577
777,1913
777,128
777,128
777,1530
777,5102
777,580
777,88
777,88
777,88
777,4386
777,1323
777,1323
777,80
777,584
777,585
777,35
777,35
777,1479
777,1670
777,5103
777,1171
777,3065
777,667
777,1172
777,200
777,1324
777,1108
777,1110
777,509
777,1113
777,1116
777,487
777,1117
777,1118
777,291
777,291
777,292
777,82
777,82
777,132
777,132
777,132
777,5104
777,1326
777,4542
777,4543
777,1719
777,55
777,55
777,5105
777,1119
777,152
777,211
777,1863
777,592
777,1060
777,1060
777,135
777,135
777,83
777,154
777,405
777,405
777,405
777,230
777,230
777,876
777,876
778,3
778,145
778,7
778,65
778,87
778,1168
778,4558
778,4559
778,4560
778,5106
778,1117
778,132
778,1945
778,980
779,4128
779,4128
779,159
779,159
779,324
779,324
779,100
779,100
779,145
779,2299
779,1191
779,1384
779,178
779,778
779,778
779,332
779,161
779,161
779,87
779,183
779,163
779,4360
779,184
779,184
779,2267
779,1239
779,263
779,264
779,264
779,270
779,15
779,67
779,148
779,148
779,543
779,165
779,165
779,1133
779,1133
779,2781
779,166
779,277
779,2152
779,2152
779,753
779,3258
779,5107
779,5107
779,4889
779,2526
779,691
779,1179
779,1179
779,692
779,1419
779,197
779,508
779,508
779,509
779,509
779,362
779,363
779,365
779,292
779,4542
779,5108
779,1220
779,376
779,376
779,616
779,616
779,211
779,535
779,308
779,3037
779,220
779,220
779,310
779,310
779,966
779,966
779,711
779,711
779,395
779,396
779,396
779,154
779,154
779,316
779,316
779,405
779,405
779,2549
779,612
779,156
780,1959
780,1899
780,1248
780,1248
780,65
780,1902
780,1903
780,3173
780,2581
780,638
780,880
780,880
780,2122
780,1912
780,3568
780,78
780,3729
780,426
780,2588
780,228
780,3464
780,2086
780,1685
780,469
780,469
780,41
780,308
780,308
780,5109
780,473
780,473
780,2572
780,864
780,864
780,1009
781,98
781,158
781,65
781,10
781,13
781,718
781,2965
781,2068
781,166
781,2904
781,2552
781,277
781,3593
781,133
781,54
781,1066
781,4358
782,87
782,185
782,2628
783,3165
783,158
783,324
783,324
783,100
783,100
783,744
783,8
783,65
783,10
783,1436
783,50
783,2827
783,1318
783,116
783,1439
783,52
783,2068
783,166
783,2904
783,3397
783,3397
783,2552
783,5110
783,1054
783,2905
783,1445
783,2625
783,2255
783,1557
783,666
783,3065
783,3065
783,82
783,133
783,920
783,994
783,994
783,1519
783,1519
783,3452
783,2835
783,3156
783,672
783,42
783,211
783,211
783,213
783,213
783,308
783,215
783,384
783,220
783,220
783,385
783,317
783,225
783,143
784,4357
784,900
784,4712
784,4712
784,2397
784,4064
784,5111
784,4863
784,1672
784,1488
784,1488
784,65
784,65
784,65
784,87
784,5112
784,5113
784,5113
784,3192
784,962
784,962
784,4771
784,4147
784,4147
784,5114
784,185
784,5115
784,1207
784,121
784,3784
784,3784
784,3784
784,1193
784,1193
784,192
784,192
784,1303
784,4909
784,4909
784,1987
784,2643
784,194
784,1494
784,1991
784,4952
784,5116
784,5117
784,37
784,37
784,3629
784,2932
784,1586
784,2593
784,198
784,791
784,3947
784,1214
784,1348
784,1348
784,508
784,5118
784,199
784,199
784,199
784,82
784,5119
784,510
784,510
784,1720
784,4113
784,1306
784,1306
784,372
784,372
784,372
784,372
784,4257
784,4257
784,1753
784,1753
784,1753
784,1223
784,1686
784,3277
784,532
784,532
784,5120
784,2126
784,1308
784,1308
784,1309
784,1309
784,1150
784,513
784,3588
784,5121
784,5122
784,5123
784,952
784,5124
784,5124
784,2728
784,2728
784,5125
784,5053
784,5053
784,2405
784,315
784,399
784,1811
784,3754
784,2608
784,2608
784,4791
784,1707
784,1707
784,4716
784,4716
784,3406
785,159
785,325
785,87
785,632
785,1662
785,1087
785,270
785,5126
785,1319
785,1475
785,5127
785,290
785,1117
785,132
785,5128
785,5129
785,5130
785,549
786,4954
786,4115
786,1015
786,3
786,100
786,101
786,415
786,415
786,145
786,4467
786,3167
786,854
786,1083
786,1083
786,565
786,65
786,65
786,163
786,1087
786,188
786,1092
786,1019
786,148
786,552
786,70
786,486
786,2269
786,5131
786,4045
786,2118
786,168
786,77
786,690
786,238
786,1474
786,577
786,1402
786,1402
786,2525
786,1108
786,3121
786,795
786,509
786,202
786,290
786,204
786,204
786,82
786,856
786,2331
786,929
786,814
786,1060
786,219
786,220
786,155
786,405
786,1178
787,239
787,560
787,838
787,713
787,1457
787,1457
787,249
787,159
787,159
787,325
787,415
787,415
787,145
787,145
787,2973
787,160
787,854
787,63
787,565
787,565
787,65
787,2039
787,260
787,599
787,13
787,266
787,718
787,15
787,1019
787,568
787,20
787,1020
787,5057
787,5057
787,1712
787,1527
787,1527
787,126
787,1471
787,1927
787,1775
787,690
787,2218
787,4118
787,3935
787,4240
787,1531
787,88
787,2978
787,35
787,665
787,1103
787,1107
787,5132
787,286
787,286
787,1216
787,82
787,132
787,2920
787,706
787,538
787,138
787,517
787,3186
788,5133
788,65
788,5134
788,5135
788,132
788,1945
789,87
789,238
789,132
789,47
789,59
790,65
790,1002
790,4056
790,666
790,82
790,864
790,852
791,5136
791,540
791,157
791,248
791,144
791,159
791,159
791,324
791,563
791,62
791,62
791,176
791,597
791,859
791,3414
791,565
791,65
791,162
791,162
791,163
791,163
791,687
791,599
791,1580
791,749
791,263
791,265
791,265
791,13
791,148
791,148
791,568
791,552
791,20
791,20
791,2520
791,165
791,165
791,1144
791,74
791,1712
791,1042
791,121
791,273
791,273
791,945
791,1413
791,277
791,277
791,168
791,168
791,752
791,3061
791,3415
791,3416
791,507
791,283
791,692
791,428
791,150
791,292
791,3417
791,531
791,606
791,606
791,211
791,929
791,814
791,219
791,219
791,548
791,549
791,3420
791,538
791,230
792,1241
792,91
792,91
792,1139
792,1242
792,3
792,159
792,159
792,324
792,325
792,100
792,145
792,1140
792,1140
792,327
792,1246
792,1247
792,1249
792,1250
792,1141
792,179
792,110
792,332
792,65
792,111
792,333
792,255
792,255
792,162
792,10
792,163
792,1251
792,256
792,184
792,184
792,262
792,237
792,268
792,906
792,1256
792,1143
792,1143
792,4345
792,1257
792,1021
792,1144
792,989
792,1145
792,1146
792,1258
792,1259
792,1259
792,427
792,35
792,149
792,1261
792,757
792,171
792,53
792,53
792,293
792,1147
792,1148
792,801
792,1262
792,845
792,373
792,1263
792,375
792,616
792,378
792,306
792,306
792,211
792,1264
792,1149
792,1265
792,1150
792,1229
792,437
792,2755
792,1269
792,1151
792,1151
792,218
792,137
792,219
792,220
792,385
792,984
792,154
792,1272
792,316
792,317
792,1273
792,1274
792,141
792,1275
792,406
792,1276
792,408
792,517
792,517
792,1277
792,1277
792,851
792,1281
792,1282
793,2731
793,3475
793,4912
793,1360
793,2795
793,248
793,159
793,159
793,325
793,100
793,145
793,743
793,177
793,2696
793,497
793,3860
793,252
793,65
793,87
793,4159
793,5137
793,337
793,339
793,339
793,340
793,340
793,1256
793,1256
793,552
793,165
793,1021
793,121
793,4993
793,1305
793,2800
793,585
793,35
793,35
793,1670
793,1587
793,1294
793,5138
793,201
793,5037
793,4584
793,5139
793,82
793,2802
793,2725
793,375
793,375
793,2126
793,210
793,5040
793,5040
793,306
793,211
793,4894
793,4894
793,451
793,1808
793,382
793,1136
793,549
793,386
793,386
793,1563
793,396
793,396
793,154
793,4141
793,402
793,406
793,621
793,2395
793,708
793,230
793,225
793,2505
793,410
793,521
793,1358
793,1568
793,1568
793,2045
793,454
793,156
794,1313
794,867
794,867
794,172
794,158
794,713
794,713
794,159
794,159
794,324
794,100
794,100
794,145
794,145
794,495
794,1573
794,160
794,160
794,327
794,327
794,1192
794,110
794,332
794,1367
794,161
794,161
794,87
794,162
794,10
794,10
794,746
794,335
794,260
794,336
794,749
794,263
794,4832
794,266
794,4088
794,148
794,3116
794,4345
794,601
794,119
794,191
794,277
794,2422
794,752
794,233
794,351
794,3849
794,2114
794,355
794,692
794,356
794,356
794,3513
794,357
794,357
794,1108
794,509
794,4015
794,870
794,870
794,362
794,363
794,364
794,365
794,365
794,1802
794,920
794,295
794,1218
794,369
794,5140
794,530
794,532
794,375
794,208
794,764
794,730
794,1073
794,1967
794,211
794,211
794,212
794,213
794,607
794,929
794,813
794,813
794,814
794,308
794,1450
794,1450
794,214
794,215
794,1231
794,536
794,218
794,219
794,220
794,385
794,385
794,1428
794,1969
794,396
794,154
794,154
794,138
794,138
794,398
794,316
794,772
794,222
794,222
794,2295
794,402
794,404
794,2163
794,2163
794,141
794,141
794,407
794,1299
794,226
794,226
794,521
794,521
794,411
794,612
795,524
795,248
795,3
795,324
795,145
795,160
795,161
795,65
795,333
795,714
795,162
795,270
795,15
795,1019
795,148
795,2520
795,525
795,690
795,353
795,693
795,363
795,82
795,4037
795,548
796,87
796,121
796,4819
796,3697
797,65
797,2904
797,2835
798,234
798,235
798,3330
798,87
798,5141
798,5142
798,238
798,5143
798,3203
798,5144
798,4059
799,145
799,65
799,270
799,166
799,1108
799,468
799,2322
799,211
799,436
800,1311
800,172
800,2732
800,2878
800,1013
800,248
800,159
800,159
800,324
800,325
800,100
800,101
800,563
800,145
800,145
800,62
800,5145
800,2172
800,1017
800,541
800,1018
800,1018
800,988
800,3330
800,627
800,628
800,5146
800,1384
800,1141
800,744
800,179
800,565
800,686
800,161
800,333
800,87
800,632
800,183
800,184
800,260
800,115
800,1821
800,270
800,270
800,148
800,343
800,543
800,5147
800,504
800,191
800,1193
800,424
800,752
800,690
800,753
800,280
800,578
800,3062
800,1023
800,545
800,1071
800,692
800,357
800,509
800,693
800,362
800,365
800,4564
800,368
800,369
800,531
800,2387
800,305
800,211
800,211
800,607
800,930
800,308
800,5148
800,215
800,219
800,384
800,548
800,1044
800,2874
800,310
800,5149
800,4507
800,396
800,154
800,538
800,538
800,398
800,316
800,515
800,771
800,5150
801,5151
801,5152
801,65
801,185
801,3263
801,1677
801,2268
801,121
801,3628
801,192
801,1791
801,5153
801,5117
801,1212
801,508
801,3786
801,3948
801,4257
801,1308
801,399
801,518
802,1540
802,3885
802,8
802,9
802,3940
802,1851
802,457
802,459
802,1872
802,460
802,3942
802,2399
802,28
802,3946
802,949
802,1556
802,665
802,666
802,671
802,2199
802,1634
802,1006
802,3901
802,607
802,1166
802,3002
802,3456
802,491
802,3003
802,1008
802,477
802,1009
802,2509
802,852
802,1570
802,1138
803,144
803,159
803,325
803,100
803,145
803,1191
803,500
803,989
803,1468
803,2214
803,191
803,1911
803,276
803,2069
803,1913
803,1799
803,428
803,1116
803,363
803,364
803,365
803,291
803,211
803,437
803,5154
803,734
803,2900
803,310
803,311
803,390
803,770
804,172
804,159
804,324
804,415
804,145
804,565
804,87
804,15
804,504
804,166
804,426
804,35
804,197
804,4341
804,509
804,363
804,368
804,211
804,215
804,520
805,3390
805,2103
805,323
805,100
805,100
805,145
805,103
805,175
805,2262
805,2112
805,1340
805,2240
805,179
805,180
805,110
805,110
805,253
805,65
805,613
805,256
805,334
805,334
805,1341
805,184
805,336
805,187
805,187
805,1411
805,1625
805,483
805,3215
805,345
805,121
805,5155
805,786
805,277
805,277
805,1162
805,195
805,131
805,201
805,1588
805,2414
805,1801
805,1801
805,2008
805,925
805,208
805,1744
805,1744
805,4270
805,211
805,211
805,490
805,308
805,308
805,214
805,214
805,215
805,136
805,769
805,536
805,218
805,218
805,220
805,220
805,702
805,702
805,3393
805,397
805,1355
805,2389
806,2971
806,159
806,2972
806,2973
806,63
806,2974
806,65
806,750
806,458
806,1872
806,1020
806,2908
806,119
806,2641
806,2843
806,2975
806,2976
806,424
806,280
806,2977
806,29
806,2978
806,1556
806,665
806,1107
806,2979
806,491
806,2071
806,1774
806,2980
806,5156
806,440
806,2507
807,87
807,5157
807,88
807,4959
807,4878
807,132
807,59
808,5158
808,324
808,235
808,628
808,628
808,65
808,5159
808,750
808,264
808,266
808,4262
808,4262
808,5160
808,5161
808,4056
808,5162
808,690
808,3000
808,3722
808,467
808,509
808,363
808,895
808,672
808,2204
808,308
808,820
808,5163
808,477
808,1009
808,2210
808,2210
808,852
808,1570
808,1138
809,65
809,257
809,258
809,4657
809,4447
809,121
809,1259
809,2896
809,4549
809,841
809,762
809,1518
809,5164
809,1376
809,214
809,4450
809,1276
810,2144
810,2144
810,3048
810,5165
810,5166
810,5167
810,1618
810,235
810,1364
810,1247
810,177
810,1249
810,2265
810,5168
810,3370
810,331
810,7
810,5169
810,110
810,1461
810,87
810,87
810,10
810,566
810,2410
810,1168
810,2005
810,600
810,264
810,781
810,5170
810,502
810,2368
810,462
810,5091
810,121
810,190
810,1877
810,1259
810,29
810,5092
810,2896
810,4449
810,911
810,5171
810,1391
810,4411
810,53
810,1240
810,4347
810,5172
810,134
810,2725
810,1652
810,1652
810,845
810,306
810,306
810,1150
810,4463
810,555
810,155
811,3756
811,2356
811,558
811,3758
811,144
811,99
811,101
811,936
811,160
811,3167
811,6
811,253
811,65
811,333
811,10
811,1463
811,113
811,938
811,1169
811,3678
811,963
811,963
811,718
811,640
811,641
811,643
811,4544
811,72
811,120
811,2190
811,77
811,2135
811,577
811,577
811,2541
811,88
811,149
811,1171
811,667
811,5173
811,365
811,82
811,1060
811,83
811,83
811,44
811,676
811,1334
811,59
811,59
811,3383
811,2679
811,222
811,678
811,85
811,155
811,405
811,405
811,406
811,517
811,225
811,225
811,3110
812,4173
812,3
812,159
812,324
812,325
812,415
812,1200
812,1200
812,1200
812,103
812,104
812,777
812,777
812,777
812,777
812,1141
812,1141
812,1141
812,2409
812,110
812,110
812,110
812,1757
812,4177
812,8
812,1434
812,2002
812,65
812,182
812,333
812,87
812,2003
812,834
812,834
812,184
812,184
812,2004
812,1663
812,4178
812,1205
812,11
812,2005
812,187
812,187
812,3823
812,3657
812,1665
812,3658
812,3784
812,3033
812,3821
812,3398
812,194
812,2006
812,88
812,35
812,53
812,2834
812,2007
812,842
812,842
812,842
812,287
812,290
812,3289
812,1350
812,1350
812,1350
812,1351
812,1351
812,799
812,2008
812,2008
812,2009
812,1447
812,2010
812,1519
812,1519
812,41
812,1224
812,1224
812,3292
812,1058
812,1998
812,4191
812,135
812,1229
812,817
812,817
812,136
812,385
812,1430
812,59
812,396
812,1353
812,222
812,405
812,517
812,230
812,231
813,853
813,239
813,558
813,2146
813,173
813,173
813,99
813,159
813,159
813,324
813,324
813,101
813,145
813,62
813,62
813,102
813,4063
813,4063
813,175
813,160
813,179
813,179
813,709
813,709
813,161
813,65
813,65
813,10
813,10
813,566
813,184
813,184
813,336
813,337
813,337
813,263
813,264
813,264
813,1184
813,1184
813,1437
813,1437
813,148
813,148
813,552
813,552
813,5096
813,1286
813,165
813,72
813,2269
813,4092
813,166
813,121
813,1320
813,192
813,2151
813,2245
813,2929
813,2929
813,77
813,233
813,577
813,527
813,527
813,1915
813,352
813,352
813,1179
813,692
813,1108
813,5174
813,2084
813,2084
813,203
813,510
813,531
813,531
813,532
813,4072
813,375
813,375
813,208
813,208
813,846
813,42
813,42
813,211
813,211
813,1264
813,1264
813,213
813,813
813,813
813,863
813,863
813,83
813,218
813,218
813,1033
813,385
813,385
813,389
813,389
813,310
813,310
813,770
813,770
813,703
813,395
813,154
813,154
813,1272
813,1272
813,138
813,138
813,316
813,316
813,405
813,406
813,621
813,2164
813,517
813,517
813,851
813,851
814,318
814,318
814,239
814,2146
814,323
814,4476
814,159
814,100
814,100
814,145
814,145
814,777
814,110
814,110
814,253
814,161
814,1070
814,4291
814,881
814,1418
814,428
814,131
814,842
814,842
814,363
814,487
814,487
814,211
814,212
814,135
814,1705
814,220
814,398
814,772
814,401
814,401
814,222
814,222
814,405
814,405
814,406
814,411
814,411
814,612
815,87
815,687
815,37
815,37
815,1670
815,5098
815,228
815,82
815,229
815,1978
815,230
815,231
815,231
815,1975
816,65
816,5175
816,2115
816,5176
816,5177
816,5177
816,1945
816,1945
816,980
816,5178
817,100
817,5179
817,4594
817,1749
817,65
817,5180
817,2073
817,50
817,3195
817,1737
817,2078
817,2080
817,429
817,131
817,4255
817,917
817,2084
817,82
817,921
817,922
817,376
817,5181
817,4630
817,887
817,703
817,140
817,1234
817,222
817,5182
818,1571
818,248
818,324
818,100
818,145
818,160
818,542
818,161
818,65
818,749
818,270
818,164
818,2964
818,165
818,504
818,879
818,121
818,273
818,1528
818,277
818,545
818,426
818,35
818,2036
818,211
818,732
818,3553
818,1808
818,4193
818,2900
818,737
818,739
818,1429
818,310
818,822
818,677
818,770
818,2332
818,154
819,234
819,889
819,890
819,628
819,459
819,891
819,892
819,29
819,893
819,894
819,665
819,587
819,286
819,895
819,896
819,897
819,899
820,91
820,91
820,173
820,173
820,100
820,100
820,145
820,1869
820,65
820,10
820,10
820,3702
820,2241
820,256
820,256
820,2363
820,2242
820,257
820,257
820,184
820,3561
820,336
820,185
820,268
820,268
820,2243
820,5183
820,4400
820,121
820,1146
820,1146
820,721
820,277
820,1208
820,5107
820,199
820,199
820,2154
820,5184
820,760
820,1836
820,2249
820,2249
820,1423
820,1262
820,5185
820,3853
820,211
820,211
820,212
820,213
820,2251
820,136
820,218
820,385
820,385
820,221
820,310
820,390
820,390
820,138
820,224
820,1277
820,1277
820,1278
821,1897
821,3234
821,110
821,65
821,1142
821,1821
821,2445
821,1053
821,3005
821,2059
821,277
821,426
821,1444
821,1633
821,587
821,370
821,929
821,814
821,1449
821,3247
821,3345
821,847
821,1774
821,955
821,2061
821,218
821,220
821,1236
822,1931
822,1573
822,1932
822,65
822,715
822,715
822,261
822,1933
822,1851
822,1851
822,1206
822,1934
822,1934
822,165
822,1159
822,1159
822,1935
822,1936
822,1936
822,1937
822,1938
822,892
822,1940
822,426
822,53
822,363
822,295
822,1942
822,1943
822,1944
822,1945
822,1946
822,1852
822,1947
822,306
822,1951
822,490
822,1638
822,1638
822,863
822,1953
822,1151
822,1151
822,136
822,818
822,311
822,824
822,711
822,394
822,314
822,3997
822,1954
822,1954
822,1273
822,1955
822,1854
822,1643
822,1956
822,452
823,1931
823,1573
823,1932
823,65
823,715
823,261
823,1933
823,1851
823,1206
823,1158
823,1934
823,165
823,1159
823,1159
823,1935
823,1936
823,1936
823,1937
823,1938
823,892
823,1940
823,426
823,53
823,363
823,295
823,1942
823,1943
823,1944
823,1945
823,1946
823,1947
823,1949
823,5186
823,2735
823,306
823,1951
823,490
823,1638
823,1638
823,1953
823,1151
823,1151
823,136
823,818
823,311
823,824
823,711
823,394
823,314
823,1954
823,1954
823,1273
823,1955
823,1854
823,1643
823,1956
823,452
824,1698
824,318
824,2841
824,4718
824,159
824,326
824,900
824,1755
824,5187
824,107
824,107
824,777
824,5188
824,2431
824,1367
824,5189
824,613
824,834
824,1399
824,3155
824,3262
824,5190
824,3530
824,268
824,51
824,1905
824,5191
824,973
824,344
824,2150
824,2150
824,120
824,166
824,123
824,3217
824,1987
824,3668
824,29
824,5192
824,3477
824,508
824,508
824,357
824,914
824,2834
824,869
824,287
824,290
824,82
824,3313
824,2010
824,3314
824,3314
824,3314
824,5016
824,468
824,299
824,134
824,3452
824,1720
824,1720
824,2324
824,2324
824,376
824,376
824,616
824,378
824,1635
824,1635
824,42
824,42
824,1074
824,2747
824,2747
824,491
824,2100
824,701
824,734
824,1429
824,1065
824,703
824,313
824,4752
824,774
824,3324
824,5193
824,1235
824,5194
824,5195
824,1812
825,65
825,65
825,5196
825,687
825,5197
825,352
825,352
825,37
825,4747
825,228
825,132
825,1362
825,5198
825,449
825,229
825,450
825,154
825,2419
825,406
825,225
825,851
825,851
825,851
825,454
826,318
826,1383
826,172
826,1040
826,159
826,159
826,324
826,100
826,145
826,145
826,877
826,1192
826,65
826,163
826,4646
826,501
826,501
826,148
826,148
826,1751
826,2520
826,343
826,1826
826,166
826,2422
826,4783
826,195
826,1418
826,282
826,428
826,357
826,357
826,509
826,693
826,870
826,363
826,1769
826,4496
826,375
826,211
826,381
826,212
826,1266
826,135
826,437
826,382
826,1044
826,385
826,385
826,537
826,389
826,140
826,440
826,404
826,404
826,610
826,410
827,159
827,145
827,62
827,419
827,1364
827,63
827,110
827,65
827,163
827,165
827,121
827,880
827,3976
827,814
827,310
827,610
827,406
827,851
827,454
828,2047
828,65
828,1871
828,456
828,5199
828,1622
828,166
828,880
828,1443
828,1556
828,666
828,3901
828,1997
828,4323
828,864
828,1008
828,1009
828,1010
828,494
829,158
829,144
829,324
829,145
829,145
829,2794
829,3331
829,1248
829,1749
829,3332
829,332
829,65
829,3334
829,1962
829,1962
829,260
829,456
829,1254
829,1254
829,187
829,749
829,1624
829,263
829,861
829,268
829,268
829,340
829,340
829,2450
829,346
829,880
829,721
829,425
829,425
829,3339
829,2114
829,3896
829,3896
829,3025
829,428
829,428
829,131
829,3042
829,796
829,292
829,292
829,1801
829,1219
829,1219
829,2737
829,370
829,370
829,4621
829,5200
829,531
829,730
829,730
829,435
829,435
829,846
829,846
829,1636
829,1636
829,1229
829,1229
829,2911
829,309
829,309
829,1230
829,536
829,218
829,137
829,385
829,1428
829,1428
829,2645
829,389
829,1640
829,1640
829,1354
829,1354
829,223
829,864
829,1299
829,1299
829,707
829,517
829,517
829,1570
829,1570
830,1360
830,1041
830,159
830,1597
830,968
830,2334
830,1600
830,2149
830,4301
830,279
830,1606
830,134
830,4303
830,3617
830,4305
831,1931
831,1573
831,1932
831,65
831,715
831,715
831,261
831,1933
831,1851
831,1206
831,1934
831,165
831,1159
831,1159
831,1935
831,121
831,1936
831,1936
831,721
831,1937
831,1938
831,892
831,1940
831,53
831,363
831,3289
831,295
831,1942
831,1943
831,1944
831,1945
831,1946
831,1852
831,1947
831,1949
831,5201
831,1950
831,306
831,1951
831,490
831,2491
831,1638
831,1953
831,1151
831,1151
831,136
831,818
831,311
831,824
831,711
831,711
831,394
831,314
831,1954
831,1954
831,1273
831,1955
831,1854
831,1643
831,1956
831,452
832,65
832,687
832,3476
832,352
832,35
832,37
832,2802
832,519
832,611
833,2254
833,2254
833,2254
833,2254
833,5202
833,5203
833,4577
833,65
833,65
833,87
833,687
833,687
833,687
833,35
833,35
833,3354
833,5204
833,228
833,4279
833,5205
833,5205
833,4582
833,4583
833,4583
833,4583
833,132
833,5206
833,896
833,3201
833,3201
833,823
833,823
833,823
833,59
833,59
833,59
833,230
833,230
833,1358
834,2143
834,2940
834,2941
834,2512
834,100
834,145
834,145
834,2574
834,102
834,2942
834,2943
834,2358
834,235
834,329
834,2944
834,1817
834,2945
834,179
834,63
834,442
834,110
834,1757
834,779
834,779
834,1202
834,1575
834,967
834,65
834,87
834,10
834,184
834,2685
834,112
834,2946
834,1581
834,635
834,600
834,268
834,2947
834,2948
834,2367
834,165
834,2949
834,1146
834,2950
834,2463
834,2890
834,1494
834,506
834,1554
834,195
834,2951
834,33
834,35
834,666
834,1293
834,131
834,464
834,464
834,2952
834,2007
834,841
834,2953
834,1148
834,1375
834,2954
834,803
834,2598
834,2955
834,1263
834,375
834,730
834,2956
834,305
834,1892
834,306
834,211
834,2957
834,213
834,2127
834,1265
834,471
834,930
834,1007
834,214
834,214
834,215
834,815
834,5014
834,2635
834,136
834,2404
834,383
834,219
834,1844
834,220
834,385
834,2178
834,386
834,221
834,1065
834,390
834,770
834,2730
834,608
834,154
834,315
834,2958
834,1595
834,222
834,1354
834,85
834,5015
834,406
834,1299
834,477
834,517
834,230
834,409
834,226
834,851
834,851
834,2959
834,2509
834,852
835,65
835,1794
835,198
835,3786
835,530
835,4257
835,377
835,385
835,396
835,397
835,138
835,404
836,558
836,935
836,96
836,936
836,235
836,235
836,8
836,65
836,566
836,937
836,938
836,940
836,941
836,484
836,942
836,943
836,2550
836,119
836,944
836,2904
836,945
836,125
836,946
836,577
836,127
836,947
836,948
836,88
836,949
836,665
836,950
836,132
836,54
836,1918
836,951
836,729
836,952
836,46
836,473
836,954
836,955
836,956
836,957
836,958
837,321
837,65
837,687
837,5207
837,1000
837,2996
837,4819
837,3476
837,35
837,4883
837,1005
837,82
837,1006
837,1008
837,230
838,157
838,144
838,1924
838,159
838,324
838,145
838,65
838,333
838,1133
838,1208
838,149
838,509
838,693
838,362
838,363
838,203
838,365
838,1174
838,306
838,211
838,1034
838,154
838,399
839,4554
839,65
839,4558
839,4559
839,4560
839,132
839,1945
840,3127
840,157
840,159
840,145
840,147
840,63
840,161
840,65
840,162
840,599
840,13
840,166
840,168
840,527
840,426
840,150
840,869
840,3418
840,532
840,211
840,213
840,308
840,536
840,218
840,384
840,1033
840,385
840,389
840,703
840,4506
840,1298
840,396
840,138
840,316
840,850
840,539
841,100
841,178
841,180
841,181
841,10
841,187
841,188
841,189
841,192
841,194
841,195
841,196
841,197
841,131
841,200
841,201
841,210
841,211
841,214
841,216
841,217
841,220
841,138
841,223
841,224
841,225
842,3093
842,325
842,2408
842,65
842,5208
842,1911
842,352
842,35
842,37
842,1670
842,228
842,1481
842,287
842,290
842,82
842,132
842,2098
842,2100
842,2288
842,59
842,59
842,608
842,4736
842,406
842,142
842,230
842,2102
842,1358
843,5209
843,624
843,5210
843,3791
843,4719
843,8
843,5211
843,5212
843,459
843,4721
843,3299
843,348
843,664
843,2625
843,3309
843,286
843,287
843,3491
843,3312
843,5047
843,468
843,134
843,511
843,1720
843,5213
843,3229
843,5214
843,477
843,3091
844,1015
844,325
844,415
844,65
844,632
844,714
844,270
844,276
844,577
844,88
844,287
844,290
844,132
845,524
845,159
845,145
845,332
845,87
845,501
845,148
845,165
845,525
845,276
845,170
845,195
845,282
845,363
845,365
845,375
845,218
845,386
845,310
845,770
845,396
845,397
845,141
845,2164
845,708
845,226
845,611
845,612
846,560
846,1154
846,838
846,158
846,713
846,159
846,324
846,145
846,62
846,62
846,2121
846,2121
846,854
846,1192
846,859
846,1085
846,1141
846,63
846,960
846,565
846,565
846,65
846,333
846,10
846,599
846,456
846,456
846,148
846,148
846,1319
846,2764
846,2368
846,165
846,2369
846,601
846,4537
846,3526
846,2975
846,4778
846,4779
846,4779
846,4780
846,4781
846,4782
846,4783
846,4784
846,690
846,2218
846,238
846,577
846,29
846,1402
846,948
846,2541
846,1668
846,2337
846,727
846,3893
846,35
846,35
846,4287
846,1417
846,692
846,131
846,359
846,286
846,468
846,370
846,2480
846,372
846,1591
846,4788
846,1454
846,606
846,211
846,3321
846,1920
846,701
846,473
846,473
846,218
846,1640
846,822
846,1065
846,3713
846,1122
846,515
846,609
846,223
846,517
846,225
846,2506
846,852
847,853
847,2693
847,1571
847,1596
847,2694
847,3
847,324
847,325
847,100
847,415
847,62
847,900
847,2574
847,103
847,2695
847,2576
847,1183
847,235
847,628
847,177
847,2696
847,777
847,744
847,331
847,709
847,2697
847,2698
847,63
847,2699
847,2700
847,110
847,181
847,2701
847,967
847,333
847,714
847,2439
847,10
847,2410
847,1435
847,613
847,1399
847,335
847,2018
847,2567
847,2702
847,187
847,2581
847,263
847,264
847,458
847,2703
847,459
847,906
847,50
847,444
847,891
847,2704
847,1319
847,342
847,2705
847,343
847,2706
847,2707
847,119
847,2215
847,2708
847,721
847,2709
847,2710
847,422
847,276
847,2271
847,690
847,2711
847,2712
847,2713
847,2714
847,1915
847,352
847,2715
847,1391
847,1830
847,195
847,2716
847,2717
847,2718
847,2719
847,2720
847,2721
847,196
847,791
847,1214
847,1421
847,1293
847,199
847,131
847,1994
847,1025
847,669
847,2340
847,2722
847,201
847,2474
847,760
847,796
847,287
847,290
847,364
847,204
847,977
847,2723
847,2724
847,133
847,920
847,369
847,134
847,370
847,54
847,2725
847,845
847,41
847,1224
847,2726
847,1263
847,2727
847,375
847,376
847,210
847,380
847,1635
847,42
847,211
847,1703
847,607
847,813
847,1636
847,887
847,930
847,135
847,1638
847,701
847,817
847,676
847,2728
847,137
847,383
847,384
847,1893
847,734
847,1296
847,1033
847,220
847,737
847,386
847,738
847,1064
847,1594
847,2351
847,1429
847,310
847,2729
847,822
847,1065
847,390
847,677
847,391
847,770
847,740
847,823
847,2730
847,59
847,313
847,154
847,2606
847,400
847,2294
847,222
847,850
847,404
847,406
847,707
847,230
847,225
847,518
847,227
847,156
848,323
848,100
848,145
848,2574
848,103
848,1727
848,110
848,332
848,87
848,2003
848,834
848,334
848,716
848,184
848,184
848,2365
848,335
848,1731
848,268
848,3400
848,340
848,1143
848,718
848,5215
848,2843
848,422
848,2217
848,2713
848,194
848,2153
848,1101
848,757
848,1417
848,3401
848,196
848,2105
848,428
848,53
848,2394
848,797
848,3402
848,2563
848,3403
848,208
848,377
848,2126
848,764
848,764
848,211
848,381
848,213
848,1266
848,308
848,1405
848,2728
848,3404
848,220
848,220
848,385
848,386
848,702
848,221
848,394
848,394
848,154
848,138
848,138
848,1354
848,2295
848,404
848,406
848,230
848,2533
848,3406
848,851
849,65
849,87
849,132
849,59
849,1722
849,2786
850,65
850,166
850,121
850,1808
850,59
851,1360
851,2573
851,1596
851,624
851,626
851,3296
851,4719
851,685
851,8
851,87
851,1534
851,634
851,3298
851,750
851,1317
851,2411
851,3299
851,4725
851,5216
851,4726
851,648
851,121
851,192
851,1096
851,2134
851,4728
851,4729
851,348
851,3668
851,351
851,1913
851,29
851,79
851,129
851,2644
851,88
851,4730
851,3013
851,1556
851,1418
851,1993
851,3309
851,3310
851,290
851,487
851,1117
851,1482
851,1118
851,291
851,82
851,132
851,3312
851,1768
851,1446
851,1447
851,468
851,134
851,4732
851,1634
851,1006
851,1890
851,1223
851,41
851,3456
851,4734
851,1332
851,2351
851,2729
851,48
851,59
851,3573
851,866
852,1363
852,713
852,144
852,1041
852,2960
852,159
852,159
852,324
852,325
852,145
852,2972
852,3594
852,1017
852,936
852,4
852,5
852,777
852,7
852,630
852,87
852,1662
852,715
852,1534
852,458
852,1789
852,188
852,552
852,3595
852,3372
852,3596
852,1763
852,502
852,1664
852,165
852,462
852,119
852,3597
852,3598
852,3599
852,3600
852,1441
852,3601
852,166
852,121
852,273
852,277
852,126
852,3604
852,577
852,1913
852,29
852,1736
852,3605
852,3606
852,5217
852,2412
852,426
852,789
852,3608
852,33
852,3609
852,149
852,445
852,446
852,3610
852,2221
852,1107
852,2834
852,793
852,3611
852,3612
852,363
852,487
852,3613
852,294
852,3614
852,799
852,3313
852,804
852,3615
852,1589
852,844
852,3292
852,3478
852,3616
852,303
852,375
852,3617
852,846
852,306
852,930
852,214
852,135
852,3618
852,3323
852,136
852,47
852,218
852,2900
852,736
852,386
852,1430
852,3619
852,314
852,829
852,3620
852,1846
852,3622
852,1299
852,517
852,3623
852,3624
853,540
853,5218
853,838
853,248
853,325
853,145
853,839
853,65
853,333
853,632
853,714
853,68
853,2550
853,190
853,1294
853,1116
853,3775
853,1125
853,3930
854,853
854,2693
854,1571
854,1596
854,2694
854,3
854,324
854,325
854,325
854,100
854,415
854,62
854,900
854,2574
854,103
854,2695
854,2576
854,1183
854,235
854,628
854,177
854,2696
854,777
854,744
854,331
854,709
854,2697
854,2698
854,63
854,2699
854,2700
854,110
854,181
854,2701
854,967
854,65
854,333
854,714
854,2439
854,10
854,2410
854,1435
854,613
854,1399
854,335
854,2018
854,687
854,2567
854,2702
854,187
854,2581
854,263
854,264
854,458
854,2703
854,459
854,906
854,50
854,444
854,891
854,2704
854,1319
854,342
854,2705
854,343
854,2706
854,2707
854,119
854,571
854,2215
854,2708
854,721
854,2709
854,2551
854,2710
854,422
854,276
854,2271
854,690
854,2711
854,2712
854,78
854,2713
854,2714
854,1915
854,352
854,5219
854,2715
854,1391
854,1830
854,88
854,195
854,2716
854,2717
854,2718
854,2719
854,2720
854,149
854,2721
854,3354
854,5098
854,5098
854,196
854,791
854,1214
854,1421
854,1293
854,199
854,131
854,3549
854,1994
854,1025
854,669
854,2340
854,2722
854,201
854,2474
854,760
854,796
854,287
854,290
854,364
854,204
854,82
854,132
854,977
854,2723
854,2724
854,133
854,133
854,920
854,2415
854,369
854,134
854,370
854,54
854,2725
854,845
854,41
854,1224
854,2726
854,1263
854,729
854,2727
854,375
854,376
854,210
854,380
854,2935
854,2935
854,5220
854,1635
854,42
854,211
854,1703
854,607
854,813
854,1636
854,887
854,930
854,135
854,1638
854,701
854,817
854,676
854,2728
854,137
854,383
854,384
854,1893
854,734
854,1296
854,1033
854,220
854,737
854,386
854,738
854,1064
854,1594
854,2351
854,1429
854,310
854,2729
854,822
854,1065
854,390
854,677
854,391
854,770
854,740
854,823
854,3619
854,2730
854,59
854,313
854,154
854,2606
854,400
854,2294
854,222
854,850
854,404
854,406
854,707
854,230
854,225
854,518
854,227
854,5221
854,156
855,232
855,107
855,613
855,758
855,428
855,914
855,53
855,2154
855,1610
855,2084
855,365
855,5222
855,304
855,5223
855,1074
855,212
855,1507
855,837
855,136
855,384
855,734
855,738
855,3864
855,154
855,138
855,772
856,318
856,318
856,172
856,158
856,159
856,159
856,324
856,324
856,100
856,5224
856,2879
856,1200
856,103
856,5225
856,1727
856,1141
856,2622
856,110
856,110
856,332
856,10
856,112
856,1070
856,347
856,280
856,78
856,5226
856,4235
856,35
856,35
856,1418
856,131
856,131
856,201
856,842
856,842
856,1519
856,55
856,1222
856,373
856,5227
856,532
856,376
856,376
856,304
856,42
856,211
856,211
856,1150
856,135
856,136
856,1705
856,1705
856,313
856,398
856,398
856,774
856,406
856,517
856,517
856,4689
856,230
856,1380
856,1380
856,227
856,227
856,411
857,2063
857,239
857,159
857,324
857,145
857,110
857,65
857,551
857,266
857,5228
857,1439
857,1020
857,2058
857,2068
857,2552
857,2852
857,426
857,5229
857,1444
857,357
857,693
857,203
857,994
857,1262
857,375
857,1265
857,308
857,214
857,1969
857,59
857,396
857,226
858,1241
858,91
858,91
858,172
858,1242
858,1242
858,144
858,324
858,325
858,325
858,100
858,145
858,145
858,1140
858,160
858,1246
858,1247
858,1249
858,147
858,1250
858,709
858,110
858,65
858,65
858,111
858,255
858,163
858,1251
858,184
858,969
858,2243
858,1256
858,1143
858,1257
858,165
858,1144
858,121
858,1258
858,193
858,1259
858,427
858,149
858,1261
858,171
858,171
858,53
858,841
858,801
858,1263
858,208
858,616
858,306
858,211
858,1264
858,1265
858,1269
858,1151
858,218
858,137
858,219
858,220
858,220
858,385
858,984
858,396
858,1272
858,139
858,139
858,317
858,1273
858,1274
858,1275
858,406
858,1276
858,517
858,1277
858,1277
858,851
858,1281
858,1282
859,158
859,159
859,145
859,1899
859,1248
859,4117
859,65
859,1901
859,456
859,166
859,880
859,5230
859,5231
859,428
859,589
859,1057
859,54
859,55
859,378
859,1920
859,473
859,5232
859,138
859,864
859,517
860,2063
860,742
860,560
860,158
860,144
860,3
860,1924
860,1924
860,159
860,159
860,325
860,325
860,100
860,100
860,415
860,145
860,2972
860,628
860,65
860,4520
860,971
860,1049
860,2561
860,266
860,482
860,5233
860,880
860,2552
860,5234
860,2905
860,690
860,690
860,580
860,5235
860,149
860,666
860,3179
860,4495
860,2317
860,363
860,363
860,82
860,4977
860,994
860,1166
860,308
860,5236
860,46
860,1065
860,517
860,143
861,239
861,5237
861,5237
861,559
861,1013
861,4452
861,838
861,248
861,248
861,159
861,159
861,324
861,325
861,325
861,100
861,100
861,145
861,5238
861,1315
861,161
861,65
861,632
861,10
861,260
861,260
861,5239
861,3083
861,1908
861,165
861,165
861,1020
861,5240
861,3005
861,3574
861,690
861,5241
861,4575
861,1513
861,692
861,1106
861,2383
861,54
861,55
861,375
861,606
861,211
861,1636
861,308
861,473
861,220
861,2094
861,396
861,155
861,3413
861,611
862,65
862,687
862,4819
862,2558
862,3476
862,88
862,2902
862,35
862,1294
862,4105
862,5242
862,1006
862,3002
862,230
862,1009
862,611
862,5243
863,5244
863,5245
863,65
863,87
863,87
863,3336
863,749
863,1624
863,750
863,861
863,1389
863,1626
863,1159
863,166
863,721
863,689
863,4325
863,3226
863,5246
863,5247
863,1633
863,3008
863,3022
863,2821
863,5248
863,1397
863,1397
863,5249
863,864
863,5250
863,3249
863,3154
864,2143
864,2940
864,2941
864,2512
864,100
864,145
864,2574
864,102
864,2942
864,2943
864,2358
864,235
864,1869
864,329
864,2944
864,1817
864,2945
864,179
864,63
864,442
864,110
864,110
864,1757
864,779
864,1575
864,967
864,65
864,10
864,184
864,112
864,2946
864,1581
864,2702
864,600
864,268
864,2947
864,2948
864,2367
864,165
864,2949
864,1146
864,2950
864,2463
864,602
864,2890
864,3709
864,506
864,195
864,2951
864,33
864,35
864,666
864,666
864,1293
864,131
864,131
864,2952
864,2007
864,841
864,841
864,2953
864,1148
864,1375
864,2954
864,803
864,2598
864,2955
864,836
864,1263
864,375
864,730
864,2956
864,305
864,1892
864,306
864,211
864,211
864,2957
864,213
864,1265
864,1309
864,930
864,1007
864,214
864,215
864,215
864,815
864,2635
864,136
864,136
864,2404
864,383
864,219
864,1844
864,220
864,220
864,385
864,2178
864,386
864,2912
864,221
864,1065
864,390
864,770
864,2730
864,608
864,154
864,315
864,2958
864,1595
864,222
864,1354
864,402
864,85
864,406
864,1299
864,477
864,517
864,230
864,409
864,226
864,227
864,851
864,2959
864,2509
864,852
864,1570
865,4423
865,4424
865,1013
865,95
865,98
865,4336
865,144
865,144
865,99
865,99
865,159
865,324
865,324
865,100
865,101
865,2793
865,1046
865,65
865,65
865,1157
865,10
865,10
865,551
865,184
865,184
865,599
865,263
865,3054
865,13
865,13
865,50
865,2827
865,482
865,1411
865,718
865,1318
865,3931
865,118
865,345
865,166
865,121
865,121
865,2328
865,125
865,125
865,5251
865,126
865,659
865,577
865,3065
865,3066
865,796
865,82
865,293
865,4809
865,4615
865,1327
865,54
865,54
865,2835
865,1295
865,2674
865,1329
865,490
865,490
865,213
865,213
865,724
865,308
865,5252
865,863
865,1807
865,1807
865,1334
865,957
865,1067
865,155
865,4358
866,240
866,560
866,560
866,1154
866,1154
866,158
866,248
866,248
866,144
866,1079
866,1079
866,159
866,324
866,325
866,100
866,415
866,415
866,145
866,62
866,63
866,63
866,565
866,65
866,10
866,188
866,164
866,148
866,569
866,552
866,2244
866,2244
866,3504
866,166
866,238
866,351
866,577
866,35
866,35
866,692
866,82
866,1719
866,3119
866,5253
866,154
866,1485
866,3930
866,3930
866,49
867,5254
867,65
867,1622
867,166
867,721
867,131
867,308
867,711
867,1138
868,832
868,1541
868,65
868,1436
868,880
868,3722
868,666
868,131
868,3001
868,5255
868,672
868,469
868,215
868,399
868,864
868,3004
869,1197
869,232
869,331
869,65
869,10
869,5256
869,50
869,5257
869,4606
869,5258
869,131
869,2084
869,2424
869,376
869,3201
869,1635
869,42
869,4429
869,887
869,3642
869,736
869,739
869,140
869,156
870,1191
870,87
870,13
870,166
870,126
870,992
870,5259
870,3131
870,1807
870,517
871,867
871,2254
871,4677
871,4677
871,5260
871,3
871,1726
871,178
871,744
871,1786
871,1203
871,65
871,10
871,10
871,551
871,834
871,184
871,941
871,5261
871,3215
871,1291
871,5262
871,2401
871,5263
871,5263
871,201
871,4671
871,5264
871,1006
871,3148
871,2545
871,448
871,41
871,375
871,304
871,1450
871,1229
871,136
871,1808
871,738
871,740
871,740
871,59
871,394
871,2736
871,222
871,707
871,225
871,520
871,520
871,453
871,3963
871,1358
871,1358
871,1568
871,156
872,1040
872,144
872,159
872,100
872,145
872,62
872,160
872,8
872,161
872,65
872,333
872,260
872,501
872,268
872,191
872,690
872,280
872,353
872,35
872,282
872,693
872,362
872,363
872,5265
872,365
872,211
872,218
872,609
872,611
873,4173
873,1200
873,1200
873,104
873,777
873,777
873,1141
873,1141
873,2409
873,110
873,110
873,1757
873,1757
873,4177
873,1434
873,1434
873,65
873,87
873,834
873,184
873,1663
873,4178
873,1205
873,187
873,187
873,3823
873,3823
873,3657
873,3032
873,5266
873,3784
873,3034
873,3821
873,3398
873,88
873,131
873,2834
873,842
873,842
873,287
873,290
873,1350
873,1350
873,2008
873,1447
873,370
873,1519
873,41
873,1224
873,1224
873,3292
873,4191
873,1229
873,817
873,385
873,1430
873,396
873,1353
873,3623
873,3624
874,65
874,132
874,1945
874,5267
875,234
875,236
875,1245
875,65
876,1709
876,5268
876,5268
876,4048
876,1013
876,1521
876,1596
876,158
876,158
876,144
876,144
876,99
876,2960
876,101
876,936
876,105
876,105
876,3052
876,3052
876,147
876,2866
876,1202
876,8
876,65
876,87
876,10
876,5269
876,566
876,968
876,3980
876,3678
876,3678
876,1049
876,1050
876,483
876,1092
876,2828
876,116
876,116
876,5270
876,3058
876,2764
876,2964
876,644
876,782
876,3931
876,52
876,118
876,648
876,648
876,880
876,975
876,3526
876,2328
876,2904
876,125
876,125
876,721
876,2190
876,277
876,126
876,126
876,1054
876,1054
876,659
876,1775
876,577
876,128
876,5271
876,528
876,88
876,88
876,2194
876,3065
876,4210
876,3066
876,2527
876,5272
876,796
876,796
876,82
876,132
876,5273
876,918
876,133
876,133
876,5274
876,1327
876,54
876,1306
876,884
876,210
876,378
876,378
876,1330
876,1059
876,731
876,731
876,812
876,5275
876,213
876,213
876,213
876,929
876,872
876,1060
876,3552
876,1332
876,1230
876,493
876,4307
876,1807
876,732
876,1613
876,220
876,385
876,387
876,387
876,1429
876,1429
876,1969
876,1065
876,1065
876,677
876,1066
876,1066
876,740
876,2256
876,59
876,2547
876,957
876,222
876,155
876,405
876,405
876,517
876,2612
877,2144
877,3048
877,100
877,102
877,4175
877,2793
877,2794
877,2265
877,179
877,709
877,110
877,1461
877,2002
877,65
877,10
877,10
877,184
877,1730
877,906
877,5276
877,5277
877,718
877,1318
877,2615
877,2706
877,2706
877,345
877,5278
877,121
877,1940
877,131
877,131
877,53
877,1834
877,2414
877,796
877,762
877,4347
877,366
877,366
877,2725
877,2725
877,2416
877,2416
877,2417
877,304
877,435
877,4245
877,42
877,306
877,211
877,930
877,214
877,2427
877,2990
877,5279
877,1151
877,137
877,384
877,734
877,1136
877,5280
877,5281
877,3732
877,396
877,316
877,2531
877,140
877,140
878,560
878,560
878,4048
878,1154
878,562
878,144
878,159
878,100
878,415
878,145
878,145
878,936
878,106
878,63
878,65
878,10
878,1662
878,1662
878,599
878,717
878,641
878,20
878,72
878,2244
878,121
878,233
878,2526
878,509
878,2528
878,2920
878,621
878,621
879,144
879,62
879,65
879,1511
879,263
879,2187
879,166
879,2193
879,1444
879,308
879,2206
879,2208
880,65
880,82
880,1808
880,406
880,1568
881,87
881,1053
881,589
881,4676
882,145
882,1959
882,1541
882,65
882,187
882,1389
882,166
882,880
882,426
882,1421
882,3448
882,1394
882,1717
882,871
882,469
882,1224
882,308
882,439
882,864
883,1154
883,232
883,159
883,159
883,324
883,145
883,145
883,332
883,65
883,260
883,188
883,3058
883,1439
883,2068
883,2068
883,166
883,121
883,2552
883,2552
883,277
883,2905
883,426
883,88
883,4340
883,5282
883,5132
883,4121
883,895
883,82
883,1611
883,994
883,994
883,2836
883,809
883,729
883,490
883,308
883,308
883,214
883,819
883,387
883,1065
883,1065
883,677
883,677
883,3435
883,2547
883,230
883,230
884,1363
884,172
884,2878
884,3
884,159
884,159
884,324
884,325
884,100
884,100
884,145
884,145
884,495
884,2879
884,2879
884,327
884,177
884,178
884,2880
884,960
884,960
884,65
884,632
884,10
884,566
884,256
884,184
884,260
884,337
884,501
884,1730
884,600
884,270
884,165
884,121
884,1146
884,1146
884,614
884,233
884,350
884,527
884,527
884,1830
884,2526
884,354
884,354
884,1211
884,4661
884,5283
884,171
884,428
884,509
884,796
884,363
884,365
884,292
884,920
884,1395
884,1395
884,2882
884,434
884,375
884,376
884,2883
884,846
884,211
884,381
884,213
884,1704
884,1265
884,215
884,215
884,1188
884,2156
884,136
884,220
884,385
884,385
884,537
884,389
884,770
884,703
884,399
884,772
884,140
884,402
884,404
884,404
884,141
884,1037
884,226
884,226
884,2884
884,611
884,612
885,318
885,157
885,157
885,623
885,1521
885,173
885,2181
885,3978
885,159
885,100
885,145
885,145
885,250
885,628
885,628
885,328
885,328
885,1141
885,497
885,110
885,65
885,87
885,87
885,632
885,10
885,5284
885,2018
885,115
885,749
885,750
885,270
885,15
885,2764
885,2520
885,165
885,165
885,1020
885,121
885,123
885,1775
885,238
885,351
885,506
885,353
885,88
885,88
885,195
885,5285
885,5286
885,5287
885,509
885,363
885,82
885,856
885,3787
885,671
885,2723
885,133
885,2669
885,468
885,5288
885,2387
885,1635
885,1073
885,2784
885,3203
885,136
885,1640
885,1809
885,771
885,2503
885,2503
885,2549
885,5289
886,1754
886,838
886,248
886,144
886,249
886,249
886,159
886,324
886,325
886,325
886,415
886,61
886,859
886,1183
886,63
886,565
886,8
886,65
886,112
886,2057
886,1411
886,1092
886,568
886,343
886,880
886,2904
886,4005
886,690
886,78
886,35
886,149
886,445
886,446
886,446
886,2060
886,131
886,1129
886,994
886,370
886,729
886,211
886,549
886,387
886,1065
886,1065
886,59
886,154
886,406
886,452
886,517
887,2971
887,65
887,2640
887,3529
887,3529
887,456
887,5290
887,1053
887,3942
887,648
887,975
887,79
887,88
887,665
887,665
887,666
887,82
887,132
887,3156
887,2086
887,2632
887,491
887,1640
887,3713
887,3713
887,864
887,477
887,1691
887,1570
888,98
888,98
888,324
888,145
888,1081
888,3167
888,8
888,65
888,87
888,1049
888,749
888,750
888,861
888,941
888,1050
888,482
888,484
888,116
888,1677
888,2907
888,118
888,119
888,121
888,944
888,125
888,3194
888,5291
888,577
888,127
888,128
888,88
888,1180
888,1180
888,3242
888,2588
888,666
888,667
888,131
888,4036
888,2628
888,82
888,797
888,133
888,3069
888,2199
888,5292
888,54
888,1634
888,4257
888,1058
888,152
888,814
888,308
888,1332
888,955
888,1033
888,398
888,3532
888,957
888,1273
888,1010
889,172
889,172
889,1013
889,173
889,1924
889,159
889,324
889,325
889,145
889,145
889,174
889,160
889,859
889,177
889,63
889,63
889,161
889,65
889,183
889,163
889,186
889,67
889,148
889,165
889,165
889,121
889,193
889,168
889,238
889,131
889,365
889,3122
889,205
889,606
889,211
889,211
889,212
889,215
889,219
889,555
889,226
889,226
890,3049
890,3095
890,98
890,173
890,144
890,99
890,159
890,324
890,324
890,100
890,100
890,101
890,145
890,145
890,145
890,103
890,176
890,110
890,252
890,253
890,8
890,1655
890,65
890,65
890,255
890,183
890,163
890,163
890,256
890,1341
890,184
890,3053
890,3097
890,116
890,165
890,165
890,1021
890,3098
890,166
890,1145
890,121
890,124
890,124
890,77
890,3100
890,88
890,149
890,757
890,363
890,1327
890,54
890,55
890,3105
890,304
890,3106
890,306
890,306
890,211
890,536
890,218
890,823
890,3107
890,3107
890,1272
890,3108
890,850
890,406
890,1276
890,225
890,225
890,3109
890,1279
890,851
890,851
890,1568
891,172
891,713
891,144
891,159
891,145
891,62
891,684
891,161
891,65
891,166
891,277
891,1422
891,203
891,211
892,232
892,5293
892,497
892,65
892,834
892,1984
892,2132
892,749
892,1985
892,1624
892,1159
892,344
892,721
892,689
892,1992
892,3022
892,1685
892,372
892,1396
892,1308
892,1997
892,213
892,863
892,220
892,738
892,5294
892,770
892,711
892,1642
892,1235
892,3154
893,1710
893,4546
893,65
893,1087
893,2039
893,13
893,3526
893,577
893,2041
893,88
893,4862
893,1324
893,290
893,132
893,3377
894,239
894,558
894,2180
894,172
894,172
894,159
894,159
894,100
894,100
894,415
894,145
894,62
894,877
894,3296
894,1183
894,744
894,839
894,839
894,110
894,1574
894,65
894,10
894,163
894,334
894,334
894,599
894,963
894,963
894,187
894,501
894,501
894,50
894,15
894,164
894,148
894,148
894,503
894,1133
894,1193
894,1193
894,5295
894,168
894,168
894,2077
894,1402
894,2711
894,2711
894,1513
894,1514
894,282
894,282
894,198
894,198
894,1348
894,3631
894,5296
894,428
894,357
894,429
894,131
894,796
894,796
894,856
894,920
894,468
894,370
894,370
894,1519
894,1519
894,4621
894,884
894,532
894,532
894,5297
894,375
894,375
894,616
894,616
894,377
894,210
894,2546
894,846
894,211
894,211
894,212
894,436
894,436
894,214
894,214
894,215
894,2056
894,136
894,382
894,384
894,220
894,220
894,537
894,389
894,2117
894,2117
894,59
894,59
894,313
894,313
894,138
894,138
894,316
894,515
894,515
894,140
894,1235
894,520
894,520
895,65
895,1254
895,1903
895,3428
895,638
895,166
895,121
895,880
895,665
895,82
895,5298
895,1685
895,469
895,2755
895,864
896,1313
896,853
896,239
896,246
896,713
896,248
896,144
896,159
896,159
896,159
896,324
896,324
896,324
896,325
896,325
896,100
896,100
896,415
896,145
896,145
896,62
896,62
896,877
896,1243
896,4175
896,854
896,235
896,235
896,890
896,628
896,628
896,63
896,565
896,65
896,255
896,183
896,183
896,834
896,335
896,2798
896,599
896,115
896,115
896,115
896,1253
896,3541
896,3541
896,340
896,188
896,148
896,552
896,2301
896,165
896,345
896,166
896,1145
896,1145
896,4243
896,277
896,168
896,2558
896,280
896,1477
896,35
896,894
896,149
896,149
896,282
896,131
896,131
896,587
896,359
896,363
896,728
896,375
896,4245
896,3201
896,211
896,211
896,211
896,213
896,1265
896,436
896,214
896,214
896,1229
896,218
896,219
896,220
896,220
896,385
896,385
896,438
896,313
896,313
896,154
896,399
896,609
896,741
896,3993
896,155
896,405
896,610
896,620
896,406
896,517
896,851
897,838
897,158
897,248
897,159
897,324
897,100
897,145
897,62
897,160
897,565
897,161
897,65
897,749
897,2057
897,1319
897,1439
897,4005
897,277
897,690
897,149
897,1513
897,2060
897,994
897,2086
897,2088
897,211
897,308
897,3278
897,59
897,609
898,65
898,2627
898,5299
898,2628
898,5300
899,239
899,239
899,239
899,239
899,2768
899,240
899,240
899,240
899,240
899,241
899,241
899,241
899,241
899,242
899,242
899,242
899,242
899,243
899,243
899,243
899,243
899,243
899,2893
899,158
899,173
899,173
899,173
899,173
899,173
899,1014
899,249
899,249
899,249
899,249
899,159
899,159
899,159
899,159
899,159
899,100
899,100
899,100
899,100
899,100
899,100
899,62
899,62
899,62
899,62
899,103
899,2894
899,160
899,160
899,160
899,160
899,1247
899,147
899,147
899,147
899,147
899,996
899,251
899,253
899,253
899,253
899,253
899,253
899,161
899,161
899,161
899,161
899,10
899,10
899,10
899,10
899,10
899,256
899,256
899,256
899,256
899,257
899,257
899,257
899,257
899,184
899,184
899,184
899,184
899,184
899,259
899,259
899,259
899,259
899,259
899,260
899,260
899,260
899,260
899,748
899,261
899,261
899,261
899,261
899,262
899,262
899,262
899,262
899,2005
899,263
899,263
899,263
899,263
899,264
899,264
899,264
899,264
899,265
899,265
899,265
899,265
899,13
899,13
899,13
899,13
899,13
899,266
899,266
899,266
899,266
899,267
899,267
899,267
899,267
899,269
899,269
899,269
899,269
899,1389
899,271
899,271
899,271
899,271
899,503
899,118
899,272
899,272
899,272
899,272
899,273
899,273
899,273
899,273
899,190
899,1827
899,275
899,275
899,275
899,275
899,276
899,276
899,276
899,276
899,2895
899,277
899,277
899,277
899,277
899,278
899,278
899,278
899,278
899,279
899,279
899,279
899,279
899,349
899,527
899,2896
899,281
899,281
899,281
899,281
899,757
899,282
899,282
899,282
899,282
899,282
899,283
899,283
899,283
899,283
899,882
899,131
899,131
899,131
899,131
899,131
899,285
899,285
899,285
899,285
899,53
899,2897
899,2414
899,286
899,286
899,286
899,286
899,287
899,287
899,287
899,287
899,1116
899,288
899,288
899,288
899,288
899,289
899,289
899,289
899,289
899,290
899,290
899,290
899,290
899,291
899,291
899,291
899,291
899,292
899,292
899,292
899,292
899,292
899,294
899,294
899,294
899,294
899,920
899,295
899,295
899,295
899,295
899,2898
899,296
899,296
899,296
899,296
899,297
899,297
899,297
899,297
899,297
899,2899
899,2010
899,298
899,298
899,298
899,298
899,299
899,299
899,299
899,299
899,369
899,370
899,300
899,300
899,300
899,300
899,301
899,301
899,301
899,301
899,302
899,302
899,302
899,302
899,303
899,303
899,303
899,303
899,304
899,304
899,304
899,304
899,305
899,305
899,305
899,305
899,306
899,306
899,306
899,306
899,211
899,211
899,211
899,211
899,211
899,211
899,213
899,213
899,213
899,213
899,1704
899,307
899,307
899,307
899,307
899,1150
899,308
899,308
899,308
899,308
899,214
899,215
899,215
899,215
899,215
899,309
899,309
899,309
899,309
899,2900
899,389
899,311
899,311
899,311
899,311
899,438
899,390
899,59
899,59
899,59
899,59
899,154
899,315
899,315
899,315
899,315
899,316
899,317
899,317
899,317
899,317
899,1354
899,2096
900,91
900,100
900,100
900,102
900,103
900,104
900,328
900,108
900,110
900,1757
900,65
900,111
900,112
900,115
900,444
900,1053
900,119
900,123
900,130
900,35
900,131
900,2115
900,3289
900,589
900,1057
900,2669
900,134
900,134
900,4676
900,55
900,135
900,135
900,2349
900,136
900,137
900,2351
900,677
900,138
900,140
900,141
900,142
900,143
901,2063
901,1183
901,65
901,715
901,1439
901,880
901,1444
901,282
901,1965
901,531
901,213
901,1265
901,2206
901,1065
901,851
902,65
902,5301
903,5302
903,158
903,324
903,415
903,415
903,145
903,145
903,65
903,163
903,163
903,717
903,717
903,15
903,15
903,164
903,164
903,1133
903,1133
903,121
903,35
903,35
903,4914
903,4914
904,145
904,1749
904,65
904,10
904,340
904,166
904,4402
904,195
904,131
904,2543
904,82
904,1805
904,305
904,1230
904,385
904,59
904,316
904,222
904,404
904,405
904,521
905,1698
905,1698
905,60
905,60
905,623
905,1040
905,1040
905,158
905,173
905,144
905,159
905,159
905,100
905,100
905,101
905,145
905,145
905,1409
905,1460
905,107
905,109
905,177
905,177
905,497
905,87
905,87
905,551
905,551
905,1089
905,969
905,337
905,1821
905,749
905,750
905,263
905,263
905,458
905,1184
905,51
905,51
905,1677
905,165
905,1133
905,504
905,4338
905,4362
905,273
905,974
905,974
905,5303
905,1911
905,277
905,277
905,752
905,233
905,909
905,909
905,169
905,3006
905,88
905,195
905,195
905,356
905,1214
905,1214
905,508
905,914
905,693
905,693
905,362
905,1422
905,363
905,363
905,203
905,364
905,2227
905,365
905,291
905,5304
905,132
905,368
905,1753
905,1753
905,845
905,845
905,375
905,375
905,616
905,616
905,304
905,304
905,764
905,764
905,730
905,730
905,211
905,1997
905,213
905,930
905,135
905,136
905,136
905,384
905,1705
905,220
905,385
905,386
905,1428
905,310
905,391
905,391
905,313
905,313
905,154
905,154
905,398
905,398
905,2554
905,402
905,402
905,850
905,404
905,404
905,407
905,407
905,517
905,517
905,518
905,518
905,411
905,411
905,612
906,558
906,172
906,1013
906,98
906,158
906,158
906,144
906,144
906,144
906,99
906,159
906,324
906,100
906,145
906,1018
906,1018
906,105
906,105
906,3052
906,3052
906,147
906,744
906,744
906,63
906,565
906,542
906,65
906,65
906,10
906,10
906,263
906,3055
906,3055
906,638
906,50
906,484
906,116
906,116
906,148
906,3058
906,3931
906,3116
906,2907
906,2907
906,165
906,3059
906,3059
906,504
906,166
906,166
906,880
906,880
906,2328
906,125
906,126
906,1208
906,1054
906,1054
906,1775
906,577
906,127
906,128
906,1914
906,3086
906,3086
906,5305
906,4386
906,2526
906,35
906,757
906,757
906,3089
906,2588
906,3066
906,692
906,692
906,3067
906,428
906,429
906,131
906,1108
906,4121
906,363
906,1164
906,895
906,82
906,82
906,133
906,3069
906,3069
906,2812
906,368
906,370
906,54
906,1719
906,2835
906,2835
906,375
906,375
906,153
906,153
906,211
906,211
906,213
906,213
906,213
906,1130
906,1919
906,1806
906,3073
906,3074
906,1230
906,3076
906,218
906,1334
906,59
906,538
906,538
906,138
906,222
906,222
906,404
906,404
906,406
906,406
906,517
906,517
906,230
906,226
906,3349
906,611
906,3440
907,87
907,729
907,733
907,3555
907,735
907,677
908,157
908,713
908,159
908,159
908,100
908,100
908,145
908,1243
908,65
908,183
908,10
908,163
908,552
908,343
908,1145
908,121
908,2890
908,35
908,35
908,149
908,131
908,131
908,1147
908,4687
908,229
908,229
908,3106
908,211
908,211
908,214
908,219
908,219
908,391
908,58
908,154
908,316
908,850
908,404
908,406
908,230
908,230
908,1279
908,851
908,1568
908,454
909,239
909,4421
909,324
909,324
909,100
909,145
909,160
909,1018
909,1018
909,161
909,65
909,632
909,632
909,3844
909,748
909,748
909,270
909,148
909,148
909,543
909,166
909,273
909,273
909,347
909,544
909,424
909,424
909,1126
909,545
909,545
909,1071
909,5306
909,355
909,355
909,357
909,357
909,2340
909,362
909,364
909,368
909,5307
909,377
909,377
909,813
909,813
909,437
909,382
909,382
909,548
909,389
909,389
909,538
909,538
909,397
909,397
909,316
909,316
909,772
909,772
909,402
909,402
909,141
909,141
909,1276
909,407
909,407
909,708
909,708
909,411
909,411
910,2063
910,713
910,144
910,159
910,62
910,1961
910,63
910,65
910,599
910,148
910,1439
910,2058
910,4004
910,2068
910,121
910,880
910,1528
910,2552
910,277
910,1473
910,35
910,1444
910,5308
910,368
910,211
910,1862
910,214
910,515
910,1930
911,1931
911,1573
911,1932
911,65
911,715
911,715
911,261
911,1933
911,1851
911,1206
911,1934
911,165
911,1159
911,1159
911,1935
911,166
911,1936
911,721
911,1937
911,1938
911,892
911,1939
911,1940
911,53
911,363
911,295
911,1941
911,1942
911,1943
911,1944
911,1945
911,1946
911,1852
911,1947
911,1949
911,306
911,1951
911,490
911,1952
911,1638
911,1953
911,1151
911,1151
911,136
911,818
911,311
911,824
911,711
911,711
911,394
911,314
911,1954
911,1954
911,1642
911,1273
911,1955
911,1854
911,1643
911,1956
911,452
912,2063
912,2063
912,3499
912,240
912,60
912,60
912,1013
912,1013
912,1154
912,838
912,158
912,248
912,1014
912,325
912,101
912,563
912,563
912,415
912,625
912,4467
912,3167
912,3167
912,1192
912,3052
912,332
912,565
912,8
912,161
912,161
912,1462
912,1462
912,65
912,65
912,87
912,10
912,10
912,687
912,687
912,599
912,599
912,266
912,266
912,188
912,15
912,16
912,3175
912,643
912,20
912,20
912,1439
912,1439
912,5057
912,1094
912,166
912,944
912,4339
912,2551
912,277
912,5309
912,1023
912,1099
912,1832
912,507
912,35
912,35
912,35
912,35
912,171
912,5310
912,586
912,1113
912,1113
912,1113
912,722
912,722
912,4503
912,4503
912,292
912,82
912,5311
912,55
912,1743
912,605
912,152
912,308
912,214
912,215
912,4742
912,83
912,136
912,136
912,4342
912,1484
912,1484
912,59
912,59
912,154
912,154
912,1122
912,1122
912,515
912,1722
912,405
912,405
912,406
912,621
912,230
913,1931
913,1573
913,1932
913,65
913,715
913,715
913,261
913,1933
913,1851
913,1206
913,1934
913,165
913,1159
913,1159
913,1935
913,1936
913,1936
913,1937
913,1938
913,892
913,1940
913,53
913,363
913,3289
913,295
913,1942
913,1943
913,1944
913,1945
913,1946
913,1852
913,1947
913,1949
913,1950
913,306
913,1951
913,490
913,2491
913,1638
913,1953
913,1151
913,1151
913,136
913,818
913,311
913,824
913,711
913,711
913,394
913,314
913,1954
913,1642
913,1273
913,1955
913,1854
913,1643
913,1956
913,452
914,3
914,9
914,11
914,41
914,42
914,48
915,65
915,132
915,1945
916,4554
916,65
916,5312
916,4558
916,4559
916,4560
916,5134
916,4563
916,2115
916,980
917,1241
917,319
917,319
917,91
917,91
917,2806
917,173
917,103
917,4018
917,1183
917,235
917,236
917,1247
917,329
917,110
917,110
917,903
917,332
917,65
917,255
917,2003
917,163
917,2410
917,1251
917,2567
917,337
917,1253
917,237
917,600
917,3643
917,268
917,3400
917,781
917,718
917,718
917,718
917,165
917,4020
917,189
917,721
917,529
917,131
917,53
917,1834
917,916
917,1885
917,2414
917,1610
917,363
917,918
917,918
917,918
917,919
917,4021
917,2814
917,2280
917,2249
917,925
917,2052
917,4022
917,1262
917,2416
917,2416
917,928
917,928
917,229
917,375
917,2417
917,304
917,929
917,1376
917,1266
917,135
917,384
917,220
917,933
917,933
917,2418
917,396
917,2209
917,1595
917,401
917,401
917,1235
917,2420
917,406
917,452
917,1277
918,867
918,5313
918,5314
918,172
918,158
918,144
918,324
918,100
918,145
918,1573
918,175
918,175
918,1340
918,1726
918,332
918,253
918,161
918,65
918,715
918,334
918,1981
918,5315
918,335
918,599
918,336
918,749
918,264
918,907
918,1411
918,483
918,148
918,165
918,3675
918,121
918,3743
918,277
918,195
918,2302
918,35
918,35
918,149
918,840
918,791
918,1421
918,4905
918,131
918,841
918,920
918,3464
918,510
918,530
918,531
918,1223
918,532
918,375
918,375
918,208
918,2417
918,210
918,210
918,378
918,378
918,211
918,211
918,381
918,381
918,212
918,490
918,213
918,765
918,308
918,308
918,215
918,5316
918,1405
918,1405
918,437
918,1231
918,218
918,2900
918,220
918,220
918,1044
918,1044
918,385
918,389
918,310
918,770
918,396
918,608
918,154
918,154
918,1272
918,1272
918,316
918,620
918,2549
918,708
918,708
918,517
918,1706
918,226
918,226
918,227
918,227
918,3109
918,454
918,156
918,156
919,319
919,323
919,158
919,158
919,144
919,144
919,232
919,100
919,100
919,2111
919,2111
919,4594
919,1749
919,1749
919,4924
919,4230
919,180
919,180
919,65
919,10
919,4233
919,834
919,4396
919,4396
919,963
919,187
919,187
919,3829
919,3829
919,268
919,268
919,50
919,148
919,3542
919,5317
919,5317
919,189
919,166
919,3195
919,233
919,577
919,527
919,527
919,195
919,756
919,529
919,2080
919,2080
919,131
919,131
919,5318
919,916
919,1610
919,363
919,365
919,365
919,1801
919,920
919,920
919,921
919,921
919,3836
919,5319
919,5319
919,1222
919,5320
919,1224
919,1224
919,375
919,375
919,764
919,764
919,3455
919,3455
919,5321
919,1226
919,1805
919,211
919,211
919,887
919,888
919,888
919,218
919,218
919,2108
919,385
919,385
919,386
919,1429
919,514
919,1453
919,396
919,396
919,154
919,154
919,397
919,397
919,1431
919,140
919,140
919,1234
919,222
919,405
919,5322
919,5323
919,5324
919,2164
919,2164
919,1299
919,1178
919,517
919,2390
919,1237
920,2805
920,2940
920,323
920,323
920,249
920,3698
920,1869
920,179
920,3701
920,3702
920,184
920,3703
920,258
920,261
920,2005
920,1070
920,340
920,2687
920,3445
920,3445
920,121
920,1550
920,2541
920,3707
920,3709
920,506
920,2999
920,1442
920,1442
920,3000
920,3786
920,131
920,2154
920,1129
920,1056
920,672
920,375
920,377
920,2956
920,3710
920,211
920,213
920,1007
920,436
920,215
920,218
920,2900
920,220
920,220
920,385
920,310
920,311
920,770
920,394
920,396
920,154
920,138
920,934
920,140
920,1189
920,3715
920,3716
920,1355
920,404
920,3718
920,621
920,517
920,1565
920,3460
920,1566
920,2509
920,852
920,1138
921,239
921,323
921,145
921,7
921,1070
921,501
921,2057
921,4295
921,1439
921,277
921,753
921,1108
921,509
921,363
921,82
921,764
921,1862
921,765
921,536
921,1808
921,218
921,382
921,710
921,703
921,138
921,398
922,5325
922,626
922,2431
922,65
922,87
922,1621
922,5326
922,1984
922,457
922,750
922,459
922,861
922,941
922,638
922,4472
922,2641
922,166
922,88
922,1556
922,3242
922,1055
922,3023
922,871
922,1635
922,1636
922,3713
922,1999
922,2507
923,65
923,5207
923,1000
923,1000
923,1908
923,2173
923,2149
923,5327
923,2122
923,4882
923,1914
923,4883
923,2176
923,671
923,5328
923,5328
923,5329
923,5329
923,1006
923,3002
923,5330
923,5331
923,1008
923,1008
924,319
924,145
924,110
924,332
924,2701
924,65
924,162
924,184
924,258
924,3933
924,121
924,4215
924,195
924,282
924,42
924,211
924,1229
924,220
924,385
924,738
924,310
924,1745
924,1273
924,850
924,226
925,2637
925,1383
925,1383
925,1957
925,325
925,100
925,145
925,145
925,858
925,776
925,1364
925,1085
925,1085
925,967
925,65
925,551
925,715
925,5332
925,5332
925,4947
925,186
925,1622
925,263
925,638
925,268
925,50
925,51
925,717
925,1626
925,3057
925,3116
925,2520
925,2520
925,165
925,165
925,5333
925,1823
925,526
925,189
925,189
925,4403
925,1023
925,5334
925,5335
925,5336
925,3138
925,2078
925,1992
925,149
925,758
925,2080
925,428
925,428
925,1633
925,3244
925,4236
925,295
925,5337
925,1838
925,1838
925,4268
925,4098
925,3815
925,511
925,1890
925,1224
925,1224
925,5338
925,930
925,930
925,1397
925,5339
925,4242
925,3246
925,1033
925,385
925,385
925,5340
925,1430
925,1641
925,396
925,396
925,398
925,316
925,772
925,140
925,850
925,404
925,404
925,405
925,3816
926,240
926,158
926,248
926,159
926,145
926,62
926,854
926,332
926,65
926,10
926,599
926,148
926,552
926,2244
926,166
926,121
926,273
926,1023
926,286
926,363
926,211
926,214
926,4860
927,558
927,99
927,101
927,626
927,65
927,87
927,639
927,640
927,72
927,1322
927,77
927,128
927,584
927,667
927,588
927,590
927,1060
927,83
927,678
927,405
928,5341
928,497
928,65
928,745
928,1388
928,11
928,121
928,194
928,131
928,795
928,1005
928,916
928,1393
928,918
928,921
928,5342
928,1006
928,1224
928,436
928,1269
928,136
928,48
928,1297
928,5343
928,394
928,2817
928,520
929,1152
929,1153
929,1300
929,179
929,709
929,684
929,110
929,1156
929,253
929,65
929,749
929,750
929,263
929,1389
929,1158
929,1159
929,166
929,2456
929,1160
929,1828
929,1161
929,277
929,5295
929,2134
929,689
929,753
929,3477
929,3242
929,666
929,1163
929,363
929,365
929,1165
929,372
929,2837
929,1396
929,3901
929,1166
929,308
929,1637
929,214
929,2775
929,1167
929,2427
929,734
929,5156
929,711
929,138
929,1570
930,1200
930,2017
930,1757
930,65
930,1663
930,4558
930,4559
930,3821
930,3822
930,4563
930,132
930,2115
930,1448
930,1945
930,980
931,1241
931,319
931,91
931,91
931,91
931,91
931,1139
931,3508
931,234
931,234
931,234
931,234
931,5344
931,2145
931,1242
931,1242
931,3509
931,158
931,3
931,3
931,159
931,159
931,159
931,324
931,324
931,324
931,324
931,325
931,325
931,325
931,325
931,100
931,100
931,100
931,145
931,145
931,145
931,145
931,145
931,62
931,2111
931,1140
931,1140
931,1140
931,1243
931,327
931,327
931,988
931,1192
931,1183
931,235
931,235
931,235
931,236
931,236
931,236
931,236
931,236
931,1245
931,1961
931,1246
931,1247
931,329
931,108
931,108
931,108
931,108
931,108
931,1248
931,1248
931,1248
931,1249
931,1250
931,709
931,2622
931,63
931,63
931,110
931,332
931,332
931,4177
931,565
931,65
931,65
931,65
931,65
931,65
931,65
931,111
931,111
931,111
931,111
931,333
931,333
931,255
931,255
931,2003
931,2003
931,162
931,162
931,162
931,162
931,10
931,10
931,3080
931,1251
931,1251
931,1251
931,1598
931,184
931,184
931,335
931,3563
931,186
931,262
931,262
931,1253
931,4435
931,237
931,2750
931,2750
931,2445
931,456
931,1254
931,1254
931,1254
931,1255
931,1255
931,187
931,187
931,3564
931,906
931,5345
931,1256
931,1256
931,1256
931,1143
931,1143
931,1143
931,3566
931,3566
931,117
931,117
931,4561
931,1257
931,1021
931,1144
931,1144
931,3510
931,989
931,3598
931,2791
931,5317
931,166
931,1145
931,1145
931,121
931,121
931,3567
931,880
931,880
931,880
931,1146
931,1258
931,276
931,168
931,233
931,233
931,1259
931,1260
931,3569
931,427
931,33
931,1972
931,4708
931,691
931,2570
931,893
931,893
931,35
931,35
931,35
931,35
931,35
931,149
931,1261
931,445
931,757
931,757
931,2471
931,2471
931,666
931,666
931,1884
931,171
931,171
931,171
931,171
931,131
931,53
931,53
931,916
931,362
931,203
931,488
931,1147
931,1147
931,295
931,4616
931,1395
931,1148
931,1148
931,2010
931,134
931,134
931,300
931,801
931,3452
931,5346
931,41
931,1224
931,1224
931,927
931,1263
931,616
931,304
931,378
931,378
931,306
931,306
931,306
931,306
931,470
931,211
931,1264
931,1149
931,1265
931,1449
931,1150
931,1150
931,215
931,215
931,135
931,5347
931,3572
931,1268
931,2755
931,2755
931,473
931,473
931,473
931,1269
931,1151
931,1151
931,136
931,218
931,218
931,137
931,219
931,220
931,385
931,385
931,537
931,4635
931,59
931,984
931,394
931,154
931,154
931,154
931,1272
931,398
931,398
931,316
931,316
931,316
931,317
931,3573
931,1273
931,1274
931,864
931,864
931,141
931,141
931,1275
931,406
931,452
931,452
931,452
931,1276
931,408
931,517
931,517
931,517
931,517
931,517
931,230
931,1277
931,1277
931,985
931,3027
931,519
931,1236
931,1278
931,851
931,1280
931,1280
931,1281
931,1282
931,876
931,876
931,454
932,318
932,867
932,2765
932,1363
932,100
932,5348
932,180
932,5349
932,65
932,334
932,184
932,336
932,4828
932,2301
932,121
932,1261
932,356
932,2543
932,3750
932,796
932,919
932,1801
932,1802
932,3948
932,924
932,4107
932,925
932,3276
932,2836
932,845
932,764
932,153
932,5350
932,213
932,813
932,2846
932,1841
932,1231
932,536
932,220
932,2108
932,702
932,1034
932,2428
932,396
932,1233
932,5351
932,2295
932,223
932,850
932,155
932,2163
932,1746
932,707
932,4689
932,227
932,412
933,318
933,318
933,144
933,2111
933,2111
933,105
933,147
933,744
933,5352
933,5352
933,65
933,2003
933,256
933,963
933,268
933,2074
933,2658
933,2658
933,5257
933,5257
933,3740
933,2301
933,345
933,2077
933,5353
933,1737
933,2080
933,1586
933,1214
933,199
933,131
933,4255
933,4255
933,2543
933,2083
933,921
933,921
933,1006
933,1006
933,2545
933,2545
933,1223
933,1223
933,1224
933,1224
933,928
933,5181
933,5181
933,213
933,308
933,385
933,396
933,138
933,138
933,1189
933,222
933,1299
933,520
933,520
934,712
934,596
934,839
934,960
934,65
934,1388
934,504
934,506
934,4253
934,4098
934,883
934,531
934,2324
934,304
934,5354
934,1635
934,135
934,1231
934,384
934,1296
934,220
934,1044
934,514
934,138
934,140
934,404
934,1299
934,521
935,2064
935,1360
935,560
935,2847
935,4048
935,562
935,1522
935,99
935,99
935,232
935,324
935,325
935,325
935,100
935,415
935,415
935,145
935,145
935,145
935,5355
935,5355
935,61
935,62
935,936
935,936
935,936
935,160
935,1192
935,2866
935,2866
935,63
935,63
935,8
935,65
935,65
935,687
935,687
935,5208
935,5356
935,260
935,13
935,188
935,188
935,188
935,68
935,68
935,148
935,148
935,148
935,640
935,641
935,641
935,643
935,70
935,70
935,20
935,20
935,1664
935,1664
935,1439
935,2916
935,4004
935,2068
935,1413
935,1414
935,2190
935,2552
935,1292
935,27
935,77
935,690
935,690
935,238
935,577
935,577
935,1402
935,1402
935,78
935,88
935,5357
935,584
935,35
935,35
935,35
935,149
935,149
935,149
935,149
935,446
935,446
935,446
935,5098
935,4340
935,667
935,667
935,428
935,586
935,5132
935,4388
935,4388
935,292
935,82
935,5104
935,55
935,55
935,55
935,812
935,308
935,308
935,952
935,952
935,83
935,83
935,83
935,83
935,4307
935,3775
935,154
935,154
935,154
935,155
935,155
935,405
935,517
935,517
935,230
935,230
935,3186
936,87
936,87
936,5269
936,2764
936,52
936,648
936,975
936,1320
936,88
936,3178
936,3178
936,132
936,133
936,54
936,1306
936,731
936,387
936,387
936,1065
936,59
936,2547
936,2612
937,2063
937,1754
937,838
937,713
937,248
937,144
937,249
937,159
937,324
937,325
937,415
937,61
937,859
937,1183
937,1183
937,147
937,565
937,8
937,65
937,112
937,335
937,2561
937,2057
937,265
937,1411
937,1439
937,343
937,4004
937,121
937,880
937,880
937,2904
937,4005
937,4005
937,2853
937,78
937,35
937,149
937,445
937,446
937,692
937,2060
937,150
937,131
937,1129
937,994
937,370
937,729
937,208
937,211
937,211
937,308
937,1229
937,220
937,549
937,387
937,1065
937,59
937,154
937,141
937,3004
937,406
937,452
937,1178
937,517
938,626
938,1085
938,87
938,457
938,459
938,941
938,166
938,2457
938,3160
938,29
938,426
938,1556
938,3242
938,5358
938,871
938,1635
938,3711
938,59
938,3532
938,864
938,2507
938,5359
939,853
939,2512
939,2
939,5360
939,159
939,102
939,1086
939,65
939,65
939,10
939,1435
939,961
939,1399
939,635
939,339
939,781
939,1389
939,503
939,2370
939,2269
939,121
939,125
939,2271
939,689
939,5361
939,2527
939,792
939,916
939,797
939,918
939,2597
939,2281
939,2725
939,2250
939,1058
939,616
939,2126
939,812
939,211
939,213
939,1265
939,1376
939,214
939,1229
939,4307
939,218
939,384
939,220
939,2108
939,738
939,310
939,310
939,822
939,770
939,138
939,2209
939,1485
939,140
939,1595
939,223
939,85
939,155
939,406
939,2164
940,853
940,172
940,1896
940,159
940,159
940,324
940,324
940,325
940,325
940,145
940,145
940,62
940,63
940,65
940,632
940,687
940,3011
940,718
940,552
940,552
940,343
940,166
940,880
940,880
940,277
940,277
940,5362
940,3086
940,3897
940,2588
940,131
940,131
940,2812
940,2812
940,1719
940,2086
940,1839
940,884
940,812
940,211
940,211
940,308
940,308
940,136
940,220
940,59
940,140
940,230
940,1009
941,320
941,2063
941,2063
941,2064
941,1013
941,1154
941,3165
941,838
941,838
941,99
941,249
941,159
941,324
941,324
941,325
941,325
941,101
941,145
941,145
941,8
941,65
941,714
941,3171
941,13
941,266
941,718
941,1133
941,1144
941,2068
941,2068
941,2150
941,880
941,3253
941,277
941,277
941,3433
941,238
941,2124
941,2124
941,5271
941,35
941,35
941,149
941,445
941,1513
941,1294
941,3434
941,82
941,994
941,468
941,368
941,3119
941,211
941,490
941,308
941,214
941,1065
941,59
941,154
941,517
941,454
941,3186
942,853
942,853
942,1406
942,158
942,2513
942,248
942,248
942,99
942,159
942,159
942,324
942,324
942,101
942,101
942,1783
942,1783
942,109
942,1202
942,1461
942,65
942,334
942,334
942,747
942,337
942,456
942,971
942,749
942,749
942,263
942,638
942,718
942,148
942,552
942,2269
942,121
942,880
942,880
942,277
942,277
942,1024
942,1513
942,3242
942,428
942,131
942,1106
942,430
942,841
942,1312
942,856
942,856
942,1966
942,4236
942,920
942,2812
942,54
942,54
942,55
942,511
942,469
942,469
942,1694
942,208
942,208
942,377
942,606
942,606
942,814
942,308
942,308
942,436
942,214
942,215
942,473
942,218
942,382
942,4193
942,220
942,220
942,2094
942,2094
942,1044
942,311
942,677
942,59
942,397
942,515
942,609
942,140
942,140
942,1235
942,864
942,226
943,232
943,159
943,145
943,87
943,166
943,35
943,149
943,365
943,5363
943,375
943,3480
943,211
943,382
943,59
943,517
943,226
944,110
944,87
944,1254
944,1625
944,648
944,2456
944,1160
944,1303
944,425
944,666
944,132
944,1224
944,1007
944,2607
944,866
944,852
945,319
945,91
945,234
945,100
945,100
945,102
945,103
945,104
945,235
945,108
945,110
945,65
945,111
945,112
945,115
945,119
945,123
945,130
945,35
945,131
945,134
945,55
945,135
945,135
945,136
945,137
945,138
945,140
945,141
945,406
945,452
945,142
945,143
945,1279
946,2047
946,145
946,709
946,110
946,967
946,65
946,5364
946,4066
946,184
946,3703
946,2441
946,3011
946,1142
946,337
946,456
946,1622
946,5365
946,1437
946,718
946,880
946,5366
946,721
946,2077
946,5076
946,4965
946,426
946,666
946,759
946,2084
946,797
946,133
946,531
946,2088
946,846
946,211
946,213
946,308
946,215
946,1639
946,136
946,4193
946,3559
946,386
946,738
946,1429
946,3713
946,59
946,864
946,404
946,866
946,2509
946,852
946,1138
947,2063
947,172
947,172
947,838
947,158
947,713
947,99
947,159
947,159
947,324
947,324
947,563
947,145
947,62
947,62
947,1018
947,1018
947,1192
947,7
947,7
947,63
947,63
947,8
947,8
947,161
947,161
947,65
947,5095
947,268
947,552
947,552
947,1439
947,1439
947,1020
947,4004
947,525
947,74
947,74
947,119
947,166
947,4005
947,4005
947,280
947,3062
947,149
947,149
947,509
947,509
947,363
947,203
947,203
947,213
947,872
947,308
947,308
947,1130
947,1430
947,1298
947,154
947,140
947,407
948,1521
948,1521
948,248
948,248
948,100
948,100
948,101
948,101
948,65
948,1049
948,749
948,749
948,636
948,636
948,861
948,638
948,13
948,1050
948,1050
948,483
948,483
948,718
948,3058
948,3058
948,2068
948,2904
948,2904
948,2552
948,126
948,3176
948,238
948,129
948,3063
948,3063
948,88
948,36
948,467
948,132
948,977
948,133
948,1917
948,1917
948,5367
948,54
948,54
948,2835
948,2835
948,729
948,729
948,42
948,42
948,211
948,211
948,490
948,676
948,676
948,1807
948,1807
948,387
948,387
948,1334
948,517
948,517
948,3185
948,3185
949,1931
949,1573
949,1932
949,65
949,65
949,715
949,715
949,261
949,1933
949,4558
949,4559
949,4560
949,1851
949,1206
949,1934
949,165
949,1159
949,1159
949,1935
949,166
949,1936
949,1937
949,1937
949,1938
949,892
949,1940
949,426
949,2035
949,53
949,363
949,132
949,2115
949,295
949,1942
949,1943
949,1944
949,1945
949,1945
949,1946
949,1852
949,1947
949,1949
949,306
949,1951
949,490
949,1638
949,863
949,1953
949,1151
949,136
949,818
949,311
949,824
949,711
949,711
949,394
949,314
949,1954
949,1954
949,1273
949,1955
949,1854
949,1643
949,1956
949,452
950,318
950,742
950,2513
950,109
950,1731
950,1905
950,5368
950,5369
950,527
950,2932
950,977
950,1769
950,5370
950,211
950,381
950,618
950,389
950,703
950,313
950,515
950,404
950,539
950,2532
950,3734
950,3110
950,1568
950,156
951,1363
951,172
951,2878
951,1040
951,3
951,159
951,159
951,324
951,325
951,100
951,100
951,145
951,145
951,495
951,2879
951,2879
951,160
951,327
951,178
951,2880
951,960
951,542
951,161
951,65
951,632
951,10
951,566
951,256
951,184
951,260
951,337
951,501
951,270
951,270
951,525
951,166
951,1146
951,347
951,614
951,233
951,350
951,527
951,527
951,2526
951,354
951,171
951,428
951,1108
951,1025
951,796
951,365
951,292
951,920
951,1395
951,1395
951,2882
951,434
951,375
951,376
951,2883
951,846
951,211
951,381
951,212
951,213
951,1704
951,1265
951,215
951,215
951,1188
951,2156
951,220
951,549
951,385
951,385
951,537
951,389
951,703
951,399
951,772
951,140
951,402
951,404
951,404
951,141
951,226
951,226
951,2884
951,611
951,612
952,1931
952,1573
952,1932
952,65
952,715
952,2004
952,261
952,1933
952,1851
952,1851
952,1206
952,1437
952,1934
952,165
952,1159
952,1159
952,1602
952,1935
952,1936
952,721
952,1937
952,1937
952,1938
952,892
952,1939
952,1940
952,426
952,53
952,363
952,798
952,295
952,1942
952,5371
952,1943
952,1944
952,1945
952,1946
952,1947
952,1949
952,2735
952,4013
952,306
952,1951
952,490
952,1638
952,863
952,1953
952,1151
952,1151
952,136
952,818
952,736
952,1136
952,310
952,311
952,824
952,824
952,711
952,711
952,394
952,314
952,314
952,1954
952,1642
952,1273
952,1955
952,1854
952,1643
952,1956
952,452
953,239
953,558
953,2180
953,172
953,144
953,159
953,159
953,100
953,100
953,145
953,145
953,877
953,3296
953,3296
953,744
953,744
953,839
953,1574
953,65
953,10
953,10
953,163
953,334
953,599
953,963
953,501
953,148
953,543
953,1133
953,121
953,1193
953,5372
953,5295
953,168
953,1402
953,2711
953,1513
953,1514
953,282
953,198
953,1348
953,5296
953,428
953,357
953,429
953,131
953,796
953,856
953,856
953,1350
953,920
953,468
953,468
953,2320
953,370
953,1519
953,1519
953,41
953,884
953,532
953,5297
953,375
953,616
953,377
953,377
953,210
953,2546
953,846
953,211
953,211
953,5085
953,212
953,436
953,214
953,382
953,384
953,220
953,537
953,389
953,2117
953,59
953,313
953,138
953,316
953,515
953,140
953,140
953,1235
953,1235
953,520
954,239
954,2768
954,241
954,1408
954,5373
954,2818
954,100
954,415
954,415
954,596
954,1201
954,1201
954,5374
954,960
954,1202
954,253
954,87
954,10
954,1341
954,5375
954,335
954,4947
954,599
954,336
954,187
954,263
954,13
954,1344
954,1389
954,5057
954,119
954,119
954,721
954,1415
954,2190
954,3060
954,277
954,1208
954,1097
954,1474
954,353
954,5376
954,4184
954,692
954,2222
954,2222
954,841
954,693
954,1116
954,363
954,363
954,363
954,365
954,365
954,1217
954,5377
954,82
954,1129
954,1701
954,4268
954,55
954,5378
954,375
954,304
954,214
954,837
954,837
954,1841
954,1807
954,2873
954,218
954,384
954,385
954,702
954,770
954,1485
954,4284
954,741
954,708
954,410
955,1139
955,1139
955,1242
955,1242
955,158
955,173
955,3
955,3
955,159
955,159
955,324
955,324
955,324
955,325
955,325
955,325
955,100
955,100
955,100
955,145
955,145
955,145
955,1140
955,327
955,327
955,236
955,1247
955,1141
955,332
955,65
955,333
955,333
955,162
955,162
955,10
955,10
955,184
955,262
955,262
955,906
955,1143
955,1143
955,503
955,1021
955,1021
955,1144
955,1144
955,1145
955,1146
955,1146
955,277
955,35
955,35
955,757
955,757
955,171
955,171
955,171
955,53
955,53
955,1147
955,1147
955,5379
955,1148
955,1148
955,2250
955,378
955,378
955,306
955,306
955,1149
955,1150
955,1150
955,1151
955,218
955,137
955,1136
955,154
955,154
955,2252
955,139
955,316
955,316
955,141
955,141
955,408
955,408
955,517
955,517
955,1236
955,1279
955,1279
955,1358
956,524
956,3882
956,145
956,858
956,65
956,1133
956,1159
956,525
956,166
956,1631
956,3008
956,3024
956,5028
956,1397
956,1032
956,732
956,1065
956,3435
956,5380
956,3026
956,1138
957,1075
957,561
957,2847
957,713
957,248
957,1041
957,1457
957,232
957,159
957,159
957,159
957,159
957,325
957,100
957,100
957,563
957,563
957,563
957,415
957,2973
957,1191
957,1191
957,1017
957,1017
957,1017
957,541
957,626
957,626
957,4984
957,331
957,5381
957,5382
957,2974
957,565
957,565
957,565
957,565
957,253
957,8
957,87
957,87
957,87
957,1157
957,5383
957,1169
957,2167
957,482
957,483
957,270
957,270
957,1019
957,2657
957,68
957,1905
957,1905
957,5384
957,568
957,568
957,568
957,568
957,2449
957,543
957,543
957,1020
957,1020
957,1144
957,2908
957,879
957,119
957,119
957,1468
957,1825
957,120
957,120
957,1042
957,1042
957,1134
957,166
957,2975
957,5385
957,2168
957,2168
957,424
957,424
957,424
957,2217
957,1796
957,5386
957,5386
957,5386
957,2041
957,280
957,28
957,5387
957,5388
957,1023
957,1023
957,2137
957,1071
957,2169
957,2169
957,2169
957,2468
957,1099
957,1831
957,1831
957,88
957,88
957,4312
957,36
957,1025
957,1025
957,1025
957,1025
957,1025
957,286
957,203
957,4503
957,5389
957,5389
957,1361
957,5390
957,809
957,5391
957,2171
957,2071
957,136
957,47
957,2875
957,5392
957,4506
957,4507
957,2095
957,2095
957,3420
957,2876
957,2876
957,2876
957,1137
957,1538
957,1538
957,5393
957,538
957,538
957,1485
957,90
957,1564
957,2102
958,1979
958,159
958,900
958,332
958,967
958,87
958,1981
958,1982
958,1983
958,1962
958,749
958,338
958,1985
958,1602
958,721
958,1987
958,1988
958,79
958,1991
958,196
958,1994
958,1995
958,1163
958,671
958,1685
958,871
958,728
958,1686
958,1426
958,1998
958,315
958,2000
958,409
959,319
959,319
959,319
959,234
959,1814
959,900
959,1573
959,102
959,236
959,1248
959,744
959,180
959,65
959,65
959,65
959,1388
959,1388
959,834
959,687
959,969
959,1184
959,1184
959,268
959,268
959,165
959,1287
959,2791
959,1193
959,5394
959,1987
959,352
959,3607
959,1830
959,195
959,35
959,282
959,196
959,2593
959,791
959,1348
959,508
959,228
959,199
959,131
959,3750
959,201
959,796
959,82
959,918
959,918
959,919
959,1372
959,1802
959,921
959,4347
959,1742
959,1262
959,1262
959,2250
959,1804
959,372
959,531
959,4257
959,41
959,928
959,3427
959,532
959,532
959,449
959,375
959,375
959,304
959,730
959,730
959,730
959,435
959,450
959,306
959,212
959,813
959,813
959,451
959,932
959,220
959,220
959,933
959,385
959,4635
959,829
959,316
959,1811
959,2817
959,224
959,2000
959,708
959,454
959,156
960,2878
960,324
960,325
960,145
960,3256
960,1017
960,1284
960,333
960,87
960,5395
960,188
960,270
960,270
960,1092
960,2520
960,543
960,543
960,1020
960,879
960,166
960,2190
960,5396
960,424
960,424
960,690
960,753
960,753
960,545
960,545
960,4071
960,755
960,88
960,4267
960,287
960,363
960,365
960,82
960,548
960,5397
960,222
961,4274
961,4274
961,65
961,2567
961,4955
961,5191
961,671
961,3491
961,5398
961,5398
961,4331
961,494
962,318
962,853
962,234
962,246
962,713
962,159
962,159
962,324
962,324
962,100
962,145
962,145
962,62
962,5399
962,4175
962,890
962,628
962,628
962,960
962,65
962,183
962,163
962,834
962,115
962,115
962,1253
962,3541
962,188
962,552
962,3128
962,1021
962,345
962,166
962,1145
962,121
962,4243
962,1752
962,277
962,835
962,280
962,894
962,282
962,131
962,131
962,359
962,363
962,856
962,4245
962,211
962,214
962,220
962,385
962,385
962,438
962,313
962,850
962,230
963,1407
963,172
963,1013
963,159
963,159
963,324
963,100
963,145
963,145
963,62
963,62
963,1017
963,1018
963,147
963,332
963,161
963,87
963,10
963,10
963,5400
963,260
963,263
963,4515
963,552
963,552
963,3116
963,504
963,601
963,166
963,277
963,752
963,690
963,577
963,4526
963,286
963,286
963,362
963,2331
963,211
963,766
963,308
963,308
963,548
963,538
963,515
963,772
963,772
963,516
963,610
963,406
964,173
964,173
964,3
964,159
964,159
964,324
964,100
964,100
964,145
964,62
964,62
964,327
964,1750
964,1141
964,179
964,960
964,110
964,65
964,3335
964,834
964,335
964,260
964,263
964,148
964,2301
964,165
964,504
964,1468
964,166
964,974
964,974
964,190
964,277
964,78
964,5401
964,357
964,131
964,131
964,693
964,693
964,363
964,203
964,203
964,762
964,920
964,370
964,300
964,300
964,3523
964,1753
964,375
964,375
964,378
964,211
964,211
964,213
964,929
964,308
964,308
964,214
964,136
964,218
964,219
964,1033
964,1033
964,220
964,385
964,386
964,221
964,770
964,711
964,711
964,313
964,396
964,396
964,154
964,154
964,397
964,515
964,609
964,609
964,771
964,140
964,440
964,1067
964,741
964,5081
964,3993
964,155
964,1178
964,708
964,708
964,226
964,226
964,1398
964,521
964,521
964,611
965,318
965,853
965,867
965,2941
965,158
965,144
965,324
965,100
965,145
965,877
965,1573
965,1869
965,2359
965,744
965,709
965,180
965,110
965,110
965,2300
965,8
965,65
965,1661
965,10
965,10
965,334
965,334
965,184
965,184
965,1983
965,258
965,337
965,337
965,1205
965,1205
965,115
965,963
965,264
965,264
965,3541
965,4832
965,2448
965,165
965,165
965,1734
965,1601
965,1601
965,5402
965,525
965,525
965,5403
965,121
965,4152
965,3706
965,3706
965,3139
965,426
965,5404
965,5405
965,428
965,2872
965,5406
965,796
965,1610
965,977
965,4236
965,133
965,1240
965,920
965,920
965,1006
965,1006
965,2545
965,2545
965,379
965,812
965,812
965,1967
965,1967
965,1703
965,1997
965,1997
965,381
965,212
965,212
965,213
965,213
965,1968
965,930
965,3456
965,1450
965,4857
965,732
965,136
965,136
965,536
965,218
965,137
965,384
965,384
965,734
965,385
965,385
965,739
965,388
965,1429
965,221
965,311
965,1297
965,1297
965,770
965,740
965,1563
965,313
965,5407
965,1810
965,608
965,608
965,154
965,154
965,1272
965,138
965,138
965,850
965,850
965,155
965,708
965,225
965,225
965,4928
965,520
965,520
965,1009
965,49
965,49
965,1568
965,1568
965,156
965,156
966,1961
966,108
966,1248
966,65
966,567
966,1254
966,1255
966,3565
966,421
966,3566
966,166
966,880
966,426
966,88
966,1106
966,430
966,82
966,589
966,1395
966,3571
966,1685
966,469
966,2571
966,2572
967,319
967,713
967,173
967,232
967,159
967,324
967,145
967,327
967,5408
967,65
967,268
967,165
967,166
967,167
967,2800
967,426
967,727
967,757
967,356
967,1348
967,553
967,378
967,305
967,4192
967,218
967,384
967,220
967,385
967,739
967,138
967,222
967,223
967,155
967,5409
967,851
967,1280
967,156
968,98
968,838
968,1522
968,1522
968,324
968,325
968,859
968,2866
968,839
968,63
968,8
968,65
968,65
968,1157
968,10
968,1662
968,13
968,13
968,482
968,5410
968,1411
968,483
968,718
968,164
968,3057
968,342
968,166
968,2843
968,721
968,5411
968,126
968,5412
968,238
968,78
968,528
968,88
968,33
968,82
968,5104
968,1326
968,2666
968,4615
968,4615
968,55
968,2836
968,42
968,4430
968,44
968,136
968,3377
968,59
968,3383
968,957
968,517
968,517
968,3186
969,713
969,713
969,159
969,159
969,324
969,324
969,325
969,100
969,100
969,563
969,145
969,145
969,61
969,62
969,62
969,175
969,1192
969,1247
969,1247
969,1141
969,1141
969,63
969,63
969,110
969,110
969,8
969,161
969,65
969,632
969,632
969,1157
969,163
969,3727
969,748
969,3030
969,4295
969,1699
969,4468
969,148
969,148
969,552
969,165
969,1144
969,1712
969,121
969,277
969,1322
969,168
969,168
969,2558
969,351
969,35
969,35
969,149
969,149
969,171
969,357
969,3068
969,1025
969,2084
969,365
969,5413
969,55
969,55
969,531
969,375
969,375
969,306
969,606
969,211
969,213
969,213
969,535
969,535
969,3075
969,218
969,1705
969,220
969,220
969,313
969,313
969,396
969,772
969,5414
969,2161
969,404
969,404
969,226
970,853
970,2693
970,1571
970,1596
970,2694
970,3
970,324
970,325
970,100
970,415
970,62
970,900
970,2574
970,103
970,2695
970,2576
970,1183
970,235
970,628
970,177
970,2696
970,777
970,744
970,331
970,709
970,2697
970,2698
970,63
970,2699
970,2700
970,110
970,181
970,2701
970,967
970,333
970,714
970,2439
970,10
970,2410
970,1435
970,613
970,1399
970,335
970,2018
970,2567
970,2702
970,187
970,2581
970,263
970,264
970,458
970,2703
970,459
970,906
970,50
970,444
970,891
970,2704
970,1319
970,342
970,2705
970,343
970,2706
970,2707
970,119
970,2215
970,2708
970,721
970,2709
970,2710
970,422
970,276
970,2271
970,690
970,2711
970,2712
970,2713
970,2714
970,1915
970,352
970,2715
970,1391
970,1830
970,195
970,2716
970,2717
970,2718
970,2719
970,2720
970,2721
970,196
970,791
970,1214
970,1421
970,1293
970,199
970,131
970,1994
970,1025
970,669
970,2340
970,2722
970,201
970,2474
970,760
970,796
970,287
970,290
970,364
970,204
970,977
970,2723
970,2724
970,133
970,920
970,369
970,134
970,370
970,54
970,2725
970,845
970,41
970,1224
970,2726
970,1263
970,2727
970,375
970,376
970,210
970,380
970,1635
970,42
970,211
970,1703
970,607
970,813
970,1636
970,887
970,930
970,135
970,1638
970,701
970,817
970,676
970,2728
970,137
970,383
970,384
970,1893
970,734
970,1296
970,1033
970,220
970,737
970,386
970,738
970,1064
970,1594
970,2351
970,1429
970,310
970,2729
970,822
970,1065
970,390
970,677
970,391
970,770
970,740
970,823
970,2730
970,59
970,313
970,154
970,2606
970,400
970,2294
970,222
970,850
970,404
970,406
970,707
970,230
970,225
970,518
970,227
970,156
971,2971
971,319
971,1711
971,1618
971,1618
971,159
971,100
971,145
971,4
971,3421
971,235
971,2263
971,2359
971,2360
971,1085
971,1085
971,1085
971,1085
971,1085
971,87
971,87
971,87
971,87
971,87
971,1621
971,2003
971,500
971,1788
971,115
971,1253
971,456
971,457
971,457
971,457
971,458
971,458
971,459
971,459
971,941
971,941
971,941
971,941
971,941
971,268
971,268
971,4067
971,1547
971,1318
971,1905
971,5415
971,5415
971,345
971,166
971,166
971,880
971,880
971,2457
971,2457
971,2457
971,2457
971,1161
971,5416
971,909
971,3160
971,3160
971,3160
971,3160
971,3160
971,280
971,128
971,29
971,29
971,29
971,3669
971,1988
971,2412
971,1991
971,3708
971,426
971,88
971,88
971,33
971,4095
971,149
971,1556
971,1556
971,1556
971,1556
971,445
971,37
971,2193
971,665
971,665
971,665
971,665
971,665
971,2471
971,3242
971,3242
971,3242
971,3354
971,2625
971,666
971,666
971,666
971,5417
971,5417
971,5417
971,3431
971,131
971,131
971,2007
971,3424
971,82
971,82
971,132
971,132
971,2478
971,1519
971,1634
971,1720
971,1685
971,871
971,871
971,871
971,896
971,1058
971,3902
971,304
971,304
971,3201
971,1635
971,1635
971,1635
971,1635
971,1635
971,1635
971,215
971,215
971,491
971,491
971,491
971,817
971,136
971,136
971,136
971,136
971,2498
971,438
971,89
971,89
971,89
971,59
971,59
971,2406
971,3532
971,3532
971,475
971,774
971,864
971,864
971,405
971,1299
971,1299
971,1646
971,1646
971,1646
971,1646
971,1646
971,230
971,225
971,2507
971,2507
971,2507
971,2507
971,2508
971,2508
971,2508
971,2508
971,49
971,1010
971,5418
971,3154
971,2612
972,87
972,87
972,1089
972,4746
972,1412
972,276
972,1114
972,202
972,553
972,203
972,204
972,204
972,1308
973,319
973,100
973,145
973,858
973,65
973,1388
973,1871
973,3011
973,1142
973,340
973,340
973,121
973,721
973,5058
973,2525
973,1554
973,1554
973,666
973,666
973,2080
973,1586
973,428
973,428
973,131
973,131
973,1633
973,2274
973,1129
973,3358
973,4256
973,5419
973,372
973,372
973,1396
973,1396
973,376
973,1073
973,211
973,607
973,1007
973,732
973,136
973,218
973,677
973,3713
973,406
973,3560
973,3921
973,866
973,3460
973,2509
973,2509
973,852
973,852
973,1138
974,1971
974,1850
974,87
974,4159
974,1320
974,5420
974,4579
974,2832
974,4133
974,5421
974,5097
974,37
974,1670
974,228
974,5422
974,3424
974,5423
974,4759
974,4759
974,2802
974,5039
974,5424
974,5425
974,5426
974,1563
974,139
974,2102
974,1358
974,1358
974,2045
974,5101
974,876
975,3481
975,1959
975,2794
975,329
975,1248
975,3011
975,1986
975,3482
975,2581
975,263
975,2703
975,1389
975,1934
975,1159
975,1601
975,1602
975,721
975,287
975,290
975,977
975,3483
975,3484
975,3485
975,41
975,1224
975,3486
975,2489
975,308
975,3487
975,1953
975,473
975,136
975,3488
975,439
976,1931
976,1573
976,1932
976,65
976,715
976,3011
976,261
976,1933
976,1851
976,1206
976,1934
976,165
976,1159
976,1159
976,1935
976,121
976,1936
976,1937
976,1938
976,892
976,1940
976,53
976,1163
976,363
976,295
976,1942
976,1943
976,1944
976,1945
976,1946
976,1852
976,1947
976,4013
976,306
976,1951
976,490
976,1638
976,309
976,1953
976,1151
976,136
976,818
976,1136
976,311
976,824
976,711
976,711
976,394
976,314
976,314
976,1954
976,1273
976,1955
976,1854
976,1643
976,1956
976,452
977,635
977,263
977,3379
977,3381
977,3382
978,1931
978,1573
978,1932
978,65
978,715
978,261
978,1933
978,1851
978,1206
978,1389
978,718
978,1934
978,1934
978,165
978,1159
978,1159
978,1935
978,121
978,1936
978,721
978,1937
978,1938
978,892
978,1939
978,1940
978,53
978,1163
978,363
978,295
978,1941
978,1942
978,1943
978,1944
978,1945
978,1946
978,1852
978,1947
978,1949
978,2735
978,306
978,1951
978,490
978,1638
978,1953
978,1151
978,1151
978,136
978,818
978,1136
978,310
978,311
978,824
978,711
978,711
978,394
978,314
978,1954
978,1954
978,1273
978,1955
978,1854
978,1854
978,1643
978,1956
978,452
979,4327
979,5427
979,1960
979,628
979,65
979,4328
979,636
979,266
979,942
979,5428
979,2705
979,462
979,4329
979,4329
979,893
979,950
979,950
979,5429
979,671
979,4330
979,4330
979,3399
979,978
979,5430
979,979
979,4331
979,3928
979,3366
979,4332
980,157
980,1013
980,713
980,160
980,1018
980,542
980,65
980,335
980,599
980,270
980,504
980,166
980,508
980,1312
980,362
980,293
980,369
980,211
980,212
980,1130
980,136
980,219
980,549
980,385
980,391
980,313
980,141
980,406
980,226
981,87
981,87
981,5431
981,5431
981,1053
981,2335
981,5432
981,2316
981,2342
981,468
981,3452
981,4676
981,5433
982,87
982,4746
982,1389
982,3153
982,5434
983,319
983,5435
983,5435
983,4678
983,1363
983,323
983,100
983,145
983,5436
983,833
983,833
983,833
983,2397
983,103
983,1783
983,327
983,1247
983,1247
983,2262
983,1340
983,1340
983,330
983,1141
983,1365
983,110
983,779
983,181
983,65
983,87
983,87
983,598
983,335
983,335
983,335
983,335
983,5437
983,501
983,600
983,600
983,345
983,2268
983,2772
983,121
983,121
983,3743
983,3743
983,3744
983,123
983,1193
983,2982
983,2982
983,3397
983,3397
983,786
983,5438
983,422
983,422
983,3136
983,5439
983,2463
983,2890
983,2401
983,5440
983,4938
983,4938
983,1370
983,195
983,195
983,2720
983,355
983,2080
983,1586
983,1586
983,5441
983,791
983,1214
983,508
983,2403
983,2403
983,3786
983,199
983,2594
983,5442
983,363
983,363
983,363
983,293
983,1055
983,2106
983,5443
983,2008
983,2812
983,510
983,511
983,2545
983,372
983,372
983,372
983,1223
983,1223
983,532
983,532
983,532
983,532
983,2600
983,2600
983,375
983,375
983,377
983,377
983,3149
983,5444
983,4047
983,1703
983,1703
983,1703
983,1703
983,1703
983,3131
983,213
983,607
983,535
983,1704
983,765
983,765
983,930
983,1376
983,1376
983,308
983,215
983,1229
983,437
983,767
983,136
983,136
983,136
983,136
983,218
983,218
983,220
983,385
983,385
983,385
983,702
983,702
983,389
983,703
983,823
983,966
983,3365
983,396
983,396
983,154
983,138
983,316
983,316
983,316
983,317
983,1595
983,1595
983,1235
983,402
983,402
983,402
983,1355
983,1355
983,155
983,155
983,404
983,404
983,2163
983,2163
983,1847
983,2776
983,2389
983,708
983,708
983,230
983,1037
983,5445
983,5445
983,3962
983,2110
983,2110
983,2110
983,2533
983,2533
983,156
984,65
984,4559
984,5135
984,2115
984,1945
984,3996
985,61
985,936
985,63
985,87
985,67
985,68
985,20
985,1326
985,155
986,1573
986,778
986,65
986,5446
986,788
986,789
986,5078
986,804
986,3695
986,808
986,809
986,3696
986,5154
986,1151
986,383
986,818
986,1136
986,2178
986,770
986,1745
986,4350
986,1955
987,524
987,232
987,324
987,65
987,333
987,714
987,1511
987,1439
987,2068
987,121
987,5162
987,3000
987,3066
987,363
987,994
987,5447
987,55
987,1265
987,214
987,230
988,158
988,158
988,144
988,4587
988,324
988,5448
988,1900
988,1202
988,1976
988,1976
988,1203
988,8
988,8
988,65
988,9
988,9
988,185
988,11
988,4756
988,4756
988,5449
988,5449
988,3173
988,3173
988,5450
988,268
988,268
988,4354
988,4354
988,4693
988,2819
988,4369
988,166
988,5230
988,4521
988,577
988,577
988,1586
988,131
988,5451
988,5451
988,5452
988,917
988,5453
988,5453
988,286
988,82
988,5454
988,3450
988,3450
988,1395
988,3360
988,2277
988,5455
988,3451
988,3451
988,5456
988,5457
988,4628
988,931
988,308
988,308
988,215
988,5458
988,955
988,955
988,1232
988,1232
988,2108
988,2108
988,4922
988,2388
988,620
988,620
989,624
989,1015
989,2779
989,62
989,1459
989,1459
989,626
989,63
989,565
989,565
989,333
989,87
989,1087
989,1087
989,636
989,264
989,3924
989,638
989,13
989,188
989,1092
989,1092
989,1092
989,484
989,484
989,1019
989,1019
989,1019
989,342
989,343
989,990
989,1468
989,1468
989,1468
989,975
989,190
989,190
989,2709
989,1911
989,5459
989,1472
989,2305
989,752
989,1775
989,128
989,1098
989,1098
989,1023
989,1023
989,1478
989,2306
989,36
989,36
989,1481
989,287
989,1116
989,1422
989,2307
989,289
989,289
989,290
989,290
989,488
989,488
989,3925
989,1117
989,1117
989,1117
989,1351
989,1351
989,1351
989,2230
989,2230
989,3926
989,2308
989,84
989,1176
989,2309
989,3474
989,771
989,477
989,231
990,5460
990,5152
990,2129
990,65
990,87
990,87
990,834
990,834
990,834
990,121
990,121
990,3626
990,3626
990,4251
990,4251
990,3784
990,1193
990,1193
990,192
990,192
990,192
990,1791
990,1793
990,1794
990,1794
990,1305
990,4909
990,2642
990,689
990,2643
990,4952
990,2902
990,5461
990,5462
990,4406
990,3629
990,3786
990,5463
990,82
990,1394
990,3022
990,5464
990,510
990,4113
990,3788
990,3788
990,1685
990,728
990,1686
990,1307
990,1426
990,1426
990,1308
990,58
990,58
990,58
990,966
990,154
990,4914
990,406
990,4791
990,4716
990,412
990,412
991,4048
991,93
991,160
991,1046
991,65
991,566
991,5465
991,2011
991,113
991,1169
991,1169
991,2012
991,640
991,3931
991,19
991,3681
991,2328
991,5466
991,77
991,1775
991,128
991,169
991,88
991,3769
991,5467
991,1171
991,1171
991,3066
991,667
991,5468
991,133
991,1060
991,952
991,1334
991,1334
992,91
992,100
992,100
992,100
992,145
992,145
992,102
992,103
992,103
992,104
992,108
992,109
992,179
992,63
992,442
992,110
992,65
992,65
992,111
992,112
992,112
992,112
992,443
992,687
992,115
992,1821
992,444
992,117
992,119
992,121
992,123
992,5197
992,130
992,35
992,35
992,149
992,445
992,37
992,37
992,1670
992,446
992,228
992,131
992,82
992,447
992,134
992,55
992,1262
992,672
992,448
992,56
992,229
992,450
992,381
992,135
992,135
992,135
992,135
992,451
992,1151
992,136
992,1808
992,137
992,59
992,394
992,138
992,316
992,140
992,404
992,141
992,406
992,452
992,452
992,142
992,142
992,230
992,230
992,225
992,143
992,453
993,1959
993,4117
993,65
993,5027
993,861
993,421
993,3443
993,1906
993,426
993,5469
993,1106
993,430
993,1920
994,1931
994,1573
994,1932
994,65
994,715
994,261
994,1933
994,1851
994,1206
994,1934
994,165
994,1159
994,1159
994,1935
994,1936
994,1937
994,1938
994,892
994,1940
994,53
994,363
994,3289
994,295
994,1942
994,1943
994,1944
994,1945
994,1946
994,1947
994,3995
994,1949
994,1950
994,2735
994,306
994,1951
994,490
994,1637
994,1638
994,1953
994,1151
994,1151
994,136
994,818
994,311
994,824
994,711
994,711
994,394
994,314
994,1954
994,1642
994,1273
994,1955
994,1854
994,1643
994,1956
994,452
995,144
995,159
995,324
995,100
995,3052
995,8
995,87
995,941
995,2904
995,1775
995,127
995,426
995,82
995,1327
996,87
996,132
996,2115
996,4008
996,1945
996,980
997,1013
997,173
997,1924
997,159
997,324
997,145
997,1961
997,565
997,161
997,65
997,551
997,184
997,599
997,567
997,3172
997,1092
997,148
997,20
997,1439
997,2058
997,2068
997,504
997,166
997,880
997,2552
997,277
997,690
997,2124
997,446
997,150
997,1106
997,430
997,994
997,2835
997,308
997,517
997,230
998,232
998,324
998,100
998,145
998,1017
998,1365
998,65
998,256
998,270
998,166
998,765
998,384
998,396
998,316
998,222
998,620
999,319
999,158
999,144
999,324
999,100
999,100
999,2111
999,2111
999,105
999,564
999,2359
999,744
999,903
999,903
999,3252
999,2072
999,2072
999,65
999,65
999,10
999,10
999,715
999,334
999,5470
999,3155
999,4265
999,50
999,340
999,5471
999,4266
999,4266
999,908
999,4006
999,345
999,1162
999,1162
999,2634
999,2541
999,881
999,3222
999,2078
999,3607
999,195
999,5472
999,5077
999,913
999,913
999,1585
999,914
999,4255
999,201
999,1588
999,3449
999,918
999,920
999,921
999,921
999,922
999,922
999,3199
999,4269
999,41
999,928
999,5473
999,532
999,2417
999,764
999,5474
999,5181
999,4270
999,1805
999,1805
999,42
999,5475
999,214
999,215
999,135
999,137
999,384
999,1296
999,1044
999,537
999,1594
999,310
999,2388
999,2388
999,1297
999,58
999,396
999,396
999,316
999,2554
999,140
999,140
999,222
999,155
999,224
999,1299
999,1299
999,225
999,520
999,156
1000,325
1000,100
1000,145
1000,1243
1000,65
1000,747
1000,5476
1000,343
1000,1911
1000,352
1000,196
1000,228
1000,1481
1000,287
1000,290
1000,2098
1000,2100
1000,2288
1000,59
1000,59
1000,1722
1000,4736
1000,406
1000,452
1000,142
1000,2102
1000,1358
1001,65
1001,59
1001,1722
1002,65
1002,59
1003,172
1003,248
1003,3
1003,159
1003,324
1003,325
1003,325
1003,100
1003,101
1003,415
1003,145
1003,63
1003,251
1003,65
1003,65
1003,333
1003,714
1003,255
1003,163
1003,163
1003,1789
1003,717
1003,15
1003,164
1003,148
1003,719
1003,165
1003,1133
1003,166
1003,121
1003,1528
1003,5477
1003,5478
1003,351
1003,2523
1003,881
1003,529
1003,1738
1003,5479
1003,428
1003,131
1003,131
1003,509
1003,869
1003,2861
1003,363
1003,55
1003,376
1003,306
1003,929
1003,2991
1003,4307
1003,59
1003,154
1003,154
1003,315
1003,400
1003,609
1003,401
1003,406
1003,409
1004,65
1004,941
1004,2827
1004,2058
1004,2068
1004,2328
1004,2904
1004,2552
1004,2852
1004,2905
1004,577
1004,88
1004,54
1004,2835
1005,1013
1005,158
1005,248
1005,3
1005,324
1005,325
1005,100
1005,563
1005,415
1005,145
1005,62
1005,63
1005,65
1005,163
1005,599
1005,971
1005,1255
1005,3172
1005,2057
1005,718
1005,421
1005,2185
1005,1908
1005,1439
1005,166
1005,121
1005,4005
1005,4005
1005,277
1005,1714
1005,238
1005,1402
1005,35
1005,149
1005,1513
1005,587
1005,994
1005,368
1005,5480
1005,490
1005,308
1005,473
1005,549
1005,1065
1005,1298
1005,59
1005,610
1005,230
1005,230
1006,98
1006,159
1006,61
1006,7
1006,63
1006,63
1006,1462
1006,87
1006,2012
1006,67
1006,68
1006,20
1006,20
1006,52
1006,2013
1006,1320
1006,75
1006,577
1006,577
1006,128
1006,1530
1006,4956
1006,584
1006,1171
1006,1117
1006,5481
1006,55
1006,5482
1006,5483
1006,5484
1006,405
1007,65
1007,1935
1007,132
1008,65
1008,428
1008,4238
1008,59
1008,1722
1008,230
1009,320
1009,2063
1009,2064
1009,1013
1009,1154
1009,3165
1009,838
1009,838
1009,158
1009,249
1009,159
1009,324
1009,325
1009,145
1009,145
1009,8
1009,65
1009,3171
1009,266
1009,718
1009,1439
1009,1144
1009,2068
1009,2068
1009,880
1009,3253
1009,3238
1009,277
1009,3433
1009,2124
1009,426
1009,35
1009,35
1009,149
1009,445
1009,1513
1009,3434
1009,133
1009,994
1009,994
1009,468
1009,368
1009,3119
1009,211
1009,308
1009,214
1009,1065
1009,1065
1009,59
1009,154
1009,609
1009,610
1009,517
1009,454
1010,853
1010,867
1010,1596
1010,158
1010,144
1010,144
1010,159
1010,324
1010,324
1010,324
1010,145
1010,4085
1010,2111
1010,5485
1010,1536
1010,147
1010,178
1010,178
1010,744
1010,744
1010,497
1010,180
1010,960
1010,1202
1010,3207
1010,2538
1010,5486
1010,5487
1010,1203
1010,3252
1010,3252
1010,2072
1010,65
1010,65
1010,65
1010,10
1010,4233
1010,4233
1010,551
1010,968
1010,968
1010,184
1010,184
1010,5488
1010,4159
1010,5470
1010,1239
1010,337
1010,11
1010,11
1010,2131
1010,963
1010,963
1010,963
1010,268
1010,268
1010,2074
1010,907
1010,907
1010,340
1010,340
1010,340
1010,781
1010,1411
1010,718
1010,718
1010,1318
1010,5402
1010,645
1010,1665
1010,5489
1010,5489
1010,166
1010,192
1010,4802
1010,4402
1010,4402
1010,1937
1010,3136
1010,3136
1010,5490
1010,5490
1010,1162
1010,4152
1010,5491
1010,5491
1010,1797
1010,4046
1010,4046
1010,3706
1010,3706
1010,2800
1010,5492
1010,5493
1010,913
1010,913
1010,1261
1010,2080
1010,4079
1010,4079
1010,791
1010,1421
1010,429
1010,429
1010,131
1010,2543
1010,4186
1010,5494
1010,2083
1010,2083
1010,3449
1010,3449
1010,916
1010,796
1010,796
1010,2084
1010,5495
1010,363
1010,4671
1010,1801
1010,920
1010,921
1010,921
1010,921
1010,4618
1010,206
1010,4619
1010,3836
1010,2070
1010,2331
1010,1006
1010,3148
1010,2545
1010,2545
1010,2545
1010,1804
1010,1223
1010,41
1010,41
1010,1224
1010,1224
1010,1224
1010,927
1010,927
1010,532
1010,764
1010,305
1010,305
1010,1454
1010,5496
1010,306
1010,4429
1010,213
1010,213
1010,1265
1010,929
1010,887
1010,3642
1010,308
1010,2784
1010,1806
1010,1806
1010,43
1010,863
1010,5497
1010,1269
1010,1269
1010,536
1010,218
1010,384
1010,384
1010,220
1010,220
1010,220
1010,737
1010,1594
1010,4635
1010,1429
1010,310
1010,392
1010,770
1010,740
1010,823
1010,396
1010,1272
1010,316
1010,1485
1010,140
1010,1811
1010,222
1010,555
1010,2786
1010,155
1010,155
1010,155
1010,2549
1010,1299
1010,1299
1010,1299
1010,707
1010,707
1010,225
1010,520
1010,520
1010,520
1010,521
1010,521
1010,156
1010,156
1011,558
1011,1013
1011,98
1011,98
1011,144
1011,144
1011,1522
1011,99
1011,99
1011,99
1011,159
1011,324
1011,324
1011,325
1011,100
1011,101
1011,101
1011,415
1011,105
1011,105
1011,2793
1011,1726
1011,744
1011,542
1011,65
1011,87
1011,1157
1011,162
1011,10
1011,2167
1011,963
1011,1049
1011,339
1011,263
1011,265
1011,5498
1011,3055
1011,13
1011,13
1011,1050
1011,482
1011,5499
1011,552
1011,3058
1011,3058
1011,3058
1011,2907
1011,118
1011,3059
1011,23
1011,121
1011,5500
1011,4426
1011,125
1011,721
1011,277
1011,574
1011,614
1011,77
1011,77
1011,577
1011,129
1011,3063
1011,1323
1011,35
1011,36
1011,446
1011,1171
1011,667
1011,2084
1011,5259
1011,82
1011,293
1011,4829
1011,5501
1011,2836
1011,5502
1011,809
1011,1119
1011,378
1011,152
1011,812
1011,153
1011,4741
1011,213
1011,929
1011,724
1011,724
1011,5503
1011,766
1011,308
1011,1060
1011,5504
1011,5505
1011,83
1011,676
1011,3854
1011,3854
1011,1807
1011,1807
1011,136
1011,218
1011,735
1011,1034
1011,3377
1011,2117
1011,1297
1011,5253
1011,1334
1011,59
1011,1654
1011,957
1011,222
1011,678
1011,405
1011,405
1011,1125
1011,517
1011,611
1012,2063
1012,838
1012,159
1012,324
1012,325
1012,415
1012,145
1012,2973
1012,859
1012,65
1012,333
1012,5506
1012,1019
1012,1439
1012,165
1012,5507
1012,2908
1012,21
1012,5508
1012,166
1012,1527
1012,1528
1012,690
1012,2124
1012,1475
1012,4874
1012,2760
1012,691
1012,35
1012,286
1012,5509
1012,1216
1012,82
1012,2528
1012,994
1012,490
1012,491
1012,549
1012,154
1012,609
1012,1485
1012,1486
1013,1850
1013,65
1013,687
1013,37
1013,37
1013,228
1013,228
1013,132
1013,229
1013,230
1013,1279
1013,231
1014,240
1014,4048
1014,144
1014,159
1014,145
1014,147
1014,7
1014,65
1014,690
1014,509
1014,1058
1014,59
1014,405
1015,4173
1015,173
1015,3
1015,159
1015,159
1015,159
1015,159
1015,324
1015,325
1015,100
1015,100
1015,415
1015,145
1015,145
1015,2574
1015,1516
1015,1516
1015,1200
1015,1200
1015,103
1015,103
1015,103
1015,104
1015,1243
1015,626
1015,3876
1015,777
1015,777
1015,777
1015,1141
1015,1141
1015,1141
1015,2409
1015,110
1015,110
1015,110
1015,110
1015,110
1015,1757
1015,252
1015,4177
1015,8
1015,1434
1015,2002
1015,182
1015,182
1015,333
1015,87
1015,2003
1015,4130
1015,834
1015,184
1015,184
1015,184
1015,184
1015,2004
1015,186
1015,1663
1015,4178
1015,1205
1015,11
1015,2005
1015,187
1015,187
1015,264
1015,3643
1015,1517
1015,3823
1015,3657
1015,1665
1015,3784
1015,3821
1015,3848
1015,752
1015,3398
1015,194
1015,2896
1015,2006
1015,35
1015,35
1015,1513
1015,2471
1015,758
1015,282
1015,131
1015,131
1015,53
1015,53
1015,2834
1015,359
1015,2007
1015,842
1015,842
1015,796
1015,287
1015,290
1015,364
1015,1350
1015,1350
1015,1350
1015,1350
1015,1351
1015,1351
1015,2008
1015,2008
1015,2009
1015,296
1015,296
1015,1447
1015,1148
1015,1148
1015,1518
1015,2010
1015,370
1015,1519
1015,1519
1015,1519
1015,372
1015,1753
1015,41
1015,1224
1015,3292
1015,1058
1015,1998
1015,4191
1015,814
1015,1266
1015,308
1015,135
1015,135
1015,491
1015,1229
1015,817
1015,817
1015,136
1015,385
1015,1430
1015,59
1015,59
1015,396
1015,154
1015,1353
1015,1353
1015,1353
1015,222
1015,222
1015,405
1015,517
1015,230
1015,230
1015,231
1016,5094
1016,87
1016,5036
1016,1853
1017,172
1017,248
1017,159
1017,324
1017,62
1017,497
1017,65
1017,162
1017,10
1017,163
1017,335
1017,749
1017,501
1017,148
1017,552
1017,2962
1017,504
1017,601
1017,273
1017,274
1017,426
1017,35
1017,149
1017,692
1017,1312
1017,796
1017,292
1017,1801
1017,920
1017,1218
1017,1395
1017,511
1017,1224
1017,375
1017,378
1017,764
1017,306
1017,212
1017,213
1017,536
1017,218
1017,382
1017,734
1017,1033
1017,1044
1017,391
1017,396
1017,154
1017,398
1017,708
1017,612
1018,5510
1018,173
1018,159
1018,1572
1018,324
1018,100
1018,145
1018,145
1018,103
1018,5511
1018,4971
1018,107
1018,709
1018,110
1018,110
1018,5512
1018,1575
1018,253
1018,65
1018,1489
1018,1489
1018,1489
1018,2266
1018,746
1018,746
1018,5315
1018,336
1018,1580
1018,457
1018,459
1018,4714
1018,5050
1018,1020
1018,880
1018,5513
1018,527
1018,3258
1018,5514
1018,1513
1018,665
1018,4079
1018,428
1018,762
1018,671
1018,920
1018,447
1018,134
1018,5515
1018,5516
1018,808
1018,896
1018,375
1018,208
1018,304
1018,730
1018,470
1018,929
1018,1449
1018,3322
1018,1507
1018,2156
1018,5517
1018,536
1018,218
1018,218
1018,1033
1018,220
1018,220
1018,1044
1018,537
1018,2729
1018,5518
1018,396
1018,398
1018,316
1018,404
1018,404
1018,683
1018,477
1018,517
1019,100
1019,145
1019,1384
1019,65
1019,3504
1019,166
1019,5519
1019,527
1019,692
1019,1108
1019,363
1019,39
1019,381
1019,384
1019,4860
1019,155
1019,517
1020,319
1020,91
1020,832
1020,100
1020,102
1020,103
1020,104
1020,108
1020,1141
1020,110
1020,65
1020,111
1020,112
1020,112
1020,687
1020,115
1020,188
1020,117
1020,119
1020,123
1020,130
1020,35
1020,131
1020,134
1020,1221
1020,55
1020,5520
1020,135
1020,135
1020,136
1020,137
1020,138
1020,140
1020,141
1020,452
1020,142
1020,143
1021,159
1021,2734
1021,87
1021,165
1021,1129
1022,91
1022,100
1022,102
1022,103
1022,104
1022,108
1022,110
1022,111
1022,112
1022,115
1022,119
1022,123
1022,130
1022,35
1022,131
1022,134
1022,55
1022,135
1022,136
1022,137
1022,138
1022,140
1022,141
1022,142
1022,143
1023,3580
1023,319
1023,91
1023,91
1023,91
1023,1139
1023,1814
1023,100
1023,100
1023,900
1023,900
1023,3581
1023,3581
1023,5521
1023,2358
1023,109
1023,1817
1023,2265
1023,2240
1023,2240
1023,179
1023,179
1023,110
1023,110
1023,903
1023,2002
1023,65
1023,87
1023,255
1023,2410
1023,3582
1023,3582
1023,2363
1023,2363
1023,834
1023,834
1023,259
1023,259
1023,1368
1023,187
1023,3400
1023,1625
1023,4019
1023,1207
1023,1207
1023,1207
1023,2269
1023,2372
1023,1735
1023,1303
1023,5303
1023,2634
1023,2634
1023,1987
1023,881
1023,195
1023,195
1023,529
1023,3584
1023,282
1023,3585
1023,1212
1023,1212
1023,1586
1023,1586
1023,1371
1023,791
1023,199
1023,199
1023,199
1023,53
1023,916
1023,2084
1023,918
1023,918
1023,919
1023,295
1023,2814
1023,5078
1023,2416
1023,4257
1023,2126
1023,1426
1023,5522
1023,3586
1023,765
1023,887
1023,887
1023,2426
1023,1266
1023,308
1023,214
1023,3588
1023,3132
1023,1151
1023,933
1023,1136
1023,388
1023,310
1023,1453
1023,770
1023,770
1023,1745
1023,154
1023,399
1023,399
1023,155
1023,2420
1023,408
1023,1277
1023,1277
1023,518
1023,518
1024,1455
1024,2063
1024,5302
1024,5523
1024,5524
1024,2647
1024,1754
1024,5525
1024,1013
1024,1154
1024,1154
1024,838
1024,248
1024,248
1024,159
1024,159
1024,324
1024,325
1024,563
1024,563
1024,145
1024,145
1024,62
1024,5526
1024,859
1024,565
1024,565
1024,65
1024,551
1024,265
1024,148
1024,148
1024,552
1024,1439
1024,165
1024,165
1024,504
1024,74
1024,5527
1024,5527
1024,23
1024,166
1024,273
1024,273
1024,5528
1024,5411
1024,277
1024,278
1024,5529
1024,755
1024,35
1024,35
1024,149
1024,2553
1024,1444
1024,446
1024,3593
1024,3121
1024,4121
1024,2761
1024,5530
1024,5531
1024,306
1024,211
1024,211
1024,814
1024,308
1024,308
1024,512
1024,214
1024,619
1024,2257
1024,1122
1024,1038
1024,612
1025,1406
1025,3441
1025,3442
1025,2047
1025,144
1025,232
1025,100
1025,2310
1025,145
1025,145
1025,1959
1025,1959
1025,2397
1025,417
1025,1726
1025,2360
1025,497
1025,110
1025,253
1025,65
1025,65
1025,5532
1025,715
1025,1902
1025,2441
1025,2441
1025,185
1025,2749
1025,2567
1025,2132
1025,187
1025,187
1025,749
1025,749
1025,1622
1025,501
1025,750
1025,907
1025,1411
1025,1626
1025,2809
1025,3443
1025,3443
1025,1906
1025,1906
1025,3444
1025,3445
1025,3445
1025,1910
1025,880
1025,880
1025,1303
1025,1304
1025,1291
1025,277
1025,1550
1025,1550
1025,1550
1025,3446
1025,426
1025,3447
1025,1554
1025,1554
1025,1442
1025,1442
1025,3000
1025,1584
1025,666
1025,666
1025,666
1025,2590
1025,2590
1025,1586
1025,791
1025,1421
1025,199
1025,131
1025,131
1025,131
1025,3448
1025,3449
1025,3449
1025,917
1025,2007
1025,693
1025,1116
1025,365
1025,291
1025,2628
1025,82
1025,918
1025,3244
1025,295
1025,3450
1025,923
1025,3451
1025,468
1025,300
1025,4023
1025,3452
1025,3453
1025,3453
1025,3454
1025,3147
1025,4289
1025,871
1025,1396
1025,1396
1025,1686
1025,1224
1025,532
1025,1058
1025,375
1025,2601
1025,3455
1025,3455
1025,1805
1025,211
1025,2489
1025,2571
1025,1007
1025,1007
1025,308
1025,308
1025,308
1025,436
1025,214
1025,215
1025,1188
1025,3457
1025,473
1025,473
1025,136
1025,136
1025,768
1025,769
1025,220
1025,385
1025,311
1025,48
1025,3107
1025,439
1025,439
1025,439
1025,3458
1025,608
1025,138
1025,398
1025,399
1025,1279
1025,1567
1025,2959
1025,612
1025,2509
1025,852
1025,852
1025,852
1025,1570
1025,1570
1025,1570
1025,156
1025,1138
1025,1138
1025,1138
1026,5533
1027,742
1027,145
1027,5238
1027,1600
1027,2149
1027,2122
1027,2997
1027,4781
1027,445
1027,869
1027,895
1027,671
1027,1634
1027,3901
1027,3456
1027,1009
1027,5534
1028,853
1028,2693
1028,1571
1028,1596
1028,2694
1028,3
1028,324
1028,325
1028,100
1028,415
1028,62
1028,900
1028,2574
1028,103
1028,2695
1028,2576
1028,1183
1028,235
1028,628
1028,177
1028,2696
1028,777
1028,744
1028,331
1028,709
1028,2697
1028,2698
1028,63
1028,2699
1028,2700
1028,110
1028,181
1028,2701
1028,967
1028,333
1028,714
1028,2439
1028,10
1028,2410
1028,1435
1028,613
1028,1399
1028,335
1028,2018
1028,2567
1028,2702
1028,187
1028,2581
1028,263
1028,264
1028,458
1028,2703
1028,459
1028,906
1028,50
1028,444
1028,891
1028,2704
1028,1319
1028,342
1028,2705
1028,343
1028,2706
1028,2707
1028,119
1028,2215
1028,2708
1028,721
1028,2709
1028,2710
1028,422
1028,276
1028,2271
1028,690
1028,2711
1028,2712
1028,2713
1028,2714
1028,1915
1028,352
1028,2715
1028,1391
1028,1830
1028,195
1028,2716
1028,2717
1028,2718
1028,2719
1028,2720
1028,2721
1028,196
1028,791
1028,1214
1028,1421
1028,1293
1028,199
1028,131
1028,1994
1028,1025
1028,669
1028,2340
1028,2722
1028,201
1028,2474
1028,760
1028,796
1028,287
1028,290
1028,364
1028,204
1028,977
1028,2723
1028,2724
1028,133
1028,920
1028,369
1028,134
1028,370
1028,54
1028,2725
1028,845
1028,41
1028,1224
1028,2726
1028,1263
1028,2727
1028,375
1028,376
1028,210
1028,380
1028,1635
1028,42
1028,211
1028,1703
1028,607
1028,813
1028,1636
1028,887
1028,930
1028,135
1028,1638
1028,701
1028,817
1028,676
1028,2728
1028,137
1028,383
1028,384
1028,1893
1028,734
1028,1296
1028,1033
1028,220
1028,737
1028,386
1028,738
1028,1064
1028,1594
1028,2351
1028,1429
1028,310
1028,2729
1028,822
1028,1065
1028,390
1028,677
1028,391
1028,770
1028,740
1028,823
1028,2730
1028,59
1028,313
1028,154
1028,2606
1028,400
1028,2294
1028,222
1028,850
1028,404
1028,406
1028,707
1028,230
1028,225
1028,518
1028,227
1028,156
1029,91
1029,65
1029,1277
1030,234
1030,234
1030,1710
1030,3
1030,159
1030,324
1030,325
1030,415
1030,145
1030,1782
1030,628
1030,565
1030,1203
1030,8
1030,8
1030,65
1030,65
1030,9
1030,10
1030,5535
1030,336
1030,5536
1030,5450
1030,2561
1030,1625
1030,1019
1030,5228
1030,1439
1030,2705
1030,4354
1030,4354
1030,2068
1030,166
1030,4329
1030,1160
1030,1160
1030,690
1030,5537
1030,88
1030,2556
1030,2556
1030,5538
1030,5538
1030,5539
1030,2753
1030,893
1030,5540
1030,2193
1030,1513
1030,2317
1030,2317
1030,5541
1030,5509
1030,4388
1030,82
1030,5542
1030,4330
1030,994
1030,134
1030,2761
1030,55
1030,2599
1030,5213
1030,887
1030,215
1030,5458
1030,3229
1030,1538
1030,222
1030,477
1031,1931
1031,1573
1031,1932
1031,715
1031,715
1031,261
1031,1933
1031,1070
1031,1851
1031,1206
1031,1934
1031,165
1031,1159
1031,1159
1031,1935
1031,1936
1031,721
1031,1937
1031,1938
1031,892
1031,1940
1031,426
1031,53
1031,1163
1031,363
1031,295
1031,1942
1031,1943
1031,1944
1031,1945
1031,1945
1031,1946
1031,1852
1031,1947
1031,306
1031,1951
1031,490
1031,1638
1031,1638
1031,1953
1031,1151
1031,1151
1031,136
1031,818
1031,311
1031,824
1031,711
1031,394
1031,314
1031,1954
1031,1642
1031,1273
1031,1955
1031,1854
1031,1854
1031,1643
1031,1956
1031,452
1032,867
1032,323
1032,158
1032,232
1032,159
1032,324
1032,100
1032,145
1032,1573
1032,2121
1032,5543
1032,2622
1032,2622
1032,1385
1032,5486
1032,253
1032,254
1032,111
1032,10
1032,10
1032,613
1032,256
1032,256
1032,1341
1032,184
1032,184
1032,1788
1032,336
1032,1239
1032,3262
1032,1730
1032,600
1032,263
1032,268
1032,268
1032,50
1032,1649
1032,2301
1032,1144
1032,1412
1032,126
1032,126
1032,1162
1032,2217
1032,29
1032,2586
1032,4889
1032,1531
1032,195
1032,1586
1032,356
1032,1371
1032,1214
1032,131
1032,1026
1032,915
1032,796
1032,363
1032,2281
1032,151
1032,2725
1032,2725
1032,928
1032,375
1032,375
1032,208
1032,304
1032,304
1032,379
1032,1967
1032,1967
1032,306
1032,381
1032,213
1032,1265
1032,929
1032,965
1032,1376
1032,1228
1032,1266
1032,308
1032,1229
1032,1806
1032,1841
1032,5544
1032,1807
1032,536
1032,536
1032,218
1032,218
1032,382
1032,4323
1032,1893
1032,2900
1032,220
1032,220
1032,736
1032,385
1032,386
1032,4854
1032,310
1032,770
1032,1430
1032,394
1032,394
1032,1189
1032,155
1032,404
1032,404
1032,620
1032,5545
1032,3367
1032,1357
1032,406
1032,521
1033,319
1033,1383
1033,2960
1033,626
1033,110
1033,65
1033,87
1033,483
1033,121
1033,2904
1033,653
1033,28
1033,5546
1033,1608
1033,195
1033,664
1033,2194
1033,793
1033,1858
1033,1374
1033,134
1033,730
1033,380
1033,731
1033,731
1033,4047
1033,765
1033,214
1033,491
1033,734
1033,2900
1033,736
1033,736
1033,737
1033,737
1033,387
1033,873
1033,2351
1033,739
1033,310
1033,390
1033,390
1033,770
1033,3714
1033,314
1033,5029
1033,1299
1034,2732
1034,2878
1034,1013
1034,248
1034,159
1034,100
1034,563
1034,145
1034,62
1034,1017
1034,1018
1034,988
1034,5146
1034,1141
1034,565
1034,333
1034,632
1034,183
1034,184
1034,260
1034,1821
1034,270
1034,148
1034,543
1034,5147
1034,191
1034,752
1034,690
1034,753
1034,280
1034,3062
1034,1023
1034,545
1034,1071
1034,693
1034,365
1034,4564
1034,369
1034,2387
1034,211
1034,930
1034,308
1034,5148
1034,219
1034,310
1034,5149
1034,4507
1034,396
1034,154
1034,538
1034,316
1034,515
1034,5150
1035,4587
1035,159
1035,65
1035,484
1035,166
1035,3345
1035,955
1036,324
1036,105
1036,1976
1036,8
1036,65
1036,9
1036,9
1036,5536
1036,4520
1036,11
1036,2131
1036,4756
1036,5449
1036,3173
1036,5450
1036,268
1036,2705
1036,2705
1036,4354
1036,4354
1036,4369
1036,5547
1036,166
1036,5230
1036,4521
1036,577
1036,5538
1036,5538
1036,5548
1036,5548
1036,131
1036,4277
1036,5451
1036,5452
1036,917
1036,5453
1036,2007
1036,977
1036,4977
1036,295
1036,3450
1036,1395
1036,2277
1036,5455
1036,3451
1036,5457
1036,5549
1036,5550
1036,5550
1036,308
1036,215
1036,215
1036,5551
1036,5552
1036,1232
1036,2108
1036,4922
1036,4922
1036,5081
1036,620
1037,1200
1037,2017
1037,1757
1037,65
1037,1663
1037,4558
1037,4559
1037,4560
1037,3821
1037,3822
1037,4563
1037,2035
1037,132
1037,2115
1037,5176
1037,1448
1037,1945
1037,980
1038,325
1038,325
1038,100
1038,415
1038,415
1038,65
1038,333
1038,632
1038,632
1038,714
1038,717
1038,69
1038,569
1038,20
1038,2520
1038,5553
1038,614
1038,238
1038,545
1038,88
1038,1117
1038,2484
1039,65
1039,4558
1039,4559
1039,4560
1039,4563
1039,132
1039,1945
1039,980
1040,3421
1040,2431
1040,65
1040,5554
1040,457
1040,459
1040,2455
1040,880
1040,2457
1040,2059
1040,1556
1040,665
1040,5555
1040,82
1040,5556
1040,871
1040,871
1040,1635
1040,1640
1040,2500
1040,864
1040,2507
1040,1565
1041,831
1041,319
1041,319
1041,832
1041,5557
1041,5557
1041,5558
1041,173
1041,159
1041,100
1041,145
1041,145
1041,3650
1041,1140
1041,2358
1041,1183
1041,2112
1041,2112
1041,1340
1041,1249
1041,1249
1041,2696
1041,744
1041,179
1041,179
1041,709
1041,180
1041,110
1041,110
1041,1202
1041,1202
1041,903
1041,903
1041,332
1041,332
1041,1434
1041,1434
1041,65
1041,111
1041,10
1041,2410
1041,1388
1041,1388
1041,184
1041,184
1041,335
1041,337
1041,337
1041,600
1041,4832
1041,268
1041,268
1041,552
1041,5559
1041,343
1041,165
1041,165
1041,1582
1041,4092
1041,4092
1041,4466
1041,5155
1041,3729
1041,2078
1041,195
1041,195
1041,529
1041,1738
1041,35
1041,35
1041,149
1041,757
1041,757
1041,2080
1041,3947
1041,508
1041,508
1041,3103
1041,3103
1041,429
1041,131
1041,5560
1041,793
1041,841
1041,796
1041,5561
1041,920
1041,1374
1041,1374
1041,1769
1041,2010
1041,4306
1041,2725
1041,5562
1041,531
1041,845
1041,373
1041,1501
1041,304
1041,378
1041,378
1041,306
1041,306
1041,211
1041,211
1041,381
1041,212
1041,212
1041,1704
1041,929
1041,929
1041,765
1041,724
1041,4514
1041,1968
1041,930
1041,930
1041,1266
1041,1266
1041,214
1041,214
1041,2492
1041,3588
1041,1405
1041,2427
1041,5563
1041,136
1041,536
1041,218
1041,137
1041,383
1041,384
1041,384
1041,4414
1041,220
1041,220
1041,933
1041,385
1041,385
1041,386
1041,386
1041,537
1041,537
1041,738
1041,738
1041,702
1041,310
1041,770
1041,823
1041,1430
1041,1430
1041,394
1041,3365
1041,396
1041,2252
1041,1272
1041,316
1041,2531
1041,140
1041,140
1041,1189
1041,1189
1041,1595
1041,401
1041,401
1041,774
1041,850
1041,405
1041,406
1041,406
1041,517
1041,230
1041,409
1041,225
1041,225
1041,1380
1041,1380
1041,226
1041,226
1041,521
1041,521
1041,156
1042,3127
1042,100
1042,110
1042,5564
1042,65
1042,715
1042,1388
1042,334
1042,2809
1042,121
1042,277
1042,282
1042,131
1042,2543
1042,2083
1042,2952
1042,1374
1042,4256
1042,924
1042,2331
1042,764
1042,305
1042,211
1042,213
1042,5565
1042,1230
1042,220
1042,394
1042,138
1042,398
1042,1355
1042,155
1043,4389
1043,4391
1044,832
1044,60
1044,623
1044,158
1044,144
1044,159
1044,100
1044,326
1044,145
1044,2262
1044,2112
1044,777
1044,1727
1044,1141
1044,178
1044,110
1044,332
1044,3841
1044,253
1044,87
1044,10
1044,551
1044,2926
1044,501
1044,265
1044,269
1044,444
1044,3845
1044,3846
1044,2147
1044,165
1044,2150
1044,121
1044,1401
1044,191
1044,721
1044,2190
1044,3060
1044,276
1044,2558
1044,881
1044,3849
1044,3850
1044,2302
1044,2902
1044,529
1044,1421
1044,131
1044,3310
1044,363
1044,364
1044,1118
1044,291
1044,293
1044,3289
1044,1350
1044,1240
1044,1446
1044,1770
1044,447
1044,369
1044,300
1044,1519
1044,1221
1044,2484
1044,41
1044,1224
1044,730
1044,2098
1044,846
1044,42
1044,212
1044,1265
1044,929
1044,724
1044,1636
1044,887
1044,214
1044,135
1044,2635
1044,1807
1044,382
1044,1969
1044,154
1044,401
1044,2096
1044,226
1044,611
1044,612
1044,156
1045,1200
1045,3820
1045,2017
1045,1757
1045,65
1045,1663
1045,3821
1045,3821
1045,3822
1045,132
1045,1448
1045,1945
1046,3048
1046,100
1046,102
1046,4175
1046,2265
1046,179
1046,709
1046,110
1046,2002
1046,65
1046,65
1046,10
1046,184
1046,963
1046,906
1046,5276
1046,5277
1046,718
1046,1318
1046,2615
1046,2706
1046,2706
1046,2706
1046,462
1046,345
1046,721
1046,721
1046,1162
1046,3195
1046,3195
1046,1940
1046,5566
1046,131
1046,131
1046,53
1046,2414
1046,293
1046,762
1046,366
1046,366
1046,366
1046,2725
1046,2052
1046,2416
1046,304
1046,435
1046,4245
1046,42
1046,211
1046,814
1046,930
1046,931
1046,214
1046,2427
1046,2427
1046,2990
1046,137
1046,384
1046,734
1046,3732
1046,396
1046,829
1046,316
1046,140
1046,140
1046,140
1047,5237
1047,65
1047,5567
1047,687
1047,166
1047,35
1047,2721
1047,5568
1047,3479
1047,3480
1047,608
1047,154
1047,851
1048,65
1048,59
1049,5569
1049,857
1049,65
1049,5570
1049,1984
1049,1142
1049,1985
1049,861
1049,13
1049,1389
1049,484
1049,5191
1049,1159
1049,166
1049,721
1049,5017
1049,3706
1049,3007
1049,2524
1049,5336
1049,5571
1049,426
1049,131
1049,1633
1049,82
1049,1394
1049,1941
1049,2484
1049,1396
1049,1058
1049,1307
1049,1859
1049,4797
1049,308
1049,2491
1049,491
1049,1638
1049,863
1049,5572
1049,3532
1049,1854
1049,4553
1050,1076
1050,248
1050,248
1050,325
1050,101
1050,415
1050,415
1050,62
1050,63
1050,333
1050,87
1050,15
1050,15
1050,569
1050,975
1050,4312
1050,35
1050,35
1050,136
1050,5393
1050,59
1051,65
1051,4558
1051,4559
1051,4560
1051,1945
1051,980
1052,158
1052,145
1052,328
1052,65
1052,971
1052,5231
1052,589
1052,1395
1052,1057
1052,2091
1052,473
1052,2093
1053,779
1053,65
1053,338
1053,5573
1053,2583
1053,5017
1053,2463
1053,3912
1053,1988
1053,1990
1053,3007
1053,5574
1053,1997
1053,1309
1053,2607
1054,2941
1054,2738
1054,159
1054,159
1054,100
1054,100
1054,4989
1054,145
1054,102
1054,1364
1054,1364
1054,1869
1054,1869
1054,177
1054,180
1054,110
1054,65
1054,183
1054,183
1054,10
1054,961
1054,334
1054,334
1054,1580
1054,337
1054,187
1054,457
1054,2581
1054,339
1054,2703
1054,891
1054,718
1054,2301
1054,525
1054,345
1054,2268
1054,5575
1054,2372
1054,3005
1054,3658
1054,2059
1054,721
1054,4993
1054,4994
1054,4994
1054,909
1054,909
1054,351
1054,194
1054,881
1054,529
1054,1586
1054,1586
1054,198
1054,428
1054,1633
1054,587
1054,693
1054,796
1054,2953
1054,918
1054,1373
1054,2725
1054,4995
1054,375
1054,375
1054,208
1054,208
1054,764
1054,607
1054,607
1054,2490
1054,2490
1054,1449
1054,930
1054,2426
1054,2251
1054,3588
1054,1229
1054,1806
1054,1806
1054,5576
1054,3789
1054,3789
1054,4996
1054,955
1054,2728
1054,2061
1054,2061
1054,218
1054,218
1054,734
1054,734
1054,1044
1054,385
1054,385
1054,389
1054,310
1054,770
1054,59
1054,394
1054,394
1054,396
1054,396
1054,934
1054,2209
1054,401
1054,864
1054,85
1054,155
1054,404
1054,404
1054,225
1054,225
1054,866
1055,5373
1055,2941
1055,2358
1055,235
1055,235
1055,177
1055,2024
1055,111
1055,87
1055,184
1055,337
1055,1821
1055,126
1055,5577
1055,5376
1055,5578
1055,5579
1055,5580
1055,208
1055,1405
1055,1405
1055,136
1055,136
1055,3365
1055,1355
1056,2971
1056,159
1056,2972
1056,2973
1056,626
1056,63
1056,2974
1056,65
1056,87
1056,750
1056,458
1056,1872
1056,1020
1056,2908
1056,119
1056,2641
1056,2843
1056,2975
1056,2976
1056,424
1056,280
1056,2977
1056,29
1056,2978
1056,1556
1056,665
1056,1107
1056,2979
1056,82
1056,491
1056,2071
1056,1774
1056,2980
1056,3532
1056,440
1056,2507
1057,249
1057,249
1057,1755
1057,1248
1057,777
1057,1085
1057,1757
1057,4569
1057,8
1057,65
1057,1251
1057,1534
1057,112
1057,2995
1057,880
1057,2834
1057,4319
1057,132
1057,3289
1057,468
1057,3156
1057,3156
1057,1890
1057,41
1057,729
1057,4570
1057,473
1057,387
1057,387
1057,677
1057,1066
1057,3157
1057,864
1058,3048
1058,3049
1058,3095
1058,713
1058,173
1058,3
1058,99
1058,159
1058,159
1058,324
1058,324
1058,100
1058,100
1058,101
1058,145
1058,145
1058,103
1058,1243
1058,176
1058,251
1058,110
1058,252
1058,253
1058,8
1058,1655
1058,65
1058,255
1058,183
1058,163
1058,163
1058,256
1058,1341
1058,184
1058,748
1058,3097
1058,188
1058,165
1058,52
1058,1021
1058,1021
1058,119
1058,3098
1058,166
1058,1145
1058,121
1058,124
1058,124
1058,2870
1058,168
1058,280
1058,2124
1058,3061
1058,3100
1058,1832
1058,149
1058,149
1058,445
1058,757
1058,758
1058,359
1058,2861
1058,82
1058,133
1058,1327
1058,54
1058,54
1058,55
1058,3105
1058,304
1058,3106
1058,306
1058,306
1058,306
1058,211
1058,817
1058,536
1058,218
1058,823
1058,3107
1058,154
1058,1272
1058,3108
1058,850
1058,406
1058,406
1058,406
1058,1276
1058,230
1058,225
1058,225
1058,3109
1058,1279
1058,851
1058,851
1058,1568
1058,1568
1058,156
1058,156
1059,560
1059,2573
1059,2181
1059,1041
1059,1618
1059,1457
1059,3
1059,159
1059,325
1059,4
1059,235
1059,1085
1059,63
1059,2439
1059,1621
1059,2441
1059,1871
1059,457
1059,2581
1059,458
1059,459
1059,941
1059,1905
1059,460
1059,3665
1059,2451
1059,2453
1059,1602
1059,120
1059,2122
1059,2059
1059,2189
1059,3666
1059,2399
1059,3667
1059,3668
1059,690
1059,1913
1059,28
1059,3518
1059,3669
1059,1988
1059,3670
1059,948
1059,2469
1059,33
1059,445
1059,37
1059,665
1059,2473
1059,286
1059,291
1059,2477
1059,3671
1059,374
1059,1635
1059,491
1059,2351
1059,739
1059,1429
1059,3672
1059,2257
1059,2500
1059,139
1059,3532
1059,864
1059,406
1059,477
1060,540
1060,713
1060,159
1060,324
1060,62
1060,1018
1060,147
1060,63
1060,180
1060,8
1060,65
1060,148
1060,504
1060,1287
1060,692
1060,286
1060,3122
1060,211
1060,549
1060,537
1060,609
1060,407
1060,517
1060,519
1060,454
1061,319
1061,623
1061,87
1061,5581
1061,2080
1061,3360
1061,3833
1061,135
1061,954
1061,955
1062,2732
1062,2878
1062,1013
1062,838
1062,248
1062,249
1062,159
1062,159
1062,324
1062,100
1062,563
1062,145
1062,145
1062,145
1062,62
1062,1017
1062,1018
1062,1018
1062,1018
1062,1018
1062,988
1062,5146
1062,1141
1062,63
1062,565
1062,161
1062,333
1062,87
1062,632
1062,632
1062,632
1062,183
1062,184
1062,260
1062,1821
1062,265
1062,13
1062,1411
1062,270
1062,270
1062,148
1062,2520
1062,2520
1062,543
1062,5147
1062,191
1062,721
1062,544
1062,544
1062,277
1062,277
1062,752
1062,690
1062,690
1062,753
1062,280
1062,280
1062,3062
1062,1023
1062,545
1062,1071
1062,693
1062,362
1062,365
1062,895
1062,4564
1062,369
1062,2387
1062,211
1062,814
1062,930
1062,308
1062,5148
1062,219
1062,310
1062,5149
1062,4507
1062,4986
1062,1137
1062,1538
1062,396
1062,154
1062,538
1062,538
1062,538
1062,316
1062,515
1062,1131
1062,5150
1063,65
1063,1964
1063,1549
1063,88
1063,5582
1063,666
1063,852
1063,1138
1064,65
1064,1935
1064,5001
1064,132
1065,3294
1065,159
1065,102
1065,779
1065,111
1065,10
1065,2704
1065,188
1065,5583
1065,2583
1065,2587
1065,2760
1065,5405
1065,2007
1065,2953
1065,370
1065,1634
1065,728
1065,1591
1065,2600
1065,2956
1065,3863
1065,1427
1065,1449
1065,1150
1065,214
1065,220
1065,386
1065,5518
1065,1595
1065,2610
1065,1568
1066,2047
1066,2397
1066,235
1066,2398
1066,87
1066,834
1066,188
1066,721
1066,2399
1066,2400
1066,2402
1066,2193
1066,2403
1066,131
1066,1685
1066,1685
1066,372
1066,1686
1066,1686
1066,532
1066,1058
1066,1426
1066,813
1066,1377
1066,1638
1067,1931
1067,1573
1067,1932
1067,2793
1067,2794
1067,65
1067,715
1067,715
1067,261
1067,1933
1067,1851
1067,1206
1067,1934
1067,165
1067,1159
1067,1159
1067,1935
1067,1936
1067,1937
1067,1938
1067,892
1067,1940
1067,53
1067,363
1067,5584
1067,295
1067,1942
1067,1943
1067,3695
1067,1944
1067,1945
1067,1946
1067,1947
1067,306
1067,1951
1067,490
1067,1638
1067,1639
1067,1953
1067,1151
1067,136
1067,818
1067,311
1067,824
1067,711
1067,394
1067,314
1067,1954
1067,1642
1067,1273
1067,1955
1067,1854
1067,1643
1067,1956
1067,452
1068,87
1068,47
1068,2101
1068,59
1068,1722
1069,5585
1069,5586
1069,65
1070,319
1070,91
1070,1139
1070,1139
1070,4371
1070,1242
1070,1242
1070,1242
1070,173
1070,3
1070,3
1070,159
1070,159
1070,324
1070,324
1070,324
1070,325
1070,325
1070,100
1070,100
1070,145
1070,145
1070,145
1070,1140
1070,327
1070,327
1070,902
1070,1183
1070,235
1070,236
1070,1247
1070,329
1070,5587
1070,110
1070,332
1070,332
1070,2113
1070,65
1070,65
1070,333
1070,333
1070,255
1070,2003
1070,162
1070,162
1070,10
1070,10
1070,163
1070,2410
1070,1388
1070,2241
1070,184
1070,184
1070,258
1070,262
1070,262
1070,1253
1070,237
1070,600
1070,906
1070,340
1070,2243
1070,781
1070,1143
1070,1143
1070,1143
1070,718
1070,718
1070,164
1070,148
1070,2809
1070,503
1070,165
1070,1021
1070,1021
1070,1144
1070,1144
1070,189
1070,1145
1070,121
1070,1146
1070,1146
1070,277
1070,426
1070,35
1070,35
1070,35
1070,757
1070,757
1070,4913
1070,1371
1070,5588
1070,171
1070,171
1070,171
1070,131
1070,53
1070,53
1070,915
1070,916
1070,2414
1070,1610
1070,918
1070,918
1070,919
1070,1147
1070,1147
1070,2381
1070,3388
1070,922
1070,1219
1070,2814
1070,2280
1070,1148
1070,1148
1070,2249
1070,510
1070,1262
1070,2250
1070,2416
1070,928
1070,229
1070,376
1070,2417
1070,378
1070,378
1070,306
1070,306
1070,1149
1070,1376
1070,1150
1070,1150
1070,1151
1070,218
1070,137
1070,933
1070,1136
1070,385
1070,386
1070,1297
1070,313
1070,154
1070,154
1070,154
1070,2252
1070,316
1070,316
1070,1595
1070,401
1070,741
1070,141
1070,141
1070,2420
1070,408
1070,408
1070,517
1070,517
1070,1277
1070,1279
1070,1358
1070,851
1071,65
1071,121
1071,4238
1072,65
1072,5001
1073,853
1073,2693
1073,1571
1073,1596
1073,2694
1073,3
1073,324
1073,325
1073,100
1073,415
1073,62
1073,900
1073,2574
1073,103
1073,2695
1073,2576
1073,1183
1073,235
1073,628
1073,177
1073,2696
1073,777
1073,744
1073,331
1073,709
1073,2697
1073,2698
1073,63
1073,2699
1073,2700
1073,110
1073,181
1073,2701
1073,967
1073,333
1073,714
1073,2439
1073,10
1073,2410
1073,1435
1073,613
1073,1399
1073,335
1073,2018
1073,2567
1073,2702
1073,187
1073,2581
1073,263
1073,264
1073,458
1073,2703
1073,459
1073,906
1073,50
1073,444
1073,891
1073,2704
1073,1319
1073,342
1073,2705
1073,343
1073,2706
1073,2707
1073,119
1073,2215
1073,2708
1073,721
1073,2709
1073,2710
1073,422
1073,276
1073,2271
1073,690
1073,2711
1073,2712
1073,2713
1073,2714
1073,1915
1073,352
1073,2715
1073,1391
1073,1830
1073,195
1073,2716
1073,2717
1073,2718
1073,2719
1073,2720
1073,2721
1073,196
1073,791
1073,1214
1073,1421
1073,1293
1073,199
1073,131
1073,1994
1073,1025
1073,669
1073,2340
1073,2722
1073,201
1073,2474
1073,760
1073,796
1073,287
1073,290
1073,364
1073,204
1073,977
1073,2723
1073,2724
1073,133
1073,920
1073,369
1073,134
1073,370
1073,54
1073,2725
1073,845
1073,41
1073,1224
1073,2726
1073,1263
1073,2727
1073,375
1073,376
1073,210
1073,380
1073,1635
1073,42
1073,211
1073,1703
1073,607
1073,813
1073,1636
1073,887
1073,930
1073,135
1073,1638
1073,701
1073,817
1073,676
1073,2728
1073,137
1073,383
1073,384
1073,1893
1073,734
1073,1296
1073,1033
1073,220
1073,737
1073,386
1073,738
1073,1064
1073,1594
1073,2351
1073,1429
1073,310
1073,2729
1073,822
1073,1065
1073,390
1073,677
1073,391
1073,770
1073,740
1073,823
1073,2730
1073,59
1073,313
1073,154
1073,2606
1073,400
1073,2294
1073,222
1073,850
1073,404
1073,406
1073,707
1073,230
1073,225
1073,518
1073,227
1073,156
1074,853
1074,2693
1074,1571
1074,1596
1074,2694
1074,3
1074,324
1074,325
1074,100
1074,415
1074,62
1074,900
1074,2574
1074,103
1074,2695
1074,2576
1074,1183
1074,235
1074,628
1074,177
1074,2696
1074,777
1074,744
1074,331
1074,709
1074,2697
1074,2698
1074,63
1074,2699
1074,2700
1074,110
1074,181
1074,2701
1074,967
1074,333
1074,714
1074,2439
1074,10
1074,2410
1074,1435
1074,613
1074,1399
1074,335
1074,2018
1074,2567
1074,2702
1074,187
1074,2581
1074,263
1074,264
1074,458
1074,2703
1074,459
1074,906
1074,50
1074,444
1074,891
1074,2704
1074,1319
1074,342
1074,2705
1074,343
1074,2706
1074,2707
1074,119
1074,2215
1074,2708
1074,721
1074,2709
1074,2710
1074,422
1074,276
1074,2271
1074,690
1074,2711
1074,2712
1074,2713
1074,2714
1074,1915
1074,352
1074,2715
1074,1391
1074,1830
1074,195
1074,2716
1074,2717
1074,2718
1074,2719
1074,2720
1074,2721
1074,196
1074,791
1074,1214
1074,1421
1074,1293
1074,199
1074,131
1074,1994
1074,1025
1074,669
1074,2340
1074,2722
1074,201
1074,2474
1074,760
1074,796
1074,287
1074,290
1074,364
1074,204
1074,977
1074,2723
1074,2724
1074,133
1074,920
1074,369
1074,134
1074,370
1074,54
1074,2725
1074,845
1074,41
1074,1224
1074,2726
1074,1263
1074,2727
1074,375
1074,376
1074,210
1074,380
1074,1635
1074,42
1074,211
1074,1703
1074,607
1074,813
1074,1636
1074,887
1074,930
1074,135
1074,1638
1074,701
1074,817
1074,676
1074,2728
1074,137
1074,383
1074,384
1074,1893
1074,734
1074,1296
1074,1033
1074,220
1074,737
1074,386
1074,738
1074,1064
1074,1594
1074,2351
1074,1429
1074,310
1074,2729
1074,822
1074,1065
1074,390
1074,677
1074,391
1074,770
1074,740
1074,823
1074,2730
1074,59
1074,313
1074,154
1074,2606
1074,400
1074,2294
1074,222
1074,850
1074,404
1074,406
1074,707
1074,230
1074,225
1074,518
1074,227
1074,156
1075,4127
1075,319
1075,319
1075,1406
1075,832
1075,3939
1075,3828
1075,3494
1075,2941
1075,1383
1075,100
1075,100
1075,100
1075,100
1075,145
1075,4085
1075,4085
1075,102
1075,1724
1075,5589
1075,175
1075,175
1075,327
1075,327
1075,902
1075,1869
1075,1869
1075,1869
1075,1749
1075,5188
1075,5188
1075,179
1075,179
1075,180
1075,180
1075,110
1075,110
1075,1202
1075,1202
1075,3495
1075,3495
1075,5590
1075,5591
1075,5591
1075,4864
1075,65
1075,65
1075,255
1075,10
1075,4831
1075,3737
1075,184
1075,184
1075,5592
1075,1580
1075,969
1075,969
1075,4435
1075,2147
1075,2147
1075,3674
1075,3674
1075,503
1075,1582
1075,785
1075,785
1075,121
1075,2152
1075,1162
1075,5593
1075,5593
1075,5594
1075,3729
1075,3709
1075,506
1075,5595
1075,195
1075,33
1075,35
1075,1417
1075,131
1075,53
1075,2952
1075,2476
1075,2414
1075,4256
1075,5596
1075,1375
1075,300
1075,5597
1075,836
1075,532
1075,532
1075,764
1075,764
1075,152
1075,1744
1075,3201
1075,2956
1075,846
1075,153
1075,153
1075,3586
1075,306
1075,211
1075,211
1075,211
1075,211
1075,381
1075,381
1075,213
1075,213
1075,1704
1075,1704
1075,929
1075,929
1075,1150
1075,1266
1075,1266
1075,1266
1075,214
1075,216
1075,216
1075,437
1075,1269
1075,536
1075,218
1075,220
1075,220
1075,385
1075,385
1075,385
1075,385
1075,386
1075,1594
1075,1594
1075,1034
1075,2912
1075,2912
1075,310
1075,438
1075,770
1075,823
1075,829
1075,138
1075,140
1075,140
1075,1595
1075,2548
1075,678
1075,1432
1075,1235
1075,1274
1075,404
1075,2163
1075,2163
1075,406
1075,406
1075,224
1075,1299
1075,1299
1075,517
1075,517
1075,225
1075,520
1075,520
1075,1970
1075,1236
1075,851
1075,851
1075,412
1075,852
1076,318
1076,318
1076,867
1076,5313
1076,5313
1076,4174
1076,158
1076,144
1076,159
1076,159
1076,324
1076,100
1076,100
1076,145
1076,102
1076,1782
1076,497
1076,110
1076,332
1076,332
1076,65
1076,10
1076,163
1076,551
1076,4334
1076,746
1076,746
1076,834
1076,687
1076,336
1076,336
1076,119
1076,422
1076,167
1076,2890
1076,194
1076,5598
1076,2078
1076,195
1076,2302
1076,2302
1076,35
1076,149
1076,149
1076,757
1076,2080
1076,1135
1076,228
1076,5296
1076,131
1076,131
1076,201
1076,796
1076,3835
1076,300
1076,1519
1076,1519
1076,801
1076,1222
1076,531
1076,229
1076,533
1076,377
1076,450
1076,42
1076,886
1076,211
1076,211
1076,607
1076,724
1076,1636
1076,887
1076,887
1076,436
1076,214
1076,135
1076,1405
1076,1230
1076,1231
1076,4307
1076,3854
1076,220
1076,220
1076,702
1076,702
1076,389
1076,389
1076,310
1076,1453
1076,1453
1076,740
1076,740
1076,58
1076,59
1076,154
1076,138
1076,138
1076,2958
1076,222
1076,223
1076,141
1076,141
1076,407
1076,224
1076,230
1076,411
1076,411
1076,851
1076,2509
1076,156
1076,156
1076,1138
1076,1138
1077,65
1077,4560
1077,132
1077,2115
1077,1945
1077,980
1078,1200
1078,2017
1078,1757
1078,65
1078,1663
1078,3032
1078,3821
1078,3821
1078,3822
1078,132
1078,1448
1078,1945
1079,742
1079,2017
1079,1757
1079,65
1079,65
1079,65
1079,121
1079,132
1079,2115
1079,5599
1079,5600
1079,1945
1079,1945
1079,1945
1079,980
1079,980
1079,3996
1079,59
1079,59
1079,1722
1080,1931
1080,1573
1080,1932
1080,65
1080,87
1080,715
1080,715
1080,261
1080,1933
1080,1851
1080,1851
1080,263
1080,1206
1080,1934
1080,165
1080,1159
1080,1159
1080,119
1080,1935
1080,2214
1080,166
1080,1936
1080,1936
1080,721
1080,1937
1080,1938
1080,892
1080,1940
1080,53
1080,363
1080,3289
1080,295
1080,1941
1080,1942
1080,1943
1080,1944
1080,1945
1080,5601
1080,1946
1080,1947
1080,1949
1080,1950
1080,306
1080,211
1080,1951
1080,490
1080,2491
1080,1638
1080,863
1080,1953
1080,1151
1080,1151
1080,136
1080,818
1080,1136
1080,311
1080,824
1080,711
1080,711
1080,394
1080,314
1080,1954
1080,1642
1080,1273
1080,1955
1080,1955
1080,1854
1080,1643
1080,1956
1080,452
1081,239
1081,5602
1081,838
1081,1596
1081,562
1081,1457
1081,1457
1081,249
1081,249
1081,159
1081,159
1081,325
1081,145
1081,2973
1081,2973
1081,65
1081,2439
1081,260
1081,2184
1081,636
1081,2057
1081,638
1081,266
1081,266
1081,188
1081,188
1081,1411
1081,1411
1081,1665
1081,1412
1081,5603
1081,880
1081,2709
1081,277
1081,29
1081,3935
1081,2978
1081,2060
1081,2060
1081,467
1081,287
1081,362
1081,203
1081,487
1081,488
1081,1482
1081,291
1081,5604
1081,211
1081,1007
1081,308
1081,308
1081,491
1081,5605
1082,65
1082,166
1082,121
1082,82
1082,89
1083,104
1083,65
1083,1534
1083,3032
1083,1440
1083,3034
1083,132
1084,100
1084,65
1084,1903
1084,346
1084,5606
1084,1964
1084,78
1084,5607
1084,3001
1084,672
1084,1686
1084,1058
1084,3004
1085,3
1085,325
1085,325
1085,145
1085,3594
1085,1192
1085,1085
1085,253
1085,65
1085,4772
1085,567
1085,1624
1085,750
1085,750
1085,459
1085,638
1085,1626
1085,1318
1085,1160
1085,1160
1085,1415
1085,5608
1085,350
1085,29
1085,1991
1085,1668
1085,528
1085,3242
1085,197
1085,428
1085,428
1085,131
1085,131
1085,1631
1085,1631
1085,487
1085,1966
1085,4264
1085,3244
1085,372
1085,1307
1085,211
1085,211
1085,490
1085,1397
1085,5609
1085,1639
1085,1167
1085,863
1085,3620
1085,1954
1085,1642
1085,593
1085,477
1086,240
1086,172
1086,172
1086,713
1086,159
1086,159
1086,324
1086,145
1086,145
1086,62
1086,62
1086,160
1086,160
1086,327
1086,1018
1086,597
1086,542
1086,161
1086,161
1086,65
1086,10
1086,10
1086,551
1086,260
1086,599
1086,750
1086,750
1086,263
1086,264
1086,270
1086,148
1086,148
1086,2520
1086,343
1086,543
1086,2244
1086,504
1086,166
1086,121
1086,273
1086,273
1086,191
1086,1528
1086,277
1086,1292
1086,233
1086,280
1086,280
1086,1798
1086,756
1086,2526
1086,35
1086,5610
1086,131
1086,362
1086,365
1086,292
1086,856
1086,1218
1086,368
1086,5611
1086,208
1086,211
1086,211
1086,308
1086,770
1086,59
1086,59
1086,396
1086,154
1086,538
1086,609
1086,771
1086,440
1086,2163
1086,5612
1086,230
1086,230
1086,2165
1086,852
1086,852
1087,91
1087,91
1087,100
1087,102
1087,103
1087,104
1087,108
1087,1817
1087,110
1087,65
1087,111
1087,112
1087,112
1087,3583
1087,337
1087,115
1087,188
1087,117
1087,119
1087,121
1087,123
1087,130
1087,35
1087,131
1087,3976
1087,134
1087,55
1087,3587
1087,135
1087,135
1087,675
1087,136
1087,137
1087,138
1087,140
1087,141
1087,452
1087,142
1087,1277
1087,143
1088,158
1088,249
1088,159
1088,324
1088,145
1088,2973
1088,839
1088,332
1088,65
1088,333
1088,1511
1088,266
1088,1411
1088,2851
1088,166
1088,880
1088,5613
1088,5614
1088,2193
1088,1514
1088,1444
1088,666
1088,2060
1088,3254
1088,2195
1088,2198
1088,2200
1088,308
1088,2206
1088,2207
1088,852
1088,1570
1088,1138
1089,1971
1089,4278
1089,2179
1089,159
1089,324
1089,100
1089,145
1089,65
1089,687
1089,1143
1089,1468
1089,166
1089,1145
1089,169
1089,352
1089,1972
1089,35
1089,35
1089,35
1089,37
1089,3354
1089,197
1089,228
1089,359
1089,4279
1089,4280
1089,1973
1089,449
1089,229
1089,229
1089,4281
1089,1853
1089,450
1089,4282
1089,4283
1089,451
1089,1978
1089,136
1089,2023
1089,4284
1089,2419
1089,406
1089,142
1089,230
1089,230
1089,519
1089,453
1089,1358
1089,1568
1089,612
1089,2045
1089,875
1089,875
1089,231
1089,876
1089,454
1089,156
1090,778
1090,65
1090,3933
1090,121
1090,789
1090,790
1090,793
1090,1942
1090,5371
1090,802
1090,5615
1090,1136
1090,310
1090,314
1091,87
1091,444
1091,975
1091,3648
1091,2669
1092,232
1092,2310
1092,145
1092,3331
1092,1961
1092,108
1092,65
1092,3209
1092,1962
1092,969
1092,237
1092,1254
1092,749
1092,3541
1092,880
1092,2541
1092,426
1092,1372
1092,1769
1092,468
1092,1224
1092,375
1092,1501
1092,212
1092,930
1092,214
1092,3220
1092,888
1092,847
1092,218
1092,384
1092,1563
1092,59
1092,984
1092,396
1092,1354
1092,864
1092,4111
1092,3110
1093,318
1093,240
1093,240
1093,1754
1093,1754
1093,4371
1093,560
1093,172
1093,172
1093,172
1093,2732
1093,2732
1093,2878
1093,1013
1093,1013
1093,158
1093,713
1093,713
1093,248
1093,173
1093,173
1093,173
1093,173
1093,3
1093,1924
1093,232
1093,159
1093,159
1093,159
1093,159
1093,159
1093,159
1093,159
1093,159
1093,324
1093,324
1093,324
1093,100
1093,100
1093,100
1093,100
1093,100
1093,100
1093,100
1093,563
1093,563
1093,415
1093,415
1093,145
1093,145
1093,145
1093,145
1093,62
1093,62
1093,62
1093,62
1093,62
1093,1200
1093,103
1093,3281
1093,4064
1093,1017
1093,1017
1093,2358
1093,1018
1093,1018
1093,1018
1093,854
1093,988
1093,1247
1093,1247
1093,5616
1093,5146
1093,147
1093,1141
1093,1141
1093,1141
1093,2885
1093,179
1093,179
1093,709
1093,7
1093,63
1093,63
1093,960
1093,110
1093,110
1093,332
1093,565
1093,565
1093,253
1093,1655
1093,333
1093,632
1093,632
1093,183
1093,183
1093,183
1093,10
1093,10
1093,551
1093,2266
1093,184
1093,260
1093,599
1093,1821
1093,1821
1093,1821
1093,1070
1093,1070
1093,1070
1093,3530
1093,3530
1093,2581
1093,638
1093,13
1093,483
1093,270
1093,1019
1093,68
1093,68
1093,148
1093,20
1093,2520
1093,343
1093,543
1093,165
1093,165
1093,165
1093,1020
1093,5147
1093,504
1093,990
1093,121
1093,1146
1093,191
1093,3526
1093,123
1093,2982
1093,544
1093,1528
1093,752
1093,690
1093,690
1093,753
1093,233
1093,351
1093,280
1093,280
1093,280
1093,3062
1093,1023
1093,1023
1093,545
1093,1071
1093,2540
1093,2468
1093,426
1093,353
1093,1738
1093,35
1093,35
1093,354
1093,149
1093,355
1093,692
1093,692
1093,692
1093,4079
1093,357
1093,131
1093,131
1093,2042
1093,693
1093,1312
1093,363
1093,363
1093,365
1093,291
1093,895
1093,4564
1093,1715
1093,368
1093,369
1093,1222
1093,1753
1093,2387
1093,376
1093,376
1093,377
1093,1501
1093,211
1093,211
1093,211
1093,211
1093,211
1093,212
1093,213
1093,213
1093,814
1093,930
1093,308
1093,5148
1093,215
1093,1229
1093,218
1093,219
1093,384
1093,1705
1093,548
1093,1033
1093,220
1093,220
1093,386
1093,710
1093,710
1093,310
1093,310
1093,5149
1093,4507
1093,1538
1093,439
1093,59
1093,396
1093,154
1093,154
1093,154
1093,538
1093,538
1093,538
1093,538
1093,2158
1093,316
1093,515
1093,1131
1093,222
1093,850
1093,850
1093,404
1093,141
1093,2164
1093,230
1093,5150
1093,521
1093,851
1094,65
1094,4579
1094,1853
1094,536
1094,1272
1094,772
1094,1235
1094,708
1094,156
1095,160
1095,854
1095,332
1095,565
1095,161
1095,65
1095,1344
1095,5057
1095,121
1095,1177
1095,692
1096,3883
1096,831
1096,318
1096,832
1096,3093
1096,172
1096,173
1096,173
1096,2960
1096,159
1096,159
1096,324
1096,145
1096,495
1096,1573
1096,3884
1096,1782
1096,5617
1096,160
1096,3885
1096,177
1096,1750
1096,147
1096,2359
1096,2359
1096,5169
1096,332
1096,1367
1096,1203
1096,1489
1096,1620
1096,87
1096,255
1096,255
1096,9
1096,9
1096,715
1096,1759
1096,1759
1096,2266
1096,961
1096,334
1096,184
1096,3887
1096,3888
1096,5618
1096,258
1096,599
1096,634
1096,634
1096,2749
1096,2131
1096,635
1096,456
1096,971
1096,1254
1096,749
1096,749
1096,457
1096,457
1096,2581
1096,263
1096,636
1096,459
1096,459
1096,941
1096,638
1096,638
1096,266
1096,1317
1096,148
1096,148
1096,460
1096,165
1096,1144
1096,601
1096,601
1096,3889
1096,3889
1096,2641
1096,121
1096,880
1096,2122
1096,721
1096,193
1096,277
1096,1550
1096,2271
1096,2271
1096,168
1096,752
1096,351
1096,3160
1096,3160
1096,29
1096,1915
1096,3891
1096,5514
1096,756
1096,3892
1096,3893
1096,507
1096,3894
1096,3896
1096,149
1096,1556
1096,1556
1096,665
1096,1584
1096,666
1096,357
1096,131
1096,131
1096,2543
1096,2722
1096,3898
1096,3898
1096,1392
1096,1392
1096,3899
1096,3899
1096,5619
1096,796
1096,1129
1096,1395
1096,5620
1096,5621
1096,1837
1096,1220
1096,511
1096,511
1096,672
1096,1804
1096,1685
1096,1685
1096,845
1096,41
1096,41
1096,374
1096,3902
1096,375
1096,208
1096,208
1096,533
1096,616
1096,377
1096,3903
1096,378
1096,5622
1096,1635
1096,1635
1096,2304
1096,1073
1096,1073
1096,211
1096,211
1096,929
1096,1505
1096,4225
1096,766
1096,1449
1096,1266
1096,1007
1096,1007
1096,308
1096,214
1096,214
1096,491
1096,491
1096,1229
1096,3904
1096,536
1096,1808
1096,218
1096,137
1096,382
1096,383
1096,2289
1096,3905
1096,220
1096,220
1096,385
1096,385
1096,820
1096,2062
1096,2290
1096,310
1096,822
1096,770
1096,1430
1096,393
1096,396
1096,396
1096,154
1096,316
1096,316
1096,515
1096,5623
1096,1131
1096,864
1096,404
1096,404
1096,539
1096,539
1096,3908
1096,2164
1096,1299
1096,1299
1096,477
1096,477
1096,1380
1096,226
1096,3109
1096,1236
1096,521
1096,3413
1096,1566
1096,1567
1096,1812
1096,3154
1096,852
1096,852
1096,1570
1096,156
1096,1138
1097,867
1097,3028
1097,325
1097,3029
1097,1247
1097,2004
1097,3030
1097,187
1097,1535
1097,1440
1097,1441
1097,3033
1097,1160
1097,2625
1097,131
1097,3035
1097,2007
1097,1350
1097,1447
1097,1448
1097,1519
1097,3036
1097,1224
1097,211
1097,136
1098,1200
1098,2017
1098,1757
1098,65
1098,1663
1098,4558
1098,4559
1098,4560
1098,3821
1098,3822
1098,4563
1098,2035
1098,2115
1098,1448
1098,1945
1098,980
1099,65
1099,5624
1099,1009
1100,319
1100,4484
1100,172
1100,157
1100,158
1100,173
1100,144
1100,159
1100,159
1100,100
1100,145
1100,1869
1100,744
1100,179
1100,960
1100,110
1100,1202
1100,161
1100,87
1100,255
1100,10
1100,745
1100,613
1100,184
1100,335
1100,260
1100,336
1100,261
1100,1142
1100,963
1100,187
1100,749
1100,263
1100,264
1100,4295
1100,1699
1100,268
1100,4488
1100,166
1100,974
1100,192
1100,1291
1100,276
1100,277
1100,278
1100,2881
1100,233
1100,351
1100,1586
1100,428
1100,428
1100,131
1100,1173
1100,693
1100,796
1100,761
1100,287
1100,362
1100,363
1100,203
1100,365
1100,291
1100,1129
1100,4809
1100,920
1100,554
1100,883
1100,511
1100,373
1100,375
1100,376
1100,376
1100,208
1100,377
1100,2883
1100,846
1100,846
1100,211
1100,2286
1100,212
1100,1503
1100,214
1100,215
1100,136
1100,536
1100,218
1100,1033
1100,220
1100,386
1100,389
1100,310
1100,311
1100,390
1100,770
1100,770
1100,394
1100,396
1100,396
1100,154
1100,138
1100,399
1100,316
1100,772
1100,772
1100,517
1100,230
1100,3047
1100,411
1100,4493
1100,156
1101,2804
1101,158
1101,324
1101,324
1101,100
1101,100
1101,833
1101,2514
1101,103
1101,4018
1101,3726
1101,175
1101,859
1101,1899
1101,108
1101,3234
1101,1141
1101,744
1101,179
1101,179
1101,3860
1101,110
1101,3495
1101,65
1101,3080
1101,834
1101,2365
1101,1982
1101,962
1101,5625
1101,337
1101,337
1101,1254
1101,1903
1101,187
1101,187
1101,501
1101,600
1101,600
1101,2581
1101,2581
1101,5431
1101,421
1101,5626
1101,880
1101,1401
1101,2708
1101,192
1101,2982
1101,1828
1101,5627
1101,5627
1101,2891
1101,195
1101,2720
1101,666
1101,1586
1101,198
1101,791
1101,131
1101,131
1101,1106
1101,430
1101,53
1101,3985
1101,3121
1101,920
1101,5628
1101,468
1101,468
1101,370
1101,836
1101,531
1101,896
1101,1426
1101,1308
1101,211
1101,211
1101,1704
1101,1704
1101,814
1101,1449
1101,308
1101,308
1101,436
1101,214
1101,214
1101,2572
1101,955
1101,1151
1101,383
1101,384
1101,1136
1101,387
1101,310
1101,770
1101,439
1101,439
1101,59
1101,59
1101,2757
1101,1894
1101,154
1101,223
1101,864
1101,2163
1101,2163
1101,5629
1101,226
1102,100
1102,709
1102,65
1102,2853
1102,211
1102,138
1102,683
1103,172
1103,248
1103,173
1103,159
1103,324
1103,145
1103,160
1103,65
1103,263
1103,718
1103,421
1103,504
1103,273
1103,721
1103,544
1103,277
1103,35
1103,149
1103,1173
1103,82
1103,2331
1103,3418
1103,438
1103,154
1103,230
1104,838
1104,159
1104,145
1104,145
1104,5630
1104,565
1104,65
1104,1511
1104,1511
1104,599
1104,638
1104,266
1104,266
1104,1905
1104,3116
1104,463
1104,424
1104,1913
1104,2193
1104,2193
1104,1513
1104,3112
1104,2472
1104,2472
1104,363
1104,291
1104,2762
1104,5631
1104,211
1104,308
1104,308
1104,2207
1104,473
1104,4507
1104,4507
1105,234
1105,234
1105,235
1105,1961
1105,108
1105,967
1105,65
1105,1251
1105,1902
1105,969
1105,969
1105,2926
1105,456
1105,456
1105,970
1105,970
1105,1254
1105,5027
1105,781
1105,188
1105,421
1105,3566
1105,942
1105,3443
1105,1906
1105,5632
1105,1910
1105,2791
1105,166
1105,3005
1105,2122
1105,277
1105,128
1105,88
1105,3447
1105,2570
1105,2570
1105,3896
1105,2471
1105,950
1105,82
1105,134
1105,134
1105,301
1105,469
1105,2286
1105,2571
1105,490
1105,1265
1105,1449
1105,215
1105,5633
1105,3990
1105,863
1105,1774
1105,218
1105,220
1105,5634
1105,2645
1105,984
1105,317
1105,864
1105,852
1106,65
1106,4558
1106,4559
1106,4560
1106,4563
1106,132
1106,1945
1106,980
1107,65
1107,5001
1107,132
1107,816
1108,65
1108,132
1108,1945
1108,5267
1109,867
1109,558
1109,172
1109,2732
1109,1013
1109,98
1109,158
1109,144
1109,99
1109,159
1109,145
1109,1018
1109,105
1109,3052
1109,147
1109,744
1109,332
1109,161
1109,65
1109,65
1109,65
1109,10
1109,715
1109,3055
1109,1052
1109,484
1109,116
1109,552
1109,3058
1109,2907
1109,2907
1109,3059
1109,3059
1109,3059
1109,2550
1109,504
1109,504
1109,4447
1109,166
1109,191
1109,944
1109,2328
1109,126
1109,1054
1109,1775
1109,1775
1109,577
1109,577
1109,128
1109,1832
1109,3066
1109,3067
1109,693
1109,287
1109,203
1109,364
1109,1802
1109,133
1109,3069
1109,54
1109,2835
1109,4995
1109,376
1109,534
1109,1454
1109,2304
1109,153
1109,213
1109,929
1109,724
1109,814
1109,3073
1109,3073
1109,3074
1109,5505
1109,1230
1109,3076
1109,220
1109,703
1109,1430
1109,538
1109,222
1109,155
1109,517
1109,517
1109,227
1110,2063
1110,1360
1110,1360
1110,1154
1110,838
1110,248
1110,99
1110,159
1110,324
1110,61
1110,854
1110,2849
1110,63
1110,5635
1110,65
1110,65
1110,482
1110,188
1110,718
1110,148
1110,148
1110,552
1110,70
1110,70
1110,20
1110,20
1110,2851
1110,165
1110,1021
1110,1094
1110,2068
1110,2068
1110,121
1110,75
1110,277
1110,2852
1110,2852
1110,1470
1110,26
1110,77
1110,690
1110,238
1110,577
1110,128
1110,88
1110,1832
1110,3769
1110,35
1110,149
1110,149
1110,149
1110,1444
1110,3242
1110,1171
1110,286
1110,5509
1110,2528
1110,994
1110,208
1110,812
1110,211
1110,1862
1110,490
1110,213
1110,929
1110,214
1110,83
1110,1430
1110,405
1110,230
1110,230
1110,230
1111,1931
1111,1573
1111,1932
1111,715
1111,261
1111,1933
1111,1851
1111,1206
1111,1934
1111,165
1111,1159
1111,1935
1111,1936
1111,1937
1111,1938
1111,892
1111,1940
1111,53
1111,363
1111,295
1111,1942
1111,1943
1111,1944
1111,1945
1111,1946
1111,1947
1111,306
1111,1951
1111,490
1111,1638
1111,1953
1111,1151
1111,136
1111,818
1111,311
1111,824
1111,711
1111,394
1111,314
1111,1954
1111,1273
1111,1955
1111,1854
1111,1643
1111,1956
1111,452
1112,319
1112,232
1112,324
1112,324
1112,415
1112,145
1112,2263
1112,777
1112,1749
1112,110
1112,110
1112,332
1112,1367
1112,2701
1112,8
1112,65
1112,10
1112,613
1112,335
1112,5332
1112,336
1112,187
1112,340
1112,119
1112,526
1112,526
1112,5636
1112,166
1112,121
1112,880
1112,2782
1112,1791
1112,2123
1112,1054
1112,909
1112,5637
1112,195
1112,35
1112,2588
1112,4185
1112,3585
1112,131
1112,131
1112,1108
1112,53
1112,201
1112,796
1112,796
1112,2084
1112,2084
1112,798
1112,510
1112,1702
1112,4269
1112,1720
1112,1006
1112,372
1112,884
1112,532
1112,729
1112,375
1112,376
1112,846
1112,42
1112,213
1112,929
1112,2156
1112,536
1112,218
1112,137
1112,382
1112,384
1112,1033
1112,220
1112,385
1112,385
1112,738
1112,1594
1112,739
1112,710
1112,710
1112,3864
1112,1065
1112,391
1112,1453
1112,740
1112,1430
1112,59
1112,1810
1112,154
1112,397
1112,829
1112,138
1112,138
1112,1846
1112,140
1112,1189
1112,1189
1112,222
1112,403
1112,141
1112,1299
1112,517
1112,1009
1112,866
1113,5360
1113,65
1113,834
1113,121
1113,3626
1113,3626
1113,4251
1113,3658
1113,3784
1113,3784
1113,3784
1113,1193
1113,192
1113,192
1113,1793
1113,1794
1113,1794
1113,2902
1113,4406
1113,3786
1113,3786
1113,510
1113,510
1113,3788
1113,728
1113,532
1113,532
1113,1426
1113,1308
1113,966
1113,154
1113,4914
1113,406
1114,1139
1114,1242
1114,158
1114,713
1114,3
1114,159
1114,324
1114,324
1114,325
1114,325
1114,100
1114,100
1114,145
1114,145
1114,1140
1114,327
1114,332
1114,161
1114,65
1114,333
1114,162
1114,10
1114,262
1114,906
1114,1256
1114,1143
1114,1021
1114,1144
1114,1145
1114,880
1114,1146
1114,426
1114,35
1114,757
1114,171
1114,171
1114,53
1114,509
1114,1147
1114,1148
1114,378
1114,306
1114,2044
1114,1149
1114,1150
1114,135
1114,1920
1114,1151
1114,218
1114,154
1114,316
1114,141
1114,408
1114,517
1114,517
1114,143
1114,454
1115,65
1115,5027
1115,1903
1115,861
1115,421
1115,5638
1115,166
1115,1395
1115,1006
1115,308
1115,473
1115,2572
1116,2767
1116,2768
1116,2818
1116,623
1116,623
1116,5639
1116,5640
1116,158
1116,232
1116,159
1116,145
1116,626
1116,332
1116,87
1116,87
1116,87
1116,10
1116,335
1116,5641
1116,635
1116,237
1116,263
1116,1206
1116,5642
1116,1317
1116,1625
1116,148
1116,2452
1116,5632
1116,5632
1116,1601
1116,1601
1116,3741
1116,2150
1116,1412
1116,4802
1116,1413
1116,2217
1116,1877
1116,1877
1116,280
1116,1988
1116,5643
1116,663
1116,663
1116,663
1116,663
1116,356
1116,1214
1116,131
1116,465
1116,693
1116,362
1116,364
1116,3464
1116,368
1116,370
1116,229
1116,1073
1116,4979
1116,211
1116,2957
1116,213
1116,2030
1116,5644
1116,308
1116,436
1116,136
1116,734
1116,220
1116,1044
1116,385
1116,710
1116,514
1116,2729
1116,770
1116,703
1116,395
1116,138
1116,515
1116,5645
1116,2031
1116,5646
1116,2032
1116,2033
1116,5647
1116,612
1117,158
1117,248
1117,248
1117,159
1117,159
1117,324
1117,100
1117,100
1117,145
1117,145
1117,859
1117,2263
1117,1727
1117,1727
1117,1141
1117,1141
1117,110
1117,110
1117,65
1117,1411
1117,1411
1117,277
1117,277
1117,149
1117,149
1117,293
1117,211
1117,211
1117,308
1117,308
1117,214
1117,214
1117,5232
1117,5232
1117,852
1117,852
1118,5648
1118,2941
1118,2513
1118,144
1118,324
1118,325
1118,100
1118,100
1118,145
1118,145
1118,833
1118,2942
1118,1284
1118,1727
1118,3653
1118,179
1118,709
1118,110
1118,5649
1118,542
1118,4990
1118,254
1118,87
1118,87
1118,255
1118,162
1118,5650
1118,334
1118,184
1118,184
1118,4887
1118,341
1118,148
1118,5651
1118,989
1118,121
1118,123
1118,168
1118,3477
1118,581
1118,355
1118,131
1118,4036
1118,841
1118,796
1118,363
1118,363
1118,856
1118,896
1118,375
1118,375
1118,3149
1118,211
1118,211
1118,381
1118,213
1118,930
1118,1806
1118,1841
1118,536
1118,218
1118,137
1118,384
1118,384
1118,220
1118,220
1118,385
1118,677
1118,1430
1118,3107
1118,396
1118,1272
1118,1272
1118,139
1118,140
1118,5652
1118,5652
1118,226
1118,227
1118,851
1118,851
1118,851
1119,2166
1119,325
1119,100
1119,101
1119,145
1119,178
1119,65
1119,1157
1119,334
1119,599
1119,166
1119,276
1119,1473
1119,131
1119,2084
1119,287
1119,82
1119,1396
1119,42
1119,606
1119,308
1119,1032
1119,1484
1120,1520
1120,5136
1120,415
1120,479
1120,2212
1120,8
1120,87
1120,1087
1120,552
1120,1523
1120,1525
1120,990
1120,1527
1120,1320
1120,1471
1120,576
1120,1475
1120,1479
1120,1481
1120,289
1120,290
1120,1117
1120,55
1121,234
1121,235
1121,236
1121,1961
1121,65
1121,969
1121,970
1121,5027
1121,166
1121,121
1121,88
1121,82
1121,1151
1121,736
1121,386
1121,738
1121,1065
1122,4048
1122,92
1122,5653
1122,93
1122,96
1122,97
1122,98
1122,4085
1122,105
1122,147
1122,1203
1122,65
1122,65
1122,87
1122,10
1122,113
1122,938
1122,938
1122,3053
1122,3053
1122,3053
1122,114
1122,5654
1122,1169
1122,4378
1122,11
1122,2132
1122,5655
1122,941
1122,941
1122,2827
1122,1467
1122,118
1122,118
1122,1094
1122,648
1122,648
1122,3681
1122,3526
1122,2328
1122,122
1122,124
1122,124
1122,125
1122,126
1122,126
1122,77
1122,1054
1122,238
1122,577
1122,88
1122,3430
1122,5467
1122,5467
1122,5467
1122,1171
1122,1171
1122,1171
1122,3066
1122,3066
1122,1104
1122,5656
1122,5272
1122,4427
1122,1325
1122,132
1122,132
1122,5468
1122,5016
1122,54
1122,54
1122,54
1122,1918
1122,2283
1122,1224
1122,1224
1122,1119
1122,1329
1122,152
1122,4270
1122,5657
1122,953
1122,1269
1122,1269
1122,1034
1122,1066
1122,956
1122,1068
1122,4358
1123,248
1123,248
1123,248
1123,3
1123,325
1123,325
1123,325
1123,415
1123,415
1123,1243
1123,564
1123,106
1123,1192
1123,63
1123,63
1123,65
1123,87
1123,87
1123,714
1123,714
1123,69
1123,719
1123,1319
1123,20
1123,20
1123,2013
1123,119
1123,5636
1123,648
1123,721
1123,5658
1123,5658
1123,1550
1123,169
1123,169
1123,169
1123,88
1123,1442
1123,4312
1123,585
1123,35
1123,35
1123,36
1123,5659
1123,5659
1123,666
1123,1633
1123,5660
1123,722
1123,1117
1123,1326
1123,211
1123,1007
1123,83
1123,154
1123,3928
1123,864
1123,405
1123,2612
1123,852
1123,852
1123,1570
1123,1570
1123,1138
1124,1241
1124,91
1124,91
1124,1139
1124,173
1124,173
1124,3
1124,159
1124,324
1124,325
1124,100
1124,145
1124,2808
1124,1140
1124,176
1124,327
1124,902
1124,179
1124,110
1124,332
1124,252
1124,252
1124,65
1124,333
1124,255
1124,162
1124,10
1124,256
1124,257
1124,1341
1124,184
1124,184
1124,1982
1124,2517
1124,5661
1124,4916
1124,262
1124,337
1124,906
1124,4657
1124,1317
1124,1143
1124,2368
1124,2368
1124,1021
1124,784
1124,1144
1124,5662
1124,1145
1124,1146
1124,193
1124,1259
1124,1259
1124,5663
1124,4094
1124,5664
1124,2247
1124,5665
1124,35
1124,757
1124,171
1124,53
1124,53
1124,5666
1124,1147
1124,799
1124,1148
1124,5667
1124,208
1124,378
1124,5668
1124,306
1124,306
1124,1149
1124,929
1124,929
1124,1376
1124,1150
1124,214
1124,437
1124,5014
1124,1231
1124,1151
1124,218
1124,218
1124,218
1124,137
1124,2815
1124,220
1124,220
1124,933
1124,310
1124,438
1124,154
1124,398
1124,316
1124,2531
1124,1274
1124,155
1124,141
1124,5669
1124,1276
1124,408
1124,517
1124,851
1124,851
1125,1139
1125,1242
1125,3
1125,159
1125,324
1125,325
1125,100
1125,145
1125,145
1125,1140
1125,327
1125,332
1125,65
1125,333
1125,162
1125,162
1125,10
1125,969
1125,262
1125,906
1125,1256
1125,1143
1125,1021
1125,1144
1125,1145
1125,1146
1125,2133
1125,35
1125,757
1125,171
1125,171
1125,792
1125,53
1125,793
1125,1186
1125,1147
1125,1148
1125,5670
1125,1262
1125,378
1125,306
1125,1149
1125,1863
1125,1150
1125,1151
1125,218
1125,154
1125,316
1125,141
1125,408
1125,517
1125,1279
1126,65
1126,121
1126,3398
1126,1722
1126,142
1127,778
1127,65
1127,3933
1127,121
1127,793
1127,802
1127,5078
1127,5154
1127,1151
1127,818
1127,1136
1127,314
1128,867
1128,1139
1128,2693
1128,3048
1128,3161
1128,4333
1128,2512
1128,4587
1128,232
1128,159
1128,324
1128,100
1128,145
1128,1573
1128,1183
1128,177
1128,1085
1128,179
1128,709
1128,1386
1128,110
1128,332
1128,253
1128,10
1128,4066
1128,1168
1128,834
1128,334
1128,184
1128,969
1128,1581
1128,750
1128,600
1128,263
1128,264
1128,941
1128,1389
1128,2368
1128,784
1128,2122
1128,1146
1128,5671
1128,3516
1128,1937
1128,1911
1128,276
1128,5017
1128,2463
1128,2217
1128,3668
1128,1915
1128,2717
1128,149
1128,2721
1128,2589
1128,196
1128,5672
1128,1421
1128,428
1128,131
1128,53
1128,201
1128,2595
1128,2274
1128,287
1128,290
1128,364
1128,291
1128,5673
1128,797
1128,3145
1128,1500
1128,3825
1128,370
1128,5674
1128,1634
1128,375
1128,534
1128,378
1128,764
1128,306
1128,211
1128,929
1128,930
1128,308
1128,214
1128,135
1128,2491
1128,2846
1128,1841
1128,1638
1128,1231
1128,1807
1128,955
1128,136
1128,218
1128,384
1128,1296
1128,220
1128,1845
1128,385
1128,2178
1128,386
1128,821
1128,389
1128,1640
1128,310
1128,3864
1128,390
1128,770
1128,394
1128,154
1128,138
1128,2958
1128,140
1128,1354
1128,402
1128,864
1128,155
1128,404
1128,141
1128,1645
1128,406
1128,408
1128,708
1128,517
1128,225
1128,226
1128,851
1128,1010
1128,852
1129,1931
1129,1573
1129,1932
1129,65
1129,715
1129,715
1129,261
1129,1933
1129,1851
1129,1206
1129,1934
1129,165
1129,1159
1129,1159
1129,1935
1129,1936
1129,1936
1129,2904
1129,721
1129,1937
1129,1938
1129,892
1129,1940
1129,131
1129,53
1129,363
1129,82
1129,295
1129,1942
1129,1943
1129,1944
1129,1945
1129,1946
1129,1852
1129,1947
1129,1949
1129,5675
1129,306
1129,1951
1129,980
1129,3996
1129,490
1129,2491
1129,1638
1129,1638
1129,1953
1129,1151
1129,1151
1129,136
1129,818
1129,311
1129,824
1129,711
1129,394
1129,314
1129,1954
1129,1954
1129,1273
1129,1955
1129,1854
1129,1643
1129,1956
1129,452
1130,1407
1130,2649
1130,8
1130,65
1130,87
1130,745
1130,334
1130,4295
1130,340
1130,717
1130,1158
1130,2962
1130,2244
1130,2077
1130,4758
1130,5676
1130,199
1130,131
1130,467
1130,2007
1130,4787
1130,2669
1130,3276
1130,1719
1130,729
1130,1330
1130,211
1130,214
1130,215
1130,220
1130,1044
1130,1064
1130,710
1130,1431
1130,223
1130,1299
1130,1970
1131,2429
1131,1979
1131,159
1131,1867
1131,628
1131,1085
1131,2435
1131,2437
1131,2438
1131,2441
1131,457
1131,568
1131,2450
1131,2455
1131,2462
1131,2464
1131,290
1131,671
1131,134
1131,2480
1131,2481
1131,2482
1131,2484
1131,2485
1131,1308
1131,139
1131,2503
1131,2509
1131,1647
1131,852
1132,5677
1132,2732
1132,2065
1132,713
1132,713
1132,248
1132,159
1132,100
1132,145
1132,145
1132,1017
1132,2212
1132,597
1132,597
1132,709
1132,63
1132,63
1132,3998
1132,542
1132,161
1132,65
1132,65
1132,333
1132,714
1132,1662
1132,599
1132,599
1132,15
1132,1019
1132,148
1132,2185
1132,20
1132,2520
1132,1144
1132,1144
1132,504
1132,74
1132,990
1132,556
1132,166
1132,166
1132,273
1132,277
1132,277
1132,424
1132,2905
1132,238
1132,527
1132,426
1132,195
1132,149
1132,509
1132,363
1132,488
1132,2331
1132,375
1132,1425
1132,606
1132,211
1132,213
1132,765
1132,547
1132,814
1132,384
1132,84
1132,220
1132,2920
1132,2062
1132,610
1132,230
1133,2310
1133,1573
1133,1961
1133,65
1133,2581
1133,638
1133,5678
1133,2949
1133,121
1133,1827
1133,3568
1133,2177
1133,431
1133,468
1133,1704
1133,1449
1133,214
1133,4461
1133,1921
1133,393
1134,560
1134,560
1134,5679
1134,95
1134,96
1134,3164
1134,1957
1134,248
1134,3
1134,325
1134,101
1134,415
1134,415
1134,1315
1134,936
1134,3166
1134,3167
1134,106
1134,106
1134,839
1134,63
1134,8
1134,65
1134,714
1134,10
1134,499
1134,499
1134,687
1134,1049
1134,3054
1134,941
1134,941
1134,13
1134,13
1134,188
1134,718
1134,484
1134,1905
1134,2962
1134,342
1134,20
1134,1439
1134,343
1134,1133
1134,74
1134,1468
1134,648
1134,2328
1134,2904
1134,2904
1134,277
1134,1796
1134,659
1134,2905
1134,238
1134,577
1134,169
1134,78
1134,580
1134,446
1134,3180
1134,54
1134,55
1134,55
1134,2835
1134,213
1134,676
1134,492
1134,3183
1134,136
1134,1066
1134,1334
1134,3366
1134,517
1134,1336
1134,143
1134,3185
1134,3185
1134,611
1135,2960
1135,2960
1135,65
1135,4958
1135,4958
1135,2966
1135,28
1135,88
1135,5680
1135,664
1135,82
1135,132
1135,5681
1135,2969
1135,733
1135,1064
1135,2970
1135,3077
1135,2332
1135,5682
1136,318
1136,524
1136,1013
1136,158
1136,248
1136,144
1136,159
1136,325
1136,100
1136,415
1136,145
1136,177
1136,1141
1136,110
1136,87
1136,714
1136,162
1136,613
1136,260
1136,599
1136,501
1136,263
1136,1699
1136,13
1136,15
1136,164
1136,3057
1136,1133
1136,5683
1136,166
1136,2133
1136,426
1136,357
1136,131
1136,509
1136,362
1136,363
1136,2812
1136,378
1136,730
1136,211
1136,212
1136,535
1136,1265
1136,724
1136,837
1136,2846
1136,1841
1136,536
1136,218
1136,734
1136,1033
1136,1044
1136,385
1136,1428
1136,710
1136,392
1136,1334
1136,608
1136,154
1136,138
1136,398
1136,316
1136,772
1136,141
1136,226
1136,410
1136,521
1136,411
1136,1747
1137,322
1137,1013
1137,144
1137,324
1137,62
1137,177
1137,161
1137,65
1137,715
1137,335
1137,1239
1137,148
1137,552
1137,273
1137,193
1137,1024
1137,692
1137,292
1137,3244
1137,372
1137,377
1137,381
1137,607
1137,1231
1137,218
1137,438
1137,396
1137,538
1137,398
1137,316
1137,620
1137,406
1137,410
1137,411
1138,232
1138,324
1138,100
1138,110
1138,1070
1138,268
1138,166
1138,121
1138,363
1138,304
1138,378
1138,1188
1138,313
1138,222
1138,521
1139,65
1139,4558
1139,4559
1139,4560
1139,2115
1139,1945
1139,3996
1140,2064
1140,4815
1140,2333
1140,2333
1140,328
1140,87
1140,483
1140,2336
1140,4070
1140,2337
1140,1609
1140,5684
1140,2338
1140,2339
1140,2176
1140,2340
1140,2341
1140,589
1140,589
1140,2342
1140,1057
1140,134
1140,2343
1140,2344
1140,2345
1140,1635
1140,2346
1140,2347
1140,2348
1140,2349
1140,1613
1140,2350
1140,1614
1140,1064
1140,873
1140,2351
1140,1429
1140,2352
1140,2353
1141,319
1141,91
1141,65
1141,4019
1141,121
1141,131
1141,918
1141,919
1141,2814
1141,925
1141,5685
1141,814
1141,1277
1142,2649
1142,3589
1142,414
1142,414
1142,159
1142,101
1142,2310
1142,2310
1142,1959
1142,147
1142,331
1142,3495
1142,65
1142,65
1142,163
1142,163
1142,1144
1142,2269
1142,166
1142,2376
1142,426
1142,88
1142,1513
1142,758
1142,758
1142,666
1142,197
1142,5479
1142,2177
1142,2084
1142,132
1142,433
1142,468
1142,468
1142,211
1142,814
1142,308
1142,436
1142,437
1142,218
1142,218
1142,4193
1142,1428
1142,1428
1142,710
1142,710
1142,439
1142,223
1143,1575
1143,1576
1143,1578
1143,1583
1143,1584
1143,360
1143,1589
1143,1592
1143,1309
1144,65
1144,5686
1144,2628
1144,5687
1145,853
1145,853
1145,853
1145,853
1145,867
1145,867
1145,239
1145,3395
1145,3970
1145,3970
1145,3970
1145,4679
1145,560
1145,172
1145,5688
1145,713
1145,248
1145,144
1145,144
1145,144
1145,5689
1145,159
1145,159
1145,159
1145,159
1145,324
1145,324
1145,324
1145,325
1145,100
1145,145
1145,145
1145,145
1145,145
1145,854
1145,854
1145,147
1145,331
1145,331
1145,331
1145,709
1145,63
1145,960
1145,110
1145,110
1145,1202
1145,332
1145,161
1145,161
1145,65
1145,87
1145,10
1145,10
1145,10
1145,10
1145,10
1145,10
1145,551
1145,715
1145,834
1145,334
1145,334
1145,334
1145,335
1145,260
1145,599
1145,599
1145,1580
1145,262
1145,263
1145,263
1145,263
1145,264
1145,264
1145,264
1145,264
1145,4832
1145,4832
1145,268
1145,718
1145,718
1145,148
1145,1751
1145,552
1145,5690
1145,5690
1145,5690
1145,3740
1145,118
1145,72
1145,2706
1145,119
1145,345
1145,345
1145,2269
1145,2269
1145,4091
1145,4091
1145,121
1145,121
1145,191
1145,1291
1145,1291
1145,4841
1145,277
1145,277
1145,277
1145,752
1145,690
1145,238
1145,280
1145,1023
1145,527
1145,881
1145,1370
1145,353
1145,353
1145,35
1145,35
1145,149
1145,428
1145,131
1145,131
1145,131
1145,131
1145,200
1145,1392
1145,1215
1145,2084
1145,363
1145,363
1145,363
1145,1217
1145,1129
1145,920
1145,206
1145,368
1145,55
1145,2331
1145,1743
1145,1743
1145,1222
1145,1222
1145,375
1145,616
1145,304
1145,210
1145,2304
1145,812
1145,153
1145,153
1145,211
1145,211
1145,211
1145,381
1145,381
1145,212
1145,212
1145,213
1145,213
1145,1265
1145,929
1145,1593
1145,4225
1145,766
1145,930
1145,5691
1145,5691
1145,308
1145,214
1145,214
1145,215
1145,815
1145,1229
1145,1229
1145,1807
1145,136
1145,218
1145,218
1145,137
1145,384
1145,384
1145,384
1145,734
1145,220
1145,220
1145,220
1145,220
1145,220
1145,1044
1145,1044
1145,1044
1145,385
1145,385
1145,1034
1145,1034
1145,389
1145,710
1145,710
1145,313
1145,313
1145,1810
1145,154
1145,154
1145,154
1145,154
1145,154
1145,138
1145,138
1145,138
1145,138
1145,398
1145,316
1145,316
1145,317
1145,140
1145,140
1145,140
1145,140
1145,1189
1145,5692
1145,5692
1145,850
1145,155
1145,155
1145,155
1145,155
1145,404
1145,404
1145,404
1145,404
1145,404
1145,2163
1145,141
1145,2532
1145,2532
1145,2549
1145,1178
1145,517
1145,521
1145,611
1145,611
1145,611
1145,1282
1145,156
1146,4249
1146,172
1146,157
1146,173
1146,173
1146,144
1146,159
1146,100
1146,145
1146,174
1146,1284
1146,327
1146,177
1146,63
1146,65
1146,183
1146,163
1146,186
1146,148
1146,165
1146,165
1146,121
1146,193
1146,276
1146,131
1146,131
1146,363
1146,205
1146,211
1146,211
1146,212
1146,215
1146,136
1146,382
1146,219
1146,219
1146,620
1146,1299
1146,226
1147,1971
1147,234
1147,234
1147,234
1147,325
1147,145
1147,236
1147,236
1147,236
1147,1245
1147,65
1147,65
1147,1251
1147,2750
1147,2445
1147,2445
1147,1440
1147,189
1147,2753
1147,893
1147,1179
1147,2471
1147,2471
1147,666
1147,666
1147,131
1147,2394
1147,134
1147,229
1147,3514
1147,215
1147,406
1147,452
1147,2395
1147,230
1147,1279
1148,2144
1148,60
1148,144
1148,144
1148,232
1148,159
1148,100
1148,709
1148,110
1148,1202
1148,1202
1148,332
1148,3495
1148,1575
1148,253
1148,1489
1148,1489
1148,1489
1148,87
1148,10
1148,834
1148,1788
1148,260
1148,635
1148,187
1148,187
1148,457
1148,459
1148,4714
1148,340
1148,4887
1148,5583
1148,341
1148,117
1148,2271
1148,195
1148,195
1148,1513
1148,665
1148,356
1148,868
1148,429
1148,131
1148,131
1148,53
1148,671
1148,1219
1148,1219
1148,3800
1148,134
1148,1720
1148,470
1148,213
1148,1265
1148,724
1148,965
1148,5693
1148,1968
1148,930
1148,308
1148,436
1148,436
1148,214
1148,1428
1148,710
1148,710
1148,221
1148,221
1148,850
1148,683
1148,477
1148,521
1148,521
1149,87
1149,88
1149,1808
1150,318
1150,323
1150,173
1150,144
1150,159
1150,324
1150,100
1150,145
1150,63
1150,254
1150,65
1150,10
1150,961
1150,334
1150,335
1150,263
1150,268
1150,1525
1150,166
1150,121
1150,1193
1150,1348
1150,171
1150,199
1150,357
1150,287
1150,203
1150,364
1150,82
1150,920
1150,3418
1150,208
1150,304
1150,210
1150,1074
1150,135
1150,2991
1150,136
1150,384
1150,734
1150,220
1150,385
1150,389
1150,313
1150,397
1150,138
1150,140
1150,404
1150,407
1150,1299
1150,226
1150,520
1150,521
1151,419
1151,65
1151,971
1151,1763
1151,2058
1151,2068
1151,2552
1151,1513
1151,666
1151,994
1151,54
1151,814
1151,214
1151,136
1151,438
1151,1066
1151,934
1152,5133
1152,65
1152,1935
1152,1320
1152,5694
1152,816
1153,144
1153,324
1153,62
1153,1018
1153,1141
1153,542
1153,161
1153,65
1153,270
1153,3598
1153,166
1153,3848
1153,424
1153,5695
1153,426
1153,35
1153,357
1153,511
1153,548
1153,549
1153,385
1153,5696
1153,154
1153,609
1153,407
1153,1279
1154,5136
1154,540
1154,713
1154,713
1154,144
1154,159
1154,159
1154,159
1154,159
1154,159
1154,563
1154,62
1154,62
1154,176
1154,1460
1154,1192
1154,859
1154,332
1154,3414
1154,565
1154,65
1154,65
1154,65
1154,632
1154,632
1154,162
1154,163
1154,163
1154,163
1154,687
1154,1580
1154,748
1154,748
1154,749
1154,263
1154,265
1154,265
1154,13
1154,13
1154,340
1154,148
1154,568
1154,20
1154,2520
1154,343
1154,165
1154,1144
1154,1712
1154,990
1154,990
1154,1042
1154,121
1154,121
1154,121
1154,273
1154,945
1154,2843
1154,1413
1154,5697
1154,277
1154,277
1154,168
1154,168
1154,168
1154,752
1154,3061
1154,3415
1154,4240
1154,3416
1154,507
1154,149
1154,283
1154,692
1154,692
1154,692
1154,428
1154,428
1154,150
1154,3068
1154,3068
1154,1216
1154,292
1154,856
1154,3417
1154,1331
1154,2304
1154,2304
1154,812
1154,606
1154,606
1154,211
1154,211
1154,211
1154,490
1154,929
1154,929
1154,929
1154,814
1154,307
1154,219
1154,219
1154,220
1154,3420
1154,538
1154,230
1155,234
1155,902
1155,236
1155,1961
1155,108
1155,65
1155,65
1155,970
1155,972
1155,781
1155,784
1155,2790
1155,121
1155,880
1155,274
1155,3976
1155,795
1155,1265
1155,2755
1155,1151
1155,736
1155,2108
1155,738
1155,821
1155,1065
1155,1273
1155,155
1155,876
1156,1363
1156,172
1156,2878
1156,3
1156,159
1156,159
1156,325
1156,100
1156,100
1156,145
1156,145
1156,495
1156,2879
1156,1017
1156,327
1156,1018
1156,178
1156,709
1156,2880
1156,960
1156,161
1156,65
1156,632
1156,10
1156,566
1156,256
1156,1399
1156,260
1156,337
1156,501
1156,270
1156,166
1156,1146
1156,614
1156,233
1156,350
1156,527
1156,527
1156,2526
1156,354
1156,692
1156,171
1156,428
1156,1312
1156,796
1156,1164
1156,365
1156,292
1156,1395
1156,1395
1156,2882
1156,434
1156,375
1156,376
1156,376
1156,2883
1156,846
1156,381
1156,213
1156,213
1156,1704
1156,1265
1156,930
1156,215
1156,1188
1156,2156
1156,548
1156,220
1156,385
1156,537
1156,389
1156,703
1156,399
1156,140
1156,402
1156,404
1156,404
1156,141
1156,226
1156,2884
1156,611
1156,612
1157,1698
1157,98
1157,5698
1157,2651
1157,2651
1157,100
1157,3328
1157,145
1157,175
1157,2653
1157,328
1157,328
1157,1248
1157,147
1157,2655
1157,8
1157,65
1157,10
1157,3080
1157,5189
1157,1399
1157,1534
1157,2018
1157,749
1157,1624
1157,339
1157,264
1157,941
1157,13
1157,50
1157,1050
1157,482
1157,2659
1157,1053
1157,1053
1157,526
1157,166
1157,880
1157,880
1157,3526
1157,2904
1157,124
1157,125
1157,277
1157,351
1157,127
1157,2077
1157,428
1157,914
1157,914
1157,2665
1157,1055
1157,1055
1157,589
1157,2667
1157,1446
1157,2669
1157,2669
1157,447
1157,447
1157,468
1157,54
1157,2671
1157,511
1157,2324
1157,2324
1157,41
1157,1224
1157,377
1157,731
1157,2675
1157,308
1157,308
1157,863
1157,473
1157,1705
1157,820
1157,2062
1157,3077
1157,1065
1157,677
1157,703
1157,864
1157,1706
1158,320
1158,2063
1158,2064
1158,1013
1158,1154
1158,3165
1158,838
1158,249
1158,159
1158,324
1158,325
1158,145
1158,1018
1158,332
1158,8
1158,65
1158,5699
1158,3171
1158,266
1158,718
1158,2068
1158,2068
1158,166
1158,880
1158,2843
1158,3253
1158,277
1158,3433
1158,2124
1158,35
1158,149
1158,445
1158,1513
1158,1444
1158,3434
1158,994
1158,994
1158,468
1158,368
1158,3119
1158,211
1158,308
1158,214
1158,214
1158,1065
1158,59
1158,154
1158,538
1158,517
1158,454
1158,454
1159,3093
1159,3093
1159,158
1159,144
1159,1079
1159,324
1159,324
1159,325
1159,145
1159,1460
1159,564
1159,65
1159,162
1159,188
1159,3510
1159,989
1159,989
1159,193
1159,2870
1159,2870
1159,2422
1159,279
1159,233
1159,3061
1159,3061
1159,35
1159,35
1159,1179
1159,1179
1159,171
1159,171
1159,363
1159,363
1159,54
1159,4165
1159,154
1159,154
1159,1279
1159,1279
1159,612
1159,156
1159,156
1160,320
1160,232
1160,415
1160,145
1160,960
1160,65
1160,268
1160,753
1160,351
1160,35
1160,356
1160,357
1160,4341
1160,761
1160,287
1160,363
1160,82
1160,734
1160,710
1161,96
1161,98
1161,158
1161,144
1161,159
1161,325
1161,563
1161,415
1161,145
1161,1384
1161,565
1161,65
1161,10
1161,3058
1161,1439
1161,166
1161,1775
1161,2905
1161,690
1161,2060
1161,509
1161,363
1161,994
1161,54
1161,2835
1161,1918
1161,1334
1162,4712
1162,1200
1162,175
1162,1247
1162,179
1162,65
1162,5700
1162,5701
1162,1053
1162,5702
1162,1303
1162,5703
1162,842
1162,5704
1162,589
1162,3799
1162,1221
1162,1306
1162,1306
1162,3293
1162,399
1162,2607
1163,2356
1163,319
1163,1814
1163,713
1163,1041
1163,159
1163,100
1163,102
1163,1248
1163,3860
1163,65
1163,1251
1163,1254
1163,1143
1163,1437
1163,3566
1163,3674
1163,2369
1163,121
1163,2122
1163,5303
1163,5705
1163,2585
1163,3861
1163,3861
1163,280
1163,3274
1163,789
1163,1173
1163,2953
1163,5706
1163,5707
1163,1591
1163,1591
1163,532
1163,2600
1163,1308
1163,2956
1163,3863
1163,306
1163,1449
1163,930
1163,308
1163,386
1163,310
1163,438
1163,3864
1163,390
1163,770
1163,828
1163,154
1163,406
1163,1380
1163,1037
1163,518
1163,3866
1163,851
1163,851
1163,1282
1163,2509
1163,852
1164,455
1164,87
1164,456
1164,457
1164,458
1164,459
1164,460
1164,461
1164,462
1164,463
1164,464
1164,465
1164,466
1164,467
1164,468
1164,469
1164,470
1164,471
1164,471
1164,472
1164,473
1164,474
1164,439
1164,475
1164,476
1164,476
1164,477
1165,1895
1165,1895
1165,5708
1165,1971
1165,65
1165,443
1165,687
1165,4579
1165,5093
1165,5093
1165,445
1165,5098
1165,5709
1165,228
1165,4160
1165,1362
1165,449
1165,3040
1165,1978
1165,5062
1165,5710
1165,1808
1165,4165
1165,2395
1165,230
1165,143
1165,5711
1165,2045
1165,231
1165,876
1166,1200
1166,2017
1166,1757
1166,65
1166,1663
1166,3821
1166,3821
1166,3822
1166,1448
1166,1945
1167,319
1167,2573
1167,3127
1167,144
1167,324
1167,178
1167,331
1167,709
1167,65
1167,10
1167,745
1167,2266
1167,3888
1167,335
1167,335
1167,963
1167,1789
1167,148
1167,3720
1167,3674
1167,345
1167,274
1167,3668
1167,3668
1167,2540
1167,3477
1167,1737
1167,2541
1167,426
1167,195
1167,529
1167,1586
1167,1214
1167,2083
1167,916
1167,842
1167,796
1167,5712
1167,3358
1167,4925
1167,3836
1167,836
1167,41
1167,1224
1167,376
1167,376
1167,616
1167,1501
1167,379
1167,4270
1167,42
1167,42
1167,381
1167,212
1167,213
1167,607
1167,607
1167,930
1167,215
1167,1229
1167,1310
1167,1269
1167,218
1167,734
1167,4193
1167,1033
1167,220
1167,385
1167,385
1167,389
1167,514
1167,310
1167,770
1167,703
1167,740
1167,740
1167,314
1167,396
1167,396
1167,2606
1167,397
1167,138
1167,138
1167,398
1167,316
1167,772
1167,555
1167,850
1167,850
1167,155
1167,404
1167,620
1167,2549
1167,1299
1167,521
1167,3110
1168,328
1168,328
1168,5713
1168,65
1168,2411
1168,3656
1168,1053
1168,1053
1168,3741
1168,3032
1168,189
1168,3034
1168,4291
1168,1162
1168,2316
1168,1106
1168,430
1168,2317
1168,3449
1168,1801
1168,2669
1168,2319
1168,468
1168,134
1168,2322
1168,2324
1168,1612
1168,211
1168,5714
1168,5090
1168,220
1168,1297
1168,677
1168,2678
1168,4752
1168,1568
1168,1568
1169,87
1169,1214
1169,5299
1169,2628
1170,65
1170,363
1170,89
1170,59
1171,1070
1171,940
1171,121
1171,469
1171,1647
1172,4863
1172,87
1172,2580
1172,2643
1172,1306
1173,319
1173,1139
1173,832
1173,2357
1173,1242
1173,1242
1173,158
1173,3
1173,159
1173,159
1173,324
1173,325
1173,100
1173,100
1173,145
1173,145
1173,1140
1173,2239
1173,2358
1173,327
1173,327
1173,332
1173,3677
1173,2361
1173,65
1173,333
1173,162
1173,2241
1173,2362
1173,746
1173,2363
1173,184
1173,2005
1173,268
1173,2243
1173,1144
1173,1145
1173,2374
1173,2377
1173,35
1173,131
1173,2084
1173,1147
1173,2383
1173,2386
1173,2250
1173,375
1173,304
1173,378
1173,213
1173,1149
1173,308
1173,215
1173,137
1173,220
1173,385
1173,311
1173,59
1173,394
1173,154
1173,316
1173,772
1173,141
1173,408
1173,517
1173,521
1173,611
1174,1200
1174,2017
1174,1757
1174,87
1174,1663
1174,3821
1174,3822
1174,2115
1174,4008
1174,1448
1174,1945
1174,980
1175,158
1175,249
1175,324
1175,145
1175,2973
1175,332
1175,65
1175,1511
1175,266
1175,1411
1175,2851
1175,880
1175,426
1175,2193
1175,1514
1175,1444
1175,666
1175,2060
1175,2195
1175,2198
1175,2200
1175,308
1175,2206
1175,2207
1175,852
1175,1570
1175,1138
1176,560
1176,2573
1176,2181
1176,1041
1176,1618
1176,1457
1176,3
1176,159
1176,325
1176,4
1176,235
1176,1085
1176,63
1176,2439
1176,1621
1176,2441
1176,1871
1176,457
1176,2581
1176,458
1176,459
1176,941
1176,1905
1176,460
1176,3665
1176,2451
1176,2453
1176,1602
1176,120
1176,2122
1176,2059
1176,2189
1176,3666
1176,2399
1176,3667
1176,3668
1176,690
1176,1913
1176,28
1176,3518
1176,3669
1176,1988
1176,3670
1176,948
1176,2469
1176,33
1176,445
1176,37
1176,665
1176,2473
1176,286
1176,291
1176,2477
1176,3671
1176,374
1176,1635
1176,491
1176,2351
1176,739
1176,1429
1176,3672
1176,2257
1176,2500
1176,139
1176,3532
1176,864
1176,406
1176,477
1177,857
1177,5715
1177,65
1177,1053
1177,880
1177,2335
1177,5716
1177,5717
1177,4370
1177,82
1177,4676
1177,5433
1177,308
1177,2349
1177,2257
1177,864
1177,90
1178,87
1178,5718
1178,5384
1179,65
1179,197
1179,2598
1179,211
1180,248
1180,1015
1180,325
1180,100
1180,100
1180,101
1180,415
1180,415
1180,145
1180,3927
1180,565
1180,333
1180,87
1180,1087
1180,717
1180,188
1180,188
1180,15
1180,15
1180,1019
1180,16
1180,16
1180,569
1180,1319
1180,1319
1180,504
1180,2055
1180,571
1180,646
1180,2215
1180,2215
1180,648
1180,190
1180,1927
1180,128
1180,426
1180,1478
1180,1478
1180,581
1180,35
1180,35
1180,36
1180,289
1180,203
1180,291
1180,82
1180,5719
1180,5720
1180,154
1180,1125
1181,1931
1181,1573
1181,1932
1181,65
1181,715
1181,715
1181,261
1181,1933
1181,1851
1181,1206
1181,1934
1181,165
1181,1159
1181,1159
1181,1935
1181,166
1181,121
1181,1936
1181,721
1181,1937
1181,1938
1181,892
1181,1940
1181,88
1181,53
1181,1163
1181,363
1181,82
1181,132
1181,295
1181,1941
1181,1942
1181,1943
1181,3695
1181,1944
1181,1944
1181,1945
1181,1945
1181,1946
1181,1947
1181,3995
1181,4012
1181,1949
1181,5186
1181,4013
1181,306
1181,1951
1181,980
1181,3996
1181,490
1181,1638
1181,1639
1181,863
1181,1953
1181,1151
1181,1151
1181,136
1181,818
1181,311
1181,824
1181,711
1181,394
1181,314
1181,1954
1181,1954
1181,1273
1181,1955
1181,1955
1181,1854
1181,1643
1181,1956
1181,452
1182,713
1182,159
1182,159
1182,324
1182,325
1182,100
1182,100
1182,145
1182,145
1182,2942
1182,63
1182,63
1182,4474
1182,65
1182,2581
1182,1905
1182,2851
1182,5147
1182,4475
1182,4475
1182,3880
1182,276
1182,3667
1182,2463
1182,280
1182,1071
1182,35
1182,37
1182,131
1182,131
1182,5721
1182,693
1182,1481
1182,287
1182,363
1182,487
1182,487
1182,1118
1182,82
1182,2856
1182,5722
1182,5723
1182,2484
1182,2484
1182,871
1182,374
1182,3919
1182,2204
1182,2204
1182,154
1182,315
1182,409
1183,1860
1183,5724
1183,1980
1183,331
1183,2438
1183,87
1183,780
1183,749
1183,1623
1183,2455
1183,2630
1183,5725
1183,166
1183,2457
1183,721
1183,1160
1183,1303
1183,350
1183,948
1183,1990
1183,1991
1183,426
1183,2470
1183,5726
1183,5727
1183,3242
1183,666
1183,3021
1183,2480
1183,55
1183,3023
1183,871
1183,1591
1183,532
1183,1635
1183,308
1183,2496
1183,2507
1183,1565
1183,866
1183,2509
1184,5728
1184,323
1184,173
1184,5436
1184,1516
1184,5485
1184,1141
1184,110
1184,2113
1184,65
1184,65
1184,111
1184,334
1184,716
1184,184
1184,3583
1184,4916
1184,600
1184,2366
1184,3128
1184,1873
1184,784
1184,121
1184,5729
1184,3709
1184,149
1184,757
1184,792
1184,5730
1184,5731
1184,2414
1184,762
1184,4347
1184,924
1184,4306
1184,1423
1184,3276
1184,208
1184,306
1184,929
1184,1150
1184,3977
1184,218
1184,220
1184,220
1184,385
1184,1034
1184,310
1184,1297
1184,5732
1184,1272
1184,555
1184,2420
1184,1847
1184,406
1184,851
1185,1200
1185,2017
1185,1757
1185,1757
1185,87
1185,1663
1185,3821
1185,3822
1185,3289
1185,5733
1185,1448
1186,1895
1186,100
1186,103
1186,63
1186,442
1186,65
1186,112
1186,443
1186,444
1186,35
1186,149
1186,445
1186,37
1186,37
1186,446
1186,228
1186,447
1186,448
1186,56
1186,229
1186,1853
1186,450
1186,135
1186,451
1186,59
1186,394
1186,316
1186,404
1186,406
1186,452
1186,142
1186,230
1186,225
1186,453
1186,2045
1186,875
1186,454
1187,159
1187,324
1187,109
1187,2944
1187,87
1187,1399
1187,2312
1187,2312
1187,2896
1187,2314
1187,2193
1187,2193
1187,2315
1187,2177
1187,2177
1187,895
1187,1129
1187,370
1187,301
1187,2323
1187,2325
1187,4225
1187,930
1187,308
1187,436
1187,214
1187,214
1187,136
1187,311
1188,2017
1188,65
1188,87
1188,2018
1188,1935
1188,1935
1188,2020
1188,2021
1188,2022
1188,2022
1189,4127
1189,5648
1189,241
1189,4128
1189,2145
1189,1408
1189,5734
1189,248
1189,173
1189,173
1189,1014
1189,1014
1189,144
1189,1041
1189,1041
1189,3
1189,159
1189,159
1189,159
1189,324
1189,324
1189,324
1189,325
1189,325
1189,100
1189,100
1189,100
1189,100
1189,145
1189,145
1189,145
1189,5735
1189,1017
1189,1284
1189,777
1189,63
1189,960
1189,4129
1189,253
1189,1655
1189,1655
1189,254
1189,87
1189,183
1189,183
1189,183
1189,162
1189,162
1189,163
1189,4130
1189,4131
1189,4131
1189,499
1189,4132
1189,260
1189,748
1189,748
1189,266
1189,267
1189,188
1189,148
1189,148
1189,543
1189,165
1189,1021
1189,1021
1189,1021
1189,879
1189,525
1189,1527
1189,193
1189,4045
1189,276
1189,276
1189,4548
1189,2929
1189,168
1189,279
1189,279
1189,1474
1189,3398
1189,353
1189,4133
1189,3101
1189,1179
1189,1180
1189,758
1189,4134
1189,882
1189,171
1189,131
1189,1108
1189,5736
1189,5737
1189,869
1189,2861
1189,4135
1189,55
1189,304
1189,4137
1189,211
1189,211
1189,211
1189,4138
1189,2100
1189,5253
1189,154
1189,154
1189,154
1189,154
1189,4141
1189,538
1189,538
1189,315
1189,315
1189,1485
1189,4142
1189,5738
1189,406
1189,406
1189,142
1189,517
1189,409
1189,519
1189,1038
1189,1038
1189,611
1189,1569
1189,4145
1190,853
1190,240
1190,1154
1190,248
1190,145
1190,744
1190,542
1190,161
1190,2072
1190,65
1190,10
1190,716
1190,184
1190,599
1190,3496
1190,148
1190,552
1190,504
1190,5317
1190,166
1190,277
1190,1537
1190,754
1190,913
1190,1294
1190,131
1190,792
1190,1588
1190,916
1190,208
1190,1228
1190,1806
1191,5739
1191,158
1191,173
1191,159
1191,327
1191,1247
1191,1141
1191,1655
1191,65
1191,186
1191,148
1191,4400
1191,2269
1191,121
1191,274
1191,1370
1191,1262
1191,2250
1191,208
1191,211
1191,381
1191,213
1191,214
1191,218
1191,382
1191,220
1191,385
1191,386
1191,310
1191,770
1191,313
1191,396
1191,555
1191,2164
1191,226
1192,2851
1192,3880
1192,5721
1192,2856
1192,5722
1192,5723
1193,1931
1193,1573
1193,1932
1193,65
1193,715
1193,261
1193,1933
1193,1851
1193,1206
1193,1411
1193,1934
1193,1934
1193,165
1193,1159
1193,1159
1193,1935
1193,121
1193,1936
1193,721
1193,1937
1193,1938
1193,892
1193,1940
1193,53
1193,363
1193,3289
1193,295
1193,1942
1193,1943
1193,1944
1193,1945
1193,1946
1193,1947
1193,1948
1193,1949
1193,1950
1193,306
1193,2489
1193,1951
1193,490
1193,1638
1193,1639
1193,1953
1193,1151
1193,1151
1193,136
1193,136
1193,818
1193,1136
1193,311
1193,824
1193,711
1193,394
1193,314
1193,1954
1193,1273
1193,1955
1193,1854
1193,1643
1193,1956
1193,452
1194,239
1194,558
1194,5740
1194,99
1194,99
1194,415
1194,5741
1194,106
1194,1046
1194,3414
1194,333
1194,87
1194,1463
1194,938
1194,1169
1194,5356
1194,2012
1194,336
1194,1049
1194,13
1194,1318
1194,3057
1194,118
1194,1823
1194,571
1194,1665
1194,125
1194,1413
1194,5742
1194,5743
1194,577
1194,4573
1194,3430
1194,36
1194,4383
1194,1171
1194,667
1194,132
1194,54
1194,213
1194,213
1194,5744
1194,3774
1194,493
1194,1807
1194,5745
1194,1334
1194,1334
1194,5746
1194,89
1194,5747
1194,477
1194,517
1194,1336
1194,3185
1194,4358
1194,3186
1195,5748
1195,65
1195,3289
1196,2637
1196,1540
1196,3885
1196,329
1196,8
1196,1620
1196,87
1196,1621
1196,9
1196,3940
1196,1851
1196,457
1196,457
1196,1624
1196,750
1196,600
1196,459
1196,861
1196,1625
1196,1626
1196,1318
1196,1872
1196,460
1196,1159
1196,3942
1196,721
1196,1629
1196,2399
1196,28
1196,3946
1196,5336
1196,949
1196,1630
1196,1556
1196,665
1196,666
1196,1631
1196,1633
1196,671
1196,2199
1196,1634
1196,1634
1196,1006
1196,3901
1196,1635
1196,381
1196,607
1196,1166
1196,3002
1196,1636
1196,3456
1196,1637
1196,1397
1196,491
1196,1638
1196,1639
1196,473
1196,3003
1196,1641
1196,5749
1196,1642
1196,864
1196,1008
1196,1644
1196,477
1196,1009
1196,866
1196,3026
1196,2509
1196,1647
1196,852
1196,1570
1196,1138
1197,320
1197,2063
1197,2064
1197,560
1197,1013
1197,1154
1197,3165
1197,838
1197,838
1197,158
1197,249
1197,249
1197,159
1197,324
1197,325
1197,325
1197,415
1197,145
1197,1409
1197,859
1197,63
1197,565
1197,8
1197,65
1197,3171
1197,266
1197,718
1197,718
1197,1319
1197,2068
1197,880
1197,880
1197,3253
1197,277
1197,277
1197,3433
1197,690
1197,238
1197,2124
1197,35
1197,445
1197,1513
1197,1444
1197,3434
1197,994
1197,468
1197,368
1197,3119
1197,211
1197,308
1197,214
1197,1065
1197,59
1197,154
1197,517
1197,454
1198,3167
1198,8
1198,87
1198,10
1198,1318
1198,1207
1198,121
1198,880
1198,1160
1198,4994
1198,4153
1198,3786
1198,1519
1198,54
1198,55
1198,2331
1198,510
1198,1753
1198,1308
1198,215
1198,406
1199,1241
1199,318
1199,318
1199,319
1199,319
1199,91
1199,91
1199,91
1199,91
1199,1139
1199,832
1199,2357
1199,4213
1199,2939
1199,2940
1199,172
1199,172
1199,1242
1199,1242
1199,1242
1199,1242
1199,158
1199,158
1199,173
1199,173
1199,173
1199,173
1199,173
1199,144
1199,3
1199,159
1199,159
1199,324
1199,324
1199,325
1199,100
1199,100
1199,100
1199,145
1199,145
1199,102
1199,1140
1199,1140
1199,1140
1199,1243
1199,2239
1199,5750
1199,2358
1199,327
1199,107
1199,1141
1199,179
1199,179
1199,709
1199,709
1199,709
1199,110
1199,110
1199,110
1199,1202
1199,332
1199,2361
1199,1976
1199,252
1199,3252
1199,5751
1199,5751
1199,65
1199,65
1199,65
1199,333
1199,255
1199,162
1199,2241
1199,2362
1199,746
1199,256
1199,256
1199,2363
1199,2363
1199,334
1199,1341
1199,184
1199,184
1199,184
1199,184
1199,2365
1199,335
1199,5752
1199,3540
1199,2005
1199,501
1199,600
1199,268
1199,268
1199,268
1199,268
1199,2243
1199,1317
1199,148
1199,148
1199,552
1199,117
1199,2368
1199,503
1199,165
1199,1144
1199,4006
1199,5753
1199,4092
1199,1145
1199,121
1199,2374
1199,909
1199,1259
1199,1259
1199,5663
1199,3258
1199,1024
1199,195
1199,2377
1199,2247
1199,35
1199,35
1199,149
1199,1348
1199,428
1199,131
1199,131
1199,53
1199,5666
1199,4255
1199,4613
1199,4613
1199,796
1199,796
1199,2084
1199,2985
1199,293
1199,762
1199,1147
1199,799
1199,920
1199,295
1199,2280
1199,5667
1199,1837
1199,2383
1199,2386
1199,2250
1199,375
1199,375
1199,208
1199,1501
1199,1501
1199,304
1199,304
1199,304
1199,304
1199,378
1199,764
1199,435
1199,435
1199,5754
1199,1635
1199,846
1199,846
1199,306
1199,306
1199,213
1199,213
1199,1149
1199,607
1199,929
1199,765
1199,887
1199,887
1199,930
1199,3875
1199,3875
1199,3875
1199,1266
1199,308
1199,308
1199,215
1199,215
1199,1405
1199,437
1199,5014
1199,2559
1199,1231
1199,136
1199,536
1199,218
1199,218
1199,218
1199,137
1199,137
1199,383
1199,219
1199,384
1199,734
1199,220
1199,220
1199,220
1199,933
1199,1044
1199,385
1199,385
1199,385
1199,385
1199,385
1199,389
1199,311
1199,438
1199,3864
1199,1297
1199,703
1199,59
1199,394
1199,396
1199,154
1199,397
1199,138
1199,398
1199,609
1199,772
1199,140
1199,1595
1199,404
1199,404
1199,404
1199,141
1199,2421
1199,2421
1199,1276
1199,408
1199,1277
1199,1277
1199,1236
1199,521
1199,851
1199,611
1200,1895
1200,100
1200,103
1200,63
1200,442
1200,65
1200,112
1200,1926
1200,443
1200,444
1200,35
1200,149
1200,445
1200,37
1200,446
1200,447
1200,448
1200,56
1200,229
1200,135
1200,451
1200,59
1200,394
1200,316
1200,404
1200,406
1200,452
1200,142
1200,230
1200,230
1200,225
1200,453
1200,454
1201,65
1201,59
1202,65
1202,551
1202,88
1202,1554
1202,666
1202,2484
1202,211
1202,90
1202,2509
1202,852
1203,1013
1203,95
1203,98
1203,98
1203,144
1203,1522
1203,99
1203,159
1203,324
1203,325
1203,100
1203,101
1203,105
1203,3052
1203,1726
1203,744
1203,2867
1203,8
1203,65
1203,10
1203,566
1203,5465
1203,5755
1203,3678
1203,2167
1203,963
1203,263
1203,265
1203,5498
1203,3055
1203,13
1203,1050
1203,482
1203,5499
1203,718
1203,1318
1203,3058
1203,3058
1203,3058
1203,2907
1203,1664
1203,118
1203,118
1203,5756
1203,5757
1203,3059
1203,3059
1203,525
1203,23
1203,5500
1203,122
1203,4426
1203,721
1203,277
1203,126
1203,614
1203,77
1203,577
1203,3935
1203,3063
1203,1323
1203,5758
1203,35
1203,36
1203,36
1203,446
1203,1171
1203,3066
1203,4574
1203,3042
1203,2084
1203,5259
1203,82
1203,5273
1203,918
1203,4829
1203,55
1203,5501
1203,2836
1203,5502
1203,809
1203,809
1203,1119
1203,378
1203,812
1203,4741
1203,490
1203,213
1203,213
1203,213
1203,1166
1203,929
1203,724
1203,5503
1203,766
1203,2676
1203,1060
1203,5505
1203,676
1203,492
1203,3854
1203,1807
1203,5759
1203,218
1203,1297
1203,1334
1203,59
1203,1122
1203,957
1203,405
1203,517
1203,517
1203,517
1203,1336
1203,611
1203,5760
1204,1311
1204,1015
1204,1457
1204,3
1204,3
1204,159
1204,325
1204,415
1204,62
1204,1017
1204,541
1204,541
1204,160
1204,1018
1204,1899
1204,1899
1204,5616
1204,5761
1204,65
1204,632
1204,632
1204,5762
1204,270
1204,270
1204,3116
1204,2520
1204,2520
1204,543
1204,543
1204,1020
1204,1823
1204,1525
1204,424
1204,1472
1204,752
1204,1714
1204,1475
1204,29
1204,545
1204,290
1204,487
1204,1117
1204,1117
1204,1118
1204,5763
1204,5763
1204,2484
1204,4037
1204,5764
1204,5764
1204,609
1204,1358
1205,853
1205,323
1205,144
1205,144
1205,144
1205,232
1205,159
1205,324
1205,324
1205,324
1205,324
1205,324
1205,324
1205,100
1205,100
1205,100
1205,145
1205,145
1205,145
1205,833
1205,4085
1205,2111
1205,4086
1205,147
1205,147
1205,744
1205,497
1205,497
1205,709
1205,1385
1205,960
1205,110
1205,110
1205,1202
1205,1202
1205,1202
1205,1202
1205,1202
1205,1202
1205,332
1205,332
1205,2072
1205,1655
1205,10
1205,10
1205,10
1205,551
1205,745
1205,746
1205,256
1205,334
1205,334
1205,1399
1205,1399
1205,184
1205,4087
1205,260
1205,3974
1205,3974
1205,3974
1205,261
1205,337
1205,456
1205,963
1205,501
1205,339
1205,265
1205,1699
1205,1789
1205,1789
1205,4088
1205,268
1205,781
1205,1437
1205,1318
1205,3128
1205,4089
1205,525
1205,4090
1205,3270
1205,2772
1205,4091
1205,4092
1205,880
1205,3273
1205,2190
1205,2190
1205,2190
1205,277
1205,277
1205,277
1205,277
1205,910
1205,4093
1205,4046
1205,527
1205,4094
1205,881
1205,881
1205,881
1205,353
1205,2314
1205,2314
1205,3850
1205,4095
1205,1418
1205,1585
1205,692
1205,3830
1205,1196
1205,428
1205,131
1205,131
1205,1392
1205,841
1205,796
1205,796
1205,1422
1205,363
1205,363
1205,363
1205,365
1205,292
1205,1325
1205,918
1205,919
1205,589
1205,589
1205,798
1205,2381
1205,4096
1205,295
1205,2812
1205,923
1205,1219
1205,924
1205,2279
1205,4097
1205,4097
1205,368
1205,369
1205,369
1205,369
1205,4098
1205,1221
1205,1651
1205,1804
1205,531
1205,531
1205,373
1205,927
1205,4099
1205,375
1205,375
1205,208
1205,208
1205,616
1205,1501
1205,846
1205,846
1205,846
1205,4100
1205,211
1205,2286
1205,1074
1205,1074
1205,490
1205,490
1205,213
1205,213
1205,929
1205,929
1205,929
1205,1968
1205,1968
1205,1968
1205,930
1205,930
1205,1376
1205,1376
1205,1376
1205,931
1205,2426
1205,1507
1205,1507
1205,436
1205,436
1205,214
1205,214
1205,214
1205,214
1205,214
1205,215
1205,135
1205,135
1205,135
1205,1229
1205,1229
1205,932
1205,932
1205,932
1205,4101
1205,816
1205,2427
1205,1231
1205,1231
1205,1842
1205,536
1205,137
1205,382
1205,384
1205,734
1205,220
1205,220
1205,220
1205,220
1205,1232
1205,1845
1205,702
1205,389
1205,389
1205,389
1205,310
1205,310
1205,311
1205,311
1205,438
1205,438
1205,1065
1205,770
1205,703
1205,1430
1205,4102
1205,4102
1205,4102
1205,711
1205,711
1205,396
1205,396
1205,396
1205,397
1205,398
1205,399
1205,316
1205,316
1205,316
1205,140
1205,401
1205,401
1205,401
1205,1234
1205,1235
1205,1235
1205,1235
1205,404
1205,2164
1205,2549
1205,227
1205,521
1205,521
1205,521
1205,611
1206,1931
1206,1573
1206,1932
1206,65
1206,715
1206,261
1206,1933
1206,1851
1206,1206
1206,1934
1206,165
1206,1159
1206,1159
1206,1935
1206,121
1206,1936
1206,1936
1206,721
1206,1937
1206,1938
1206,892
1206,1940
1206,53
1206,1163
1206,363
1206,295
1206,1942
1206,1943
1206,1944
1206,1945
1206,1946
1206,1947
1206,1949
1206,5765
1206,306
1206,1951
1206,490
1206,1638
1206,1953
1206,1151
1206,1151
1206,136
1206,818
1206,1136
1206,311
1206,824
1206,711
1206,711
1206,394
1206,314
1206,1954
1206,1954
1206,1273
1206,1955
1206,1854
1206,1643
1206,1956
1206,452
1207,65
1207,87
1207,88
1207,59
1207,59
1207,1722
1207,1722
1207,230
1208,321
1208,146
1208,3841
1208,65
1208,687
1208,878
1208,1000
1208,121
1208,2026
1208,4819
1208,3476
1208,352
1208,35
1208,2719
1208,1294
1208,2802
1208,1006
1208,3480
1208,3002
1208,1808
1208,5766
1208,5767
1208,608
1208,1008
1208,1335
1208,519
1208,611
1208,612
1208,454
1208,156
1209,239
1209,172
1209,172
1209,145
1209,145
1209,160
1209,160
1209,105
1209,105
1209,1249
1209,161
1209,65
1209,333
1209,2686
1209,336
1209,166
1209,1667
1209,881
1209,5768
1209,464
1209,695
1209,695
1209,553
1209,553
1209,203
1209,203
1209,487
1209,487
1209,370
1209,373
1209,373
1209,471
1209,384
1209,384
1209,703
1209,703
1209,313
1209,313
1209,411
1210,65
1210,121
1210,2642
1210,689
1210,1685
1210,372
1210,3277
1210,1307
1211,100
1211,103
1211,63
1211,442
1211,65
1211,112
1211,443
1211,444
1211,5420
1211,35
1211,149
1211,445
1211,37
1211,446
1211,228
1211,447
1211,448
1211,56
1211,229
1211,450
1211,135
1211,451
1211,59
1211,394
1211,316
1211,404
1211,406
1211,452
1211,142
1211,142
1211,230
1211,230
1211,225
1211,453
1212,655
1212,5769
1213,249
1213,324
1213,100
1213,100
1213,101
1213,332
1213,3207
1213,65
1213,3210
1213,3211
1213,1399
1213,3212
1213,3213
1213,264
1213,2185
1213,3215
1213,3216
1213,1129
1213,2813
1213,1769
1213,1498
1213,1498
1213,370
1213,3219
1213,2632
1213,379
1213,930
1213,215
1213,3220
1213,1920
1213,847
1213,2062
1213,59
1213,396
1214,3
1214,159
1214,324
1214,325
1214,415
1214,1200
1214,1200
1214,1200
1214,103
1214,777
1214,777
1214,1141
1214,1141
1214,1141
1214,110
1214,110
1214,110
1214,8
1214,2002
1214,65
1214,65
1214,182
1214,333
1214,2003
1214,184
1214,2004
1214,112
1214,11
1214,2005
1214,187
1214,1665
1214,1441
1214,3658
1214,3033
1214,194
1214,2006
1214,88
1214,88
1214,5770
1214,35
1214,53
1214,2007
1214,842
1214,842
1214,82
1214,3289
1214,1350
1214,1350
1214,1350
1214,1351
1214,799
1214,2008
1214,2009
1214,2010
1214,1519
1214,3292
1214,1058
1214,1998
1214,135
1214,817
1214,59
1214,1353
1214,1353
1214,222
1214,405
1214,517
1214,230
1214,3623
1214,3624
1214,231
1215,87
1215,5771
1215,444
1215,2411
1215,5772
1215,648
1215,975
1215,2541
1215,88
1215,132
1215,2320
1215,621
1216,318
1216,319
1216,558
1216,98
1216,158
1216,144
1216,159
1216,324
1216,324
1216,100
1216,100
1216,145
1216,1243
1216,5773
1216,2121
1216,147
1216,960
1216,110
1216,65
1216,10
1216,10
1216,716
1216,716
1216,184
1216,184
1216,5284
1216,4397
1216,337
1216,263
1216,13
1216,1050
1216,1437
1216,718
1216,5690
1216,165
1216,165
1216,166
1216,3516
1216,277
1216,126
1216,126
1216,168
1216,128
1216,787
1216,88
1216,33
1216,1832
1216,691
1216,4404
1216,446
1216,1800
1216,131
1216,5774
1216,133
1216,133
1216,920
1216,801
1216,54
1216,55
1216,55
1216,375
1216,375
1216,208
1216,3617
1216,304
1216,211
1216,211
1216,213
1216,213
1216,765
1216,4482
1216,724
1216,2171
1216,1228
1216,1228
1216,308
1216,215
1216,215
1216,4158
1216,3977
1216,383
1216,384
1216,220
1216,220
1216,1334
1216,59
1216,396
1216,138
1216,138
1216,316
1216,316
1216,772
1216,155
1216,155
1216,406
1216,517
1216,517
1216,225
1217,100
1217,161
1217,1070
1217,291
1218,319
1218,1971
1218,5775
1218,5776
1218,2512
1218,247
1218,4065
1218,159
1218,324
1218,100
1218,145
1218,1339
1218,2358
1218,109
1218,65
1218,182
1218,87
1218,87
1218,87
1218,87
1218,10
1218,10
1218,184
1218,184
1218,1400
1218,186
1218,600
1218,5777
1218,5777
1218,1143
1218,188
1218,18
1218,18
1218,2367
1218,526
1218,526
1218,1145
1218,4841
1218,1972
1218,35
1218,35
1218,4411
1218,4411
1218,53
1218,1834
1218,359
1218,359
1218,2475
1218,2414
1218,2414
1218,895
1218,1973
1218,1056
1218,1056
1218,2563
1218,1262
1218,229
1218,2618
1218,1175
1218,3480
1218,5778
1218,136
1218,136
1218,136
1218,221
1218,221
1218,310
1218,5779
1218,59
1218,394
1218,140
1218,140
1218,4508
1218,1189
1218,1189
1218,774
1218,222
1218,2786
1218,406
1218,2164
1218,142
1218,230
1218,1236
1218,1236
1218,453
1218,851
1219,1709
1219,1314
1219,558
1219,1520
1219,742
1219,3378
1219,95
1219,95
1219,98
1219,98
1219,1521
1219,5780
1219,3
1219,1522
1219,1522
1219,99
1219,99
1219,99
1219,325
1219,101
1219,101
1219,101
1219,101
1219,415
1219,415
1219,62
1219,478
1219,479
1219,479
1219,160
1219,1046
1219,8
1219,1461
1219,333
1219,333
1219,87
1219,87
1219,87
1219,1157
1219,1087
1219,1087
1219,480
1219,113
1219,113
1219,113
1219,938
1219,938
1219,3053
1219,5781
1219,1238
1219,481
1219,458
1219,13
1219,13
1219,13
1219,482
1219,1317
1219,188
1219,483
1219,1318
1219,484
1219,484
1219,16
1219,1319
1219,3931
1219,1523
1219,1523
1219,485
1219,20
1219,20
1219,1439
1219,1439
1219,343
1219,5782
1219,1524
1219,118
1219,1094
1219,2058
1219,1525
1219,486
1219,990
1219,1526
1219,648
1219,648
1219,1527
1219,975
1219,2904
1219,2904
1219,1528
1219,2552
1219,1529
1219,126
1219,2852
1219,1471
1219,1322
1219,1322
1219,1322
1219,576
1219,238
1219,577
1219,128
1219,128
1219,1530
1219,1531
1219,1532
1219,584
1219,1479
1219,1171
1219,1171
1219,131
1219,131
1219,5783
1219,1481
1219,287
1219,1115
1219,289
1219,290
1219,290
1219,487
1219,488
1219,3925
1219,291
1219,82
1219,5447
1219,54
1219,54
1219,54
1219,55
1219,55
1219,2835
1219,2835
1219,2835
1219,2919
1219,3432
1219,489
1219,490
1219,491
1219,83
1219,492
1219,46
1219,493
1219,1334
1219,59
1219,1533
1219,222
1219,678
1219,3928
1219,405
1219,517
1219,517
1219,494
1220,1012
1220,100
1220,100
1220,1017
1220,4211
1220,2868
1220,4212
1220,333
1220,87
1220,632
1220,5762
1220,270
1220,2449
1220,2520
1220,879
1220,1320
1220,1667
1220,280
1220,992
1220,29
1221,1200
1221,2017
1221,1757
1221,1434
1221,65
1221,87
1221,1663
1221,187
1221,3032
1221,1441
1221,3034
1221,3821
1221,3821
1221,3822
1221,88
1221,131
1221,132
1221,1350
1221,5784
1221,1448
1221,1945
1221,90
1222,65
1222,1534
1222,1935
1222,132
1223,742
1223,5785
1223,5786
1223,2511
1223,560
1223,5787
1223,158
1223,713
1223,713
1223,100
1223,101
1223,415
1223,145
1223,145
1223,62
1223,5788
1223,2396
1223,5789
1223,2239
1223,1932
1223,2359
1223,180
1223,110
1223,181
1223,5790
1223,2398
1223,254
1223,65
1223,5791
1223,1400
1223,336
1223,185
1223,5792
1223,3030
1223,187
1223,749
1223,749
1223,339
1223,717
1223,15
1223,5793
1223,343
1223,165
1223,504
1223,879
1223,5794
1223,2949
1223,121
1223,192
1223,1794
1223,1794
1223,1305
1223,5411
1223,277
1223,4909
1223,4215
1223,78
1223,3670
1223,35
1223,37
1223,1670
1223,282
1223,282
1223,666
1223,1371
1223,2403
1223,2403
1223,1421
1223,1421
1223,131
1223,1173
1223,5795
1223,5796
1223,3227
1223,5797
1223,5797
1223,3023
1223,605
1223,2484
1223,2484
1223,372
1223,1396
1223,1224
1223,1058
1223,1058
1223,3478
1223,375
1223,376
1223,208
1223,5798
1223,3466
1223,1454
1223,1073
1223,211
1223,1309
1223,930
1223,308
1223,214
1223,214
1223,2903
1223,676
1223,2991
1223,136
1223,218
1223,1893
1223,5053
1223,385
1223,310
1223,1066
1223,608
1223,154
1223,1272
1223,2405
1223,850
1223,406
1223,621
1223,621
1223,1646
1223,5799
1223,1195
1223,2608
1223,866
1223,851
1223,611
1223,876
1223,156
1223,1138
1223,1138
1224,249
1224,324
1224,100
1224,100
1224,101
1224,332
1224,3207
1224,65
1224,3210
1224,3211
1224,1399
1224,3212
1224,3213
1224,264
1224,2185
1224,3215
1224,3216
1224,2625
1224,1129
1224,2813
1224,1769
1224,1498
1224,1498
1224,370
1224,3219
1224,2632
1224,379
1224,930
1224,215
1224,3220
1224,1920
1224,847
1224,2062
1224,59
1224,396
1225,319
1225,100
1225,903
1225,1976
1225,87
1225,3155
1225,340
1225,189
1225,721
1225,881
1225,920
1225,5800
1225,230
1226,4519
1226,87
1226,2798
1226,687
1226,82
1226,608
1226,1272
1226,230
1226,453
1227,3093
1227,87
1227,687
1227,757
1227,4280
1227,621
1228,87
1228,47
1228,89
1228,59
1228,4343
1229,319
1229,100
1229,506
1229,428
1229,131
1229,287
1229,487
1229,291
1229,1129
1229,295
1229,207
1229,211
1229,4461
1229,310
1229,1595
1230,65
1230,1935
1230,132
1231,2732
1231,713
1231,159
1231,159
1231,324
1231,325
1231,100
1231,145
1231,145
1231,1409
1231,597
1231,1192
1231,859
1231,63
1231,161
1231,65
1231,10
1231,551
1231,260
1231,599
1231,266
1231,269
1231,269
1231,552
1231,1712
1231,1712
1231,2781
1231,166
1231,193
1231,277
1231,277
1231,1473
1231,426
1231,3086
1231,3086
1231,2060
1231,428
1231,1422
1231,1164
1231,4892
1231,2528
1231,2812
1231,2812
1231,1803
1231,4910
1231,372
1231,208
1231,377
1231,211
1231,211
1231,308
1231,473
1231,136
1231,384
1231,1033
1231,1033
1231,704
1231,59
1231,154
1231,154
1231,515
1231,409
1232,4061
1232,5801
1232,5801
1232,1153
1232,5724
1232,65
1232,5802
1232,3940
1232,457
1232,5803
1232,5803
1232,483
1232,483
1232,1437
1232,5559
1232,782
1232,1602
1232,2455
1232,648
1232,5804
1232,2059
1232,2460
1232,2460
1232,1161
1232,2644
1232,88
1232,1163
1232,132
1232,5805
1232,2599
1232,2599
1232,809
1232,1166
1232,5806
1232,2061
1232,4431
1232,475
1232,441
1233,65
1233,687
1233,687
1233,4646
1233,35
1233,35
1233,4647
1233,4648
1233,228
1233,4649
1233,4650
1233,229
1233,1808
1233,4165
1233,4651
1233,154
1233,154
1233,4652
1233,230
1233,612
1233,231
1233,156
1234,2064
1234,159
1234,325
1234,100
1234,415
1234,4485
1234,4485
1234,2944
1234,331
1234,2409
1234,332
1234,1461
1234,967
1234,65
1234,112
1234,1253
1234,2581
1234,264
1234,718
1234,5191
1234,343
1234,2122
1234,1004
1234,752
1234,690
1234,78
1234,35
1234,149
1234,149
1234,2471
1234,446
1234,666
1234,1633
1234,5406
1234,1481
1234,290
1234,1117
1234,291
1234,1350
1234,133
1234,1446
1234,296
1234,296
1234,468
1234,468
1234,1519
1234,307
1234,84
1234,1066
1234,59
1234,59
1234,225
1234,1009
1235,324
1235,859
1235,65
1235,504
1235,121
1235,1791
1235,692
1235,131
1235,2812
1235,4169
1235,532
1235,152
1236,2768
1236,987
1236,1013
1236,4376
1236,98
1236,158
1236,144
1236,1924
1236,159
1236,325
1236,62
1236,1458
1236,854
1236,106
1236,177
1236,332
1236,65
1236,687
1236,482
1236,3058
1236,20
1236,2520
1236,166
1236,1162
1236,5295
1236,1470
1236,77
1236,1775
1236,690
1236,690
1236,2124
1236,1402
1236,2119
1236,4312
1236,507
1236,35
1236,445
1236,1196
1236,286
1236,286
1236,1028
1236,1117
1236,5419
1236,55
1236,4496
1236,153
1236,214
1236,215
1236,3183
1236,1613
1236,2729
1236,1065
1236,3046
1236,2547
1236,315
1236,477
1236,143
1236,3186
1237,1152
1237,1153
1237,1153
1237,5807
1237,1932
1237,5808
1237,1156
1237,87
1237,263
1237,483
1237,1318
1237,1158
1237,1159
1237,648
1237,975
1237,1160
1237,1161
1237,3664
1237,1163
1237,1163
1237,132
1237,5805
1237,2599
1237,1165
1237,1165
1237,1166
1237,1167
1237,5809
1237,5810
1238,87
1238,2980
1239,5811
1239,560
1239,560
1239,4767
1239,1154
1239,247
1239,1596
1239,1015
1239,1015
1239,3
1239,3
1239,159
1239,159
1239,325
1239,325
1239,415
1239,415
1239,145
1239,145
1239,62
1239,62
1239,5812
1239,4
1239,2121
1239,2121
1239,565
1239,565
1239,630
1239,65
1239,333
1239,333
1239,188
1239,1319
1239,552
1239,4692
1239,5753
1239,648
1239,166
1239,238
1239,2124
1239,2124
1239,2468
1239,88
1239,487
1239,1482
1239,82
1239,132
1239,5813
1239,1538
1240,1241
1240,2356
1240,319
1240,91
1240,832
1240,102
1240,102
1240,4884
1240,1750
1240,65
1240,65
1240,1184
1240,4179
1240,117
1240,785
1240,1207
1240,5814
1240,121
1240,5303
1240,5815
1240,5816
1240,5816
1240,3634
1240,5817
1240,506
1240,3748
1240,195
1240,195
1240,5818
1240,529
1240,915
1240,2985
1240,5819
1240,5820
1240,3223
1240,2380
1240,2380
1240,4109
1240,5072
1240,5072
1240,531
1240,1744
1240,1892
1240,3586
1240,1376
1240,1229
1240,1841
1240,5821
1240,5821
1240,2108
1240,4853
1240,4195
1240,399
1240,1595
1241,1152
1241,1153
1241,1248
1241,1156
1241,87
1241,263
1241,483
1241,1437
1241,1158
1241,1159
1241,1160
1241,1160
1241,573
1241,1161
1241,1161
1241,3664
1241,1163
1241,1163
1241,2599
1241,1165
1241,1166
1241,1166
1241,1167
1241,5822
1241,5809
1242,245
1242,159
1242,324
1242,100
1242,145
1242,1409
1242,1018
1242,8
1242,65
1242,268
1242,270
1242,1144
1242,504
1242,166
1242,273
1242,4783
1242,4240
1242,1108
1242,5020
1242,304
1242,5823
1242,548
1242,220
1242,549
1242,739
1242,1066
1242,5800
1242,538
1242,521
1243,100
1243,103
1243,63
1243,442
1243,65
1243,112
1243,443
1243,444
1243,35
1243,149
1243,445
1243,37
1243,1670
1243,446
1243,447
1243,448
1243,56
1243,229
1243,450
1243,135
1243,451
1243,59
1243,394
1243,316
1243,404
1243,406
1243,452
1243,142
1243,230
1243,225
1243,453
1243,875
1243,454
1244,2063
1244,324
1244,145
1244,1202
1244,8
1244,65
1244,1439
1244,2058
1244,277
1244,3730
1244,426
1244,3177
1244,1513
1244,994
1244,1862
1244,612
1245,832
1245,60
1245,623
1245,158
1245,144
1245,159
1245,100
1245,326
1245,145
1245,2262
1245,2112
1245,777
1245,1727
1245,1141
1245,178
1245,110
1245,332
1245,3841
1245,253
1245,87
1245,10
1245,551
1245,2926
1245,501
1245,265
1245,269
1245,444
1245,3845
1245,3846
1245,2147
1245,165
1245,2150
1245,121
1245,1401
1245,191
1245,721
1245,2190
1245,3060
1245,276
1245,2558
1245,881
1245,3849
1245,3850
1245,2302
1245,2902
1245,529
1245,1421
1245,131
1245,3310
1245,363
1245,364
1245,1118
1245,291
1245,293
1245,3289
1245,1350
1245,1240
1245,1446
1245,1770
1245,447
1245,369
1245,300
1245,1519
1245,1221
1245,2484
1245,41
1245,1224
1245,730
1245,2098
1245,846
1245,42
1245,212
1245,1265
1245,929
1245,724
1245,1636
1245,887
1245,214
1245,135
1245,2635
1245,1807
1245,382
1245,1969
1245,154
1245,401
1245,2096
1245,226
1245,611
1245,612
1245,156
1246,778
1246,65
1246,121
1246,5824
1246,789
1246,5825
1246,793
1246,5826
1246,3826
1246,5078
1246,5827
1246,5828
1246,807
1246,4072
1246,4313
1246,1151
1246,2815
1246,2900
1246,1136
1246,3956
1246,386
1246,738
1246,514
1246,310
1246,770
1246,314
1246,3997
1246,3279
1247,234
1247,5829
1247,560
1247,1154
1247,713
1247,713
1247,1924
1247,159
1247,159
1247,3501
1247,145
1247,145
1247,62
1247,62
1247,2121
1247,2121
1247,854
1247,854
1247,235
1247,627
1247,628
1247,328
1247,108
1247,1085
1247,1141
1247,1141
1247,960
1247,565
1247,565
1247,967
1247,161
1247,65
1247,333
1247,10
1247,10
1247,599
1247,599
1247,456
1247,456
1247,1254
1247,148
1247,1319
1247,552
1247,2764
1247,2368
1247,165
1247,4692
1247,2369
1247,504
1247,601
1247,4537
1247,2791
1247,3467
1247,880
1247,3526
1247,4778
1247,4779
1247,4779
1247,4780
1247,277
1247,4781
1247,4782
1247,4783
1247,4784
1247,4153
1247,690
1247,2218
1247,577
1247,29
1247,1402
1247,78
1247,948
1247,2541
1247,1668
1247,2337
1247,727
1247,3893
1247,507
1247,35
1247,35
1247,149
1247,4287
1247,1417
1247,666
1247,131
1247,5830
1247,1108
1247,587
1247,359
1247,1113
1247,286
1247,286
1247,363
1247,553
1247,468
1247,134
1247,370
1247,370
1247,2480
1247,372
1247,372
1247,896
1247,1591
1247,41
1247,4788
1247,1454
1247,211
1247,211
1247,1449
1247,3321
1247,308
1247,214
1247,1920
1247,701
1247,473
1247,473
1247,2061
1247,218
1247,1640
1247,822
1247,1065
1247,3713
1247,2678
1247,2500
1247,2547
1247,1122
1247,609
1247,223
1247,477
1247,517
1247,225
1247,2506
1247,2045
1247,1647
1248,1698
1248,1698
1248,319
1248,319
1248,319
1248,319
1248,319
1248,319
1248,1406
1248,4678
1248,3126
1248,5831
1248,323
1248,158
1248,158
1248,713
1248,173
1248,232
1248,232
1248,159
1248,159
1248,324
1248,100
1248,100
1248,100
1248,145
1248,145
1248,145
1248,62
1248,1140
1248,174
1248,176
1248,5485
1248,902
1248,250
1248,859
1248,5832
1248,1183
1248,109
1248,2944
1248,1817
1248,777
1248,1749
1248,147
1248,1141
1248,331
1248,110
1248,110
1248,1202
1248,1202
1248,1574
1248,3207
1248,2538
1248,5486
1248,1976
1248,253
1248,3252
1248,3252
1248,5751
1248,3190
1248,3190
1248,254
1248,65
1248,65
1248,65
1248,183
1248,162
1248,256
1248,1341
1248,184
1248,1580
1248,1580
1248,969
1248,337
1248,237
1248,456
1248,187
1248,187
1248,187
1248,3173
1248,5450
1248,457
1248,457
1248,501
1248,501
1248,263
1248,906
1248,5833
1248,2074
1248,5834
1248,5834
1248,4103
1248,483
1248,718
1248,1318
1248,1019
1248,148
1248,148
1248,4179
1248,1873
1248,3215
1248,3674
1248,543
1248,1020
1248,1020
1248,1021
1248,5000
1248,5835
1248,4917
1248,5317
1248,1390
1248,1390
1248,166
1248,121
1248,880
1248,974
1248,3526
1248,1193
1248,192
1248,193
1248,277
1248,1162
1248,1714
1248,233
1248,2376
1248,5836
1248,910
1248,4093
1248,4046
1248,506
1248,2978
1248,2525
1248,195
1248,195
1248,195
1248,195
1248,529
1248,35
1248,35
1248,354
1248,354
1248,3242
1248,2080
1248,2080
1248,228
1248,3786
1248,131
1248,131
1248,131
1248,131
1248,1108
1248,1633
1248,5837
1248,792
1248,2543
1248,2544
1248,5838
1248,1588
1248,1588
1248,5839
1248,295
1248,921
1248,921
1248,3388
1248,5840
1248,1218
1248,3198
1248,4256
1248,206
1248,2279
1248,5419
1248,5419
1248,4109
1248,134
1248,5841
1248,1743
1248,1743
1248,1743
1248,510
1248,530
1248,2250
1248,1693
1248,372
1248,531
1248,531
1248,1396
1248,1396
1248,1686
1248,41
1248,1224
1248,927
1248,928
1248,532
1248,532
1248,229
1248,208
1248,1308
1248,764
1248,730
1248,435
1248,435
1248,4245
1248,5842
1248,1805
1248,1635
1248,305
1248,305
1248,153
1248,4629
1248,5843
1248,306
1248,723
1248,211
1248,211
1248,211
1248,211
1248,211
1248,211
1248,212
1248,212
1248,490
1248,1265
1248,814
1248,308
1248,512
1248,436
1248,214
1248,214
1248,214
1248,214
1248,214
1248,1130
1248,1920
1248,863
1248,863
1248,1921
1248,1269
1248,536
1248,218
1248,218
1248,219
1248,219
1248,219
1248,384
1248,384
1248,1296
1248,2900
1248,220
1248,220
1248,933
1248,933
1248,2108
1248,385
1248,537
1248,1428
1248,1034
1248,1034
1248,389
1248,514
1248,310
1248,310
1248,1969
1248,438
1248,438
1248,390
1248,770
1248,3393
1248,2023
1248,711
1248,711
1248,608
1248,397
1248,397
1248,138
1248,138
1248,2158
1248,316
1248,316
1248,1233
1248,1846
1248,140
1248,140
1248,401
1248,741
1248,741
1248,741
1248,2096
1248,402
1248,864
1248,2163
1248,2163
1248,4553
1248,539
1248,1299
1248,1299
1248,1706
1248,230
1248,225
1248,1380
1248,1380
1248,143
1248,3047
1248,3047
1248,1279
1248,1279
1248,3154
1248,3154
1249,50
1249,51
1249,52
1249,53
1249,54
1249,55
1249,56
1249,57
1249,58
1249,59
1250,159
1250,159
1250,324
1250,145
1250,62
1250,62
1250,2121
1250,2121
1250,235
1250,63
1250,63
1250,565
1250,1655
1250,65
1250,183
1250,163
1250,258
1250,599
1250,971
1250,343
1250,165
1250,1021
1250,601
1250,166
1250,880
1250,426
1250,35
1250,2861
1250,469
1250,3901
1250,3201
1250,211
1250,211
1250,213
1250,930
1250,308
1250,473
1250,2071
1250,218
1250,219
1250,384
1250,386
1250,514
1250,1297
1250,316
1250,864
1250,406
1250,852
1251,558
1251,98
1251,325
1251,2066
1251,415
1251,333
1251,87
1251,13
1251,552
1251,1320
1251,490
1251,1334
1251,517
1251,3186
1252,560
1252,2573
1252,2181
1252,1041
1252,1618
1252,1457
1252,3
1252,159
1252,325
1252,4
1252,235
1252,1085
1252,63
1252,2439
1252,1621
1252,2441
1252,1871
1252,457
1252,2581
1252,458
1252,459
1252,941
1252,1905
1252,460
1252,3665
1252,2451
1252,2453
1252,1602
1252,120
1252,2122
1252,2059
1252,2189
1252,3666
1252,2399
1252,3667
1252,3668
1252,690
1252,1913
1252,28
1252,3518
1252,3669
1252,1988
1252,3670
1252,948
1252,2469
1252,33
1252,445
1252,37
1252,665
1252,2473
1252,286
1252,291
1252,2477
1252,3671
1252,374
1252,1635
1252,491
1252,2351
1252,739
1252,1429
1252,3672
1252,2257
1252,2500
1252,139
1252,3532
1252,864
1252,406
1252,477
1253,319
1253,324
1253,100
1253,1243
1253,2121
1253,8
1253,65
1253,10
1253,10
1253,716
1253,184
1253,336
1253,337
1253,501
1253,3054
1253,5844
1253,5690
1253,165
1253,166
1253,3516
1253,126
1253,787
1253,33
1253,4404
1253,356
1253,131
1253,5774
1253,133
1253,920
1253,801
1253,55
1253,4481
1253,884
1253,375
1253,211
1253,3131
1253,212
1253,213
1253,765
1253,1228
1253,308
1253,215
1253,4483
1253,4158
1253,3977
1253,1807
1253,536
1253,218
1253,384
1253,384
1253,1176
1253,220
1253,220
1253,1334
1253,138
1253,316
1253,316
1253,5845
1253,850
1253,155
1253,2163
1253,405
1253,517
